"Vivax_gene","Yoelii_gene"
"PVP01_0102800","PY17X_0803000"
"PVP01_0103100","PY17X_0803300"
"PVP01_0103300","PY17X_0803500"
"PVP01_0103400","PY17X_0803600"
"PVP01_0103500","PY17X_0803700"
"PVP01_0103600","PY17X_0803800"
"PVP01_0103700","PY17X_0803900"
"PVP01_0103800","PY17X_0804000"
"PVP01_0103900","PY17X_0804100"
"PVP01_0104100","PY17X_0804300"
"PVP01_0104400","PY17X_0804600"
"PVP01_0104600","PY17X_0804800"
"PVP01_0104800","PY17X_0805000"
"PVP01_0104900","PY17X_0805100"
"PVP01_0105000","PY17X_0805200"
"PVP01_0105100","PY17X_0805300"
"PVP01_0105200","PY17X_0805400"
"PVP01_0105300","PY17X_0805500"
"PVP01_0105500","PY17X_0805700"
"PVP01_0105600","PY17X_0805800"
"PVP01_0105800","PY17X_0806000"
"PVP01_0105900","PY17X_0806100"
"PVP01_0106100","PY17X_0806200"
"PVP01_0106200","PY17X_0806300"
"PVP01_0106400","PY17X_0806500"
"PVP01_0106600","PY17X_0806700"
"PVP01_0106800","PY17X_0806900"
"PVP01_0106900","PY17X_0807000"
"PVP01_0107400","PY17X_0807500"
"PVP01_0107600","PY17X_0807700"
"PVP01_0107700","PY17X_0807800"
"PVP01_0107800","PY17X_0807900"
"PVP01_0107900","PY17X_0808000"
"PVP01_0108000","PY17X_0808100"
"PVP01_0108100","PY17X_0808200"
"PVP01_0108200","PY17X_0808300"
"PVP01_0108400","PY17X_0808500"
"PVP01_0108500","PY17X_0808600"
"PVP01_0108600","PY17X_0808700"
"PVP01_0108700","PY17X_0808800"
"PVP01_0108800","PY17X_1222200"
"PVP01_0108900","PY17X_1222300"
"PVP01_0109000","PY17X_1222400"
"PVP01_0109100","PY17X_1222500"
"PVP01_0109200","PY17X_1222600"
"PVP01_0109300","PY17X_1222700"
"PVP01_0109500","PY17X_1222900"
"PVP01_0109700","PY17X_1223100"
"PVP01_0109800","PY17X_1223200"
"PVP01_0109900","PY17X_1223300"
"PVP01_0110000","PY17X_1223400"
"PVP01_0110100","PY17X_1223500"
"PVP01_0110200","PY17X_1223600"
"PVP01_0110300","PY17X_1223700"
"PVP01_0110400","PY17X_1223800"
"PVP01_0110500","PY17X_1223900"
"PVP01_0110700","PY17X_1224100"
"PVP01_0110800","PY17X_1224200"
"PVP01_0110900","PY17X_1224300"
"PVP01_0111000","PY17X_1224400"
"PVP01_0111200","PY17X_1224600"
"PVP01_0111300","PY17X_1224700"
"PVP01_0111400","PY17X_1224800"
"PVP01_0111500","PY17X_1224900"
"PVP01_0111600","PY17X_1225000"
"PVP01_0111800","PY17X_1225200"
"PVP01_0111900","PY17X_1225300"
"PVP01_0111950","PY17X_1225400"
"PVP01_0112000","PY17X_1225500"
"PVP01_0112100","PY17X_1225600"
"PVP01_0112200","PY17X_1225700"
"PVP01_0112300","PY17X_1225800"
"PVP01_0112400","PY17X_1225900"
"PVP01_0112500","PY17X_1226000"
"PVP01_0112600","PY17X_1226100"
"PVP01_0112800","PY17X_1226200"
"PVP01_0112900","PY17X_1226300"
"PVP01_0113000","PY17X_1226400"
"PVP01_0113100","PY17X_1226500"
"PVP01_0113200","PY17X_1226600"
"PVP01_0113300","PY17X_1226700"
"PVP01_0113400","PY17X_1226800"
"PVP01_0113500","PY17X_1226900"
"PVP01_0113600","PY17X_1227000"
"PVP01_0113700","PY17X_1227100"
"PVP01_0113800","PY17X_1227200"
"PVP01_0113900","PY17X_1227300"
"PVP01_0114000","PY17X_1227400"
"PVP01_0114100","PY17X_1227500"
"PVP01_0114200","PY17X_1227600"
"PVP01_0114300","PY17X_1227700"
"PVP01_0114400","PY17X_1227800"
"PVP01_0114500","PY17X_1227900"
"PVP01_0114600","PY17X_1228000"
"PVP01_0114700","PY17X_1228100"
"PVP01_0114800","PY17X_1228200"
"PVP01_0115000","PY17X_1228300"
"PVP01_0115100","PY17X_1228400"
"PVP01_0115300","PY17X_1228600"
"PVP01_0115400","PY17X_1228700"
"PVP01_0115500","PY17X_1228800"
"PVP01_0115600","PY17X_1228900"
"PVP01_0115700","PY17X_1229000"
"PVP01_0115900","PY17X_1229200"
"PVP01_0116000","PY17X_1229300"
"PVP01_0116100","PY17X_1229400"
"PVP01_0116200","PY17X_1229500"
"PVP01_0116300","PY17X_1229600"
"PVP01_0116400","PY17X_1230000"
"PVP01_0116500","PY17X_1230100"
"PVP01_0116700","PY17X_1230200"
"PVP01_0116800","PY17X_1230300"
"PVP01_0116900","PY17X_1230400"
"PVP01_0117000","PY17X_1230500"
"PVP01_0117200","PY17X_1230700"
"PVP01_0117300","PY17X_1230800"
"PVP01_0117400","PY17X_1230900"
"PVP01_0117500","PY17X_1231000"
"PVP01_0117600","PY17X_1231100"
"PVP01_0117700","PY17X_1231200"
"PVP01_0117800","PY17X_1231300"
"PVP01_0117900","PY17X_1231400"
"PVP01_0118000","PY17X_1231500"
"PVP01_0118200","PY17X_1231700"
"PVP01_0118400","PY17X_1231900"
"PVP01_0118600","PY17X_1232100"
"PVP01_0118700","PY17X_1232200"
"PVP01_0118800","PY17X_1232300"
"PVP01_0118900","PY17X_1232400"
"PVP01_0203100","PY17X_0203100"
"PVP01_0203200","PY17X_0203200"
"PVP01_0203300","PY17X_0203300"
"PVP01_0203400","PY17X_0203400"
"PVP01_0203500","PY17X_0203500"
"PVP01_0203600","PY17X_0203600"
"PVP01_0203700","PY17X_0203700"
"PVP01_0203900","PY17X_0203900"
"PVP01_0204000","PY17X_0204000"
"PVP01_0204100","PY17X_0204100"
"PVP01_0204200","PY17X_0204200"
"PVP01_0204300","PY17X_0204300"
"PVP01_0204400","PY17X_0204400"
"PVP01_0204500","PY17X_0204500"
"PVP01_0204700","PY17X_0204700"
"PVP01_0204800","PY17X_0204800"
"PVP01_0204900","PY17X_0204900"
"PVP01_0205000","PY17X_0205000"
"PVP01_0205100","PY17X_0205050"
"PVP01_0205200","PY17X_0205150"
"PVP01_0205300","PY17X_0205200"
"PVP01_0205400","PY17X_0205300"
"PVP01_0205500","PY17X_0205400"
"PVP01_0205600","PY17X_0205500"
"PVP01_0205700","PY17X_0205600"
"PVP01_0205800","PY17X_0205700"
"PVP01_0205900","PY17X_0205800"
"PVP01_0206000","PY17X_0205900"
"PVP01_0206100","PY17X_0206000"
"PVP01_0206200","PY17X_0206100"
"PVP01_0206400","PY17X_0206300"
"PVP01_0206600","PY17X_0206500"
"PVP01_0206800","PY17X_0206700"
"PVP01_0206900","PY17X_0206800"
"PVP01_0207000","PY17X_0206900"
"PVP01_0207100","PY17X_0207000"
"PVP01_0207200","PY17X_0207100"
"PVP01_0207300","PY17X_0207200"
"PVP01_0207400","PY17X_0207300"
"PVP01_0207500","PY17X_0207400"
"PVP01_0207600","PY17X_0207500"
"PVP01_0207700","PY17X_0207600"
"PVP01_0207800","PY17X_0207700"
"PVP01_0207900","PY17X_0207800"
"PVP01_0208000","PY17X_0207900"
"PVP01_0208100","PY17X_0208000"
"PVP01_0208400","PY17X_0208300"
"PVP01_0208500","PY17X_0208400"
"PVP01_0208600","PY17X_0208500"
"PVP01_0208700","PY17X_0208600"
"PVP01_0208800","PY17X_0208700"
"PVP01_0208900","PY17X_0208800"
"PVP01_0209000","PY17X_0208900"
"PVP01_0209200","PY17X_0209100"
"PVP01_0209300","PY17X_0209200"
"PVP01_0209500","PY17X_0209400"
"PVP01_0209600","PY17X_0209500"
"PVP01_0209700","PY17X_0209600"
"PVP01_0209900","PY17X_0209700"
"PVP01_0210000","PY17X_0209800"
"PVP01_0210200","PY17X_0210000"
"PVP01_0210300","PY17X_0210100"
"PVP01_0210400","PY17X_0210200"
"PVP01_0210500","PY17X_0210300"
"PVP01_0210600","PY17X_0210400"
"PVP01_0210700","PY17X_0210500"
"PVP01_0210800","PY17X_0210600"
"PVP01_0210900","PY17X_0210700"
"PVP01_0211000","PY17X_0210800"
"PVP01_0211100","PY17X_0210900"
"PVP01_0211200","PY17X_0211000"
"PVP01_0211300","PY17X_0211100"
"PVP01_0211400","PY17X_0211200"
"PVP01_0211500","PY17X_0211300"
"PVP01_0211600","PY17X_0211400"
"PVP01_0211700","PY17X_0211500"
"PVP01_0211800","PY17X_0211600"
"PVP01_0212000","PY17X_0211800"
"PVP01_0212200","PY17X_0212000"
"PVP01_0212400","PY17X_0212200"
"PVP01_0212500","PY17X_0212300"
"PVP01_0212600","PY17X_0212400"
"PVP01_0212700","PY17X_0212500"
"PVP01_0212800","PY17X_0212600"
"PVP01_0212900","PY17X_0212700"
"PVP01_0213000","PY17X_0212800"
"PVP01_0213100","PY17X_0212900"
"PVP01_0213200","PY17X_0213000"
"PVP01_0213300","PY17X_0213100"
"PVP01_0213400","PY17X_0213200"
"PVP01_0213500","PY17X_0213300"
"PVP01_0213700","PY17X_0213500"
"PVP01_0214000","PY17X_0213800"
"PVP01_0214100","PY17X_0213900"
"PVP01_0214200","PY17X_0214000"
"PVP01_0214300","PY17X_0214100"
"PVP01_0214400","PY17X_0214200"
"PVP01_0214500","PY17X_0214300"
"PVP01_0214600","PY17X_0214400"
"PVP01_0214700","PY17X_0214500"
"PVP01_0214800","PY17X_0214600"
"PVP01_0214900","PY17X_0214700"
"PVP01_0215000","PY17X_0214800"
"PVP01_0215100","PY17X_0214900"
"PVP01_0215200","PY17X_0215000"
"PVP01_0215300","PY17X_0215100"
"PVP01_0215400","PY17X_0215200"
"PVP01_0215500","PY17X_0215300"
"PVP01_0215600","PY17X_0215400"
"PVP01_0215700","PY17X_0215500"
"PVP01_0215800","PY17X_0215600"
"PVP01_0215900","PY17X_0215700"
"PVP01_0216100","PY17X_0215900"
"PVP01_0217000","PY17X_0216500"
"PVP01_0302300","PY17X_1002100"
"PVP01_0302400","PY17X_1002200"
"PVP01_0302500","PY17X_1002300"
"PVP01_0302700","PY17X_1002500"
"PVP01_0302800","PY17X_1002600"
"PVP01_0303000","PY17X_1002800"
"PVP01_0303100","PY17X_1002900"
"PVP01_0303200","PY17X_1003000"
"PVP01_0303300","PY17X_1003100"
"PVP01_0303500","PY17X_1003300"
"PVP01_0303600","PY17X_1003400"
"PVP01_0303700","PY17X_1003500"
"PVP01_0303800","PY17X_1003600"
"PVP01_0304000","PY17X_1003700"
"PVP01_0304200","PY17X_1003900"
"PVP01_0304300","PY17X_1004000"
"PVP01_0304400","PY17X_1004100"
"PVP01_0304500","PY17X_1004200"
"PVP01_0304600","PY17X_1004300"
"PVP01_0304800","PY17X_1004500"
"PVP01_0304900","PY17X_1004600"
"PVP01_0305000","PY17X_1004700"
"PVP01_0305100","PY17X_1004800"
"PVP01_0305200","PY17X_1004900"
"PVP01_0305400","PY17X_1005100"
"PVP01_0305500","PY17X_1005200"
"PVP01_0305700","PY17X_1005400"
"PVP01_0305900","PY17X_1005600"
"PVP01_0306000","PY17X_1005700"
"PVP01_0306100","PY17X_1005800"
"PVP01_0306400","PY17X_1006100"
"PVP01_0306500","PY17X_1006200"
"PVP01_0306600","PY17X_1006300"
"PVP01_0306700","PY17X_1006400"
"PVP01_0306800","PY17X_1006500"
"PVP01_0307000","PY17X_1006700"
"PVP01_0307100","PY17X_1006800"
"PVP01_0307200","PY17X_1006900"
"PVP01_0307300","PY17X_1007000"
"PVP01_0307400","PY17X_1007100"
"PVP01_0307500","PY17X_1007200"
"PVP01_0307600","PY17X_1007300"
"PVP01_0307700","PY17X_1007400"
"PVP01_0307800","PY17X_1007500"
"PVP01_0307900","PY17X_1007600"
"PVP01_0308000","PY17X_1007700"
"PVP01_0308100","PY17X_1007800"
"PVP01_0308200","PY17X_1007900"
"PVP01_0308300","PY17X_1008000"
"PVP01_0308400","PY17X_1008100"
"PVP01_0308500","PY17X_1008200"
"PVP01_0308600","PY17X_1008300"
"PVP01_0308700","PY17X_1008400"
"PVP01_0308800","PY17X_1008500"
"PVP01_0308900","PY17X_1008600"
"PVP01_0309000","PY17X_1008700"
"PVP01_0309100","PY17X_1008800"
"PVP01_0309200","PY17X_1008900"
"PVP01_0309700","PY17X_1009400"
"PVP01_0309800","PY17X_1009500"
"PVP01_0309900","PY17X_1009600"
"PVP01_0310000","PY17X_1009700"
"PVP01_0310200","PY17X_0614800"
"PVP01_0310400","PY17X_0615000"
"PVP01_0310500","PY17X_0615100"
"PVP01_0310600","PY17X_0615200"
"PVP01_0311000","PY17X_0615600"
"PVP01_0311100","PY17X_0615700"
"PVP01_0311300","PY17X_0615900"
"PVP01_0311400","PY17X_0616000"
"PVP01_0311500","PY17X_0616100"
"PVP01_0311600","PY17X_0616200"
"PVP01_0311700","PY17X_0616300"
"PVP01_0311800","PY17X_0616400"
"PVP01_0311900","PY17X_0616500"
"PVP01_0312000","PY17X_0616600"
"PVP01_0312200","PY17X_0616800"
"PVP01_0312300","PY17X_0616900"
"PVP01_0312400","PY17X_0617000"
"PVP01_0312600","PY17X_0617200"
"PVP01_0312700","PY17X_0617300"
"PVP01_0312800","PY17X_0617400"
"PVP01_0312900","PY17X_0617500"
"PVP01_0313000","PY17X_0617600"
"PVP01_0313100","PY17X_0617700"
"PVP01_0313200","PY17X_0617800"
"PVP01_0313300","PY17X_0617900"
"PVP01_0313400","PY17X_0618000"
"PVP01_0313500","PY17X_0618100"
"PVP01_0313700","PY17X_0618300"
"PVP01_0313900","PY17X_0618500"
"PVP01_0314000","PY17X_0618600"
"PVP01_0314100","PY17X_0618700"
"PVP01_0314200","PY17X_0618800"
"PVP01_0314400","PY17X_0619000"
"PVP01_0314500","PY17X_0619100"
"PVP01_0314700","PY17X_0619200"
"PVP01_0314800","PY17X_0619300"
"PVP01_0314900","PY17X_0619400"
"PVP01_0315000","PY17X_0619500"
"PVP01_0315200","PY17X_0619700"
"PVP01_0315300","PY17X_0619800"
"PVP01_0315400","PY17X_0619900"
"PVP01_0315500","PY17X_0620000"
"PVP01_0315700","PY17X_0620200"
"PVP01_0315800","PY17X_0620300"
"PVP01_0315900","PY17X_0620400"
"PVP01_0316000","PY17X_0620500"
"PVP01_0316100","PY17X_0620600"
"PVP01_0316200","PY17X_0620700"
"PVP01_0316300","PY17X_0620800"
"PVP01_0316500","PY17X_0621000"
"PVP01_0316600","PY17X_0621100"
"PVP01_0316700","PY17X_0621200"
"PVP01_0316800","PY17X_0621300"
"PVP01_0316900","PY17X_0621400"
"PVP01_0317000","PY17X_0621500"
"PVP01_0317100","PY17X_0621600"
"PVP01_0317300","PY17X_0621800"
"PVP01_0317400","PY17X_0621900"
"PVP01_0317500","PY17X_0622000"
"PVP01_0317600","PY17X_0622100"
"PVP01_0317800","PY17X_0622300"
"PVP01_0317900","PY17X_0622400"
"PVP01_0318000","PY17X_0622500"
"PVP01_0318100","PY17X_0622600"
"PVP01_0318200","PY17X_0622700"
"PVP01_0318300","PY17X_0622800"
"PVP01_0318400","PY17X_0622900"
"PVP01_0318500","PY17X_0623000"
"PVP01_0318600","PY17X_0623100"
"PVP01_0318700","PY17X_0623200"
"PVP01_0318800","PY17X_0623300"
"PVP01_0318900","PY17X_0623400"
"PVP01_0319000","PY17X_0623500"
"PVP01_0319200","PY17X_0623700"
"PVP01_0319300","PY17X_0623800"
"PVP01_0319400","PY17X_0623900"
"PVP01_0319500","PY17X_0624000"
"PVP01_0319600","PY17X_0624100"
"PVP01_0319900","PY17X_0624400"
"PVP01_0320000","PY17X_0624500"
"PVP01_0320100","PY17X_0624600"
"PVP01_0320200","PY17X_0624700"
"PVP01_0320300","PY17X_0624800"
"PVP01_0320400","PY17X_0624900"
"PVP01_0320500","PY17X_0625000"
"PVP01_0320600","PY17X_0625100"
"PVP01_0320700","PY17X_0625200"
"PVP01_0320800","PY17X_0625300"
"PVP01_0320900","PY17X_0625400"
"PVP01_0321000","PY17X_0625500"
"PVP01_0405100","PY17X_0316800"
"PVP01_0405400","PY17X_0316700"
"PVP01_0405500","PY17X_0316600"
"PVP01_0405600","PY17X_0316500"
"PVP01_0405700","PY17X_0316400"
"PVP01_0405800","PY17X_0316300"
"PVP01_0406300","PY17X_0315900"
"PVP01_0406500","PY17X_0315700"
"PVP01_0406600","PY17X_0315600"
"PVP01_0406700","PY17X_0315500"
"PVP01_0406900","PY17X_0315300"
"PVP01_0407000","PY17X_0315200"
"PVP01_0407100","PY17X_0315100"
"PVP01_0407200","PY17X_0315000"
"PVP01_0407300","PY17X_0314900"
"PVP01_0407400","PY17X_0314800"
"PVP01_0407500","PY17X_0314700"
"PVP01_0407600","PY17X_0314600"
"PVP01_0407700","PY17X_0314500"
"PVP01_0407900","PY17X_0314300"
"PVP01_0408000","PY17X_0314200"
"PVP01_0408100","PY17X_0314100"
"PVP01_0408200","PY17X_0314000"
"PVP01_0408300","PY17X_0313900"
"PVP01_0408400","PY17X_0313800"
"PVP01_0408600","PY17X_0313600"
"PVP01_0408700","PY17X_0313500"
"PVP01_0408800","PY17X_0313400"
"PVP01_0409000","PY17X_0313200"
"PVP01_0409100","PY17X_0313100"
"PVP01_0409200","PY17X_0313000"
"PVP01_0409300","PY17X_0312900"
"PVP01_0409400","PY17X_0312800"
"PVP01_0409600","PY17X_0312600"
"PVP01_0409700","PY17X_0312500"
"PVP01_0409800","PY17X_0312400"
"PVP01_0409900","PY17X_0312300"
"PVP01_0410200","PY17X_0312000"
"PVP01_0410400","PY17X_0311800"
"PVP01_0410500","PY17X_0311700"
"PVP01_0410700","PY17X_0311600"
"PVP01_0410800","PY17X_0311500"
"PVP01_0410900","PY17X_0311400"
"PVP01_0411000","PY17X_0311300"
"PVP01_0411100","PY17X_0311200"
"PVP01_0411200","PY17X_0311100"
"PVP01_0411300","PY17X_0311000"
"PVP01_0411400","PY17X_0310900"
"PVP01_0411500","PY17X_0310800"
"PVP01_0411600","PY17X_0310700"
"PVP01_0411700","PY17X_0310600"
"PVP01_0411800","PY17X_0310500"
"PVP01_0411900","PY17X_0310400"
"PVP01_0412000","PY17X_0310300"
"PVP01_0412100","PY17X_0310200"
"PVP01_0412200","PY17X_0310100"
"PVP01_0412300","PY17X_0310000"
"PVP01_0412400","PY17X_0309900"
"PVP01_0412500","PY17X_0309800"
"PVP01_0412600","PY17X_0309700"
"PVP01_0412700","PY17X_0309600"
"PVP01_0412900","PY17X_0309400"
"PVP01_0413000","PY17X_0309300"
"PVP01_0413100","PY17X_0309200"
"PVP01_0413200","PY17X_0309100"
"PVP01_0413300","PY17X_0309000"
"PVP01_0413500","PY17X_0308900"
"PVP01_0413600","PY17X_0308800"
"PVP01_0413700","PY17X_0308700"
"PVP01_0413800","PY17X_0308600"
"PVP01_0413900","PY17X_0308500"
"PVP01_0414000","PY17X_0308400"
"PVP01_0414100","PY17X_0308300"
"PVP01_0414200","PY17X_0308200"
"PVP01_0414300","PY17X_0308100"
"PVP01_0414500","PY17X_0307900"
"PVP01_0414600","PY17X_0307800"
"PVP01_0414700","PY17X_0307700"
"PVP01_0414800","PY17X_0307600"
"PVP01_0414900","PY17X_0307500"
"PVP01_0415000","PY17X_0307400"
"PVP01_0415200","PY17X_0307300"
"PVP01_0415400","PY17X_0307100"
"PVP01_0415500","PY17X_0307000"
"PVP01_0415600","PY17X_0306900"
"PVP01_0415700","PY17X_0306800"
"PVP01_0415800","PY17X_0306700"
"PVP01_0415900","PY17X_0306600"
"PVP01_0416000","PY17X_0306500"
"PVP01_0416100","PY17X_0306400"
"PVP01_0416200","PY17X_0306300"
"PVP01_0416300","PY17X_0306200"
"PVP01_0416400","PY17X_0306100"
"PVP01_0416600","PY17X_0305900"
"PVP01_0416700","PY17X_0305800"
"PVP01_0416900","PY17X_0305700"
"PVP01_0417000","PY17X_0305700"
"PVP01_0417100","PY17X_0305700"
"PVP01_0417200","PY17X_0305700"
"PVP01_0417300","PY17X_0305700"
"PVP01_0417500","PY17X_0305600"
"PVP01_0417600","PY17X_0305600"
"PVP01_0417700","PY17X_0305500"
"PVP01_0417700","PY17X_0305600"
"PVP01_0417800","PY17X_0305500"
"PVP01_0417900","PY17X_0305400"
"PVP01_0418000","PY17X_0305300"
"PVP01_0418100","PY17X_0305200"
"PVP01_0418500","PY17X_0304900"
"PVP01_0418600","PY17X_0304800"
"PVP01_0418900","PY17X_0304500"
"PVP01_0419000","PY17X_0304400"
"PVP01_0419100","PY17X_0304300"
"PVP01_0419200","PY17X_0304200"
"PVP01_0419300","PY17X_0304100"
"PVP01_0419400","PY17X_0304000"
"PVP01_0419500","PY17X_0303900"
"PVP01_0419600","PY17X_0303800"
"PVP01_0419700","PY17X_0303700"
"PVP01_0419800","PY17X_0303600"
"PVP01_0420200","PY17X_0303300"
"PVP01_0420300","PY17X_0303200"
"PVP01_0420400","PY17X_0303100"
"PVP01_0420500","PY17X_0303000"
"PVP01_0420600","PY17X_0302900"
"PVP01_0420700","PY17X_0302800"
"PVP01_0420900","PY17X_0302600"
"PVP01_0421000","PY17X_0302500"
"PVP01_0421100","PY17X_0302400"
"PVP01_0421200","PY17X_0302300"
"PVP01_0421300","PY17X_0302200"
"PVP01_0421400","PY17X_0302100"
"PVP01_0421500","PY17X_0302000"
"PVP01_0421700","PY17X_0301800"
"PVP01_0421800","PY17X_0301700"
"PVP01_0422300","PY17X_0301400"
"PVP01_0422400","PY17X_0301300"
"PVP01_0505000","PY17X_0701600"
"PVP01_0505100","PY17X_0701700"
"PVP01_0505200","PY17X_0701800"
"PVP01_0505300","PY17X_0701900"
"PVP01_0505400","PY17X_0702000"
"PVP01_0505500","PY17X_0702100"
"PVP01_0505600","PY17X_0702200"
"PVP01_0505700","PY17X_0702300"
"PVP01_0505800","PY17X_0702400"
"PVP01_0505900","PY17X_0702500"
"PVP01_0506000","PY17X_0702600"
"PVP01_0506100","PY17X_0702700"
"PVP01_0506200","PY17X_0702800"
"PVP01_0506300","PY17X_0702900"
"PVP01_0506400","PY17X_0703000"
"PVP01_0506500","PY17X_0703100"
"PVP01_0506600","PY17X_0703200"
"PVP01_0506800","PY17X_0703400"
"PVP01_0506900","PY17X_0703500"
"PVP01_0507000","PY17X_0703600"
"PVP01_0507300","PY17X_0703900"
"PVP01_0507400","PY17X_0704000"
"PVP01_0507500","PY17X_0704100"
"PVP01_0507600","PY17X_0704200"
"PVP01_0507700","PY17X_0704300"
"PVP01_0507800","PY17X_0704400"
"PVP01_0507900","PY17X_0704500"
"PVP01_0508000","PY17X_0704600"
"PVP01_0508100","PY17X_0704700"
"PVP01_0508200","PY17X_0704800"
"PVP01_0508300","PY17X_0704900"
"PVP01_0508400","PY17X_0705000"
"PVP01_0508500","PY17X_0705100"
"PVP01_0508600","PY17X_0705200"
"PVP01_0508700","PY17X_0705300"
"PVP01_0508800","PY17X_0705400"
"PVP01_0508900","PY17X_0705500"
"PVP01_0509000","PY17X_0705600"
"PVP01_0509100","PY17X_0705700"
"PVP01_0509200","PY17X_0705800"
"PVP01_0509400","PY17X_0706000"
"PVP01_0509600","PY17X_0706200"
"PVP01_0509700","PY17X_0706300"
"PVP01_0509800","PY17X_0706400"
"PVP01_0509900","PY17X_0706500"
"PVP01_0510000","PY17X_0706600"
"PVP01_0510100","PY17X_0706700"
"PVP01_0510200","PY17X_0706800"
"PVP01_0510400","PY17X_0707000"
"PVP01_0510500","PY17X_0707100"
"PVP01_0510600","PY17X_0707200"
"PVP01_0510700","PY17X_0707300"
"PVP01_0510800","PY17X_0707400"
"PVP01_0510900","PY17X_0707500"
"PVP01_0511000","PY17X_0707600"
"PVP01_0511100","PY17X_0707700"
"PVP01_0511200","PY17X_0707800"
"PVP01_0511300","PY17X_0707900"
"PVP01_0511400","PY17X_0708000"
"PVP01_0511500","PY17X_0708100"
"PVP01_0511600","PY17X_0708200"
"PVP01_0511700","PY17X_0708300"
"PVP01_0511800","PY17X_0708400"
"PVP01_0511900","PY17X_0708500"
"PVP01_0512000","PY17X_0708600"
"PVP01_0512200","PY17X_0708900"
"PVP01_0512300","PY17X_0709000"
"PVP01_0512400","PY17X_0709100"
"PVP01_0512500","PY17X_0709200"
"PVP01_0512600","PY17X_0709300"
"PVP01_0512700","PY17X_0709400"
"PVP01_0512800","PY17X_0709500"
"PVP01_0512900","PY17X_0709600"
"PVP01_0513000","PY17X_0709700"
"PVP01_0513100","PY17X_0709800"
"PVP01_0513300","PY17X_0710000"
"PVP01_0513400","PY17X_0710100"
"PVP01_0513600","PY17X_0710300"
"PVP01_0513700","PY17X_0710400"
"PVP01_0513900","PY17X_0710600"
"PVP01_0514100","PY17X_0710800"
"PVP01_0514200","PY17X_0710900"
"PVP01_0514400","PY17X_0711100"
"PVP01_0514600","PY17X_0711300"
"PVP01_0514700","PY17X_0711400"
"PVP01_0514800","PY17X_0711500"
"PVP01_0514900","PY17X_0711600"
"PVP01_0515000","PY17X_0711700"
"PVP01_0515100","PY17X_0711800"
"PVP01_0515200","PY17X_0711900"
"PVP01_0515400","PY17X_0712100"
"PVP01_0515500","PY17X_0712200"
"PVP01_0516600","PY17X_0712300"
"PVP01_0516700","PY17X_0712400"
"PVP01_0516800","PY17X_0712500"
"PVP01_0516900","PY17X_0712600"
"PVP01_0517000","PY17X_0712700"
"PVP01_0517100","PY17X_0712800"
"PVP01_0517200","PY17X_0712900"
"PVP01_0517300","PY17X_0713000"
"PVP01_0517400","PY17X_0713100"
"PVP01_0517500","PY17X_0713200"
"PVP01_0517600","PY17X_0713300"
"PVP01_0517700","PY17X_0713400"
"PVP01_0517800","PY17X_0713500"
"PVP01_0517900","PY17X_0713600"
"PVP01_0518100","PY17X_0713800"
"PVP01_0518200","PY17X_0713900"
"PVP01_0518300","PY17X_0714000"
"PVP01_0518400","PY17X_0714100"
"PVP01_0518500","PY17X_0714200"
"PVP01_0518600","PY17X_0714300"
"PVP01_0518700","PY17X_0714400"
"PVP01_0518800","PY17X_0714500"
"PVP01_0518900","PY17X_0714600"
"PVP01_0519000","PY17X_0714700"
"PVP01_0519100","PY17X_0714800"
"PVP01_0519200","PY17X_0714900"
"PVP01_0519300","PY17X_0715000"
"PVP01_0519400","PY17X_0715100"
"PVP01_0519500","PY17X_0715200"
"PVP01_0519600","PY17X_0715300"
"PVP01_0519700","PY17X_0715400"
"PVP01_0519800","PY17X_0715500"
"PVP01_0519900","PY17X_0715600"
"PVP01_0520000","PY17X_0715700"
"PVP01_0520100","PY17X_0715800"
"PVP01_0520200","PY17X_0715900"
"PVP01_0520300","PY17X_0716000"
"PVP01_0520400","PY17X_0716100"
"PVP01_0520500","PY17X_0716200"
"PVP01_0520600","PY17X_0716300"
"PVP01_0520700","PY17X_0716400"
"PVP01_0520800","PY17X_0716500"
"PVP01_0521000","PY17X_0716700"
"PVP01_0521100","PY17X_0716800"
"PVP01_0521200","PY17X_0716900"
"PVP01_0521400","PY17X_0717100"
"PVP01_0521500","PY17X_0717200"
"PVP01_0521600","PY17X_0717300"
"PVP01_0521700","PY17X_0717400"
"PVP01_0521800","PY17X_0717500"
"PVP01_0521900","PY17X_0717600"
"PVP01_0522000","PY17X_0717700"
"PVP01_0522100","PY17X_0717800"
"PVP01_0522200","PY17X_0717900"
"PVP01_0522400","PY17X_0718000"
"PVP01_0525500","PY17X_0718300"
"PVP01_0525600","PY17X_0718400"
"PVP01_0525700","PY17X_0718500"
"PVP01_0525800","PY17X_0718600"
"PVP01_0525900","PY17X_0718700"
"PVP01_0526000","PY17X_0718800"
"PVP01_0526200","PY17X_0718900"
"PVP01_0526300","PY17X_0719000"
"PVP01_0526500","PY17X_0719200"
"PVP01_0526600","PY17X_0719300"
"PVP01_0526700","PY17X_0719400"
"PVP01_0526900","PY17X_0719600"
"PVP01_0527200","PY17X_0719900"
"PVP01_0527400","PY17X_0720100"
"PVP01_0527500","PY17X_0720200"
"PVP01_0527600","PY17X_0720300"
"PVP01_0527800","PY17X_0720500"
"PVP01_0527900","PY17X_0720600"
"PVP01_0528100","PY17X_0720800"
"PVP01_0528200","PY17X_0720900"
"PVP01_0528300","PY17X_0721000"
"PVP01_0528400","PY17X_0721100"
"PVP01_0528500","PY17X_0721200"
"PVP01_0528600","PY17X_0721300"
"PVP01_0528700","PY17X_0721400"
"PVP01_0528800","PY17X_0721500"
"PVP01_0528900","PY17X_0721600"
"PVP01_0529000","PY17X_0721700"
"PVP01_0529100","PY17X_0721800"
"PVP01_0529200","PY17X_0721900"
"PVP01_0529500","PY17X_0522800"
"PVP01_0529600","PY17X_0522900"
"PVP01_0529700","PY17X_0523000"
"PVP01_0529900","PY17X_0523200"
"PVP01_0530000","PY17X_0523300"
"PVP01_0530100","PY17X_0523400"
"PVP01_0530200","PY17X_0523500"
"PVP01_0530400","PY17X_0523700"
"PVP01_0530500","PY17X_0523800"
"PVP01_0530600","PY17X_0523900"
"PVP01_0530700","PY17X_0524000"
"PVP01_0530800","PY17X_0524100"
"PVP01_0530900","PY17X_0524200"
"PVP01_0531000","PY17X_0524300"
"PVP01_0531100","PY17X_0524400"
"PVP01_0531200","PY17X_0524500"
"PVP01_0531300","PY17X_0524600"
"PVP01_0531400","PY17X_0524700"
"PVP01_0531600","PY17X_0524900"
"PVP01_0531700","PY17X_0525000"
"PVP01_0532000","PY17X_0525300"
"PVP01_0532100","PY17X_0525400"
"PVP01_0532300","PY17X_0525600"
"PVP01_0532600","PY17X_0525700"
"PVP01_0602200","PY17X_0502300"
"PVP01_0602300","PY17X_0502400"
"PVP01_0602400","PY17X_0502500"
"PVP01_0602500","PY17X_0502600"
"PVP01_0602600","PY17X_0502700"
"PVP01_0602700","PY17X_0502800"
"PVP01_0602800","PY17X_0502900"
"PVP01_0603100","PY17X_0503200"
"PVP01_0603200","PY17X_0503300"
"PVP01_0603300","PY17X_0503400"
"PVP01_0603500","PY17X_0503600"
"PVP01_0603700","PY17X_0503800"
"PVP01_0603800","PY17X_0503900"
"PVP01_0603900","PY17X_0504000"
"PVP01_0604100","PY17X_0504200"
"PVP01_0604200","PY17X_0504300"
"PVP01_0604400","PY17X_0504500"
"PVP01_0604500","PY17X_0504600"
"PVP01_0604600","PY17X_0504700"
"PVP01_0604700","PY17X_0504800"
"PVP01_0605000","PY17X_0505100"
"PVP01_0605100","PY17X_0505200"
"PVP01_0605200","PY17X_0505300"
"PVP01_0605300","PY17X_0505400"
"PVP01_0605400","PY17X_0505500"
"PVP01_0605500","PY17X_0505600"
"PVP01_0605600","PY17X_0505700"
"PVP01_0605700","PY17X_0505800"
"PVP01_0605800","PY17X_0505900"
"PVP01_0605900","PY17X_0506000"
"PVP01_0606000","PY17X_0506100"
"PVP01_0606100","PY17X_0506200"
"PVP01_0606200","PY17X_0506300"
"PVP01_0606400","PY17X_0506500"
"PVP01_0606500","PY17X_0506600"
"PVP01_0606600","PY17X_0506700"
"PVP01_0606700","PY17X_0506800"
"PVP01_0606800","PY17X_0506900"
"PVP01_0607200","PY17X_0507300"
"PVP01_0607300","PY17X_0507400"
"PVP01_0607400","PY17X_0507500"
"PVP01_0607500","PY17X_0507600"
"PVP01_0607600","PY17X_0507700"
"PVP01_0607700","PY17X_0507800"
"PVP01_0607800","PY17X_0507900"
"PVP01_0607900","PY17X_0508000"
"PVP01_0608000","PY17X_0508100"
"PVP01_0608100","PY17X_0508200"
"PVP01_0608200","PY17X_0508300"
"PVP01_0608300","PY17X_0508400"
"PVP01_0608400","PY17X_0508500"
"PVP01_0608500","PY17X_0508600"
"PVP01_0608600","PY17X_0508700"
"PVP01_0608700","PY17X_0508800"
"PVP01_0608800","PY17X_0508900"
"PVP01_0608900","PY17X_0509000"
"PVP01_0609100","PY17X_0509200"
"PVP01_0609200","PY17X_0509300"
"PVP01_0609400","PY17X_0509500"
"PVP01_0609500","PY17X_0509600"
"PVP01_0609700","PY17X_0509800"
"PVP01_0609800","PY17X_0509900"
"PVP01_0609900","PY17X_0510000"
"PVP01_0610000","PY17X_0510100"
"PVP01_0610100","PY17X_0510200"
"PVP01_0610200","PY17X_0510300"
"PVP01_0610300","PY17X_0510400"
"PVP01_0610400","PY17X_0510500"
"PVP01_0610500","PY17X_0510600"
"PVP01_0610600","PY17X_0510700"
"PVP01_0610700","PY17X_0510800"
"PVP01_0610800","PY17X_0510900"
"PVP01_0610900","PY17X_0511000"
"PVP01_0611000","PY17X_0511100"
"PVP01_0611100","PY17X_0511200"
"PVP01_0611300","PY17X_0511400"
"PVP01_0611400","PY17X_0511500"
"PVP01_0611500","PY17X_0511600"
"PVP01_0611600","PY17X_0511700"
"PVP01_0611700","PY17X_0511800"
"PVP01_0611900","PY17X_0512000"
"PVP01_0612000","PY17X_0512100"
"PVP01_0612200","PY17X_0512300"
"PVP01_0612300","PY17X_0512400"
"PVP01_0612400","PY17X_0512500"
"PVP01_0612500","PY17X_0512600"
"PVP01_0612600","PY17X_0512700"
"PVP01_0612700","PY17X_0512800"
"PVP01_0612800","PY17X_0512900"
"PVP01_0612900","PY17X_0513000"
"PVP01_0613000","PY17X_0513100"
"PVP01_0613100","PY17X_0513200"
"PVP01_0613200","PY17X_0513300"
"PVP01_0613300","PY17X_0513400"
"PVP01_0613400","PY17X_0513500"
"PVP01_0613500","PY17X_0513600"
"PVP01_0613700","PY17X_0513800"
"PVP01_0613900","PY17X_0514000"
"PVP01_0614000","PY17X_0514100"
"PVP01_0614200","PY17X_0514200"
"PVP01_0614300","PY17X_0514300"
"PVP01_0614400","PY17X_0514400"
"PVP01_0614500","PY17X_0514500"
"PVP01_0614700","PY17X_0514700"
"PVP01_0614800","PY17X_0514800"
"PVP01_0614900","PY17X_0514900"
"PVP01_0615000","PY17X_0515000"
"PVP01_0615100","PY17X_0515100"
"PVP01_0615200","PY17X_0515200"
"PVP01_0615300","PY17X_0515300"
"PVP01_0615500","PY17X_0515400"
"PVP01_0615600","PY17X_0515500"
"PVP01_0615700","PY17X_0515600"
"PVP01_0615800","PY17X_0515700"
"PVP01_0615900","PY17X_0515800"
"PVP01_0616000","PY17X_0515900"
"PVP01_0616100","PY17X_0516000"
"PVP01_0616200","PY17X_0516100"
"PVP01_0616300","PY17X_0516200"
"PVP01_0616400","PY17X_0516300"
"PVP01_0616500","PY17X_0516400"
"PVP01_0616800","PY17X_0516600"
"PVP01_0616900","PY17X_0516700"
"PVP01_0617000","PY17X_0516800"
"PVP01_0617100","PY17X_0516900"
"PVP01_0617300","PY17X_0517100"
"PVP01_0617500","PY17X_0517300"
"PVP01_0617600","PY17X_0517400"
"PVP01_0617700","PY17X_0517500"
"PVP01_0617900","PY17X_0517700"
"PVP01_0618000","PY17X_0517800"
"PVP01_0618100","PY17X_0517900"
"PVP01_0618200","PY17X_0518000"
"PVP01_0618400","PY17X_0518200"
"PVP01_0618500","PY17X_0518300"
"PVP01_0618600","PY17X_0518400"
"PVP01_0618700","PY17X_0518500"
"PVP01_0618800","PY17X_0518600"
"PVP01_0618900","PY17X_0518700"
"PVP01_0619000","PY17X_0518800"
"PVP01_0619100","PY17X_0518900"
"PVP01_0619200","PY17X_0519000"
"PVP01_0619300","PY17X_0519100"
"PVP01_0619500","PY17X_0519300"
"PVP01_0619700","PY17X_0519500"
"PVP01_0619800","PY17X_0519600"
"PVP01_0619900","PY17X_0519700"
"PVP01_0620000","PY17X_0519800"
"PVP01_0620100","PY17X_0519900"
"PVP01_0620800","PY17X_0520500"
"PVP01_0621000","PY17X_0520700"
"PVP01_0621100","PY17X_0520800"
"PVP01_0621200","PY17X_0520900"
"PVP01_0621500","PY17X_0521100"
"PVP01_0621600","PY17X_0521200"
"PVP01_0621700","PY17X_0521300"
"PVP01_0621900","PY17X_0521500"
"PVP01_0622000","PY17X_0521600"
"PVP01_0622100","PY17X_0521700"
"PVP01_0622200","PY17X_0521800"
"PVP01_0622300","PY17X_0521900"
"PVP01_0622400","PY17X_0522000"
"PVP01_0622500","PY17X_0522100"
"PVP01_0622600","PY17X_0522200"
"PVP01_0622700","PY17X_0522300"
"PVP01_0701400","PY17X_0421200"
"PVP01_0701500","PY17X_0421100"
"PVP01_0701600","PY17X_0421000"
"PVP01_0701800","PY17X_0420800"
"PVP01_0702000","PY17X_0420600"
"PVP01_0702100","PY17X_0420500"
"PVP01_0702200","PY17X_0420400"
"PVP01_0702300","PY17X_0420300"
"PVP01_0702400","PY17X_0420200"
"PVP01_0702500","PY17X_0420100"
"PVP01_0702600","PY17X_0420000"
"PVP01_0702700","PY17X_0419900"
"PVP01_0702800","PY17X_0419800"
"PVP01_0702900","PY17X_0419700"
"PVP01_0703000","PY17X_0419600"
"PVP01_0703100","PY17X_0419500"
"PVP01_0703200","PY17X_0419400"
"PVP01_0703300","PY17X_0419300"
"PVP01_0703400","PY17X_0419200"
"PVP01_0703500","PY17X_0419100"
"PVP01_0703600","PY17X_0419000"
"PVP01_0703700","PY17X_0418900"
"PVP01_0703800","PY17X_0418800"
"PVP01_0703900","PY17X_0418700"
"PVP01_0704000","PY17X_0418600"
"PVP01_0704100","PY17X_0418500"
"PVP01_0704300","PY17X_0418300"
"PVP01_0704400","PY17X_0418200"
"PVP01_0704500","PY17X_0418100"
"PVP01_0704600","PY17X_0418000"
"PVP01_0704700","PY17X_0417900"
"PVP01_0704800","PY17X_0417800"
"PVP01_0704900","PY17X_0417700"
"PVP01_0705000","PY17X_0417600"
"PVP01_0705300","PY17X_0811600"
"PVP01_0705400","PY17X_0811700"
"PVP01_0705500","PY17X_0811800"
"PVP01_0705600","PY17X_0811900"
"PVP01_0705700","PY17X_0812000"
"PVP01_0705800","PY17X_0812100"
"PVP01_0705900","PY17X_0812200"
"PVP01_0706100","PY17X_0812300"
"PVP01_0706200","PY17X_0812400"
"PVP01_0706300","PY17X_0812500"
"PVP01_0706400","PY17X_0812600"
"PVP01_0706500","PY17X_0812700"
"PVP01_0706600","PY17X_0812800"
"PVP01_0706800","PY17X_0813000"
"PVP01_0707100","PY17X_0813100"
"PVP01_0707200","PY17X_0813200"
"PVP01_0707300","PY17X_0813300"
"PVP01_0707400","PY17X_0813400"
"PVP01_0707600","PY17X_0813600"
"PVP01_0707700","PY17X_0813700"
"PVP01_0707800","PY17X_0813800"
"PVP01_0707900","PY17X_0813900"
"PVP01_0708000","PY17X_0814000"
"PVP01_0708100","PY17X_0814100"
"PVP01_0708200","PY17X_0814200"
"PVP01_0708300","PY17X_0814300"
"PVP01_0708400","PY17X_0814400"
"PVP01_0708600","PY17X_0814600"
"PVP01_0708800","PY17X_0814800"
"PVP01_0708900","PY17X_0814900"
"PVP01_0709100","PY17X_0815000"
"PVP01_0709200","PY17X_0815100"
"PVP01_0709300","PY17X_0815200"
"PVP01_0709400","PY17X_0815300"
"PVP01_0709500","PY17X_0815400"
"PVP01_0709600","PY17X_0815500"
"PVP01_0709700","PY17X_0815600"
"PVP01_0709800","PY17X_0815700"
"PVP01_0709900","PY17X_0815800"
"PVP01_0710000","PY17X_0815900"
"PVP01_0710200","PY17X_0816100"
"PVP01_0710300","PY17X_0816200"
"PVP01_0710600","PY17X_0816500"
"PVP01_0710700","PY17X_0816600"
"PVP01_0710800","PY17X_0816700"
"PVP01_0710900","PY17X_0816800"
"PVP01_0711100","PY17X_0817000"
"PVP01_0711200","PY17X_0817100"
"PVP01_0711300","PY17X_0817200"
"PVP01_0711400","PY17X_0817300"
"PVP01_0711500","PY17X_0817400"
"PVP01_0711550","PY17X_0817450"
"PVP01_0711600","PY17X_0817500"
"PVP01_0711700","PY17X_0817600"
"PVP01_0711800","PY17X_0817700"
"PVP01_0711900","PY17X_0817800"
"PVP01_0712000","PY17X_0817900"
"PVP01_0712100","PY17X_0818000"
"PVP01_0712300","PY17X_0818200"
"PVP01_0712400","PY17X_0818300"
"PVP01_0712600","PY17X_0818500"
"PVP01_0712700","PY17X_0818600"
"PVP01_0712800","PY17X_0818700"
"PVP01_0713000","PY17X_0818900"
"PVP01_0713100","PY17X_0819000"
"PVP01_0713200","PY17X_0819100"
"PVP01_0713400","PY17X_0819300"
"PVP01_0713500","PY17X_0819400"
"PVP01_0713600","PY17X_0819500"
"PVP01_0713700","PY17X_0819600"
"PVP01_0713800","PY17X_0819700"
"PVP01_0713900","PY17X_0819800"
"PVP01_0714000","PY17X_0819900"
"PVP01_0714100","PY17X_0820000"
"PVP01_0714200","PY17X_0820100"
"PVP01_0714300","PY17X_0820200"
"PVP01_0714400","PY17X_0820300"
"PVP01_0714500","PY17X_0820400"
"PVP01_0714600","PY17X_0820500"
"PVP01_0714700","PY17X_0820600"
"PVP01_0714800","PY17X_0820700"
"PVP01_0714900","PY17X_0820800"
"PVP01_0715000","PY17X_0820900"
"PVP01_0715100","PY17X_0821000"
"PVP01_0715200","PY17X_0821100"
"PVP01_0715300","PY17X_0821200"
"PVP01_0715400","PY17X_0821300"
"PVP01_0715500","PY17X_0821400"
"PVP01_0715600","PY17X_0821500"
"PVP01_0715700","PY17X_0821600"
"PVP01_0715900","PY17X_0821800"
"PVP01_0716000","PY17X_0821900"
"PVP01_0716100","PY17X_0822000"
"PVP01_0716200","PY17X_0822100"
"PVP01_0716300","PY17X_0822200"
"PVP01_0716400","PY17X_0822300"
"PVP01_0716500","PY17X_0822400"
"PVP01_0716600","PY17X_0822500"
"PVP01_0716700","PY17X_0822600"
"PVP01_0716800","PY17X_0822700"
"PVP01_0717000","PY17X_0822800"
"PVP01_0717200","PY17X_0823000"
"PVP01_0717300","PY17X_0823100"
"PVP01_0717400","PY17X_0823200"
"PVP01_0717500","PY17X_0823300"
"PVP01_0717600","PY17X_0823400"
"PVP01_0717700","PY17X_0823500"
"PVP01_0717800","PY17X_0823600"
"PVP01_0717900","PY17X_0823700"
"PVP01_0718000","PY17X_0823800"
"PVP01_0718100","PY17X_0823900"
"PVP01_0718200","PY17X_0824000"
"PVP01_0718300","PY17X_0824100"
"PVP01_0718400","PY17X_0824200"
"PVP01_0718500","PY17X_0824300"
"PVP01_0718600","PY17X_0824400"
"PVP01_0718700","PY17X_0824500"
"PVP01_0718800","PY17X_0824600"
"PVP01_0718900","PY17X_0824700"
"PVP01_0719100","PY17X_0824900"
"PVP01_0719200","PY17X_0825000"
"PVP01_0719300","PY17X_0825100"
"PVP01_0719400","PY17X_0825200"
"PVP01_0719600","PY17X_0825300"
"PVP01_0719800","PY17X_0825500"
"PVP01_0719900","PY17X_0825600"
"PVP01_0720000","PY17X_0825700"
"PVP01_0720100","PY17X_0825800"
"PVP01_0720200","PY17X_0825900"
"PVP01_0720300","PY17X_0826000"
"PVP01_0720400","PY17X_0826100"
"PVP01_0720500","PY17X_0826200"
"PVP01_0720700","PY17X_0826400"
"PVP01_0720800","PY17X_0826500"
"PVP01_0720900","PY17X_0826600"
"PVP01_0721000","PY17X_0826700"
"PVP01_0721100","PY17X_0826800"
"PVP01_0721200","PY17X_0826900"
"PVP01_0721400","PY17X_0827100"
"PVP01_0721500","PY17X_0827200"
"PVP01_0721600","PY17X_0827300"
"PVP01_0721700","PY17X_0827400"
"PVP01_0721800","PY17X_0827500"
"PVP01_0722000","PY17X_0827700"
"PVP01_0722100","PY17X_0827800"
"PVP01_0722200","PY17X_0827900"
"PVP01_0722300","PY17X_0828000"
"PVP01_0722400","PY17X_0828100"
"PVP01_0722500","PY17X_0828200"
"PVP01_0722600","PY17X_0828300"
"PVP01_0722700","PY17X_0828400"
"PVP01_0722800","PY17X_0828500"
"PVP01_0723000","PY17X_0828700"
"PVP01_0723200","PY17X_0828900"
"PVP01_0723500","PY17X_0829100"
"PVP01_0723600","PY17X_0829200"
"PVP01_0723700","PY17X_0829300"
"PVP01_0723800","PY17X_0829400"
"PVP01_0723900","PY17X_0829500"
"PVP01_0724000","PY17X_0829600"
"PVP01_0724100","PY17X_0829700"
"PVP01_0724200","PY17X_0829800"
"PVP01_0724300","PY17X_0829900"
"PVP01_0724400","PY17X_0830000"
"PVP01_0724500","PY17X_0830100"
"PVP01_0724600","PY17X_0830200"
"PVP01_0724700","PY17X_0830300"
"PVP01_0724800","PY17X_0830400"
"PVP01_0724900","PY17X_0830500"
"PVP01_0725200","PY17X_0830800"
"PVP01_0725400","PY17X_0831000"
"PVP01_0725500","PY17X_0831100"
"PVP01_0725600","PY17X_0831200"
"PVP01_0725700","PY17X_0831300"
"PVP01_0725800","PY17X_0831400"
"PVP01_0725900","PY17X_0831500"
"PVP01_0726000","PY17X_0831600"
"PVP01_0726100","PY17X_0831700"
"PVP01_0726200","PY17X_0831800"
"PVP01_0726300","PY17X_0831900"
"PVP01_0726400","PY17X_0832000"
"PVP01_0726500","PY17X_0832100"
"PVP01_0726700","PY17X_0832300"
"PVP01_0726800","PY17X_0832400"
"PVP01_0726900","PY17X_0832500"
"PVP01_0727000","PY17X_0832600"
"PVP01_0727300","PY17X_0832900"
"PVP01_0727400","PY17X_0833000"
"PVP01_0727500","PY17X_0833100"
"PVP01_0727600","PY17X_0833200"
"PVP01_0727700","PY17X_0833300"
"PVP01_0727900","PY17X_0833500"
"PVP01_0728000","PY17X_0833600"
"PVP01_0728100","PY17X_0833700"
"PVP01_0728200","PY17X_0833800"
"PVP01_0728300","PY17X_0833900"
"PVP01_0728400","PY17X_0834000"
"PVP01_0728600","PY17X_0834200"
"PVP01_0728700","PY17X_0834300"
"PVP01_0728900","PY17X_0834400"
"PVP01_0729000","PY17X_0834500"
"PVP01_0729200","PY17X_0834700"
"PVP01_0729300","PY17X_0834800"
"PVP01_0729500","PY17X_0835000"
"PVP01_0729600","PY17X_0835100"
"PVP01_0729700","PY17X_0835200"
"PVP01_0729800","PY17X_0835300"
"PVP01_0729900","PY17X_0835400"
"PVP01_0730100","PY17X_0835600"
"PVP01_0730200","PY17X_0835700"
"PVP01_0730300","PY17X_0835800"
"PVP01_0730400","PY17X_0835900"
"PVP01_0730500","PY17X_0836000"
"PVP01_0730600","PY17X_0836100"
"PVP01_0730700","PY17X_0836200"
"PVP01_0730800","PY17X_0836300"
"PVP01_0730900","PY17X_0836400"
"PVP01_0731000","PY17X_0836500"
"PVP01_0731100","PY17X_0836600"
"PVP01_0731200","PY17X_0836700"
"PVP01_0731300","PY17X_0836800"
"PVP01_0731500","PY17X_0837000"
"PVP01_0731700","PY17X_0837200"
"PVP01_0731800","PY17X_0837300"
"PVP01_0731900","PY17X_0837400"
"PVP01_0732000","PY17X_0837500"
"PVP01_0732100","PY17X_0837600"
"PVP01_0732200","PY17X_0837700"
"PVP01_0732300","PY17X_0837800"
"PVP01_0732400","PY17X_0837900"
"PVP01_0732500","PY17X_0838000"
"PVP01_0732600","PY17X_0838100"
"PVP01_0732700","PY17X_0838200"
"PVP01_0732800","PY17X_0838300"
"PVP01_0732900","PY17X_0838400"
"PVP01_0733000","PY17X_0838500"
"PVP01_0733100","PY17X_0838600"
"PVP01_0733200","PY17X_0838700"
"PVP01_0733300","PY17X_0838800"
"PVP01_0733400","PY17X_0838900"
"PVP01_0733500","PY17X_0839000"
"PVP01_0733700","PY17X_0839200"
"PVP01_0733800","PY17X_0839300"
"PVP01_0733900","PY17X_0839400"
"PVP01_0734000","PY17X_0839500"
"PVP01_0734500","PY17X_0839700"
"PVP01_0802100","PY17X_1203800"
"PVP01_0802200","PY17X_1203900"
"PVP01_0802300","PY17X_1204000"
"PVP01_0802500","PY17X_1204200"
"PVP01_0802700","PY17X_1204400"
"PVP01_0802800","PY17X_1204500"
"PVP01_0802900","PY17X_1204600"
"PVP01_0803000","PY17X_1204700"
"PVP01_0803100","PY17X_1204800"
"PVP01_0803300","PY17X_1205000"
"PVP01_0803400","PY17X_1205100"
"PVP01_0803500","PY17X_1205200"
"PVP01_0803600","PY17X_1205300"
"PVP01_0803700","PY17X_1205400"
"PVP01_0803800","PY17X_1205500"
"PVP01_0803900","PY17X_1205600"
"PVP01_0804000","PY17X_1205700"
"PVP01_0804100","PY17X_1205800"
"PVP01_0804200","PY17X_1205900"
"PVP01_0804300","PY17X_1206000"
"PVP01_0804400","PY17X_1206100"
"PVP01_0804500","PY17X_1206200"
"PVP01_0804600","PY17X_1206300"
"PVP01_0804700","PY17X_1206400"
"PVP01_0804800","PY17X_1206500"
"PVP01_0804900","PY17X_1206600"
"PVP01_0805000","PY17X_1206700"
"PVP01_0805100","PY17X_1206800"
"PVP01_0805200","PY17X_1206900"
"PVP01_0805300","PY17X_1207000"
"PVP01_0805400","PY17X_1207100"
"PVP01_0805500","PY17X_1207200"
"PVP01_0805600","PY17X_1207300"
"PVP01_0805700","PY17X_1207400"
"PVP01_0805800","PY17X_1207500"
"PVP01_0805900","PY17X_1207600"
"PVP01_0806000","PY17X_1207700"
"PVP01_0806100","PY17X_1207800"
"PVP01_0806300","PY17X_1208000"
"PVP01_0806400","PY17X_1208100"
"PVP01_0806500","PY17X_1208200"
"PVP01_0806600","PY17X_1208300"
"PVP01_0806700","PY17X_1208400"
"PVP01_0806800","PY17X_1208500"
"PVP01_0806900","PY17X_1208600"
"PVP01_0807000","PY17X_1208700"
"PVP01_0807100","PY17X_1208800"
"PVP01_0807200","PY17X_1208900"
"PVP01_0807300","PY17X_1209000"
"PVP01_0807600","PY17X_1209300"
"PVP01_0807700","PY17X_1209400"
"PVP01_0807900","PY17X_1209600"
"PVP01_0808000","PY17X_1209700"
"PVP01_0808100","PY17X_1209800"
"PVP01_0808200","PY17X_1209900"
"PVP01_0808300","PY17X_1210000"
"PVP01_0808400","PY17X_1210100"
"PVP01_0808500","PY17X_1210200"
"PVP01_0808900","PY17X_1210400"
"PVP01_0809000","PY17X_1210500"
"PVP01_0809100","PY17X_1210600"
"PVP01_0809200","PY17X_1210700"
"PVP01_0809300","PY17X_1210800"
"PVP01_0809400","PY17X_1210900"
"PVP01_0809500","PY17X_1211000"
"PVP01_0809600","PY17X_1211100"
"PVP01_0809700","PY17X_1211200"
"PVP01_0809800","PY17X_1211300"
"PVP01_0809900","PY17X_1211400"
"PVP01_0810000","PY17X_1211500"
"PVP01_0810100","PY17X_1211600"
"PVP01_0810200","PY17X_1211700"
"PVP01_0810300","PY17X_1211800"
"PVP01_0810400","PY17X_1211900"
"PVP01_0810500","PY17X_1212000"
"PVP01_0810600","PY17X_1212100"
"PVP01_0810700","PY17X_1212200"
"PVP01_0810800","PY17X_1212300"
"PVP01_0810900","PY17X_1212400"
"PVP01_0811000","PY17X_1212500"
"PVP01_0811100","PY17X_1212600"
"PVP01_0811200","PY17X_1212700"
"PVP01_0811300","PY17X_1212800"
"PVP01_0811400","PY17X_1212900"
"PVP01_0811500","PY17X_1213000"
"PVP01_0811600","PY17X_1213100"
"PVP01_0811700","PY17X_1213200"
"PVP01_0811800","PY17X_1213300"
"PVP01_0811900","PY17X_1213400"
"PVP01_0812000","PY17X_1213500"
"PVP01_0812100","PY17X_1213600"
"PVP01_0812200","PY17X_1213700"
"PVP01_0812300","PY17X_1213800"
"PVP01_0812400","PY17X_1213900"
"PVP01_0812500","PY17X_1214000"
"PVP01_0812600","PY17X_1214100"
"PVP01_0812700","PY17X_1214200"
"PVP01_0812800","PY17X_1214300"
"PVP01_0812900","PY17X_1214400"
"PVP01_0813000","PY17X_1214500"
"PVP01_0813200","PY17X_1214700"
"PVP01_0813300","PY17X_1214800"
"PVP01_0813400","PY17X_1214900"
"PVP01_0813500","PY17X_1215000"
"PVP01_0813600","PY17X_1215100"
"PVP01_0813800","PY17X_1215300"
"PVP01_0813900","PY17X_1215400"
"PVP01_0814000","PY17X_1215500"
"PVP01_0814100","PY17X_1215600"
"PVP01_0814200","PY17X_1215700"
"PVP01_0814300","PY17X_1215800"
"PVP01_0814500","PY17X_1216000"
"PVP01_0814700","PY17X_1216200"
"PVP01_0814800","PY17X_1216300"
"PVP01_0814900","PY17X_1216400"
"PVP01_0815100","PY17X_1216600"
"PVP01_0815200","PY17X_1216700"
"PVP01_0815300","PY17X_1216800"
"PVP01_0815400","PY17X_1216900"
"PVP01_0815500","PY17X_1217000"
"PVP01_0815600","PY17X_1217100"
"PVP01_0815700","PY17X_1217200"
"PVP01_0815800","PY17X_1217300"
"PVP01_0815900","PY17X_1217400"
"PVP01_0816000","PY17X_1217500"
"PVP01_0816200","PY17X_1217700"
"PVP01_0816300","PY17X_1217800"
"PVP01_0816400","PY17X_1217900"
"PVP01_0816500","PY17X_1218000"
"PVP01_0816600","PY17X_1218100"
"PVP01_0816700","PY17X_1218200"
"PVP01_0816800","PY17X_1218300"
"PVP01_0816900","PY17X_1218400"
"PVP01_0817000","PY17X_1218500"
"PVP01_0817200","PY17X_1218700"
"PVP01_0817300","PY17X_1218800"
"PVP01_0817400","PY17X_1218900"
"PVP01_0817700","PY17X_1219200"
"PVP01_0817800","PY17X_1219300"
"PVP01_0817900","PY17X_1219400"
"PVP01_0818000","PY17X_1219500"
"PVP01_0818100","PY17X_1219600"
"PVP01_0818200","PY17X_1219700"
"PVP01_0818300","PY17X_1219800"
"PVP01_0818600","PY17X_1220100"
"PVP01_0818700","PY17X_1220200"
"PVP01_0818800","PY17X_1220300"
"PVP01_0819000","PY17X_1220500"
"PVP01_0819300","PY17X_1220800"
"PVP01_0819400","PY17X_1220900"
"PVP01_0819500","PY17X_1221000"
"PVP01_0819600","PY17X_1221100"
"PVP01_0819700","PY17X_1221200"
"PVP01_0819800","PY17X_1221300"
"PVP01_0819900","PY17X_1221400"
"PVP01_0820000","PY17X_1221500"
"PVP01_0820100","PY17X_1221600"
"PVP01_0820200","PY17X_1221700"
"PVP01_0820300","PY17X_1221800"
"PVP01_0820400","PY17X_1221900"
"PVP01_0820500","PY17X_1222000"
"PVP01_0820600","PY17X_1222100"
"PVP01_0820700","PY17X_0809000"
"PVP01_0820800","PY17X_0809100"
"PVP01_0820900","PY17X_0809200"
"PVP01_0821000","PY17X_0809300"
"PVP01_0821100","PY17X_0809400"
"PVP01_0821200","PY17X_0809500"
"PVP01_0821300","PY17X_0809600"
"PVP01_0821400","PY17X_0809700"
"PVP01_0821500","PY17X_0809800"
"PVP01_0821600","PY17X_0809900"
"PVP01_0821700","PY17X_0810000"
"PVP01_0821800","PY17X_0810100"
"PVP01_0821900","PY17X_0810200"
"PVP01_0822000","PY17X_0810300"
"PVP01_0822100","PY17X_0810400"
"PVP01_0822200","PY17X_0810500"
"PVP01_0822300","PY17X_0810600"
"PVP01_0822400","PY17X_0810700"
"PVP01_0822500","PY17X_0810800"
"PVP01_0822600","PY17X_0810900"
"PVP01_0822700","PY17X_0811000"
"PVP01_0822900","PY17X_0811200"
"PVP01_0823000","PY17X_0811300"
"PVP01_0823100","PY17X_0811400"
"PVP01_0823200","PY17X_0811500"
"PVP01_0823300","PY17X_0417400"
"PVP01_0823400","PY17X_0417300"
"PVP01_0823500","PY17X_0417200"
"PVP01_0823600","PY17X_0417100"
"PVP01_0823700","PY17X_0417000"
"PVP01_0823800","PY17X_0416900"
"PVP01_0823900","PY17X_0416800"
"PVP01_0824000","PY17X_0416700"
"PVP01_0824200","PY17X_0416500"
"PVP01_0824400","PY17X_0416300"
"PVP01_0824600","PY17X_0416100"
"PVP01_0824700","PY17X_0416000"
"PVP01_0824900","PY17X_0415800"
"PVP01_0825000","PY17X_0415700"
"PVP01_0825100","PY17X_0415600"
"PVP01_0825500","PY17X_0415200"
"PVP01_0825600","PY17X_0415100"
"PVP01_0825700","PY17X_0415000"
"PVP01_0825800","PY17X_0414900"
"PVP01_0825900","PY17X_0414800"
"PVP01_0826000","PY17X_0414700"
"PVP01_0826100","PY17X_0414600"
"PVP01_0826200","PY17X_0414500"
"PVP01_0826300","PY17X_0414400"
"PVP01_0826400","PY17X_0414300"
"PVP01_0826500","PY17X_0414200"
"PVP01_0826600","PY17X_0414100"
"PVP01_0826700","PY17X_0414000"
"PVP01_0826900","PY17X_0413800"
"PVP01_0827000","PY17X_0413700"
"PVP01_0827100","PY17X_0413600"
"PVP01_0827400","PY17X_0413300"
"PVP01_0827700","PY17X_0413000"
"PVP01_0827800","PY17X_0412900"
"PVP01_0827900","PY17X_0412800"
"PVP01_0828000","PY17X_0412700"
"PVP01_0828100","PY17X_0412600"
"PVP01_0828200","PY17X_0412500"
"PVP01_0828300","PY17X_0412400"
"PVP01_0828400","PY17X_0412300"
"PVP01_0828500","PY17X_0412200"
"PVP01_0828600","PY17X_0412100"
"PVP01_0828700","PY17X_0412000"
"PVP01_0828900","PY17X_0411800"
"PVP01_0829000","PY17X_0411700"
"PVP01_0829100","PY17X_0411600"
"PVP01_0829200","PY17X_0411500"
"PVP01_0829300","PY17X_0411400"
"PVP01_0829400","PY17X_0411300"
"PVP01_0829500","PY17X_0411200"
"PVP01_0829600","PY17X_0411100"
"PVP01_0829800","PY17X_0411000"
"PVP01_0829900","PY17X_0410900"
"PVP01_0830100","PY17X_0410700"
"PVP01_0830200","PY17X_0410600"
"PVP01_0830300","PY17X_0410500"
"PVP01_0830400","PY17X_0410400"
"PVP01_0830500","PY17X_0410300"
"PVP01_0830600","PY17X_0410200"
"PVP01_0830700","PY17X_0410100"
"PVP01_0830900","PY17X_0409900"
"PVP01_0831000","PY17X_0409800"
"PVP01_0831100","PY17X_0409700"
"PVP01_0831200","PY17X_0409600"
"PVP01_0831300","PY17X_0409500"
"PVP01_0831400","PY17X_0409400"
"PVP01_0831500","PY17X_0409300"
"PVP01_0831600","PY17X_0409200"
"PVP01_0831700","PY17X_0409100"
"PVP01_0832000","PY17X_0408800"
"PVP01_0832100","PY17X_0408700"
"PVP01_0832200","PY17X_0408600"
"PVP01_0832300","PY17X_0408500"
"PVP01_0832400","PY17X_0408400"
"PVP01_0832500","PY17X_0408300"
"PVP01_0832600","PY17X_0408200"
"PVP01_0832700","PY17X_0408100"
"PVP01_0832800","PY17X_0408000"
"PVP01_0832900","PY17X_0407900"
"PVP01_0833000","PY17X_0407800"
"PVP01_0833100","PY17X_0407700"
"PVP01_0833200","PY17X_0407500"
"PVP01_0833400","PY17X_0407400"
"PVP01_0833500","PY17X_0407300"
"PVP01_0833600","PY17X_0407200"
"PVP01_0833700","PY17X_0407100"
"PVP01_0833800","PY17X_0407000"
"PVP01_0833900","PY17X_0406900"
"PVP01_0834000","PY17X_0406800"
"PVP01_0834200","PY17X_0406600"
"PVP01_0834400","PY17X_0406500"
"PVP01_0834500","PY17X_0406400"
"PVP01_0834600","PY17X_0406300"
"PVP01_0834700","PY17X_0406200"
"PVP01_0834800","PY17X_0406100"
"PVP01_0834900","PY17X_0406000"
"PVP01_0835200","PY17X_0405700"
"PVP01_0835300","PY17X_0405600"
"PVP01_0835400","PY17X_0405500"
"PVP01_0835700","PY17X_0405300"
"PVP01_0835800","PY17X_0405200"
"PVP01_0835900","PY17X_0405100"
"PVP01_0836000","PY17X_0405000"
"PVP01_0836100","PY17X_0404900"
"PVP01_0836200","PY17X_0404800"
"PVP01_0836300","PY17X_0404700"
"PVP01_0836400","PY17X_0404600"
"PVP01_0836500","PY17X_0404500"
"PVP01_0836600","PY17X_0404400"
"PVP01_0836700","PY17X_0404300"
"PVP01_0836800","PY17X_0404200"
"PVP01_0836900","PY17X_0404100"
"PVP01_0837000","PY17X_0404000"
"PVP01_0837100","PY17X_0403900"
"PVP01_0837200","PY17X_0403800"
"PVP01_0837300","PY17X_0403700"
"PVP01_0837400","PY17X_0403600"
"PVP01_0837500","PY17X_0403500"
"PVP01_0837700","PY17X_0403300"
"PVP01_0837800","PY17X_0403200"
"PVP01_0837900","PY17X_0403100"
"PVP01_0903900","PY17X_0946300"
"PVP01_0904200","PY17X_0946000"
"PVP01_0904300","PY17X_0945900"
"PVP01_0904400","PY17X_0945800"
"PVP01_0904500","PY17X_0945700"
"PVP01_0904600","PY17X_0945600"
"PVP01_0904700","PY17X_0945500"
"PVP01_0904800","PY17X_0945400"
"PVP01_0904900","PY17X_0945300"
"PVP01_0905000","PY17X_0945200"
"PVP01_0905100","PY17X_0945100"
"PVP01_0905200","PY17X_0945000"
"PVP01_0905300","PY17X_0944900"
"PVP01_0905400","PY17X_0944800"
"PVP01_0905500","PY17X_0944700"
"PVP01_0905600","PY17X_0944600"
"PVP01_0905700","PY17X_0944500"
"PVP01_0905800","PY17X_0944400"
"PVP01_0905900","PY17X_0944300"
"PVP01_0906000","PY17X_0944200"
"PVP01_0906100","PY17X_0944100"
"PVP01_0906200","PY17X_0944000"
"PVP01_0906300","PY17X_0943900"
"PVP01_0906400","PY17X_0943800"
"PVP01_0906500","PY17X_0943700"
"PVP01_0906600","PY17X_0943600"
"PVP01_0906700","PY17X_0943500"
"PVP01_0906800","PY17X_0943400"
"PVP01_0906900","PY17X_0943300"
"PVP01_0907000","PY17X_0943200"
"PVP01_0907100","PY17X_0943100"
"PVP01_0907200","PY17X_0943000"
"PVP01_0907400","PY17X_0942800"
"PVP01_0907500","PY17X_0942700"
"PVP01_0907700","PY17X_0942500"
"PVP01_0907800","PY17X_0942400"
"PVP01_0907900","PY17X_0942300"
"PVP01_0908000","PY17X_0942200"
"PVP01_0908200","PY17X_0942000"
"PVP01_0908300","PY17X_0941900"
"PVP01_0908400","PY17X_0941800"
"PVP01_0908500","PY17X_0941700"
"PVP01_0908700","PY17X_0941500"
"PVP01_0908800","PY17X_0941400"
"PVP01_0909000","PY17X_0941200"
"PVP01_0909200","PY17X_0941100"
"PVP01_0909300","PY17X_0941000"
"PVP01_0909400","PY17X_0940900"
"PVP01_0909500","PY17X_0940800"
"PVP01_0909600","PY17X_0940700"
"PVP01_0909700","PY17X_0940600"
"PVP01_0909900","PY17X_0940400"
"PVP01_0910000","PY17X_0940300"
"PVP01_0910200","PY17X_0939900"
"PVP01_0910700","PY17X_0939700"
"PVP01_0910800","PY17X_0939600"
"PVP01_0910900","PY17X_0939500"
"PVP01_0911000","PY17X_0939400"
"PVP01_0911100","PY17X_0939300"
"PVP01_0911300","PY17X_0939100"
"PVP01_0911400","PY17X_0939000"
"PVP01_0911500","PY17X_0938900"
"PVP01_0911600","PY17X_0938800"
"PVP01_0911700","PY17X_0938700"
"PVP01_0911800","PY17X_0938600"
"PVP01_0911900","PY17X_0938500"
"PVP01_0912000","PY17X_0938400"
"PVP01_0912100","PY17X_0938300"
"PVP01_0912200","PY17X_0938200"
"PVP01_0912300","PY17X_0938100"
"PVP01_0912400","PY17X_0938000"
"PVP01_0912600","PY17X_0937800"
"PVP01_0912700","PY17X_0937700"
"PVP01_0912800","PY17X_0937600"
"PVP01_0912900","PY17X_0937500"
"PVP01_0913000","PY17X_0937400"
"PVP01_0913100","PY17X_0937300"
"PVP01_0913200","PY17X_0937200"
"PVP01_0913300","PY17X_0937100"
"PVP01_0913400","PY17X_0937000"
"PVP01_0913500","PY17X_0936900"
"PVP01_0913600","PY17X_0936800"
"PVP01_0913700","PY17X_0936700"
"PVP01_0913900","PY17X_0936500"
"PVP01_0914100","PY17X_0936300"
"PVP01_0914200","PY17X_0936200"
"PVP01_0914300","PY17X_0936100"
"PVP01_0914400","PY17X_0936000"
"PVP01_0914500","PY17X_0935900"
"PVP01_0914600","PY17X_0935800"
"PVP01_0914700","PY17X_0935700"
"PVP01_0914800","PY17X_0935600"
"PVP01_0914900","PY17X_0935500"
"PVP01_0915000","PY17X_0935400"
"PVP01_0915100","PY17X_0935300"
"PVP01_0915200","PY17X_0935200"
"PVP01_0915400","PY17X_0935000"
"PVP01_0915500","PY17X_0934900"
"PVP01_0915600","PY17X_0934800"
"PVP01_0915700","PY17X_0934700"
"PVP01_0915800","PY17X_0934600"
"PVP01_0915900","PY17X_0934500"
"PVP01_0916000","PY17X_0934400"
"PVP01_0916100","PY17X_0934400"
"PVP01_0916300","PY17X_0934300"
"PVP01_0916400","PY17X_0934200"
"PVP01_0916500","PY17X_0934100"
"PVP01_0916700","PY17X_0933900"
"PVP01_0916800","PY17X_0933800"
"PVP01_0916900","PY17X_0933700"
"PVP01_0917000","PY17X_0933600"
"PVP01_0917100","PY17X_0933500"
"PVP01_0917200","PY17X_0933400"
"PVP01_0917300","PY17X_0933300"
"PVP01_0917400","PY17X_0933200"
"PVP01_0917500","PY17X_0933100"
"PVP01_0917700","PY17X_0932900"
"PVP01_0917900","PY17X_0932700"
"PVP01_0918000","PY17X_0932600"
"PVP01_0918100","PY17X_0932500"
"PVP01_0918200","PY17X_0932400"
"PVP01_0918300","PY17X_0932300"
"PVP01_0918400","PY17X_0932200"
"PVP01_0918700","PY17X_0932000"
"PVP01_0918800","PY17X_0931900"
"PVP01_0918900","PY17X_0931800"
"PVP01_0919000","PY17X_0931700"
"PVP01_0919100","PY17X_0931600"
"PVP01_0919200","PY17X_0931500"
"PVP01_0919300","PY17X_0931400"
"PVP01_0919400","PY17X_0931300"
"PVP01_0919500","PY17X_0931200"
"PVP01_0919600","PY17X_0931100"
"PVP01_0919700","PY17X_0931000"
"PVP01_0919800","PY17X_0930900"
"PVP01_0919900","PY17X_0930800"
"PVP01_0920000","PY17X_0930700"
"PVP01_0920100","PY17X_0930600"
"PVP01_0920200","PY17X_0930500"
"PVP01_0920600","PY17X_0930200"
"PVP01_0920700","PY17X_0930100"
"PVP01_0920800","PY17X_0930000"
"PVP01_0920900","PY17X_0929900"
"PVP01_0921100","PY17X_0929800"
"PVP01_0921400","PY17X_0929500"
"PVP01_0921500","PY17X_0929400"
"PVP01_0921600","PY17X_0929300"
"PVP01_0921700","PY17X_0929200"
"PVP01_0921800","PY17X_0929100"
"PVP01_0921900","PY17X_0929000"
"PVP01_0922000","PY17X_0928900"
"PVP01_0922100","PY17X_0928800"
"PVP01_0922300","PY17X_0928600"
"PVP01_0922400","PY17X_0928500"
"PVP01_0922500","PY17X_0928400"
"PVP01_0922600","PY17X_0928300"
"PVP01_0922700","PY17X_0928200"
"PVP01_0922800","PY17X_0928100"
"PVP01_0922900","PY17X_0928000"
"PVP01_0923000","PY17X_0927900"
"PVP01_0923100","PY17X_0927800"
"PVP01_0923200","PY17X_0927700"
"PVP01_0923300","PY17X_0927600"
"PVP01_0923400","PY17X_0927500"
"PVP01_0923500","PY17X_0927400"
"PVP01_0923700","PY17X_0927200"
"PVP01_0923800","PY17X_0927100"
"PVP01_0923900","PY17X_0927000"
"PVP01_0924000","PY17X_0926900"
"PVP01_0924100","PY17X_0926800"
"PVP01_0924200","PY17X_0926700"
"PVP01_0924300","PY17X_0926600"
"PVP01_0924400","PY17X_0926500"
"PVP01_0924500","PY17X_0926400"
"PVP01_0924600","PY17X_0926300"
"PVP01_0924700","PY17X_0926200"
"PVP01_0924800","PY17X_0926100"
"PVP01_0924900","PY17X_0926000"
"PVP01_0925000","PY17X_0925900"
"PVP01_0925100","PY17X_0925800"
"PVP01_0925200","PY17X_0925700"
"PVP01_0925300","PY17X_0925600"
"PVP01_0925400","PY17X_0925500"
"PVP01_0925600","PY17X_0925400"
"PVP01_0925700","PY17X_0925300"
"PVP01_0925800","PY17X_0925200"
"PVP01_0925900","PY17X_0925100"
"PVP01_0926000","PY17X_0925000"
"PVP01_0926100","PY17X_0924900"
"PVP01_0926200","PY17X_0924800"
"PVP01_0926300","PY17X_0924700"
"PVP01_0926400","PY17X_0924600"
"PVP01_0926500","PY17X_0924500"
"PVP01_0926600","PY17X_0924400"
"PVP01_0926700","PY17X_0924300"
"PVP01_0926800","PY17X_0924200"
"PVP01_0926900","PY17X_0924100"
"PVP01_0927100","PY17X_1426100"
"PVP01_0927200","PY17X_0923900"
"PVP01_0927300","PY17X_0923800"
"PVP01_0927400","PY17X_0923700"
"PVP01_0927500","PY17X_0923600"
"PVP01_0927600","PY17X_0923500"
"PVP01_0927700","PY17X_0923400"
"PVP01_0927800","PY17X_0923300"
"PVP01_0927900","PY17X_0923200"
"PVP01_0928000","PY17X_0923100"
"PVP01_0928100","PY17X_0923000"
"PVP01_0928200","PY17X_0922900"
"PVP01_0928300","PY17X_0922800"
"PVP01_0928600","PY17X_0922500"
"PVP01_0928700","PY17X_0922400"
"PVP01_0928800","PY17X_0922300"
"PVP01_0928900","PY17X_0922200"
"PVP01_0929000","PY17X_0922100"
"PVP01_0929100","PY17X_0922000"
"PVP01_0929200","PY17X_0921900"
"PVP01_0929300","PY17X_0921800"
"PVP01_0929400","PY17X_0921700"
"PVP01_0929500","PY17X_0921600"
"PVP01_0929600","PY17X_0921500"
"PVP01_0929700","PY17X_0921400"
"PVP01_0929900","PY17X_0920700"
"PVP01_0930000","PY17X_0920600"
"PVP01_0930100","PY17X_0920500"
"PVP01_0930200","PY17X_0920400"
"PVP01_0930300","PY17X_0920300"
"PVP01_0930400","PY17X_0920100"
"PVP01_0930500","PY17X_0920000"
"PVP01_0930600","PY17X_0919900"
"PVP01_0930700","PY17X_0919800"
"PVP01_0930800","PY17X_0919700"
"PVP01_0931200","PY17X_0919400"
"PVP01_0931300","PY17X_0919300"
"PVP01_0931400","PY17X_0919200"
"PVP01_0931500","PY17X_0919100"
"PVP01_0931600","PY17X_0919000"
"PVP01_0931800","PY17X_0918800"
"PVP01_0931900","PY17X_0918700"
"PVP01_0932000","PY17X_0918600"
"PVP01_0932200","PY17X_0918400"
"PVP01_0932300","PY17X_0918300"
"PVP01_0932700","PY17X_0918000"
"PVP01_0932800","PY17X_0917900"
"PVP01_0933000","PY17X_0917700"
"PVP01_0933100","PY17X_0917600"
"PVP01_0933300","PY17X_0917400"
"PVP01_0933400","PY17X_0917300"
"PVP01_0933500","PY17X_0917200"
"PVP01_0933600","PY17X_0917100"
"PVP01_0933700","PY17X_0917000"
"PVP01_0933900","PY17X_0916800"
"PVP01_0934000","PY17X_0916700"
"PVP01_0934100","PY17X_0916600"
"PVP01_0934200","PY17X_0916500"
"PVP01_0934300","PY17X_0916400"
"PVP01_0934400","PY17X_0916300"
"PVP01_0934500","PY17X_0916200"
"PVP01_0934600","PY17X_0916100"
"PVP01_0934700","PY17X_0916000"
"PVP01_0934800","PY17X_0915900"
"PVP01_0934900","PY17X_0915800"
"PVP01_0935000","PY17X_0915700"
"PVP01_0935200","PY17X_0915500"
"PVP01_0935300","PY17X_0915400"
"PVP01_0935500","PY17X_0915300"
"PVP01_0935600","PY17X_0915200"
"PVP01_0935700","PY17X_0915100"
"PVP01_0935800","PY17X_0915000"
"PVP01_0935900","PY17X_0914900"
"PVP01_0936000","PY17X_0914800"
"PVP01_0936100","PY17X_0914700"
"PVP01_0936400","PY17X_0914600"
"PVP01_0936500","PY17X_0914500"
"PVP01_0936600","PY17X_0914400"
"PVP01_0936700","PY17X_0914300"
"PVP01_0936800","PY17X_0914200"
"PVP01_0937200","PY17X_0913800"
"PVP01_0937300","PY17X_0913700"
"PVP01_0937400","PY17X_0913600"
"PVP01_0937600","PY17X_0913400"
"PVP01_0937700","PY17X_0913300"
"PVP01_0937800","PY17X_0913200"
"PVP01_0938000","PY17X_0913000"
"PVP01_0938100","PY17X_0912900"
"PVP01_0938300","PY17X_0912800"
"PVP01_0938400","PY17X_0912700"
"PVP01_0938500","PY17X_0912600"
"PVP01_0938600","PY17X_0912500"
"PVP01_0938700","PY17X_0912400"
"PVP01_0938800","PY17X_0912300"
"PVP01_0938900","PY17X_0912200"
"PVP01_0939100","PY17X_0912000"
"PVP01_0939200","PY17X_0911900"
"PVP01_0939300","PY17X_0911800"
"PVP01_0939350","PY17X_0911750"
"PVP01_0939400","PY17X_0911700"
"PVP01_0939500","PY17X_0911600"
"PVP01_0939600","PY17X_0911500"
"PVP01_0939800","PY17X_0911300"
"PVP01_0939900","PY17X_0911200"
"PVP01_0940000","PY17X_0911100"
"PVP01_0940100","PY17X_0911000"
"PVP01_0940200","PY17X_0910900"
"PVP01_0940400","PY17X_0910700"
"PVP01_0940500","PY17X_0910600"
"PVP01_0940600","PY17X_0910500"
"PVP01_0940800","PY17X_0910300"
"PVP01_0940900","PY17X_0910200"
"PVP01_0941000","PY17X_0910100"
"PVP01_0941100","PY17X_0910000"
"PVP01_0941500","PY17X_0909600"
"PVP01_0941600","PY17X_0909500"
"PVP01_0941900","PY17X_0909200"
"PVP01_0942000","PY17X_0909100"
"PVP01_0942100","PY17X_0909000"
"PVP01_0942200","PY17X_0908900"
"PVP01_0942300","PY17X_0908800"
"PVP01_0942400","PY17X_0908700"
"PVP01_0942500","PY17X_0908600"
"PVP01_0942600","PY17X_0908500"
"PVP01_0942900","PY17X_0908200"
"PVP01_0943000","PY17X_0908100"
"PVP01_0943100","PY17X_0908000"
"PVP01_0943200","PY17X_0907900"
"PVP01_0943300","PY17X_0907800"
"PVP01_0943400","PY17X_0907700"
"PVP01_0943500","PY17X_0907600"
"PVP01_0943600","PY17X_0907500"
"PVP01_0943700","PY17X_0907400"
"PVP01_0943900","PY17X_0907200"
"PVP01_0944000","PY17X_0907100"
"PVP01_0944100","PY17X_0907000"
"PVP01_0944200","PY17X_0906900"
"PVP01_0944300","PY17X_0906800"
"PVP01_0944400","PY17X_0906700"
"PVP01_0944500","PY17X_0906600"
"PVP01_0944600","PY17X_0906500"
"PVP01_0944700","PY17X_0906400"
"PVP01_0944800","PY17X_0906300"
"PVP01_0944900","PY17X_0906200"
"PVP01_0945000","PY17X_0906100"
"PVP01_0945200","PY17X_0905900"
"PVP01_0945300","PY17X_0905800"
"PVP01_0945400","PY17X_0905700"
"PVP01_0945600","PY17X_0905500"
"PVP01_0945800","PY17X_0905300"
"PVP01_0945900","PY17X_0905200"
"PVP01_0946000","PY17X_0905100"
"PVP01_0946100","PY17X_0905000"
"PVP01_0946200","PY17X_0904900"
"PVP01_0946300","PY17X_0904800"
"PVP01_0946400","PY17X_0904700"
"PVP01_0946600","PY17X_0904500"
"PVP01_0946700","PY17X_0904400"
"PVP01_0946800","PY17X_0904300"
"PVP01_0946900","PY17X_0904200"
"PVP01_0947100","PY17X_0904000"
"PVP01_0947200","PY17X_0903900"
"PVP01_0947300","PY17X_0903800"
"PVP01_0947500","PY17X_0903600"
"PVP01_0947700","PY17X_0903400"
"PVP01_0947800","PY17X_0903300"
"PVP01_0947900","PY17X_0903200"
"PVP01_0948000","PY17X_0903100"
"PVP01_0948100","PY17X_0903000"
"PVP01_0948200","PY17X_0902900"
"PVP01_0948300","PY17X_0902800"
"PVP01_0948400","PY17X_0902700"
"PVP01_0948400","PY17X_0902700"
"PVP01_0948500","PY17X_0902600"
"PVP01_0948600","PY17X_0902500"
"PVP01_1002400","PY17X_1249300"
"PVP01_1002500","PY17X_1249200"
"PVP01_1002600","PY17X_1249100"
"PVP01_1002700","PY17X_1249000"
"PVP01_1002800","PY17X_1248900"
"PVP01_1002900","PY17X_1248800"
"PVP01_1003000","PY17X_1248700"
"PVP01_1003100","PY17X_1248650"
"PVP01_1003200","PY17X_1248600"
"PVP01_1003300","PY17X_1248500"
"PVP01_1003400","PY17X_1248400"
"PVP01_1003500","PY17X_1248300"
"PVP01_1003700","PY17X_1248100"
"PVP01_1003800","PY17X_1248000"
"PVP01_1004000","PY17X_1247800"
"PVP01_1004100","PY17X_1247700"
"PVP01_1004200","PY17X_1247600"
"PVP01_1004400","PY17X_1247400"
"PVP01_1004500","PY17X_1247300"
"PVP01_1004600","PY17X_1247200"
"PVP01_1004700","PY17X_1247100"
"PVP01_1004800","PY17X_1247000"
"PVP01_1004900","PY17X_1246900"
"PVP01_1005000","PY17X_1246800"
"PVP01_1005100","PY17X_1246700"
"PVP01_1005200","PY17X_1246600"
"PVP01_1005300","PY17X_1246500"
"PVP01_1005400","PY17X_1246400"
"PVP01_1005500","PY17X_1246300"
"PVP01_1005600","PY17X_1246200"
"PVP01_1005700","PY17X_1246100"
"PVP01_1005800","PY17X_1246000"
"PVP01_1005900","PY17X_1245900"
"PVP01_1006200","PY17X_1245600"
"PVP01_1006300","PY17X_1245500"
"PVP01_1006500","PY17X_1245300"
"PVP01_1006600","PY17X_1245200"
"PVP01_1006700","PY17X_1245100"
"PVP01_1006800","PY17X_1245000"
"PVP01_1006900","PY17X_1244900"
"PVP01_1007000","PY17X_1244800"
"PVP01_1007100","PY17X_1244700"
"PVP01_1007250","PY17X_1244600"
"PVP01_1007300","PY17X_1244500"
"PVP01_1007400","PY17X_1244400"
"PVP01_1007500","PY17X_1244300"
"PVP01_1007600","PY17X_1244200"
"PVP01_1007700","PY17X_1244100"
"PVP01_1007800","PY17X_1244000"
"PVP01_1007900","PY17X_1243900"
"PVP01_1008000","PY17X_1243800"
"PVP01_1008100","PY17X_1243700"
"PVP01_1008200","PY17X_1243600"
"PVP01_1008300","PY17X_1243500"
"PVP01_1008400","PY17X_1243400"
"PVP01_1008600","PY17X_1243200"
"PVP01_1008700","PY17X_1243100"
"PVP01_1008800","PY17X_1243000"
"PVP01_1008900","PY17X_1242900"
"PVP01_1009100","PY17X_1242800"
"PVP01_1009200","PY17X_1242700"
"PVP01_1009300","PY17X_1242600"
"PVP01_1009400","PY17X_1242500"
"PVP01_1009500","PY17X_1242400"
"PVP01_1009600","PY17X_1242300"
"PVP01_1009700","PY17X_1242200"
"PVP01_1009900","PY17X_1242000"
"PVP01_1010000","PY17X_1241900"
"PVP01_1010100","PY17X_1241800"
"PVP01_1010200","PY17X_1241700"
"PVP01_1010300","PY17X_1241600"
"PVP01_1010400","PY17X_1241500"
"PVP01_1010500","PY17X_1241400"
"PVP01_1010600","PY17X_1241300"
"PVP01_1010700","PY17X_1241200"
"PVP01_1010800","PY17X_1241100"
"PVP01_1010900","PY17X_1241000"
"PVP01_1011000","PY17X_1240900"
"PVP01_1011100","PY17X_1240800"
"PVP01_1011200","PY17X_1240700"
"PVP01_1011300","PY17X_1240600"
"PVP01_1011400","PY17X_1240500"
"PVP01_1011600","PY17X_1240300"
"PVP01_1011700","PY17X_1240200"
"PVP01_1011800","PY17X_1240100"
"PVP01_1011900","PY17X_1240000"
"PVP01_1012100","PY17X_1239800"
"PVP01_1012200","PY17X_1239700"
"PVP01_1012300","PY17X_1239600"
"PVP01_1012400","PY17X_1239500"
"PVP01_1012500","PY17X_1239400"
"PVP01_1012700","PY17X_1239200"
"PVP01_1012800","PY17X_1239100"
"PVP01_1013000","PY17X_1239000"
"PVP01_1013100","PY17X_1238900"
"PVP01_1013300","PY17X_1238700"
"PVP01_1013500","PY17X_1238600"
"PVP01_1013600","PY17X_1238500"
"PVP01_1013700","PY17X_1238400"
"PVP01_1013800","PY17X_1238300"
"PVP01_1013900","PY17X_1238200"
"PVP01_1014000","PY17X_1238100"
"PVP01_1014100","PY17X_1238000"
"PVP01_1014200","PY17X_1237900"
"PVP01_1014300","PY17X_1237800"
"PVP01_1014400","PY17X_1237700"
"PVP01_1014500","PY17X_1237600"
"PVP01_1014600","PY17X_1237500"
"PVP01_1014700","PY17X_1237400"
"PVP01_1014800","PY17X_1237300"
"PVP01_1014900","PY17X_1237200"
"PVP01_1015000","PY17X_1237100"
"PVP01_1015100","PY17X_1237000"
"PVP01_1015200","PY17X_1236900"
"PVP01_1015300","PY17X_1236800"
"PVP01_1015400","PY17X_1236700"
"PVP01_1015500","PY17X_1236600"
"PVP01_1015600","PY17X_1236500"
"PVP01_1015700","PY17X_1236400"
"PVP01_1015800","PY17X_1236300"
"PVP01_1015900","PY17X_1236200"
"PVP01_1016000","PY17X_1236100"
"PVP01_1016200","PY17X_1236000"
"PVP01_1016300","PY17X_1235900"
"PVP01_1016400","PY17X_1235800"
"PVP01_1016500","PY17X_1235700"
"PVP01_1016600","PY17X_1235600"
"PVP01_1016700","PY17X_1235500"
"PVP01_1016800","PY17X_1235400"
"PVP01_1016900","PY17X_1235300"
"PVP01_1017000","PY17X_1235200"
"PVP01_1017100","PY17X_1235100"
"PVP01_1017200","PY17X_1235000"
"PVP01_1017300","PY17X_1234900"
"PVP01_1017400","PY17X_1234800"
"PVP01_1017500","PY17X_1234700"
"PVP01_1017600","PY17X_1234600"
"PVP01_1017700","PY17X_1234500"
"PVP01_1017800","PY17X_1234400"
"PVP01_1017900","PY17X_1234300"
"PVP01_1018000","PY17X_1116700"
"PVP01_1018100","PY17X_1116600"
"PVP01_1018200","PY17X_1116500"
"PVP01_1018300","PY17X_1116400"
"PVP01_1018400","PY17X_1116300"
"PVP01_1018500","PY17X_1116200"
"PVP01_1018600","PY17X_1116100"
"PVP01_1018700","PY17X_1116000"
"PVP01_1018900","PY17X_1115800"
"PVP01_1019000","PY17X_1115700"
"PVP01_1019200","PY17X_1115500"
"PVP01_1019300","PY17X_1115400"
"PVP01_1019400","PY17X_1115300"
"PVP01_1019600","PY17X_1115100"
"PVP01_1019700","PY17X_1115000"
"PVP01_1019800","PY17X_1114900"
"PVP01_1019900","PY17X_1114800"
"PVP01_1020000","PY17X_1114700"
"PVP01_1020100","PY17X_1114600"
"PVP01_1020200","PY17X_1114500"
"PVP01_1020300","PY17X_1114400"
"PVP01_1020400","PY17X_1114300"
"PVP01_1020500","PY17X_1114200"
"PVP01_1020600","PY17X_1114100"
"PVP01_1020700","PY17X_1114000"
"PVP01_1020800","PY17X_1113900"
"PVP01_1020900","PY17X_1113800"
"PVP01_1021000","PY17X_1113700"
"PVP01_1021100","PY17X_1113600"
"PVP01_1021200","PY17X_1113500"
"PVP01_1021300","PY17X_1113400"
"PVP01_1021500","PY17X_1113200"
"PVP01_1021600","PY17X_1113100"
"PVP01_1021700","PY17X_1113000"
"PVP01_1021800","PY17X_1112900"
"PVP01_1021900","PY17X_1112800"
"PVP01_1022000","PY17X_1112700"
"PVP01_1022100","PY17X_1112600"
"PVP01_1022200","PY17X_1112500"
"PVP01_1022300","PY17X_1112400"
"PVP01_1022700","PY17X_1112000"
"PVP01_1022800","PY17X_1111900"
"PVP01_1022900","PY17X_1111800"
"PVP01_1023000","PY17X_1111700"
"PVP01_1023200","PY17X_1111500"
"PVP01_1023300","PY17X_1111400"
"PVP01_1023500","PY17X_1111200"
"PVP01_1023600","PY17X_1111100"
"PVP01_1023700","PY17X_1111000"
"PVP01_1023800","PY17X_1110900"
"PVP01_1023900","PY17X_1110800"
"PVP01_1024000","PY17X_1110700"
"PVP01_1024100","PY17X_1110600"
"PVP01_1024200","PY17X_1110500"
"PVP01_1024400","PY17X_1110300"
"PVP01_1024500","PY17X_1110200"
"PVP01_1024600","PY17X_1110100"
"PVP01_1024800","PY17X_1109900"
"PVP01_1024900","PY17X_1109800"
"PVP01_1025000","PY17X_1109700"
"PVP01_1025200","PY17X_1109500"
"PVP01_1025300","PY17X_1109400"
"PVP01_1025400","PY17X_1109300"
"PVP01_1025500","PY17X_1109200"
"PVP01_1025600","PY17X_1109100"
"PVP01_1025700","PY17X_1109000"
"PVP01_1025800","PY17X_1108900"
"PVP01_1025900","PY17X_1108800"
"PVP01_1026000","PY17X_1108700"
"PVP01_1026100","PY17X_1108600"
"PVP01_1026200","PY17X_1108500"
"PVP01_1026300","PY17X_1108400"
"PVP01_1026400","PY17X_1108300"
"PVP01_1026500","PY17X_1108200"
"PVP01_1026600","PY17X_1108100"
"PVP01_1026800","PY17X_1107900"
"PVP01_1026900","PY17X_1107800"
"PVP01_1027000","PY17X_1107700"
"PVP01_1027100","PY17X_1107600"
"PVP01_1027200","PY17X_1107500"
"PVP01_1027300","PY17X_1107400"
"PVP01_1027400","PY17X_1107300"
"PVP01_1027600","PY17X_1107100"
"PVP01_1027700","PY17X_1107000"
"PVP01_1027800","PY17X_1106900"
"PVP01_1027900","PY17X_1106800"
"PVP01_1028000","PY17X_1106700"
"PVP01_1028100","PY17X_1106600"
"PVP01_1028200","PY17X_1106500"
"PVP01_1028300","PY17X_1106400"
"PVP01_1028400","PY17X_1106300"
"PVP01_1028500","PY17X_1106200"
"PVP01_1028600","PY17X_1106100"
"PVP01_1028700","PY17X_1106000"
"PVP01_1028800","PY17X_1105900"
"PVP01_1029000","PY17X_1105700"
"PVP01_1029100","PY17X_1105600"
"PVP01_1029200","PY17X_1105500"
"PVP01_1029400","PY17X_1105300"
"PVP01_1029500","PY17X_1105200"
"PVP01_1029600","PY17X_1105100"
"PVP01_1029700","PY17X_1105000"
"PVP01_1029800","PY17X_1104900"
"PVP01_1029900","PY17X_1104800"
"PVP01_1030000","PY17X_1104700"
"PVP01_1030100","PY17X_1104600"
"PVP01_1030200","PY17X_1104500"
"PVP01_1030300","PY17X_1104400"
"PVP01_1030400","PY17X_1104300"
"PVP01_1030500","PY17X_1104200"
"PVP01_1030600","PY17X_1104100"
"PVP01_1031800","PY17X_1104000"
"PVP01_1031900","PY17X_1103900"
"PVP01_1032000","PY17X_1103800"
"PVP01_1032100","PY17X_1103700"
"PVP01_1032200","PY17X_1103600"
"PVP01_1032300","PY17X_1103500"
"PVP01_1032400","PY17X_1103400"
"PVP01_1032600","PY17X_1103300"
"PVP01_1032800","PY17X_1103100"
"PVP01_1032900","PY17X_1103000"
"PVP01_1033000","PY17X_1102900"
"PVP01_1033100","PY17X_1102800"
"PVP01_1033200","PY17X_1102700"
"PVP01_1033300","PY17X_1102600"
"PVP01_1102300","PY17X_1147000"
"PVP01_1102400","PY17X_1146900"
"PVP01_1102600","PY17X_1146600"
"PVP01_1102700","PY17X_1146500"
"PVP01_1103000","PY17X_1146200"
"PVP01_1103100","PY17X_1146100"
"PVP01_1103200","PY17X_1146000"
"PVP01_1103300","PY17X_1145900"
"PVP01_1103400","PY17X_1145800"
"PVP01_1103500","PY17X_1145700"
"PVP01_1103600","PY17X_1145600"
"PVP01_1103700","PY17X_1145500"
"PVP01_1103800","PY17X_1145400"
"PVP01_1103900","PY17X_1145300"
"PVP01_1104000","PY17X_1145200"
"PVP01_1104100","PY17X_1145100"
"PVP01_1104300","PY17X_1144900"
"PVP01_1104400","PY17X_1144800"
"PVP01_1104500","PY17X_1144700"
"PVP01_1104600","PY17X_1144600"
"PVP01_1104700","PY17X_1144500"
"PVP01_1104800","PY17X_1144400"
"PVP01_1104900","PY17X_1144300"
"PVP01_1105000","PY17X_1144200"
"PVP01_1105200","PY17X_1144000"
"PVP01_1105300","PY17X_1143900"
"PVP01_1105400","PY17X_1143800"
"PVP01_1105500","PY17X_1143700"
"PVP01_1105700","PY17X_1143500"
"PVP01_1105800","PY17X_1143400"
"PVP01_1105900","PY17X_1143300"
"PVP01_1106000","PY17X_1143200"
"PVP01_1106100","PY17X_1143100"
"PVP01_1106200","PY17X_1143000"
"PVP01_1106300","PY17X_1142900"
"PVP01_1106400","PY17X_1142800"
"PVP01_1106500","PY17X_1142700"
"PVP01_1106600","PY17X_1142600"
"PVP01_1106800","PY17X_1142400"
"PVP01_1106900","PY17X_1142300"
"PVP01_1107000","PY17X_1142200"
"PVP01_1107100","PY17X_1142100"
"PVP01_1107200","PY17X_1142000"
"PVP01_1107400","PY17X_1141900"
"PVP01_1107500","PY17X_1141800"
"PVP01_1107700","PY17X_1141600"
"PVP01_1108000","PY17X_1141400"
"PVP01_1108100","PY17X_1141300"
"PVP01_1108200","PY17X_1141200"
"PVP01_1108300","PY17X_1141100"
"PVP01_1108400","PY17X_1141000"
"PVP01_1108500","PY17X_1140900"
"PVP01_1108600","PY17X_1140800"
"PVP01_1108700","PY17X_1140700"
"PVP01_1108800","PY17X_1140600"
"PVP01_1108900","PY17X_1140500"
"PVP01_1109000","PY17X_1140400"
"PVP01_1109200","PY17X_1140200"
"PVP01_1109400","PY17X_1140000"
"PVP01_1109500","PY17X_1139900"
"PVP01_1109600","PY17X_1139800"
"PVP01_1109700","PY17X_1139700"
"PVP01_1109800","PY17X_1139600"
"PVP01_1109900","PY17X_1139500"
"PVP01_1110000","PY17X_1139400"
"PVP01_1110100","PY17X_1139300"
"PVP01_1110200","PY17X_1139200"
"PVP01_1110300","PY17X_1139100"
"PVP01_1110400","PY17X_1139000"
"PVP01_1110600","PY17X_1138900"
"PVP01_1110700","PY17X_1138800"
"PVP01_1110900","PY17X_1138600"
"PVP01_1111000","PY17X_1138500"
"PVP01_1111200","PY17X_1138400"
"PVP01_1111300","PY17X_1138300"
"PVP01_1111400","PY17X_1138200"
"PVP01_1111500","PY17X_1138100"
"PVP01_1111600","PY17X_1138000"
"PVP01_1111700","PY17X_1137900"
"PVP01_1111800","PY17X_1137800"
"PVP01_1111900","PY17X_1137700"
"PVP01_1112000","PY17X_1137600"
"PVP01_1112100","PY17X_1137500"
"PVP01_1112200","PY17X_1137400"
"PVP01_1112500","PY17X_1137200"
"PVP01_1112600","PY17X_1137100"
"PVP01_1112700","PY17X_1137000"
"PVP01_1112800","PY17X_1136900"
"PVP01_1112900","PY17X_1136800"
"PVP01_1113000","PY17X_1136700"
"PVP01_1113100","PY17X_1136600"
"PVP01_1113200","PY17X_1136500"
"PVP01_1113300","PY17X_1136400"
"PVP01_1113400","PY17X_1136300"
"PVP01_1113500","PY17X_1136200"
"PVP01_1113600","PY17X_1136100"
"PVP01_1113800","PY17X_1135900"
"PVP01_1113900","PY17X_1135800"
"PVP01_1114000","PY17X_1135700"
"PVP01_1114100","PY17X_1135600"
"PVP01_1114200","PY17X_1135500"
"PVP01_1114300","PY17X_1135400"
"PVP01_1114400","PY17X_1135300"
"PVP01_1114600","PY17X_1135100"
"PVP01_1114700","PY17X_1135000"
"PVP01_1114800","PY17X_1134900"
"PVP01_1114900","PY17X_1134800"
"PVP01_1115000","PY17X_1134700"
"PVP01_1115100","PY17X_1134600"
"PVP01_1115200","PY17X_1134500"
"PVP01_1115300","PY17X_1134400"
"PVP01_1115400","PY17X_1134300"
"PVP01_1115500","PY17X_1134200"
"PVP01_1115600","PY17X_1134100"
"PVP01_1115700","PY17X_1134000"
"PVP01_1116000","PY17X_1133700"
"PVP01_1116100","PY17X_1133600"
"PVP01_1116200","PY17X_1133500"
"PVP01_1116400","PY17X_1133400"
"PVP01_1116600","PY17X_1133200"
"PVP01_1116700","PY17X_1133100"
"PVP01_1116800","PY17X_1133000"
"PVP01_1116900","PY17X_1132900"
"PVP01_1117000","PY17X_1132800"
"PVP01_1117200","PY17X_1132600"
"PVP01_1117300","PY17X_1132500"
"PVP01_1117400","PY17X_1132400"
"PVP01_1117500","PY17X_1132300"
"PVP01_1117600","PY17X_1132200"
"PVP01_1117800","PY17X_1131900"
"PVP01_1117900","PY17X_1131800"
"PVP01_1118000","PY17X_1131700"
"PVP01_1118100","PY17X_1131600"
"PVP01_1118200","PY17X_1131500"
"PVP01_1118300","PY17X_1131400"
"PVP01_1118500","PY17X_1131200"
"PVP01_1118600","PY17X_1131100"
"PVP01_1118700","PY17X_1131000"
"PVP01_1118800","PY17X_1130900"
"PVP01_1118900","PY17X_1130800"
"PVP01_1119000","PY17X_0062300"
"PVP01_1119100","PY17X_1130700"
"PVP01_1119200","PY17X_1130600"
"PVP01_1119300","PY17X_1130500"
"PVP01_1119500","PY17X_1130300"
"PVP01_1119600","PY17X_1130200"
"PVP01_1119700","PY17X_1130100"
"PVP01_1119900","PY17X_1129900"
"PVP01_1120000","PY17X_1129800"
"PVP01_1120100","PY17X_1129700"
"PVP01_1120200","PY17X_1129600"
"PVP01_1120300","PY17X_1129300"
"PVP01_1120400","PY17X_1129200"
"PVP01_1120500","PY17X_1129100"
"PVP01_1120700","PY17X_1129000"
"PVP01_1120800","PY17X_1128900"
"PVP01_1120900","PY17X_1128800"
"PVP01_1121000","PY17X_1128700"
"PVP01_1121100","PY17X_1128600"
"PVP01_1121200","PY17X_1128500"
"PVP01_1121300","PY17X_1128400"
"PVP01_1121400","PY17X_1128300"
"PVP01_1121500","PY17X_1128200"
"PVP01_1121600","PY17X_1128100"
"PVP01_1121700","PY17X_1128000"
"PVP01_1121800","PY17X_1127900"
"PVP01_1122000","PY17X_1127700"
"PVP01_1122100","PY17X_1127600"
"PVP01_1122200","PY17X_1127500"
"PVP01_1122400","PY17X_1127400"
"PVP01_1122500","PY17X_1127300"
"PVP01_1122600","PY17X_1127200"
"PVP01_1122700","PY17X_1127000"
"PVP01_1122800","PY17X_1126900"
"PVP01_1122900","PY17X_1126800"
"PVP01_1123000","PY17X_1126700"
"PVP01_1123100","PY17X_1126600"
"PVP01_1123200","PY17X_1126500"
"PVP01_1123300","PY17X_1126400"
"PVP01_1123400","PY17X_1126300"
"PVP01_1123500","PY17X_1126200"
"PVP01_1123800","PY17X_1126000"
"PVP01_1123900","PY17X_1125900"
"PVP01_1124000","PY17X_1125800"
"PVP01_1124200","PY17X_1125600"
"PVP01_1124400","PY17X_1125400"
"PVP01_1124500","PY17X_1125300"
"PVP01_1124600","PY17X_1125200"
"PVP01_1124700","PY17X_1125100"
"PVP01_1124800","PY17X_1125000"
"PVP01_1124900","PY17X_1124900"
"PVP01_1125000","PY17X_1124800"
"PVP01_1125100","PY17X_1124700"
"PVP01_1125200","PY17X_1124600"
"PVP01_1125300","PY17X_1124500"
"PVP01_1125400","PY17X_1124400"
"PVP01_1125500","PY17X_1124300"
"PVP01_1125600","PY17X_1124200"
"PVP01_1125700","PY17X_1124100"
"PVP01_1125800","PY17X_1124000"
"PVP01_1125900","PY17X_1123900"
"PVP01_1126000","PY17X_1123800"
"PVP01_1126100","PY17X_1123700"
"PVP01_1126200","PY17X_1123600"
"PVP01_1126300","PY17X_1123500"
"PVP01_1126400","PY17X_1123400"
"PVP01_1126500","PY17X_1123300"
"PVP01_1126700","PY17X_1123100"
"PVP01_1126800","PY17X_1123000"
"PVP01_1126900","PY17X_1122900"
"PVP01_1127000","PY17X_1122800"
"PVP01_1127100","PY17X_1122700"
"PVP01_1127200","PY17X_1122600"
"PVP01_1127300","PY17X_1122500"
"PVP01_1127500","PY17X_1122300"
"PVP01_1127600","PY17X_1122200"
"PVP01_1127700","PY17X_1122100"
"PVP01_1127800","PY17X_1122000"
"PVP01_1128000","PY17X_1121800"
"PVP01_1128100","PY17X_1121700"
"PVP01_1128200","PY17X_1121600"
"PVP01_1128300","PY17X_1121500"
"PVP01_1128400","PY17X_1121400"
"PVP01_1128500","PY17X_1121300"
"PVP01_1128800","PY17X_1121000"
"PVP01_1128900","PY17X_1120900"
"PVP01_1129000","PY17X_1120800"
"PVP01_1129200","PY17X_1120600"
"PVP01_1129300","PY17X_1120500"
"PVP01_1129400","PY17X_1120400"
"PVP01_1129600","PY17X_1120200"
"PVP01_1129800","PY17X_1120000"
"PVP01_1129900","PY17X_1119900"
"PVP01_1130000","PY17X_1119800"
"PVP01_1130100","PY17X_1119700"
"PVP01_1130300","PY17X_1119500"
"PVP01_1130400","PY17X_1119400"
"PVP01_1130500","PY17X_1119300"
"PVP01_1130600","PY17X_1119200"
"PVP01_1130700","PY17X_1119100"
"PVP01_1130800","PY17X_1119000"
"PVP01_1130900","PY17X_1118900"
"PVP01_1131000","PY17X_1118800"
"PVP01_1131100","PY17X_1118700"
"PVP01_1131200","PY17X_1118600"
"PVP01_1131300","PY17X_1118500"
"PVP01_1131400","PY17X_1118400"
"PVP01_1131500","PY17X_1118300"
"PVP01_1131600","PY17X_1118200"
"PVP01_1131700","PY17X_1118100"
"PVP01_1131800","PY17X_1118000"
"PVP01_1131900","PY17X_1117900"
"PVP01_1132000","PY17X_1117800"
"PVP01_1132100","PY17X_1117700"
"PVP01_1132300","PY17X_1117500"
"PVP01_1132400","PY17X_1117400"
"PVP01_1132500","PY17X_1117300"
"PVP01_1132600","PY17X_1117200"
"PVP01_1132700","PY17X_1117100"
"PVP01_1132800","PY17X_1117000"
"PVP01_1132900","PY17X_1116900"
"PVP01_1133000","PY17X_1116800"
"PVP01_1133100","PY17X_1234200"
"PVP01_1133300","PY17X_1234000"
"PVP01_1133400","PY17X_1233900"
"PVP01_1133500","PY17X_1233800"
"PVP01_1133600","PY17X_1233700"
"PVP01_1133800","PY17X_1233500"
"PVP01_1133900","PY17X_1233400"
"PVP01_1134000","PY17X_1233300"
"PVP01_1134100","PY17X_1233200"
"PVP01_1134200","PY17X_1233100"
"PVP01_1134300","PY17X_1233000"
"PVP01_1134400","PY17X_1232900"
"PVP01_1134500","PY17X_1232800"
"PVP01_1134600","PY17X_1232700"
"PVP01_1134700","PY17X_1232600"
"PVP01_1134800","PY17X_0114100"
"PVP01_1134900","PY17X_0114000"
"PVP01_1135000","PY17X_0113900"
"PVP01_1135300","PY17X_0113700"
"PVP01_1135400","PY17X_0113600"
"PVP01_1135600","PY17X_0113400"
"PVP01_1135700","PY17X_0113300"
"PVP01_1135800","PY17X_0113200"
"PVP01_1135900","PY17X_0113100"
"PVP01_1136000","PY17X_0113000"
"PVP01_1136100","PY17X_0112900"
"PVP01_1136200","PY17X_0112800"
"PVP01_1136300","PY17X_0112700"
"PVP01_1136400","PY17X_0112600"
"PVP01_1136500","PY17X_0112500"
"PVP01_1136600","PY17X_0112400"
"PVP01_1136700","PY17X_0112300"
"PVP01_1136800","PY17X_0112200"
"PVP01_1137000","PY17X_0112000"
"PVP01_1137100","PY17X_0111900"
"PVP01_1137200","PY17X_0111800"
"PVP01_1137500","PY17X_0111600"
"PVP01_1137700","PY17X_0111400"
"PVP01_1137800","PY17X_0111300"
"PVP01_1137900","PY17X_0111200"
"PVP01_1138000","PY17X_0111100"
"PVP01_1138100","PY17X_0111000"
"PVP01_1138200","PY17X_0110900"
"PVP01_1138300","PY17X_0110800"
"PVP01_1138400","PY17X_0110700"
"PVP01_1138500","PY17X_0110600"
"PVP01_1138600","PY17X_0110500"
"PVP01_1138700","PY17X_0110400"
"PVP01_1138900","PY17X_0110200"
"PVP01_1139000","PY17X_0110100"
"PVP01_1139100","PY17X_0110000"
"PVP01_1139200","PY17X_0109900"
"PVP01_1139300","PY17X_0109800"
"PVP01_1139400","PY17X_0109700"
"PVP01_1139500","PY17X_0109600"
"PVP01_1139700","PY17X_0109400"
"PVP01_1139800","PY17X_0109300"
"PVP01_1140100","PY17X_0109000"
"PVP01_1140200","PY17X_0108900"
"PVP01_1140400","PY17X_0108700"
"PVP01_1140500","PY17X_0108600"
"PVP01_1140600","PY17X_0108500"
"PVP01_1140700","PY17X_0108400"
"PVP01_1140800","PY17X_0108300"
"PVP01_1140900","PY17X_0108200"
"PVP01_1141000","PY17X_0108100"
"PVP01_1141100","PY17X_0108000"
"PVP01_1141200","PY17X_0107900"
"PVP01_1141300","PY17X_0107800"
"PVP01_1141400","PY17X_0107700"
"PVP01_1141500","PY17X_0107600"
"PVP01_1141600","PY17X_0107500"
"PVP01_1141700","PY17X_0107400"
"PVP01_1141800","PY17X_0107300"
"PVP01_1141900","PY17X_0107200"
"PVP01_1142000","PY17X_0107100"
"PVP01_1142100","PY17X_0107000"
"PVP01_1142200","PY17X_0106900"
"PVP01_1142400","PY17X_0106700"
"PVP01_1142500","PY17X_0106600"
"PVP01_1142700","PY17X_0106500"
"PVP01_1142800","PY17X_0106400"
"PVP01_1142900","PY17X_0106300"
"PVP01_1143000","PY17X_0106200"
"PVP01_1143100","PY17X_0106100"
"PVP01_1143200","PY17X_0106000"
"PVP01_1143300","PY17X_0105900"
"PVP01_1143400","PY17X_0105800"
"PVP01_1143500","PY17X_0105700"
"PVP01_1143600","PY17X_0105600"
"PVP01_1143700","PY17X_0105500"
"PVP01_1143800","PY17X_0105400"
"PVP01_1143900","PY17X_0105300"
"PVP01_1144000","PY17X_0105200"
"PVP01_1144100","PY17X_0105100"
"PVP01_1144200","PY17X_0105000"
"PVP01_1144500","PY17X_0104800"
"PVP01_1144600","PY17X_0104700"
"PVP01_1144700","PY17X_0104600"
"PVP01_1145000","PY17X_0104300"
"PVP01_1145100","PY17X_0104200"
"PVP01_1145200","PY17X_0104100"
"PVP01_1145400","PY17X_0103900"
"PVP01_1145500","PY17X_0103800"
"PVP01_1145600","PY17X_0103700"
"PVP01_1145700","PY17X_0103600"
"PVP01_1146000","PY17X_0103300"
"PVP01_1146100","PY17X_0103200"
"PVP01_1146200","PY17X_0103100"
"PVP01_1146300","PY17X_0103000"
"PVP01_1146400","PY17X_0102900"
"PVP01_1146500","PY17X_0102800"
"PVP01_1146600","PY17X_0102700"
"PVP01_1146700","PY17X_0102600"
"PVP01_1146800","PY17X_0102500"
"PVP01_1146900","PY17X_0102400"
"PVP01_1147700","PY17X_0102100"
"PVP01_1202000","PY17X_1371200"
"PVP01_1202100","PY17X_1371100"
"PVP01_1202300","PY17X_1371000"
"PVP01_1202400","PY17X_1370900"
"PVP01_1202500","PY17X_1370800"
"PVP01_1202600","PY17X_1370700"
"PVP01_1202700","PY17X_1370600"
"PVP01_1202800","PY17X_1370500"
"PVP01_1203000","PY17X_1370300"
"PVP01_1203200","PY17X_1370100"
"PVP01_1203300","PY17X_1369900"
"PVP01_1203500","PY17X_1369800"
"PVP01_1203600","PY17X_1369700"
"PVP01_1203700","PY17X_1369600"
"PVP01_1203900","PY17X_1369400"
"PVP01_1204000","PY17X_1369300"
"PVP01_1204100","PY17X_1369200"
"PVP01_1204200","PY17X_1369100"
"PVP01_1204300","PY17X_1369000"
"PVP01_1204400","PY17X_1368900"
"PVP01_1204500","PY17X_1368800"
"PVP01_1204600","PY17X_1368700"
"PVP01_1204700","PY17X_1368600"
"PVP01_1204800","PY17X_1368500"
"PVP01_1204900","PY17X_1368400"
"PVP01_1205000","PY17X_1368300"
"PVP01_1205100","PY17X_1368200"
"PVP01_1205200","PY17X_1368100"
"PVP01_1205300","PY17X_1368000"
"PVP01_1205400","PY17X_1367900"
"PVP01_1205500","PY17X_1367800"
"PVP01_1205600","PY17X_1367700"
"PVP01_1205700","PY17X_1367600"
"PVP01_1205800","PY17X_1367500"
"PVP01_1205900","PY17X_1367400"
"PVP01_1206000","PY17X_1367300"
"PVP01_1206100","PY17X_1367200"
"PVP01_1206200","PY17X_1367100"
"PVP01_1206300","PY17X_1367000"
"PVP01_1206500","PY17X_1366800"
"PVP01_1206600","PY17X_1366700"
"PVP01_1206700","PY17X_1366600"
"PVP01_1206800","PY17X_1366500"
"PVP01_1207000","PY17X_1366300"
"PVP01_1207100","PY17X_1366200"
"PVP01_1207200","PY17X_1366100"
"PVP01_1207300","PY17X_1366000"
"PVP01_1207400","PY17X_1365900"
"PVP01_1207600","PY17X_1365800"
"PVP01_1207700","PY17X_1365700"
"PVP01_1207800","PY17X_1365600"
"PVP01_1208000","PY17X_1365400"
"PVP01_1208100","PY17X_1365300"
"PVP01_1208200","PY17X_1365200"
"PVP01_1208300","PY17X_1365100"
"PVP01_1208400","PY17X_1365000"
"PVP01_1208500","PY17X_1364900"
"PVP01_1208600","PY17X_1364800"
"PVP01_1208700","PY17X_1364700"
"PVP01_1208800","PY17X_1364600"
"PVP01_1208900","PY17X_1364500"
"PVP01_1209000","PY17X_1364400"
"PVP01_1209100","PY17X_1364300"
"PVP01_1209200","PY17X_1364200"
"PVP01_1209300","PY17X_1364100"
"PVP01_1209400","PY17X_1364000"
"PVP01_1209500","PY17X_1363900"
"PVP01_1209600","PY17X_1363800"
"PVP01_1209700","PY17X_1363700"
"PVP01_1209800","PY17X_1363600"
"PVP01_1210000","PY17X_1363400"
"PVP01_1210200","PY17X_1363200"
"PVP01_1210300","PY17X_1363100"
"PVP01_1210600","PY17X_1362900"
"PVP01_1210700","PY17X_1362800"
"PVP01_1210800","PY17X_1362700"
"PVP01_1210900","PY17X_1362600"
"PVP01_1211100","PY17X_1362400"
"PVP01_1211200","PY17X_1362300"
"PVP01_1211300","PY17X_1362200"
"PVP01_1211400","PY17X_1362100"
"PVP01_1211500","PY17X_1362000"
"PVP01_1211600","PY17X_1361900"
"PVP01_1211700","PY17X_1361800"
"PVP01_1212000","PY17X_1361600"
"PVP01_1212100","PY17X_1361500"
"PVP01_1212200","PY17X_1361400"
"PVP01_1212300","PY17X_1361300"
"PVP01_1212400","PY17X_1361200"
"PVP01_1212500","PY17X_1361100"
"PVP01_1212600","PY17X_1361000"
"PVP01_1212700","PY17X_1360900"
"PVP01_1212800","PY17X_1360800"
"PVP01_1212900","PY17X_1360700"
"PVP01_1213000","PY17X_1360600"
"PVP01_1213100","PY17X_1360500"
"PVP01_1213200","PY17X_1360400"
"PVP01_1213300","PY17X_1360300"
"PVP01_1213400","PY17X_1360100"
"PVP01_1213600","PY17X_1360000"
"PVP01_1213900","PY17X_1359700"
"PVP01_1214000","PY17X_1359600"
"PVP01_1214100","PY17X_1359500"
"PVP01_1214200","PY17X_1359400"
"PVP01_1214300","PY17X_1359300"
"PVP01_1214400","PY17X_1359200"
"PVP01_1214500","PY17X_1359100"
"PVP01_1214600","PY17X_1359000"
"PVP01_1214700","PY17X_1358900"
"PVP01_1214900","PY17X_1358700"
"PVP01_1215000","PY17X_1358600"
"PVP01_1215200","PY17X_1358400"
"PVP01_1215300","PY17X_1358300"
"PVP01_1215400","PY17X_1358200"
"PVP01_1215500","PY17X_1358100"
"PVP01_1215800","PY17X_1357800"
"PVP01_1215900","PY17X_1357700"
"PVP01_1216000","PY17X_1357600"
"PVP01_1216100","PY17X_1357500"
"PVP01_1216200","PY17X_1357400"
"PVP01_1216300","PY17X_1357300"
"PVP01_1216400","PY17X_1357200"
"PVP01_1216500","PY17X_1357100"
"PVP01_1216600","PY17X_1357000"
"PVP01_1216700","PY17X_1356900"
"PVP01_1216800","PY17X_1356800"
"PVP01_1216900","PY17X_1356700"
"PVP01_1217000","PY17X_1356600"
"PVP01_1217300","PY17X_1356300"
"PVP01_1217400","PY17X_1356200"
"PVP01_1217500","PY17X_1356100"
"PVP01_1217600","PY17X_1356000"
"PVP01_1217700","PY17X_1355900"
"PVP01_1217800","PY17X_1355800"
"PVP01_1217900","PY17X_1355700"
"PVP01_1218100","PY17X_1355500"
"PVP01_1218200","PY17X_1355300"
"PVP01_1218300","PY17X_1355200"
"PVP01_1218400","PY17X_1355100"
"PVP01_1218500","PY17X_1355000"
"PVP01_1218600","PY17X_1354900"
"PVP01_1218700","PY17X_1354800"
"PVP01_1218800","PY17X_1354700"
"PVP01_1218900","PY17X_1354600"
"PVP01_1219000","PY17X_1354500"
"PVP01_1219100","PY17X_1354400"
"PVP01_1219600","PY17X_1354200"
"PVP01_1220000","PY17X_1354100"
"PVP01_1220300","PY17X_1354000"
"PVP01_1220400","PY17X_1354000"
"PVP01_1220500","PY17X_1353900"
"PVP01_1220600","PY17X_1353800"
"PVP01_1220700","PY17X_1353700"
"PVP01_1220800","PY17X_1353600"
"PVP01_1220900","PY17X_1353500"
"PVP01_1221000","PY17X_1353400"
"PVP01_1221200","PY17X_1353200"
"PVP01_1221300","PY17X_1353100"
"PVP01_1221400","PY17X_1353000"
"PVP01_1221500","PY17X_1352900"
"PVP01_1221700","PY17X_1352800"
"PVP01_1221800","PY17X_1352700"
"PVP01_1221900","PY17X_1352600"
"PVP01_1222000","PY17X_1352500"
"PVP01_1222100","PY17X_1352400"
"PVP01_1222200","PY17X_1352300"
"PVP01_1222300","PY17X_1352200"
"PVP01_1222400","PY17X_1352100"
"PVP01_1222500","PY17X_1352000"
"PVP01_1222600","PY17X_1351900"
"PVP01_1222700","PY17X_1351800"
"PVP01_1222800","PY17X_1351600"
"PVP01_1222900","PY17X_1351500"
"PVP01_1223000","PY17X_1351400"
"PVP01_1223200","PY17X_1351200"
"PVP01_1223300","PY17X_1351100"
"PVP01_1223400","PY17X_1351000"
"PVP01_1223500","PY17X_1350900"
"PVP01_1223600","PY17X_1350800"
"PVP01_1223800","PY17X_1350500"
"PVP01_1223900","PY17X_1350400"
"PVP01_1224000","PY17X_1350300"
"PVP01_1224100","PY17X_1350200"
"PVP01_1224200","PY17X_1350100"
"PVP01_1224300","PY17X_1350000"
"PVP01_1224400","PY17X_1349900"
"PVP01_1224500","PY17X_1349800"
"PVP01_1224600","PY17X_1349700"
"PVP01_1224700","PY17X_1349600"
"PVP01_1224800","PY17X_1349500"
"PVP01_1225000","PY17X_1349300"
"PVP01_1225100","PY17X_1349200"
"PVP01_1225200","PY17X_1349100"
"PVP01_1225300","PY17X_1349000"
"PVP01_1225400","PY17X_1348900"
"PVP01_1225500","PY17X_1348800"
"PVP01_1225600","PY17X_1348700"
"PVP01_1225700","PY17X_1348600"
"PVP01_1225800","PY17X_1348400"
"PVP01_1226000","PY17X_1348300"
"PVP01_1226100","PY17X_1348200"
"PVP01_1226300","PY17X_1348000"
"PVP01_1226500","PY17X_1347800"
"PVP01_1226600","PY17X_1347700"
"PVP01_1226700","PY17X_1347600"
"PVP01_1226800","PY17X_1347500"
"PVP01_1226900","PY17X_1347400"
"PVP01_1227000","PY17X_1347300"
"PVP01_1227200","PY17X_1347100"
"PVP01_1227300","PY17X_1347000"
"PVP01_1227400","PY17X_1346900"
"PVP01_1227600","PY17X_1346700"
"PVP01_1227700","PY17X_1346600"
"PVP01_1228000","PY17X_1346300"
"PVP01_1228100","PY17X_1346200"
"PVP01_1228200","PY17X_1346100"
"PVP01_1228300","PY17X_1346000"
"PVP01_1228400","PY17X_1345900"
"PVP01_1228500","PY17X_1345800"
"PVP01_1228900","PY17X_1345500"
"PVP01_1229000","PY17X_1345400"
"PVP01_1229100","PY17X_1345300"
"PVP01_1229400","PY17X_1345100"
"PVP01_1229500","PY17X_1345000"
"PVP01_1229600","PY17X_1344900"
"PVP01_1229700","PY17X_1344800"
"PVP01_1229800","PY17X_1344700"
"PVP01_1229900","PY17X_1344600"
"PVP01_1230100","PY17X_1344400"
"PVP01_1230200","PY17X_1344300"
"PVP01_1230300","PY17X_1344200"
"PVP01_1230400","PY17X_1344100"
"PVP01_1230500","PY17X_1344000"
"PVP01_1230600","PY17X_1343900"
"PVP01_1230700","PY17X_1343800"
"PVP01_1230800","PY17X_1343700"
"PVP01_1230900","PY17X_1343600"
"PVP01_1231000","PY17X_1343500"
"PVP01_1231100","PY17X_1343400"
"PVP01_1231200","PY17X_1343300"
"PVP01_1231300","PY17X_1343200"
"PVP01_1231400","PY17X_1343100"
"PVP01_1231500","PY17X_1343000"
"PVP01_1231600","PY17X_1342900"
"PVP01_1231700","PY17X_1342800"
"PVP01_1231800","PY17X_1342700"
"PVP01_1232100","PY17X_1342500"
"PVP01_1232300","PY17X_1342300"
"PVP01_1232600","PY17X_1342100"
"PVP01_1232700","PY17X_1342000"
"PVP01_1232800","PY17X_1341900"
"PVP01_1233000","PY17X_1341700"
"PVP01_1233200","PY17X_1341500"
"PVP01_1233300","PY17X_1341400"
"PVP01_1233500","PY17X_1341200"
"PVP01_1233600","PY17X_1341100"
"PVP01_1233700","PY17X_1341000"
"PVP01_1233800","PY17X_1340900"
"PVP01_1233900","PY17X_1340800"
"PVP01_1234000","PY17X_1340700"
"PVP01_1234100","PY17X_1340600"
"PVP01_1234200","PY17X_1340500"
"PVP01_1234300","PY17X_1340400"
"PVP01_1234400","PY17X_1340300"
"PVP01_1234500","PY17X_1340200"
"PVP01_1234600","PY17X_1340100"
"PVP01_1234700","PY17X_1340000"
"PVP01_1234800","PY17X_1339900"
"PVP01_1235300","PY17X_1339400"
"PVP01_1235400","PY17X_1339300"
"PVP01_1235500","PY17X_1339200"
"PVP01_1235600","PY17X_1339100"
"PVP01_1235700","PY17X_1339000"
"PVP01_1235800","PY17X_1338900"
"PVP01_1235900","PY17X_1338800"
"PVP01_1236000","PY17X_1338700"
"PVP01_1236200","PY17X_1338500"
"PVP01_1236300","PY17X_1338400"
"PVP01_1236400","PY17X_1338300"
"PVP01_1236500","PY17X_1338200"
"PVP01_1236600","PY17X_1338100"
"PVP01_1236700","PY17X_1338000"
"PVP01_1236800","PY17X_1337900"
"PVP01_1236900","PY17X_1337800"
"PVP01_1237000","PY17X_1337700"
"PVP01_1237100","PY17X_1337600"
"PVP01_1237200","PY17X_1337500"
"PVP01_1237500","PY17X_1337200"
"PVP01_1237600","PY17X_1337100"
"PVP01_1237700","PY17X_1337000"
"PVP01_1237800","PY17X_1336900"
"PVP01_1237900","PY17X_1336800"
"PVP01_1238000","PY17X_1336700"
"PVP01_1238100","PY17X_1336600"
"PVP01_1238300","PY17X_1336500"
"PVP01_1238500","PY17X_1336300"
"PVP01_1238600","PY17X_1336200"
"PVP01_1238700","PY17X_1336100"
"PVP01_1238800","PY17X_1336000"
"PVP01_1238900","PY17X_1335900"
"PVP01_1239000","PY17X_1335800"
"PVP01_1239100","PY17X_1335700"
"PVP01_1239200","PY17X_1335600"
"PVP01_1239300","PY17X_1335500"
"PVP01_1239400","PY17X_1335400"
"PVP01_1239500","PY17X_1335300"
"PVP01_1239600","PY17X_1335200"
"PVP01_1239700","PY17X_1335100"
"PVP01_1240000","PY17X_1334900"
"PVP01_1240100","PY17X_1334800"
"PVP01_1240200","PY17X_1334700"
"PVP01_1240300","PY17X_1334600"
"PVP01_1240500","PY17X_1334400"
"PVP01_1240700","PY17X_1334200"
"PVP01_1240800","PY17X_1334100"
"PVP01_1240900","PY17X_1334000"
"PVP01_1241000","PY17X_1333900"
"PVP01_1241100","PY17X_1333800"
"PVP01_1241200","PY17X_1333700"
"PVP01_1241300","PY17X_1333600"
"PVP01_1241400","PY17X_1333500"
"PVP01_1241500","PY17X_1333400"
"PVP01_1241600","PY17X_1333300"
"PVP01_1241700","PY17X_1333200"
"PVP01_1241800","PY17X_1333100"
"PVP01_1241900","PY17X_1333000"
"PVP01_1242000","PY17X_1332900"
"PVP01_1242100","PY17X_1332800"
"PVP01_1242200","PY17X_1332700"
"PVP01_1242400","PY17X_1332500"
"PVP01_1242500","PY17X_1332400"
"PVP01_1242600","PY17X_1332300"
"PVP01_1242700","PY17X_1332200"
"PVP01_1242800","PY17X_1332100"
"PVP01_1242900","PY17X_1331500"
"PVP01_1243000","PY17X_1331600"
"PVP01_1243100","PY17X_1331800"
"PVP01_1243200","PY17X_1331850"
"PVP01_1243300","PY17X_1331200"
"PVP01_1243300","PY17X_1330900"
"PVP01_1243300","PY17X_1331900"
"PVP01_1243400","PY17X_1330800"
"PVP01_1243500","PY17X_1330700"
"PVP01_1243600","PY17X_1330600"
"PVP01_1243800","PY17X_1330400"
"PVP01_1244000","PY17X_1330200"
"PVP01_1244100","PY17X_1330100"
"PVP01_1244200","PY17X_1330000"
"PVP01_1244300","PY17X_1329900"
"PVP01_1244500","PY17X_1329800"
"PVP01_1244600","PY17X_1329700"
"PVP01_1244700","PY17X_1329600"
"PVP01_1244800","PY17X_1329500"
"PVP01_1244900","PY17X_1329400"
"PVP01_1245100","PY17X_1329200"
"PVP01_1245200","PY17X_1329100"
"PVP01_1245300","PY17X_1329000"
"PVP01_1245400","PY17X_1328900"
"PVP01_1245500","PY17X_1328800"
"PVP01_1245600","PY17X_1328700"
"PVP01_1245700","PY17X_1328600"
"PVP01_1245800","PY17X_1328500"
"PVP01_1245900","PY17X_1328400"
"PVP01_1246000","PY17X_1328300"
"PVP01_1246100","PY17X_1328200"
"PVP01_1246200","PY17X_1328100"
"PVP01_1246400","PY17X_1327900"
"PVP01_1246500","PY17X_1327800"
"PVP01_1246600","PY17X_1327700"
"PVP01_1246700","PY17X_1327600"
"PVP01_1246800","PY17X_1327500"
"PVP01_1246900","PY17X_1327400"
"PVP01_1247000","PY17X_1327300"
"PVP01_1247100","PY17X_1327200"
"PVP01_1247200","PY17X_1327100"
"PVP01_1247300","PY17X_1327000"
"PVP01_1247400","PY17X_1326900"
"PVP01_1247500","PY17X_1326800"
"PVP01_1247600","PY17X_1326700"
"PVP01_1247800","PY17X_1326600"
"PVP01_1247900","PY17X_1326500"
"PVP01_1248000","PY17X_1326400"
"PVP01_1248100","PY17X_1326300"
"PVP01_1248200","PY17X_1326200"
"PVP01_1248300","PY17X_1326100"
"PVP01_1248400","PY17X_1326000"
"PVP01_1248500","PY17X_1325900"
"PVP01_1248600","PY17X_1325800"
"PVP01_1248700","PY17X_1325700"
"PVP01_1248800","PY17X_1325600"
"PVP01_1248900","PY17X_1325500"
"PVP01_1249200","PY17X_1325200"
"PVP01_1249300","PY17X_1325100"
"PVP01_1249400","PY17X_1325000"
"PVP01_1249600","PY17X_1324800"
"PVP01_1249700","PY17X_1324700"
"PVP01_1249900","PY17X_1324500"
"PVP01_1250000","PY17X_1324400"
"PVP01_1250100","PY17X_1324300"
"PVP01_1250200","PY17X_1324200"
"PVP01_1250300","PY17X_1324100"
"PVP01_1250600","PY17X_1323800"
"PVP01_1250700","PY17X_1323700"
"PVP01_1250800","PY17X_1323600"
"PVP01_1250900","PY17X_1323500"
"PVP01_1251000","PY17X_1323400"
"PVP01_1251100","PY17X_1323300"
"PVP01_1251300","PY17X_1323100"
"PVP01_1251400","PY17X_1323000"
"PVP01_1251500","PY17X_1322900"
"PVP01_1251600","PY17X_1322800"
"PVP01_1251700","PY17X_1322700"
"PVP01_1251800","PY17X_1322600"
"PVP01_1252000","PY17X_1322500"
"PVP01_1252100","PY17X_1322400"
"PVP01_1252200","PY17X_1322300"
"PVP01_1252300","PY17X_1322200"
"PVP01_1252400","PY17X_1322100"
"PVP01_1252500","PY17X_1322000"
"PVP01_1252600","PY17X_1321900"
"PVP01_1252800","PY17X_1321700"
"PVP01_1252900","PY17X_1321600"
"PVP01_1253000","PY17X_1321500"
"PVP01_1253100","PY17X_1321400"
"PVP01_1253200","PY17X_1321300"
"PVP01_1253300","PY17X_1321200"
"PVP01_1253400","PY17X_1321100"
"PVP01_1253500","PY17X_1321000"
"PVP01_1253700","PY17X_1320800"
"PVP01_1253800","PY17X_1320700"
"PVP01_1253900","PY17X_1320600"
"PVP01_1254000","PY17X_1320500"
"PVP01_1254100","PY17X_1320400"
"PVP01_1254200","PY17X_1320300"
"PVP01_1254300","PY17X_1320200"
"PVP01_1254500","PY17X_1320000"
"PVP01_1254700","PY17X_1319800"
"PVP01_1254800","PY17X_1319700"
"PVP01_1254900","PY17X_1319600"
"PVP01_1255000","PY17X_1319500"
"PVP01_1255100","PY17X_1319400"
"PVP01_1255200","PY17X_1319300"
"PVP01_1255300","PY17X_1319200"
"PVP01_1255400","PY17X_1319100"
"PVP01_1255500","PY17X_1319000"
"PVP01_1255600","PY17X_1318900"
"PVP01_1255700","PY17X_1318800"
"PVP01_1255900","PY17X_1318600"
"PVP01_1256100","PY17X_1318400"
"PVP01_1256200","PY17X_1318300"
"PVP01_1256300","PY17X_1318200"
"PVP01_1256400","PY17X_1318100"
"PVP01_1256500","PY17X_1318000"
"PVP01_1256600","PY17X_1317900"
"PVP01_1256700","PY17X_1317800"
"PVP01_1256800","PY17X_1317700"
"PVP01_1256900","PY17X_1317600"
"PVP01_1257000","PY17X_1317500"
"PVP01_1257100","PY17X_1317400"
"PVP01_1257200","PY17X_1317300"
"PVP01_1257300","PY17X_1317200"
"PVP01_1257400","PY17X_1317100"
"PVP01_1257600","PY17X_1316900"
"PVP01_1257700","PY17X_1316800"
"PVP01_1258000","PY17X_1316500"
"PVP01_1258100","PY17X_1316400"
"PVP01_1258200","PY17X_1316300"
"PVP01_1258300","PY17X_1316200"
"PVP01_1258400","PY17X_1316100"
"PVP01_1258600","PY17X_1316000"
"PVP01_1258800","PY17X_1315800"
"PVP01_1259000","PY17X_1315600"
"PVP01_1259100","PY17X_1315500"
"PVP01_1259200","PY17X_1315400"
"PVP01_1259300","PY17X_1315300"
"PVP01_1259400","PY17X_1315200"
"PVP01_1259500","PY17X_1315100"
"PVP01_1259600","PY17X_1315000"
"PVP01_1259700","PY17X_1314900"
"PVP01_1259800","PY17X_1314800"
"PVP01_1259900","PY17X_1314700"
"PVP01_1260000","PY17X_1314600"
"PVP01_1260100","PY17X_1314500"
"PVP01_1260200","PY17X_1314400"
"PVP01_1260300","PY17X_1314300"
"PVP01_1260400","PY17X_1314200"
"PVP01_1260600","PY17X_1314000"
"PVP01_1260700","PY17X_1313900"
"PVP01_1260800","PY17X_1313800"
"PVP01_1260900","PY17X_1313700"
"PVP01_1261100","PY17X_1313500"
"PVP01_1261300","PY17X_1313300"
"PVP01_1261400","PY17X_1313200"
"PVP01_1261500","PY17X_1313100"
"PVP01_1261600","PY17X_1313000"
"PVP01_1261700","PY17X_1312900"
"PVP01_1261800","PY17X_1312800"
"PVP01_1261900","PY17X_1312700"
"PVP01_1262000","PY17X_1312600"
"PVP01_1262200","PY17X_1312400"
"PVP01_1262300","PY17X_1312300"
"PVP01_1262500","PY17X_1312200"
"PVP01_1262600","PY17X_1312100"
"PVP01_1262700","PY17X_1312000"
"PVP01_1262800","PY17X_1311900"
"PVP01_1262900","PY17X_1311800"
"PVP01_1263000","PY17X_1311700"
"PVP01_1263100","PY17X_1311600"
"PVP01_1263200","PY17X_1311500"
"PVP01_1263300","PY17X_1311400"
"PVP01_1263400","PY17X_1311300"
"PVP01_1263500","PY17X_1311200"
"PVP01_1263600","PY17X_1311100"
"PVP01_1263700","PY17X_1311000"
"PVP01_1263800","PY17X_1310900"
"PVP01_1264100","PY17X_1310600"
"PVP01_1264200","PY17X_1310500"
"PVP01_1264500","PY17X_1310200"
"PVP01_1264600","PY17X_1310100"
"PVP01_1264700","PY17X_1310000"
"PVP01_1264800","PY17X_1309900"
"PVP01_1264900","PY17X_1309800"
"PVP01_1265000","PY17X_1309700"
"PVP01_1265100","PY17X_1309600"
"PVP01_1265200","PY17X_1309500"
"PVP01_1265300","PY17X_1309400"
"PVP01_1265400","PY17X_1309300"
"PVP01_1265500","PY17X_1309200"
"PVP01_1265600","PY17X_1309100"
"PVP01_1265700","PY17X_1309000"
"PVP01_1265800","PY17X_1308900"
"PVP01_1266000","PY17X_1308700"
"PVP01_1266100","PY17X_1308600"
"PVP01_1266200","PY17X_1308500"
"PVP01_1266300","PY17X_1308400"
"PVP01_1266400","PY17X_1308300"
"PVP01_1266500","PY17X_1308200"
"PVP01_1266600","PY17X_1308100"
"PVP01_1266700","PY17X_1308000"
"PVP01_1266800","PY17X_1307900"
"PVP01_1266900","PY17X_1307800"
"PVP01_1267100","PY17X_1307600"
"PVP01_1267200","PY17X_1307500"
"PVP01_1267300","PY17X_1307400"
"PVP01_1267400","PY17X_1307300"
"PVP01_1267500","PY17X_1307200"
"PVP01_1267600","PY17X_1307100"
"PVP01_1267700","PY17X_1307000"
"PVP01_1267800","PY17X_1306900"
"PVP01_1267900","PY17X_1306800"
"PVP01_1268000","PY17X_1306700"
"PVP01_1268100","PY17X_1306600"
"PVP01_1268200","PY17X_1306500"
"PVP01_1268300","PY17X_1306400"
"PVP01_1268400","PY17X_1306300"
"PVP01_1268500","PY17X_1306200"
"PVP01_1268600","PY17X_1306100"
"PVP01_1268900","PY17X_1305800"
"PVP01_1269000","PY17X_1305700"
"PVP01_1269300","PY17X_1305400"
"PVP01_1269400","PY17X_1305300"
"PVP01_1269500","PY17X_1305200"
"PVP01_1269600","PY17X_1305100"
"PVP01_1269700","PY17X_1305000"
"PVP01_1269800","PY17X_1304900"
"PVP01_1269900","PY17X_1304800"
"PVP01_1270000","PY17X_1304700"
"PVP01_1270100","PY17X_1304600"
"PVP01_1270200","PY17X_1304500"
"PVP01_1270300","PY17X_1304400"
"PVP01_1270400","PY17X_1304300"
"PVP01_1270500","PY17X_1304200"
"PVP01_1270600","PY17X_1304100"
"PVP01_1300800","PY17X_0603100"
"PVP01_1300900","PY17X_0603200"
"PVP01_1301000","PY17X_0603300"
"PVP01_1301100","PY17X_0603400"
"PVP01_1301200","PY17X_0603500"
"PVP01_1301300","PY17X_0603600"
"PVP01_1301500","PY17X_0603700"
"PVP01_1301700","PY17X_0603900"
"PVP01_1301800","PY17X_0604000"
"PVP01_1301900","PY17X_0604100"
"PVP01_1302000","PY17X_0604200"
"PVP01_1302100","PY17X_0604300"
"PVP01_1302200","PY17X_0604400"
"PVP01_1302300","PY17X_0604500"
"PVP01_1302500","PY17X_0604700"
"PVP01_1302800","PY17X_0605000"
"PVP01_1302900","PY17X_0605100"
"PVP01_1303000","PY17X_0605200"
"PVP01_1303100","PY17X_0605300"
"PVP01_1303200","PY17X_0605400"
"PVP01_1303400","PY17X_0605600"
"PVP01_1303500","PY17X_0605700"
"PVP01_1303600","PY17X_0605800"
"PVP01_1303700","PY17X_0605900"
"PVP01_1303800","PY17X_0606000"
"PVP01_1303900","PY17X_0606100"
"PVP01_1304100","PY17X_0606300"
"PVP01_1304200","PY17X_0606400"
"PVP01_1304300","PY17X_0606500"
"PVP01_1304400","PY17X_0606600"
"PVP01_1304600","PY17X_0606700"
"PVP01_1304700","PY17X_0606800"
"PVP01_1304800","PY17X_0606900"
"PVP01_1305000","PY17X_0607100"
"PVP01_1305100","PY17X_0607200"
"PVP01_1305300","PY17X_0607300"
"PVP01_1305500","PY17X_0607500"
"PVP01_1305600","PY17X_0607600"
"PVP01_1305700","PY17X_0607700"
"PVP01_1305800","PY17X_0607800"
"PVP01_1305900","PY17X_0607900"
"PVP01_1306000","PY17X_0608000"
"PVP01_1306200","PY17X_0608200"
"PVP01_1306600","PY17X_0608500"
"PVP01_1306700","PY17X_0608600"
"PVP01_1306800","PY17X_0608700"
"PVP01_1306900","PY17X_0608800"
"PVP01_1307000","PY17X_0608900"
"PVP01_1307100","PY17X_0609000"
"PVP01_1307200","PY17X_0609100"
"PVP01_1307300","PY17X_0609200"
"PVP01_1307400","PY17X_0609300"
"PVP01_1307500","PY17X_0609400"
"PVP01_1307700","PY17X_0609600"
"PVP01_1307800","PY17X_0609700"
"PVP01_1308100","PY17X_0610000"
"PVP01_1308300","PY17X_0610100"
"PVP01_1308500","PY17X_0610300"
"PVP01_1308600","PY17X_0610400"
"PVP01_1308700","PY17X_0610500"
"PVP01_1308800","PY17X_0610600"
"PVP01_1308900","PY17X_0610700"
"PVP01_1309000","PY17X_0610800"
"PVP01_1309100","PY17X_0610900"
"PVP01_1309300","PY17X_0611000"
"PVP01_1309500","PY17X_0611200"
"PVP01_1309700","PY17X_0611400"
"PVP01_1309800","PY17X_0611500"
"PVP01_1310000","PY17X_0611700"
"PVP01_1310100","PY17X_0611900"
"PVP01_1310200","PY17X_0612000"
"PVP01_1310300","PY17X_0612100"
"PVP01_1310400","PY17X_0612200"
"PVP01_1310500","PY17X_0612300"
"PVP01_1310600","PY17X_0612400"
"PVP01_1310700","PY17X_0612500"
"PVP01_1310800","PY17X_0612600"
"PVP01_1310900","PY17X_0612700"
"PVP01_1311000","PY17X_0612800"
"PVP01_1311100","PY17X_0612900"
"PVP01_1311200","PY17X_0613000"
"PVP01_1311300","PY17X_0613100"
"PVP01_1311400","PY17X_0613200"
"PVP01_1311500","PY17X_0613300"
"PVP01_1311600","PY17X_0613400"
"PVP01_1311700","PY17X_0613500"
"PVP01_1311800","PY17X_0613600"
"PVP01_1311900","PY17X_0613700"
"PVP01_1312000","PY17X_0613800"
"PVP01_1312100","PY17X_0613900"
"PVP01_1312200","PY17X_0614000"
"PVP01_1312300","PY17X_0614100"
"PVP01_1312400","PY17X_0614200"
"PVP01_1312500","PY17X_0614300"
"PVP01_1312600","PY17X_0614400"
"PVP01_1312700","PY17X_0614500"
"PVP01_1312800","PY17X_0614600"
"PVP01_1312900","PY17X_1009800"
"PVP01_1313000","PY17X_1009900"
"PVP01_1313100","PY17X_1010000"
"PVP01_1313400","PY17X_1010300"
"PVP01_1313500","PY17X_1010400"
"PVP01_1313600","PY17X_1010500"
"PVP01_1313700","PY17X_1010600"
"PVP01_1314000","PY17X_1010900"
"PVP01_1314100","PY17X_1011000"
"PVP01_1314200","PY17X_1011100"
"PVP01_1314300","PY17X_1011200"
"PVP01_1314400","PY17X_1011300"
"PVP01_1314500","PY17X_1011400"
"PVP01_1314600","PY17X_1011500"
"PVP01_1314700","PY17X_1011600"
"PVP01_1314800","PY17X_1011700"
"PVP01_1314900","PY17X_1011800"
"PVP01_1315000","PY17X_1011900"
"PVP01_1315100","PY17X_1012000"
"PVP01_1315200","PY17X_1012100"
"PVP01_1315300","PY17X_1012200"
"PVP01_1315400","PY17X_1012300"
"PVP01_1315500","PY17X_1012400"
"PVP01_1315600","PY17X_1012500"
"PVP01_1315800","PY17X_1012700"
"PVP01_1315900","PY17X_1012800"
"PVP01_1316000","PY17X_1012900"
"PVP01_1316200","PY17X_1013100"
"PVP01_1316300","PY17X_1013200"
"PVP01_1316400","PY17X_1013300"
"PVP01_1316500","PY17X_1013400"
"PVP01_1316600","PY17X_1013500"
"PVP01_1316800","PY17X_1013700"
"PVP01_1316900","PY17X_1013800"
"PVP01_1317000","PY17X_1013900"
"PVP01_1317100","PY17X_1014000"
"PVP01_1317200","PY17X_1014100"
"PVP01_1317400","PY17X_1014300"
"PVP01_1317500","PY17X_1014400"
"PVP01_1317600","PY17X_1014500"
"PVP01_1317700","PY17X_1014600"
"PVP01_1317800","PY17X_1014700"
"PVP01_1317900","PY17X_1014800"
"PVP01_1318000","PY17X_1014900"
"PVP01_1318100","PY17X_1015000"
"PVP01_1318300","PY17X_1015100"
"PVP01_1318400","PY17X_1015200"
"PVP01_1318500","PY17X_1015300"
"PVP01_1318600","PY17X_1015400"
"PVP01_1318700","PY17X_1015500"
"PVP01_1318800","PY17X_1015600"
"PVP01_1318900","PY17X_1015700"
"PVP01_1319000","PY17X_1015800"
"PVP01_1319100","PY17X_1015900"
"PVP01_1319200","PY17X_1016000"
"PVP01_1319300","PY17X_1016100"
"PVP01_1319400","PY17X_1016200"
"PVP01_1319500","PY17X_1016300"
"PVP01_1319600","PY17X_1016400"
"PVP01_1319700","PY17X_1016500"
"PVP01_1319800","PY17X_1016600"
"PVP01_1319900","PY17X_1016700"
"PVP01_1320000","PY17X_1016800"
"PVP01_1320100","PY17X_1016900"
"PVP01_1320300","PY17X_1017100"
"PVP01_1320400","PY17X_1017200"
"PVP01_1320500","PY17X_1017300"
"PVP01_1320600","PY17X_1017400"
"PVP01_1320700","PY17X_1017500"
"PVP01_1320800","PY17X_1017600"
"PVP01_1321000","PY17X_1017800"
"PVP01_1321100","PY17X_1017900"
"PVP01_1321300","PY17X_1018100"
"PVP01_1321400","PY17X_1018200"
"PVP01_1321500","PY17X_1018300"
"PVP01_1321600","PY17X_1018400"
"PVP01_1321700","PY17X_1018500"
"PVP01_1321800","PY17X_1018600"
"PVP01_1321900","PY17X_1018700"
"PVP01_1322000","PY17X_1018800"
"PVP01_1322100","PY17X_1018900"
"PVP01_1322200","PY17X_1019000"
"PVP01_1322300","PY17X_1019100"
"PVP01_1322400","PY17X_1019200"
"PVP01_1322600","PY17X_1019400"
"PVP01_1322800","PY17X_1019600"
"PVP01_1322900","PY17X_1019700"
"PVP01_1323000","PY17X_1019800"
"PVP01_1323100","PY17X_1019900"
"PVP01_1323200","PY17X_1020000"
"PVP01_1323300","PY17X_1020100"
"PVP01_1323400","PY17X_1020200"
"PVP01_1323600","PY17X_1020400"
"PVP01_1323800","PY17X_1020500"
"PVP01_1323900","PY17X_1020600"
"PVP01_1324000","PY17X_1020700"
"PVP01_1324100","PY17X_1020800"
"PVP01_1324700","PY17X_1020900"
"PVP01_1324800","PY17X_1021000"
"PVP01_1325200","PY17X_1021500"
"PVP01_1325300","PY17X_1021600"
"PVP01_1325400","PY17X_1021700"
"PVP01_1325700","PY17X_1022000"
"PVP01_1325800","PY17X_1022100"
"PVP01_1325900","PY17X_1022200"
"PVP01_1326000","PY17X_1022300"
"PVP01_1326100","PY17X_1022400"
"PVP01_1326200","PY17X_1022500"
"PVP01_1326400","PY17X_1022700"
"PVP01_1326500","PY17X_1022800"
"PVP01_1326600","PY17X_1022900"
"PVP01_1326800","PY17X_1023100"
"PVP01_1326900","PY17X_1023200"
"PVP01_1327000","PY17X_1023300"
"PVP01_1327100","PY17X_1023400"
"PVP01_1327300","PY17X_1023600"
"PVP01_1327400","PY17X_1023700"
"PVP01_1327500","PY17X_1023800"
"PVP01_1327700","PY17X_1023900"
"PVP01_1327800","PY17X_1024000"
"PVP01_1327900","PY17X_1024100"
"PVP01_1328000","PY17X_1024200"
"PVP01_1328100","PY17X_1024300"
"PVP01_1328300","PY17X_1024500"
"PVP01_1328400","PY17X_1024600"
"PVP01_1328500","PY17X_1024700"
"PVP01_1328600","PY17X_1024800"
"PVP01_1328700","PY17X_1024900"
"PVP01_1328800","PY17X_1025000"
"PVP01_1328900","PY17X_1025100"
"PVP01_1329000","PY17X_1025200"
"PVP01_1329100","PY17X_1025300"
"PVP01_1329200","PY17X_1025400"
"PVP01_1329300","PY17X_1025500"
"PVP01_1329400","PY17X_1025600"
"PVP01_1329500","PY17X_1025700"
"PVP01_1329600","PY17X_1025800"
"PVP01_1329700","PY17X_1025900"
"PVP01_1329800","PY17X_1026000"
"PVP01_1330000","PY17X_1026200"
"PVP01_1330600","PY17X_1026800"
"PVP01_1330700","PY17X_1026900"
"PVP01_1330800","PY17X_1027000"
"PVP01_1330900","PY17X_1027100"
"PVP01_1331000","PY17X_1027200"
"PVP01_1331100","PY17X_1027300"
"PVP01_1331200","PY17X_1027400"
"PVP01_1331400","PY17X_1027600"
"PVP01_1331500","PY17X_1027700"
"PVP01_1331600","PY17X_1027800"
"PVP01_1331700","PY17X_1027900"
"PVP01_1331800","PY17X_1028000"
"PVP01_1331900","PY17X_1028100"
"PVP01_1332000","PY17X_1028200"
"PVP01_1332100","PY17X_1028300"
"PVP01_1332200","PY17X_1028400"
"PVP01_1332400","PY17X_1028600"
"PVP01_1332500","PY17X_1028700"
"PVP01_1332600","PY17X_1028800"
"PVP01_1332700","PY17X_1028900"
"PVP01_1332800","PY17X_1029000"
"PVP01_1332900","PY17X_1029100"
"PVP01_1333000","PY17X_1029200"
"PVP01_1333100","PY17X_1029300"
"PVP01_1333200","PY17X_1029400"
"PVP01_1333600","PY17X_1029800"
"PVP01_1333700","PY17X_1029900"
"PVP01_1333800","PY17X_1030000"
"PVP01_1333900","PY17X_1030100"
"PVP01_1334000","PY17X_1030200"
"PVP01_1334100","PY17X_1030300"
"PVP01_1334200","PY17X_1030400"
"PVP01_1334300","PY17X_1030500"
"PVP01_1334400","PY17X_1030600"
"PVP01_1334500","PY17X_1030700"
"PVP01_1334600","PY17X_1030800"
"PVP01_1334700","PY17X_1030900"
"PVP01_1334800","PY17X_1031000"
"PVP01_1334900","PY17X_1031100"
"PVP01_1335000","PY17X_1031200"
"PVP01_1335100","PY17X_1031300"
"PVP01_1335400","PY17X_1031600"
"PVP01_1335500","PY17X_1031700"
"PVP01_1335800","PY17X_1031900"
"PVP01_1336000","PY17X_1032100"
"PVP01_1336100","PY17X_1032200"
"PVP01_1336200","PY17X_1032300"
"PVP01_1336300","PY17X_1032400"
"PVP01_1336400","PY17X_1032500"
"PVP01_1336600","PY17X_1032700"
"PVP01_1336700","PY17X_1032800"
"PVP01_1336800","PY17X_1032900"
"PVP01_1337000","PY17X_1033000"
"PVP01_1337100","PY17X_1033100"
"PVP01_1337200","PY17X_1033200"
"PVP01_1337400","PY17X_1033400"
"PVP01_1337500","PY17X_1033500"
"PVP01_1337700","PY17X_1033700"
"PVP01_1337800","PY17X_1033800"
"PVP01_1337900","PY17X_1033900"
"PVP01_1338000","PY17X_1034000"
"PVP01_1338100","PY17X_1034100"
"PVP01_1338200","PY17X_1034200"
"PVP01_1338300","PY17X_1034300"
"PVP01_1338400","PY17X_1034400"
"PVP01_1338500","PY17X_1034500"
"PVP01_1338700","PY17X_1034700"
"PVP01_1338800","PY17X_1034800"
"PVP01_1338900","PY17X_1034900"
"PVP01_1339000","PY17X_1035000"
"PVP01_1339100","PY17X_1035100"
"PVP01_1339200","PY17X_1035200"
"PVP01_1339400","PY17X_1035300"
"PVP01_1339600","PY17X_1035500"
"PVP01_1339700","PY17X_1035600"
"PVP01_1339800","PY17X_1035700"
"PVP01_1339900","PY17X_1035800"
"PVP01_1340000","PY17X_1035900"
"PVP01_1340100","PY17X_1036000"
"PVP01_1340200","PY17X_1036100"
"PVP01_1340300","PY17X_1036200"
"PVP01_1340400","PY17X_1036300"
"PVP01_1340500","PY17X_1036400"
"PVP01_1340600","PY17X_1036500"
"PVP01_1340900","PY17X_1036800"
"PVP01_1341000","PY17X_1036900"
"PVP01_1341200","PY17X_1037100"
"PVP01_1341300","PY17X_1037200"
"PVP01_1341400","PY17X_1037300"
"PVP01_1341500","PY17X_1037400"
"PVP01_1341600","PY17X_1037500"
"PVP01_1341700","PY17X_1037600"
"PVP01_1341800","PY17X_1037700"
"PVP01_1341900","PY17X_1037800"
"PVP01_1342000","PY17X_1037900"
"PVP01_1342100","PY17X_1038000"
"PVP01_1342200","PY17X_1038100"
"PVP01_1342300","PY17X_1038200"
"PVP01_1342400","PY17X_1038300"
"PVP01_1342500","PY17X_1038400"
"PVP01_1342600","PY17X_1038500"
"PVP01_1342700","PY17X_1038600"
"PVP01_1342900","PY17X_1038700"
"PVP01_1343000","PY17X_1038800"
"PVP01_1343100","PY17X_1038900"
"PVP01_1343200","PY17X_1039000"
"PVP01_1343300","PY17X_1039100"
"PVP01_1343500","PY17X_1039300"
"PVP01_1343600","PY17X_1039400"
"PVP01_1343800","PY17X_1039600"
"PVP01_1343900","PY17X_1039700"
"PVP01_1344100","PY17X_1039800"
"PVP01_1344200","PY17X_1039900"
"PVP01_1344300","PY17X_1040000"
"PVP01_1344400","PY17X_1040100"
"PVP01_1344500","PY17X_1040200"
"PVP01_1344700","PY17X_1040400"
"PVP01_1344800","PY17X_1040500"
"PVP01_1345100","PY17X_1040700"
"PVP01_1345200","PY17X_1040800"
"PVP01_1345300","PY17X_1040900"
"PVP01_1345400","PY17X_1041000"
"PVP01_1345500","PY17X_1041100"
"PVP01_1345600","PY17X_1041200"
"PVP01_1345700","PY17X_1041300"
"PVP01_1345800","PY17X_1041400"
"PVP01_1346100","PY17X_1041700"
"PVP01_1346200","PY17X_1041800"
"PVP01_1346400","PY17X_1042000"
"PVP01_1346500","PY17X_1042100"
"PVP01_1346600","PY17X_1042200"
"PVP01_1346700","PY17X_1042300"
"PVP01_1346800","PY17X_1042400"
"PVP01_1346900","PY17X_1042500"
"PVP01_1347000","PY17X_1042600"
"PVP01_1401400","PY17X_1402200"
"PVP01_1403300","PY17X_1402500"
"PVP01_1403400","PY17X_1402600"
"PVP01_1403500","PY17X_1402700"
"PVP01_1403600","PY17X_1402800"
"PVP01_1403700","PY17X_1402900"
"PVP01_1403800","PY17X_1403000"
"PVP01_1403900","PY17X_1403100"
"PVP01_1404000","PY17X_1403200"
"PVP01_1404100","PY17X_1403300"
"PVP01_1404200","PY17X_1403400"
"PVP01_1404300","PY17X_1403500"
"PVP01_1404400","PY17X_1403600"
"PVP01_1404500","PY17X_1403700"
"PVP01_1404800","PY17X_1404000"
"PVP01_1404900","PY17X_1404100"
"PVP01_1405000","PY17X_1404200"
"PVP01_1405100","PY17X_1404300"
"PVP01_1405200","PY17X_1404400"
"PVP01_1405300","PY17X_1404500"
"PVP01_1405600","PY17X_1404800"
"PVP01_1405700","PY17X_1405000"
"PVP01_1405800","PY17X_1405100"
"PVP01_1405900","PY17X_1405200"
"PVP01_1406000","PY17X_1405300"
"PVP01_1406100","PY17X_1405400"
"PVP01_1406200","PY17X_1405500"
"PVP01_1406300","PY17X_1405600"
"PVP01_1406400","PY17X_1405700"
"PVP01_1406500","PY17X_1405800"
"PVP01_1406600","PY17X_1405900"
"PVP01_1406700","PY17X_1406000"
"PVP01_1406800","PY17X_1406100"
"PVP01_1406900","PY17X_1406200"
"PVP01_1407100","PY17X_1406400"
"PVP01_1407200","PY17X_1406500"
"PVP01_1407300","PY17X_1406600"
"PVP01_1407400","PY17X_1406700"
"PVP01_1407500","PY17X_1406800"
"PVP01_1407600","PY17X_1406900"
"PVP01_1407700","PY17X_1407000"
"PVP01_1407800","PY17X_1407100"
"PVP01_1407900","PY17X_1407200"
"PVP01_1408000","PY17X_1407300"
"PVP01_1408100","PY17X_1407400"
"PVP01_1408200","PY17X_1407500"
"PVP01_1408300","PY17X_1407600"
"PVP01_1408400","PY17X_1407700"
"PVP01_1408500","PY17X_1407800"
"PVP01_1408600","PY17X_1407900"
"PVP01_1408700","PY17X_1408000"
"PVP01_1408900","PY17X_1408100"
"PVP01_1409000","PY17X_1408200"
"PVP01_1409100","PY17X_1408300"
"PVP01_1409200","PY17X_1408400"
"PVP01_1409300","PY17X_1408500"
"PVP01_1409500","PY17X_1408700"
"PVP01_1409800","PY17X_1409000"
"PVP01_1409900","PY17X_1409100"
"PVP01_1410000","PY17X_1409200"
"PVP01_1410100","PY17X_1409300"
"PVP01_1410200","PY17X_1409500"
"PVP01_1410300","PY17X_1409600"
"PVP01_1410400","PY17X_1409700"
"PVP01_1410500","PY17X_1409800"
"PVP01_1410600","PY17X_1409900"
"PVP01_1410700","PY17X_1410000"
"PVP01_1410800","PY17X_1410100"
"PVP01_1410900","PY17X_1410200"
"PVP01_1411000","PY17X_1410300"
"PVP01_1411100","PY17X_1410400"
"PVP01_1411200","PY17X_1410500"
"PVP01_1411300","PY17X_1410600"
"PVP01_1411500","PY17X_1410800"
"PVP01_1411600","PY17X_1410900"
"PVP01_1411700","PY17X_1411000"
"PVP01_1411800","PY17X_1411100"
"PVP01_1411900","PY17X_1411200"
"PVP01_1412000","PY17X_1411300"
"PVP01_1412100","PY17X_1411400"
"PVP01_1412200","PY17X_1411500"
"PVP01_1412300","PY17X_1411600"
"PVP01_1412400","PY17X_1411700"
"PVP01_1412500","PY17X_1411800"
"PVP01_1412600","PY17X_1411900"
"PVP01_1412700","PY17X_1412000"
"PVP01_1412800","PY17X_1412100"
"PVP01_1412900","PY17X_1412200"
"PVP01_1413000","PY17X_1412300"
"PVP01_1413200","PY17X_1412500"
"PVP01_1413300","PY17X_1412600"
"PVP01_1413400","PY17X_1412700"
"PVP01_1413450","PY17X_1412750"
"PVP01_1413500","PY17X_1412800"
"PVP01_1413600","PY17X_1412900"
"PVP01_1413700","PY17X_1413000"
"PVP01_1413800","PY17X_1413100"
"PVP01_1413900","PY17X_1413200"
"PVP01_1414100","PY17X_1413400"
"PVP01_1414200","PY17X_1413500"
"PVP01_1414300","PY17X_1413600"
"PVP01_1414400","PY17X_1413700"
"PVP01_1414600","PY17X_1413900"
"PVP01_1414800","PY17X_1414100"
"PVP01_1414900","PY17X_1414200"
"PVP01_1415000","PY17X_1414300"
"PVP01_1415200","PY17X_1414500"
"PVP01_1415300","PY17X_1414600"
"PVP01_1415400","PY17X_1414700"
"PVP01_1415500","PY17X_1414800"
"PVP01_1415600","PY17X_1414900"
"PVP01_1415700","PY17X_1415000"
"PVP01_1415800","PY17X_1415100"
"PVP01_1415900","PY17X_1415200"
"PVP01_1416000","PY17X_1415300"
"PVP01_1416100","PY17X_1415400"
"PVP01_1416200","PY17X_1415500"
"PVP01_1416300","PY17X_1415600"
"PVP01_1416400","PY17X_1415700"
"PVP01_1416500","PY17X_1415800"
"PVP01_1416600","PY17X_1415900"
"PVP01_1416700","PY17X_1416000"
"PVP01_1416800","PY17X_1416100"
"PVP01_1416900","PY17X_1416200"
"PVP01_1417000","PY17X_1416300"
"PVP01_1417100","PY17X_1416400"
"PVP01_1417200","PY17X_1416500"
"PVP01_1417300","PY17X_1416600"
"PVP01_1417400","PY17X_1416700"
"PVP01_1417500","PY17X_1416800"
"PVP01_1417600","PY17X_1416900"
"PVP01_1417700","PY17X_1417000"
"PVP01_1417800","PY17X_1417100"
"PVP01_1417900","PY17X_1417200"
"PVP01_1418000","PY17X_1417300"
"PVP01_1418200","PY17X_1417500"
"PVP01_1418300","PY17X_1417600"
"PVP01_1418400","PY17X_1417700"
"PVP01_1418500","PY17X_1417800"
"PVP01_1418600","PY17X_1417900"
"PVP01_1418700","PY17X_1418000"
"PVP01_1418800","PY17X_1418100"
"PVP01_1418900","PY17X_1418200"
"PVP01_1419000","PY17X_1418300"
"PVP01_1419100","PY17X_1418400"
"PVP01_1419300","PY17X_1418600"
"PVP01_1419400","PY17X_1418700"
"PVP01_1419500","PY17X_1418800"
"PVP01_1419600","PY17X_1418900"
"PVP01_1419700","PY17X_1419000"
"PVP01_1420000","PY17X_1419300"
"PVP01_1420200","PY17X_1419500"
"PVP01_1420300","PY17X_1419600"
"PVP01_1420400","PY17X_1419700"
"PVP01_1420600","PY17X_1419900"
"PVP01_1420800","PY17X_1420000"
"PVP01_1420900","PY17X_1420100"
"PVP01_1421000","PY17X_1420200"
"PVP01_1421100","PY17X_1420300"
"PVP01_1421200","PY17X_1420400"
"PVP01_1421300","PY17X_1420500"
"PVP01_1421400","PY17X_1420600"
"PVP01_1421500","PY17X_1420700"
"PVP01_1421600","PY17X_1420800"
"PVP01_1421700","PY17X_1420900"
"PVP01_1421800","PY17X_1421000"
"PVP01_1421900","PY17X_1421100"
"PVP01_1422000","PY17X_1421200"
"PVP01_1422100","PY17X_1421300"
"PVP01_1422200","PY17X_1421400"
"PVP01_1422300","PY17X_1421500"
"PVP01_1422400","PY17X_1421600"
"PVP01_1422500","PY17X_1421700"
"PVP01_1422600","PY17X_1421800"
"PVP01_1422700","PY17X_1421900"
"PVP01_1422800","PY17X_1422000"
"PVP01_1422900","PY17X_1422100"
"PVP01_1423100","PY17X_1422300"
"PVP01_1423200","PY17X_1422400"
"PVP01_1423400","PY17X_1422600"
"PVP01_1423500","PY17X_1422700"
"PVP01_1423600","PY17X_1422800"
"PVP01_1423700","PY17X_1422900"
"PVP01_1424100","PY17X_1423300"
"PVP01_1424200","PY17X_1423400"
"PVP01_1424400","PY17X_1423600"
"PVP01_1424500","PY17X_1423700"
"PVP01_1424600","PY17X_1423800"
"PVP01_1424700","PY17X_1423900"
"PVP01_1424800","PY17X_1424000"
"PVP01_1424900","PY17X_1424100"
"PVP01_1425000","PY17X_1424200"
"PVP01_1425100","PY17X_1424300"
"PVP01_1425200","PY17X_1424400"
"PVP01_1425300","PY17X_1424500"
"PVP01_1425400","PY17X_1424600"
"PVP01_1425500","PY17X_1424700"
"PVP01_1425700","PY17X_1424900"
"PVP01_1425800","PY17X_1425000"
"PVP01_1425900","PY17X_1425100"
"PVP01_1426000","PY17X_1425200"
"PVP01_1426100","PY17X_1425300"
"PVP01_1426200","PY17X_1425400"
"PVP01_1426300","PY17X_1425500"
"PVP01_1426400","PY17X_1425600"
"PVP01_1426500","PY17X_1425700"
"PVP01_1426700","PY17X_1425900"
"PVP01_1426800","PY17X_1426000"
"PVP01_1427000","PY17X_1426300"
"PVP01_1427100","PY17X_1426400"
"PVP01_1427300","PY17X_1426600"
"PVP01_1427400","PY17X_1426700"
"PVP01_1427500","PY17X_1426800"
"PVP01_1427600","PY17X_1426900"
"PVP01_1427700","PY17X_1427000"
"PVP01_1427800","PY17X_1427100"
"PVP01_1427900","PY17X_1427200"
"PVP01_1428000","PY17X_1427300"
"PVP01_1428100","PY17X_1427400"
"PVP01_1428200","PY17X_1427500"
"PVP01_1428300","PY17X_1427600"
"PVP01_1428400","PY17X_1427700"
"PVP01_1428500","PY17X_1427800"
"PVP01_1428600","PY17X_1427900"
"PVP01_1428700","PY17X_1428000"
"PVP01_1428800","PY17X_1428100"
"PVP01_1428900","PY17X_1428200"
"PVP01_1429000","PY17X_1428300"
"PVP01_1429100","PY17X_1428400"
"PVP01_1429200","PY17X_1428500"
"PVP01_1429300","PY17X_1428600"
"PVP01_1429400","PY17X_1428700"
"PVP01_1429500","PY17X_1428800"
"PVP01_1429600","PY17X_1428900"
"PVP01_1429700","PY17X_1429000"
"PVP01_1429800","PY17X_1429100"
"PVP01_1429900","PY17X_1429200"
"PVP01_1430000","PY17X_1429300"
"PVP01_1430100","PY17X_1429400"
"PVP01_1430200","PY17X_1429500"
"PVP01_1430300","PY17X_1429600"
"PVP01_1430600","PY17X_1429800"
"PVP01_1430800","PY17X_1430000"
"PVP01_1430900","PY17X_1430100"
"PVP01_1430950","PY17X_1430150"
"PVP01_1431100","PY17X_1430300"
"PVP01_1431200","PY17X_1430400"
"PVP01_1431300","PY17X_1430500"
"PVP01_1431400","PY17X_1430600"
"PVP01_1431500","PY17X_1430700"
"PVP01_1431600","PY17X_1430800"
"PVP01_1431700","PY17X_1430900"
"PVP01_1432000","PY17X_1431200"
"PVP01_1432100","PY17X_1431300"
"PVP01_1432200","PY17X_1431400"
"PVP01_1432300","PY17X_1431500"
"PVP01_1432400","PY17X_1431600"
"PVP01_1432500","PY17X_1431700"
"PVP01_1432600","PY17X_1431800"
"PVP01_1432700","PY17X_1431900"
"PVP01_1432800","PY17X_1432000"
"PVP01_1432900","PY17X_1432100"
"PVP01_1433000","PY17X_1432200"
"PVP01_1433100","PY17X_1432300"
"PVP01_1433200","PY17X_1432400"
"PVP01_1433300","PY17X_1432500"
"PVP01_1433400","PY17X_1432600"
"PVP01_1433500","PY17X_1432700"
"PVP01_1433600","PY17X_1432800"
"PVP01_1433700","PY17X_1432900"
"PVP01_1433800","PY17X_1433000"
"PVP01_1433900","PY17X_1433100"
"PVP01_1434000","PY17X_1433200"
"PVP01_1434100","PY17X_1433300"
"PVP01_1434300","PY17X_1433500"
"PVP01_1434400","PY17X_1433600"
"PVP01_1434600","PY17X_1433800"
"PVP01_1434700","PY17X_1433900"
"PVP01_1434800","PY17X_1434000"
"PVP01_1434900","PY17X_1434100"
"PVP01_1435000","PY17X_1434200"
"PVP01_1435100","PY17X_1434300"
"PVP01_1435200","PY17X_1434400"
"PVP01_1435300","PY17X_1434500"
"PVP01_1435400","PY17X_1434600"
"PVP01_1435500","PY17X_1434700"
"PVP01_1435700","PY17X_1434900"
"PVP01_1435800","PY17X_1435000"
"PVP01_1435900","PY17X_1435100"
"PVP01_1436000","PY17X_1435200"
"PVP01_1436100","PY17X_1435300"
"PVP01_1436200","PY17X_1435400"
"PVP01_1436300","PY17X_1435500"
"PVP01_1436400","PY17X_1435600"
"PVP01_1436500","PY17X_1435700"
"PVP01_1436600","PY17X_1435800"
"PVP01_1436700","PY17X_1435900"
"PVP01_1436800","PY17X_1436000"
"PVP01_1436900","PY17X_1436100"
"PVP01_1437100","PY17X_1436300"
"PVP01_1437200","PY17X_1436400"
"PVP01_1437300","PY17X_1436500"
"PVP01_1437400","PY17X_1436600"
"PVP01_1437500","PY17X_1436700"
"PVP01_1437600","PY17X_1436800"
"PVP01_1437700","PY17X_1436900"
"PVP01_1437900","PY17X_1437100"
"PVP01_1438000","PY17X_1437200"
"PVP01_1438100","PY17X_1437300"
"PVP01_1438200","PY17X_1437400"
"PVP01_1438300","PY17X_1437500"
"PVP01_1438400","PY17X_1437600"
"PVP01_1438500","PY17X_1437700"
"PVP01_1438600","PY17X_1437800"
"PVP01_1438700","PY17X_1437900"
"PVP01_1438800","PY17X_1438000"
"PVP01_1438900","PY17X_1438100"
"PVP01_1439000","PY17X_1438200"
"PVP01_1439100","PY17X_1438300"
"PVP01_1439200","PY17X_1438500"
"PVP01_1439300","PY17X_1438600"
"PVP01_1439400","PY17X_1438700"
"PVP01_1439500","PY17X_1438800"
"PVP01_1439600","PY17X_1438900"
"PVP01_1439700","PY17X_1439000"
"PVP01_1439800","PY17X_1439100"
"PVP01_1439900","PY17X_1439200"
"PVP01_1440000","PY17X_1439300"
"PVP01_1440100","PY17X_1439400"
"PVP01_1440200","PY17X_1439500"
"PVP01_1440400","PY17X_1439600"
"PVP01_1440500","PY17X_1439800"
"PVP01_1440700","PY17X_1439900"
"PVP01_1440900","PY17X_1440100"
"PVP01_1441000","PY17X_1440200"
"PVP01_1441100","PY17X_1440300"
"PVP01_1441200","PY17X_1440400"
"PVP01_1441300","PY17X_1440500"
"PVP01_1441400","PY17X_1440600"
"PVP01_1441500","PY17X_1440700"
"PVP01_1441600","PY17X_1440800"
"PVP01_1441800","PY17X_1441000"
"PVP01_1441900","PY17X_1441100"
"PVP01_1442000","PY17X_1441200"
"PVP01_1442100","PY17X_1441300"
"PVP01_1442200","PY17X_1441400"
"PVP01_1442300","PY17X_1441500"
"PVP01_1442400","PY17X_1441600"
"PVP01_1442500","PY17X_1441700"
"PVP01_1442600","PY17X_1441800"
"PVP01_1442700","PY17X_1441900"
"PVP01_1442800","PY17X_1442000"
"PVP01_1443000","PY17X_1442200"
"PVP01_1443100","PY17X_1442300"
"PVP01_1443300","PY17X_1442500"
"PVP01_1443400","PY17X_1442600"
"PVP01_1443500","PY17X_1442700"
"PVP01_1443600","PY17X_1442800"
"PVP01_1443700","PY17X_1442900"
"PVP01_1443800","PY17X_1443000"
"PVP01_1443900","PY17X_1443100"
"PVP01_1444000","PY17X_1443200"
"PVP01_1444100","PY17X_1443300"
"PVP01_1444200","PY17X_1443400"
"PVP01_1444300","PY17X_1443500"
"PVP01_1444500","PY17X_1443600"
"PVP01_1444600","PY17X_1443700"
"PVP01_1444700","PY17X_1443800"
"PVP01_1444800","PY17X_1443900"
"PVP01_1444900","PY17X_1444000"
"PVP01_1445000","PY17X_1444100"
"PVP01_1445100","PY17X_1444200"
"PVP01_1445200","PY17X_1444300"
"PVP01_1445400","PY17X_1444500"
"PVP01_1445900","PY17X_1444900"
"PVP01_1446000","PY17X_1445000"
"PVP01_1446100","PY17X_1445100"
"PVP01_1446200","PY17X_1445200"
"PVP01_1446300","PY17X_1445300"
"PVP01_1446400","PY17X_1445400"
"PVP01_1446500","PY17X_1445500"
"PVP01_1446600","PY17X_1445600"
"PVP01_1446700","PY17X_1445700"
"PVP01_1446900","PY17X_1445900"
"PVP01_1447100","PY17X_1446200"
"PVP01_1447200","PY17X_1446100"
"PVP01_1447300","PY17X_1446300"
"PVP01_1447500","PY17X_1446500"
"PVP01_1447600","PY17X_1446600"
"PVP01_1447800","PY17X_1446800"
"PVP01_1448000","PY17X_1447000"
"PVP01_1448100","PY17X_1447100"
"PVP01_1448200","PY17X_1447200"
"PVP01_1448300","PY17X_1447300"
"PVP01_1448400","PY17X_1447400"
"PVP01_1448500","PY17X_1447500"
"PVP01_1448600","PY17X_1447600"
"PVP01_1448700","PY17X_1447700"
"PVP01_1448800","PY17X_1447800"
"PVP01_1448900","PY17X_1447900"
"PVP01_1449000","PY17X_1448000"
"PVP01_1449100","PY17X_1448100"
"PVP01_1449300","PY17X_1448300"
"PVP01_1449400","PY17X_1448400"
"PVP01_1449500","PY17X_1448500"
"PVP01_1449600","PY17X_1448600"
"PVP01_1449700","PY17X_1448700"
"PVP01_1449800","PY17X_1448800"
"PVP01_1449900","PY17X_1448900"
"PVP01_1450100","PY17X_1449100"
"PVP01_1450200","PY17X_1449200"
"PVP01_1450300","PY17X_1449300"
"PVP01_1450400","PY17X_1449400"
"PVP01_1450500","PY17X_1449500"
"PVP01_1450600","PY17X_1449600"
"PVP01_1450700","PY17X_1449700"
"PVP01_1450800","PY17X_1449800"
"PVP01_1450900","PY17X_1449900"
"PVP01_1451000","PY17X_1450000"
"PVP01_1451100","PY17X_1450100"
"PVP01_1451200","PY17X_1450200"
"PVP01_1451300","PY17X_1450300"
"PVP01_1451500","PY17X_1450500"
"PVP01_1451600","PY17X_1450600"
"PVP01_1451700","PY17X_1450700"
"PVP01_1451800","PY17X_1450800"
"PVP01_1451900","PY17X_1450900"
"PVP01_1452000","PY17X_1451000"
"PVP01_1452100","PY17X_1451100"
"PVP01_1452300","PY17X_1451300"
"PVP01_1452400","PY17X_1451400"
"PVP01_1452500","PY17X_1451500"
"PVP01_1452600","PY17X_1451600"
"PVP01_1452700","PY17X_1451700"
"PVP01_1452800","PY17X_1451800"
"PVP01_1452900","PY17X_1451900"
"PVP01_1453000","PY17X_1452000"
"PVP01_1453100","PY17X_1452100"
"PVP01_1453200","PY17X_1452200"
"PVP01_1453300","PY17X_1452300"
"PVP01_1453400","PY17X_1452400"
"PVP01_1453500","PY17X_1452500"
"PVP01_1453600","PY17X_1452600"
"PVP01_1453700","PY17X_1452700"
"PVP01_1453800","PY17X_1452800"
"PVP01_1453900","PY17X_1452900"
"PVP01_1454000","PY17X_1453000"
"PVP01_1454100","PY17X_1453100"
"PVP01_1454200","PY17X_1453200"
"PVP01_1454300","PY17X_1453300"
"PVP01_1454400","PY17X_1453400"
"PVP01_1454500","PY17X_1453500"
"PVP01_1454600","PY17X_1453600"
"PVP01_1454700","PY17X_1453700"
"PVP01_1454750","PY17X_1453750"
"PVP01_1454800","PY17X_1453800"
"PVP01_1454900","PY17X_1453900"
"PVP01_1455000","PY17X_1454000"
"PVP01_1455100","PY17X_1454100"
"PVP01_1455300","PY17X_1454300"
"PVP01_1455400","PY17X_1454400"
"PVP01_1455500","PY17X_1454500"
"PVP01_1455700","PY17X_1454700"
"PVP01_1455800","PY17X_1454800"
"PVP01_1455900","PY17X_1454900"
"PVP01_1456200","PY17X_1455100"
"PVP01_1456300","PY17X_1455200"
"PVP01_1456400","PY17X_1455300"
"PVP01_1456500","PY17X_1455400"
"PVP01_1456600","PY17X_1455500"
"PVP01_1456700","PY17X_1455600"
"PVP01_1456900","PY17X_1455800"
"PVP01_1457000","PY17X_1455900"
"PVP01_1457100","PY17X_1456000"
"PVP01_1457200","PY17X_1456100"
"PVP01_1457400","PY17X_1456300"
"PVP01_1457500","PY17X_1456400"
"PVP01_1457600","PY17X_1456500"
"PVP01_1457800","PY17X_1456600"
"PVP01_1457900","PY17X_1456700"
"PVP01_1458000","PY17X_1456800"
"PVP01_1458100","PY17X_1456900"
"PVP01_1458200","PY17X_1457000"
"PVP01_1458400","PY17X_1457200"
"PVP01_1458700","PY17X_1457500"
"PVP01_1458800","PY17X_1457600"
"PVP01_1458900","PY17X_1457700"
"PVP01_1459000","PY17X_1457800"
"PVP01_1459100","PY17X_1457900"
"PVP01_1459200","PY17X_1458000"
"PVP01_1459300","PY17X_1458100"
"PVP01_1459400","PY17X_1458200"
"PVP01_1459500","PY17X_1458300"
"PVP01_1459600","PY17X_1458400"
"PVP01_1459700","PY17X_1458500"
"PVP01_1459800","PY17X_1458600"
"PVP01_1459900","PY17X_1458700"
"PVP01_1460000","PY17X_1458800"
"PVP01_1460100","PY17X_1458900"
"PVP01_1460200","PY17X_1459000"
"PVP01_1460300","PY17X_1459100"
"PVP01_1460400","PY17X_1459200"
"PVP01_1460600","PY17X_1459300"
"PVP01_1460700","PY17X_1459400"
"PVP01_1460800","PY17X_1459500"
"PVP01_1460900","PY17X_1459600"
"PVP01_1461000","PY17X_1459700"
"PVP01_1461100","PY17X_1459800"
"PVP01_1461200","PY17X_1459900"
"PVP01_1461300","PY17X_1460000"
"PVP01_1461600","PY17X_1460300"
"PVP01_1461700","PY17X_1460400"
"PVP01_1461800","PY17X_1460500"
"PVP01_1461900","PY17X_1460600"
"PVP01_1462000","PY17X_1460700"
"PVP01_1462100","PY17X_1460800"
"PVP01_1462200","PY17X_1460900"
"PVP01_1462300","PY17X_1461000"
"PVP01_1462400","PY17X_1461100"
"PVP01_1462500","PY17X_1461200"
"PVP01_1462600","PY17X_1461300"
"PVP01_1462700","PY17X_1461400"
"PVP01_1462800","PY17X_1461500"
"PVP01_1462900","PY17X_1461600"
"PVP01_1463000","PY17X_1461700"
"PVP01_1463100","PY17X_1461800"
"PVP01_1463200","PY17X_1461900"
"PVP01_1463400","PY17X_1462000"
"PVP01_1463500","PY17X_1462100"
"PVP01_1463600","PY17X_1462200"
"PVP01_1463700","PY17X_1462300"
"PVP01_1463800","PY17X_1462400"
"PVP01_1463900","PY17X_1462500"
"PVP01_1464000","PY17X_1462600"
"PVP01_1464200","PY17X_1462700"
"PVP01_1464300","PY17X_1462800"
"PVP01_1464400","PY17X_1462900"
"PVP01_1464500","PY17X_1463000"
"PVP01_1464600","PY17X_1463100"
"PVP01_1464700","PY17X_1463200"
"PVP01_1464900","PY17X_1463300"
"PVP01_1465000","PY17X_1463400"
"PVP01_1465100","PY17X_1463500"
"PVP01_1465200","PY17X_1463600"
"PVP01_1465300","PY17X_1463700"
"PVP01_1465400","PY17X_1463800"
"PVP01_1465500","PY17X_1463900"
"PVP01_1465600","PY17X_1464000"
"PVP01_1465700","PY17X_1464100"
"PVP01_1465900","PY17X_1464300"
"PVP01_1466000","PY17X_1464400"
"PVP01_1466100","PY17X_1464500"
"PVP01_1466200","PY17X_1464600"
"PVP01_1466300","PY17X_1464700"
"PVP01_1466400","PY17X_1464800"
"PVP01_1466500","PY17X_1464900"
"PVP01_1466600","PY17X_1465000"
"PVP01_1466700","PY17X_1465100"
"PVP01_1466800","PY17X_1465200"
"PVP01_1466900","PY17X_1465300"
"PVP01_1467000","PY17X_1465400"
"PVP01_1467100","PY17X_1465500"
"PVP01_1467200","PY17X_1465600"
"PVP01_1467300","PY17X_1465700"
"PVP01_1467400","PY17X_1465800"
"PVP01_1467500","PY17X_1465900"
"PVP01_1467600","PY17X_1466000"
"PVP01_1467700","PY17X_1466100"
"PVP01_1467800","PY17X_1466200"
"PVP01_1467900","PY17X_1466300"
"PVP01_1468000","PY17X_1466400"
"PVP01_1468100","PY17X_1466500"
"PVP01_1468200","PY17X_1466600"
"PVP01_1468300","PY17X_1466700"
"PVP01_1468400","PY17X_1466800"
"PVP01_1468600","PY17X_1467000"
"PVP01_1468800","PY17X_1467200"
"PVP01_1469200","PY17X_1467600"
"PVP01_API00200","PY17X_API03700"
"PVP01_API01200","PY17X_API03000"
"PVP01_API01300","PY17X_API02900"
"PVP01_API01400","PY17X_API02800"
"PVP01_API01500","PY17X_API02700"
"PVP01_API01600","PY17X_API02600"
"PVP01_API01700","PY17X_API02500"
"PVP01_API01800","PY17X_API02400"
"PVP01_API01900","PY17X_API02300"
"PVP01_API02000","PY17X_API02200"
"PVP01_API02100","PY17X_API02100"
"PVP01_API02200","PY17X_API02000"
"PVP01_API02300","PY17X_API01900"
"PVP01_API02400","PY17X_API01800"
"PVP01_API02500","PY17X_API01700"
"PVP01_API02600","PY17X_API01600"
"PVP01_API02700","PY17X_API01500"
"PVP01_API02800","PY17X_API01400"
"PVP01_API03400","PY17X_API01100"
"PVP01_API03500","PY17X_API01000"
"PVP01_API03700","PY17X_API00900"
"PVP01_API04000","PY17X_API00700"
"PVP01_API04100","PY17X_API00600"
"PVP01_API04200","PY17X_API00500"
"PVP01_API04300","PY17X_API00400"
"PVP01_API04400","PY17X_API00300"
"PVP01_API04600","PY17X_API00100"
"PVP01_MIT02700","PY17X_MIT00100"
"PVP01_MIT03300","PY17X_MIT00800"
"PVP01_MIT03400","PY17X_MIT00900"
