"Gene"	"p_viv_Cont176"	"p_viv_Cont177"	"p_viv_Cont179"	"p_viv_PI4K-181"	"p_viv_PI4K-182"	"p_viv_PI4K-183"
"PVP01_0000010"	0	0	0	0	0	0
"PVP01_0000020"	0	0	0	0	0	0
"PVP01_0000030"	0	3	0	0	0	0
"PVP01_0000040"	0	0	0	0	0	0
"PVP01_0000050"	0	0	0	0	0	0
"PVP01_0000060"	0	0	0	0	0	0
"PVP01_0000070"	0	2	0	0	0	0
"PVP01_0000080"	0	0	0	0	0	0
"PVP01_0000090"	0	0	0	0	0	0
"PVP01_0000100"	46	609	164	0	0	1
"PVP01_0000110"	3	2	1	0	0	0
"PVP01_0000120"	0	0	0	0	0	0
"PVP01_0000130"	12	160	9	0	0	0
"PVP01_0000140"	0	0	0	0	0	0
"PVP01_0000150"	0	1	0	0	0	0
"PVP01_0000160"	0	9	0	0	0	0
"PVP01_0000170"	0	10	0	0	0	0
"PVP01_0000180"	0	0	0	0	0	0
"PVP01_0000190"	5	63	4	0	0	0
"PVP01_0000200"	45	104	1	0	0	0
"PVP01_0000210"	0	0	0	0	0	0
"PVP01_0000220"	0	0	0	0	0	0
"PVP01_0000230"	0	0	0	0	0	0
"PVP01_0000240"	0	0	0	0	0	0
"PVP01_0000250"	0	0	0	0	0	0
"PVP01_0000260"	0	0	0	0	0	0
"PVP01_0000270"	0	0	0	0	0	0
"PVP01_0000280"	0	0	0	0	0	0
"PVP01_0000290"	0	0	0	0	0	0
"PVP01_0000300"	0	0	0	0	0	0
"PVP01_0000310"	0	0	0	0	0	0
"PVP01_0000320"	0	0	0	0	0	0
"PVP01_0000330"	0	0	0	0	0	0
"PVP01_0000340"	0	0	0	0	0	0
"PVP01_0000350"	0	0	0	0	0	0
"PVP01_0000360"	0	0	0	0	0	0
"PVP01_0000370"	0	0	0	0	0	0
"PVP01_0000380"	0	0	0	0	0	0
"PVP01_0000390"	0	1	0	0	0	0
"PVP01_0000400"	0	0	0	0	0	0
"PVP01_0000410"	0	0	0	0	0	0
"PVP01_0000420"	0	0	0	0	0	0
"PVP01_0000430"	0	0	0	0	0	0
"PVP01_0000440"	0	0	0	0	0	0
"PVP01_0000450"	0	0	0	0	0	0
"PVP01_0000460"	0	0	0	0	0	0
"PVP01_0000470"	0	0	0	0	0	0
"PVP01_0000480"	0	0	0	0	0	0
"PVP01_0000490"	0	0	0	0	0	0
"PVP01_0000500"	0	0	0	0	0	0
"PVP01_0000510"	0	0	0	0	0	0
"PVP01_0000520"	0	0	0	0	0	0
"PVP01_0000530"	0	0	0	0	0	0
"PVP01_0000540"	0	0	0	0	0	0
"PVP01_0000550"	0	0	0	0	0	0
"PVP01_0000560"	0	0	0	0	0	0
"PVP01_0000570"	0	0	0	0	0	0
"PVP01_0000580"	0	0	0	0	0	0
"PVP01_0000590"	0	0	0	0	0	0
"PVP01_0000600"	0	0	0	0	0	0
"PVP01_0000610"	0	0	0	0	0	0
"PVP01_0000620"	0	0	0	0	0	0
"PVP01_0000630"	0	0	0	0	0	0
"PVP01_0000640"	0	0	0	0	0	0
"PVP01_0000650"	0	0	0	0	0	0
"PVP01_0000660"	0	0	0	0	0	0
"PVP01_0000670"	0	0	0	0	0	0
"PVP01_0000680"	0	0	0	0	0	0
"PVP01_0000690"	0	0	0	0	0	0
"PVP01_0000700"	0	0	0	0	0	0
"PVP01_0000710"	0	0	0	0	0	0
"PVP01_0000720"	0	0	0	0	0	0
"PVP01_0000730"	0	0	0	0	0	0
"PVP01_0000740"	0	0	0	0	0	0
"PVP01_0000750"	0	0	0	0	0	0
"PVP01_0000760"	0	0	0	0	0	0
"PVP01_0000770"	0	0	0	0	0	0
"PVP01_0000780"	0	0	0	0	0	0
"PVP01_0000790"	0	0	0	0	0	0
"PVP01_0000800"	0	0	0	0	0	0
"PVP01_0000810"	0	0	0	0	0	0
"PVP01_0000820"	0	0	0	0	0	0
"PVP01_0000830"	0	0	0	0	0	0
"PVP01_0000840"	0	0	0	0	0	0
"PVP01_0000850"	0	0	0	0	0	0
"PVP01_0000860"	0	0	0	0	0	0
"PVP01_0000870"	0	0	0	0	0	0
"PVP01_0000880"	0	0	0	0	0	0
"PVP01_0000890"	0	0	0	0	0	0
"PVP01_0000900"	0	0	0	0	0	0
"PVP01_0000910"	0	0	0	0	0	0
"PVP01_0000920"	0	0	0	0	0	0
"PVP01_0000930"	0	0	0	0	0	0
"PVP01_0000940"	0	0	0	0	0	0
"PVP01_0000950"	0	0	0	0	0	0
"PVP01_0000960"	0	0	0	0	0	0
"PVP01_0000970"	0	0	0	0	0	0
"PVP01_0000980"	0	0	0	0	0	0
"PVP01_0000990"	0	0	0	0	0	0
"PVP01_0001000"	0	0	0	0	0	0
"PVP01_0001010"	0	0	0	0	0	0
"PVP01_0001020"	0	0	0	0	0	0
"PVP01_0001030"	0	0	0	0	0	0
"PVP01_0001040"	0	0	0	0	0	0
"PVP01_0001050"	0	0	0	0	0	0
"PVP01_0001060"	0	0	0	0	0	0
"PVP01_0001070"	0	0	0	0	0	0
"PVP01_0001080"	0	0	0	0	0	0
"PVP01_0001090"	0	0	0	0	0	0
"PVP01_0001100"	0	0	0	0	0	0
"PVP01_0001110"	0	0	0	0	0	0
"PVP01_0001120"	0	0	0	0	0	0
"PVP01_0001130"	0	0	0	0	0	0
"PVP01_0001140"	0	0	0	0	0	0
"PVP01_0001150"	0	0	0	0	0	0
"PVP01_0001160"	0	0	0	0	0	0
"PVP01_0001170"	0	0	0	0	0	0
"PVP01_0001180"	0	0	0	0	0	0
"PVP01_0001190"	0	0	0	0	0	0
"PVP01_0001200"	0	0	0	0	0	0
"PVP01_0001210"	0	0	0	0	0	0
"PVP01_0001220"	0	0	0	0	0	0
"PVP01_0001230"	0	0	0	0	0	0
"PVP01_0001240"	0	0	0	0	0	0
"PVP01_0001250"	0	0	0	0	0	0
"PVP01_0001260"	0	0	0	0	0	0
"PVP01_0001270"	0	0	0	0	0	0
"PVP01_0001280"	0	0	0	0	0	0
"PVP01_0001290"	0	0	0	0	0	0
"PVP01_0001300"	0	0	0	0	0	0
"PVP01_0001310"	0	0	0	0	0	0
"PVP01_0001320"	0	0	0	0	0	0
"PVP01_0001330"	0	0	0	0	0	0
"PVP01_0001340"	0	0	0	0	0	0
"PVP01_0001350"	0	0	0	0	0	0
"PVP01_0001360"	0	0	0	0	0	0
"PVP01_0001370"	0	0	0	0	0	0
"PVP01_0001380"	0	0	0	0	0	0
"PVP01_0001390"	0	0	0	0	0	0
"PVP01_0001400"	0	0	0	0	0	0
"PVP01_0001410"	0	0	0	0	0	0
"PVP01_0001420"	0	0	0	0	0	0
"PVP01_0001430"	31	436	42	0	0	29
"PVP01_0001440"	137	347	0	0	0	0
"PVP01_0001450"	0	0	0	0	0	0
"PVP01_0001460"	0	0	0	0	0	0
"PVP01_0001470"	0	0	0	0	0	0
"PVP01_0001480"	0	0	0	0	0	0
"PVP01_0001490"	0	0	0	0	0	0
"PVP01_0001500"	0	0	0	0	0	0
"PVP01_0001510"	0	0	0	0	0	0
"PVP01_0001520"	0	0	0	0	0	0
"PVP01_0001530"	0	0	0	0	0	0
"PVP01_0001540"	0	0	0	0	0	0
"PVP01_0001550"	0	0	0	0	0	0
"PVP01_0001560"	0	0	0	0	0	0
"PVP01_0001570"	0	0	0	0	0	0
"PVP01_0001580"	0	0	0	0	0	0
"PVP01_0001590"	0	0	0	0	0	0
"PVP01_0001600"	0	0	0	0	0	0
"PVP01_0001610"	0	0	0	0	0	0
"PVP01_0001620"	0	0	0	0	0	0
"PVP01_0001630"	0	0	0	0	0	0
"PVP01_0001640"	0	0	0	0	0	0
"PVP01_0001650"	0	0	0	0	0	0
"PVP01_0001660"	0	0	0	0	0	0
"PVP01_0001670"	0	0	0	0	0	0
"PVP01_0001680"	0	0	0	0	0	0
"PVP01_0001690"	0	0	0	0	0	0
"PVP01_0001700"	0	0	0	0	0	0
"PVP01_0001710"	0	0	0	0	0	0
"PVP01_0001720"	0	0	0	0	0	0
"PVP01_0001730"	0	0	0	0	0	0
"PVP01_0001740"	0	0	0	0	0	0
"PVP01_0001750"	0	0	0	0	0	0
"PVP01_0001760"	0	0	0	0	0	0
"PVP01_0001770"	0	0	0	0	0	0
"PVP01_0001780"	0	0	0	0	0	0
"PVP01_0001790"	0	0	0	0	0	0
"PVP01_0001800"	0	0	0	0	0	0
"PVP01_0001810"	0	0	0	0	0	0
"PVP01_0001820"	0	0	0	0	0	0
"PVP01_0001830"	0	0	0	0	0	0
"PVP01_0001840"	0	0	0	0	0	0
"PVP01_0001850"	0	0	0	0	0	0
"PVP01_0001860"	0	0	0	0	0	0
"PVP01_0001870"	0	0	0	0	0	0
"PVP01_0001880"	0	0	0	0	0	0
"PVP01_0001890"	0	0	0	0	0	0
"PVP01_0001900"	0	0	0	0	0	0
"PVP01_0001910"	0	0	0	0	0	0
"PVP01_0001920"	0	0	0	0	0	0
"PVP01_0001930"	0	0	0	0	0	0
"PVP01_0001940"	0	0	0	0	0	0
"PVP01_0001950"	0	0	0	0	0	0
"PVP01_0001960"	0	0	0	0	0	0
"PVP01_0001970"	0	0	0	0	0	0
"PVP01_0001980"	0	0	0	0	0	0
"PVP01_0001990"	0	0	0	0	0	0
"PVP01_0002000"	0	0	0	0	0	0
"PVP01_0002010"	0	0	0	0	0	0
"PVP01_0002020"	0	0	0	0	0	0
"PVP01_0002030"	0	0	0	0	0	0
"PVP01_0002040"	0	0	0	0	0	0
"PVP01_0002050"	0	0	0	0	0	0
"PVP01_0002060"	0	0	0	0	0	0
"PVP01_0002070"	0	0	0	0	0	0
"PVP01_0002080"	0	0	0	0	0	0
"PVP01_0002090"	3	10	2	0	0	0
"PVP01_0002100"	0	0	0	0	0	0
"PVP01_0002110"	0	0	0	0	0	0
"PVP01_0002120"	0	0	0	0	0	0
"PVP01_0002130"	0	0	0	0	0	0
"PVP01_0002140"	0	10	0	0	0	0
"PVP01_0002150"	0	0	0	0	0	0
"PVP01_0002160"	0	0	0	0	0	0
"PVP01_0002170"	0	0	0	0	0	0
"PVP01_0002180"	0	2	0	0	0	0
"PVP01_0002190"	0	0	0	0	0	0
"PVP01_0002200"	0	0	0	0	0	0
"PVP01_0002210"	0	0	0	0	0	0
"PVP01_0002220"	0	0	0	0	0	0
"PVP01_0002230"	0	0	0	0	0	0
"PVP01_0002240"	0	1	0	0	0	0
"PVP01_0002250"	0	0	0	0	0	0
"PVP01_0002260"	0	0	0	0	0	0
"PVP01_0002270"	0	0	0	0	0	0
"PVP01_0002280"	0	0	0	0	0	0
"PVP01_0002290"	0	0	0	0	0	0
"PVP01_0002300"	0	0	0	0	0	0
"PVP01_0002310"	0	0	0	0	0	0
"PVP01_0002320"	0	0	0	0	0	0
"PVP01_0002330"	0	1	0	0	0	0
"PVP01_0002340"	0	0	0	0	0	0
"PVP01_0002350"	0	0	0	0	0	0
"PVP01_0002360"	0	0	0	0	0	0
"PVP01_0002370"	0	0	0	0	0	0
"PVP01_0002380"	0	0	0	0	0	0
"PVP01_0002390"	0	0	0	0	0	0
"PVP01_0002400"	0	0	0	0	0	0
"PVP01_0002410"	0	0	0	0	0	0
"PVP01_0002420"	0	0	0	0	0	0
"PVP01_0002430"	0	0	0	0	0	0
"PVP01_0002440"	0	0	0	0	0	0
"PVP01_0002450"	0	0	0	0	0	0
"PVP01_0002460"	0	0	0	0	0	0
"PVP01_0002470"	0	0	0	0	0	0
"PVP01_0002480"	0	0	0	0	0	0
"PVP01_0002490"	0	0	0	0	0	0
"PVP01_0002500"	0	0	0	0	0	0
"PVP01_0002510"	0	0	0	0	0	0
"PVP01_0002520"	0	0	0	0	0	0
"PVP01_0002530"	0	0	0	0	0	0
"PVP01_0002540"	0	0	0	0	0	0
"PVP01_0002550"	0	0	0	0	0	0
"PVP01_0002560"	0	0	0	0	0	0
"PVP01_0002570"	0	0	0	0	0	0
"PVP01_0002580"	0	0	0	0	0	0
"PVP01_0002590"	0	0	0	0	0	0
"PVP01_0002600"	0	0	0	0	0	0
"PVP01_0002610"	0	0	0	0	0	0
"PVP01_0002620"	0	0	0	0	0	0
"PVP01_0002630"	0	0	0	0	0	0
"PVP01_0002640"	0	0	0	0	0	0
"PVP01_0002650"	0	0	0	0	0	0
"PVP01_0002660"	0	0	0	0	0	0
"PVP01_0002670"	0	0	0	0	0	0
"PVP01_0002680"	0	0	0	0	0	0
"PVP01_0002690"	0	0	0	0	0	0
"PVP01_0002700"	0	0	0	0	0	0
"PVP01_0002710"	0	0	0	0	0	0
"PVP01_0002720"	0	0	0	0	0	0
"PVP01_0002730"	0	0	0	0	0	0
"PVP01_0002740"	0	0	0	0	0	0
"PVP01_0002750"	0	0	0	0	0	0
"PVP01_0002760"	0	0	0	0	0	0
"PVP01_0002770"	0	0	0	0	0	0
"PVP01_0002780"	0	0	0	0	0	0
"PVP01_0002790"	0	0	0	0	0	0
"PVP01_0002800"	0	0	0	0	0	0
"PVP01_0002810"	0	0	0	0	0	0
"PVP01_0002820"	0	0	0	0	0	0
"PVP01_0002830"	0	0	0	0	0	0
"PVP01_0002840"	0	0	0	0	0	0
"PVP01_0002850"	0	0	0	0	0	0
"PVP01_0002860"	0	0	0	0	0	0
"PVP01_0002870"	0	0	0	0	0	0
"PVP01_0002880"	0	0	0	0	0	0
"PVP01_0002890"	0	0	0	0	0	0
"PVP01_0002900"	0	0	0	0	0	0
"PVP01_0002910"	0	0	0	0	0	0
"PVP01_0002920"	0	0	0	0	0	0
"PVP01_0002930"	0	0	0	0	0	0
"PVP01_0002940"	0	0	0	0	0	0
"PVP01_0002950"	0	0	0	0	0	0
"PVP01_0002960"	0	0	0	0	0	0
"PVP01_0002970"	0	0	0	0	0	0
"PVP01_0002980"	0	0	0	0	0	0
"PVP01_0002990"	0	0	0	0	0	0
"PVP01_0003000"	0	0	0	0	0	0
"PVP01_0003010"	0	0	0	0	0	0
"PVP01_0003020"	0	0	0	0	0	0
"PVP01_0003030"	0	0	0	0	0	0
"PVP01_0003040"	0	0	0	0	0	0
"PVP01_0003050"	0	0	0	0	0	0
"PVP01_0003060"	0	0	0	0	0	0
"PVP01_0003070"	0	0	0	0	0	0
"PVP01_0003080"	0	0	0	0	0	0
"PVP01_0003090"	0	0	0	0	0	0
"PVP01_0003100"	0	0	0	0	0	0
"PVP01_0003110"	0	0	0	0	0	0
"PVP01_0003120"	0	0	0	0	0	0
"PVP01_0003130"	0	0	0	0	0	0
"PVP01_0003140"	0	0	0	0	0	0
"PVP01_0003150"	0	3.135	8	0	0	0
"PVP01_0003160"	0	0	0	0	0	0
"PVP01_0003170"	0	0	0	0	0	0
"PVP01_0003180"	0	0	0	0	0	0
"PVP01_0003190"	0	0	0	0	0	0
"PVP01_0003200"	0	0	0	0	0	0
"PVP01_0003210"	0	0	0	0	0	0
"PVP01_0003220"	0	0	0	0	0	0
"PVP01_0003230"	0	0	0	0	0	0
"PVP01_0003240"	0	0	0	0	0	0
"PVP01_0003250"	0	0	0	0	0	0
"PVP01_0003260"	0	0	0	0	0	0
"PVP01_0003270"	0	0	0	0	0	0
"PVP01_0003280"	0	0	0	0	0	0
"PVP01_0003290"	0	0	0	0	0	0
"PVP01_0003300"	0	0	0	0	0	0
"PVP01_0003310"	0	0	0	0	0	0
"PVP01_0003320"	0	0	0	0	0	0
"PVP01_0003330"	0	0	0	0	0	0
"PVP01_0003340"	0	0	0	0	0	0
"PVP01_0003350"	0	0	0	0	0	0
"PVP01_0003360"	0	0	0	0	0	0
"PVP01_0003370"	0	0	0	0	0	0
"PVP01_0003380"	0	0	0	0	0	0
"PVP01_0003390"	0	0	0	0	0	0
"PVP01_0003400"	0	0	0	0	0	0
"PVP01_0003410"	0	0	0	0	0	0
"PVP01_0003420"	0	0	0	0	0	0
"PVP01_0003430"	0	0	0	0	0	0
"PVP01_0003440"	0	0	0	0	0	0
"PVP01_0003450"	0	0	0	0	0	0
"PVP01_0003460"	0	0	0	0	0	0
"PVP01_0003470"	0	0	0	0	0	0
"PVP01_0003480"	0	0	0	0	0	0
"PVP01_0003490"	0	0	0	0	0	0
"PVP01_0003500"	0	0	0	0	0	0
"PVP01_0003510"	0	0	0	0	0	0
"PVP01_0003520"	0	0	0	0	0	0
"PVP01_0003530"	0	0	0	0	0	0
"PVP01_0003540"	0	0	0	0	0	0
"PVP01_0003550"	0	0	0	0	0	0
"PVP01_0003560"	0	0	0	0	0	0
"PVP01_0003570"	0	0	0	0	0	0
"PVP01_0003580"	0	0	0	0	0	0
"PVP01_0003590"	0	0	0	0	0	0
"PVP01_0003600"	0	0	0	0	0	0
"PVP01_0003610"	0	0	0	0	0	0
"PVP01_0003620"	0	0	0	0	0	0
"PVP01_0003630"	0	0	0	0	0	0
"PVP01_0003640"	0	0	0	0	0	0
"PVP01_0003650"	0	0	0	0	0	0
"PVP01_0003660"	0	0	0	0	0	0
"PVP01_0003670"	0	0	0	0	0	0
"PVP01_0003680"	0	0	0	0	0	0
"PVP01_0003690"	0	0	0	0	0	0
"PVP01_0003700"	0	0	0	0	0	0
"PVP01_0003710"	0	0	0	0	0	0
"PVP01_0003720"	0	0	0	0	0	0
"PVP01_0003730"	0	0	0	0	0	0
"PVP01_0003740"	0	0	0	0	0	0
"PVP01_0003750"	0	0	0	0	0	0
"PVP01_0003760"	0	0	0	0	0	0
"PVP01_0003770"	0	0	0	0	0	0
"PVP01_0003780"	0	0	0	0	0	0
"PVP01_0003790"	0	0	0	0	0	0
"PVP01_0003800"	0	0	0	0	0	0
"PVP01_0003810"	0	0	0	0	0	0
"PVP01_0003820"	0	0	0	0	0	0
"PVP01_0003830"	0	0	0	0	0	0
"PVP01_0003840"	0	0	0	0	0	0
"PVP01_0003850"	0	0	0	0	0	0
"PVP01_0003860"	0	0	0	0	0	0
"PVP01_0003870"	0	0	0	0	0	0
"PVP01_0003880"	0	0	0	0	0	0
"PVP01_0003890"	0	0	0	0	0	0
"PVP01_0003900"	0	0	0	0	0	0
"PVP01_0003910"	0	0	0	0	0	0
"PVP01_0003920"	0	0	0	0	0	0
"PVP01_0003930"	0	0	0	0	0	0
"PVP01_0003940"	0	0	0	0	0	0
"PVP01_0003950"	0	0	0	0	0	0
"PVP01_0003960"	0	0	0	0	0	0
"PVP01_0003970"	0	0	0	0	0	0
"PVP01_0003980"	0	0	0	0	0	0
"PVP01_0003990"	0	0	0	0	0	0
"PVP01_0004000"	0	0	0	0	0	0
"PVP01_0004010"	0	0	0	0	0	0
"PVP01_0004020"	0	0	0	0	0	0
"PVP01_0004030"	0	0	0	0	0	0
"PVP01_0004040"	0	0	0	0	0	0
"PVP01_0004050"	0	0	0	0	0	0
"PVP01_0004060"	0	0	0	0	0	0
"PVP01_0004070"	0	0	0	0	0	0
"PVP01_0004080"	0	0	0	0	0	0
"PVP01_0004090"	0	0	0	0	0	0
"PVP01_0004100"	0	0	0	0	0	0
"PVP01_0004110"	0	0	0	0	0	0
"PVP01_0004120"	0	0	0	0	0	0
"PVP01_0004130"	0	0	0	0	0	0
"PVP01_0004140"	0	0	0	0	0	0
"PVP01_0004150"	0	0	0	0	0	0
"PVP01_0004160"	0	0	0	0	0	0
"PVP01_0004170"	0	0	0	0	0	0
"PVP01_0004180"	0	0	0	0	0	0
"PVP01_0004190"	0	0	0	0	0	0
"PVP01_0004200"	0	0	0	0	0	0
"PVP01_0004210"	93	192	3	0	0	0
"PVP01_0004220"	111	468	13	36	0	0
"PVP01_0004230"	279	1589	405	42	1	0
"PVP01_0004240"	0	3	0	0	0	0
"PVP01_0004250"	5	49	1	0	0	0
"PVP01_0004260"	0	0	0	0	0	0
"PVP01_0004270"	0	0	0	0	0	0
"PVP01_0004275"	0	4	1	0	0	0
"PVP01_0004280"	0	2	0	0	0	0
"PVP01_0004290"	4	5	0	0	0	0
"PVP01_0004300"	9	38	1	0	0	0
"PVP01_0004310"	0	2	0	0	0	0
"PVP01_0004320"	0	0	0	0	0	0
"PVP01_0004330"	0	1	0	0	0	0
"PVP01_0004340"	0	0	0	0	0	0
"PVP01_0004350"	1	5	3	0	0	0
"PVP01_0004360"	0	0	0	0	0	0
"PVP01_0004370"	0	0	0	0	0	0
"PVP01_0004380"	0	9	0	0	0	0
"PVP01_0004390"	2	54	1	0	0	0
"PVP01_0004400"	23	173	34	0	0	0
"PVP01_0004410"	1	3	0	0	0	0
"PVP01_0004420"	0	0	0	0	0	0
"PVP01_0004430"	0	0	0	0	0	0
"PVP01_0004440"	0	0	0	0	0	0
"PVP01_0004450"	0	0	0	0	0	0
"PVP01_0004460"	0	0	0	0	0	0
"PVP01_0004470"	0	0	0	0	0	0
"PVP01_0004480"	0	0	0	0	0	0
"PVP01_0004490"	0	0	0	0	0	0
"PVP01_0004500"	0	0	0	0	0	0
"PVP01_0004510"	0	0	0	0	0	0
"PVP01_0004520"	0	0	0	0	0	0
"PVP01_0004530"	0	0	0	0	0	0
"PVP01_0004540"	0	0	0	0	0	0
"PVP01_0004550"	0	0	0	0	0	0
"PVP01_0004560"	0	0	0	0	0	0
"PVP01_0004570"	0	0	0	0	0	0
"PVP01_0004580"	0	0	0	0	0	0
"PVP01_0004590"	0	0	0	0	0	0
"PVP01_0004600"	0	0	0	0	0	0
"PVP01_0004610"	0	0	0	0	0	0
"PVP01_0004620"	0	0	0	0	0	0
"PVP01_0004630"	0	0	0	0	0	0
"PVP01_0004640"	0	0	0	0	0	0
"PVP01_0004650"	0	0	0	0	0	0
"PVP01_0004660"	0	0	0	0	0	0
"PVP01_0004670"	0	0	0	0	0	0
"PVP01_0004680"	0	0	0	0	0	0
"PVP01_0004690"	0	0	0	0	0	0
"PVP01_0004700"	0	0	0	0	0	0
"PVP01_0004710"	0	0	0	0	0	0
"PVP01_0004720"	0	0	0	0	0	0
"PVP01_0004730"	0	0	0	0	0	0
"PVP01_0004740"	0	0	0	0	0	0
"PVP01_0004750"	0	0	0	0	0	0
"PVP01_0004760"	0	0	0	0	0	0
"PVP01_0004770"	0	0	0	0	0	0
"PVP01_0004780"	0	0	0	0	0	0
"PVP01_0004790"	0	0	0	0	0	0
"PVP01_0004800"	0	0	0	0	0	0
"PVP01_0004810"	0	0	0	0	0	0
"PVP01_0004820"	0	0	0	0	0	0
"PVP01_0004830"	0	0	0	0	0	0
"PVP01_0004840"	0	0	0	0	0	0
"PVP01_0004850"	0	0	0	0	0	0
"PVP01_0004860"	0	0	0	0	0	0
"PVP01_0004870"	0	0	0	0	0	0
"PVP01_0004880"	0	0	0	0	0	0
"PVP01_0004890"	0	0	0	0	0	0
"PVP01_0004900"	0	0	0	0	0	0
"PVP01_0004910"	0	0	0	0	0	0
"PVP01_0004920"	0	0	0	0	0	0
"PVP01_0004930"	0	0	0	0	0	0
"PVP01_0004940"	0	0	0	0	0	0
"PVP01_0004950"	0	0	0	0	0	0
"PVP01_0004960"	0	0	0	0	0	0
"PVP01_0004970"	0	0	0	0	0	0
"PVP01_0004980"	0	0	0	0	0	0
"PVP01_0004990"	0	0	0	0	0	0
"PVP01_0005000"	0	2	0	0	0	0
"PVP01_0005010"	0	0	0	0	0	0
"PVP01_0005020"	0	0	0	0	0	0
"PVP01_0005030"	0	0	0	0	0	0
"PVP01_0005040"	0	0	0	0	0	0
"PVP01_0005050"	0	0	0	0	0	0
"PVP01_0005060"	0	0	0	0	0	0
"PVP01_0005070"	0	0	0	0	0	0
"PVP01_0005080"	0	0	0	0	0	0
"PVP01_0005090"	0	0	0	0	0	0
"PVP01_0005100"	0	0	0	0	0	0
"PVP01_0005110"	0	0	0	0	0	0
"PVP01_0005120"	0	0	0	0	0	0
"PVP01_0005130"	0	0	0	0	0	0
"PVP01_0005140"	0	0	0	0	0	0
"PVP01_0005150"	0	0	0	0	0	0
"PVP01_0005160"	1	1	0	0	0	0
"PVP01_0005170"	0	4	1	0	0	0
"PVP01_0005180"	0	0	0	0	0	0
"PVP01_0005190"	0	0	0	0	0	0
"PVP01_0005200"	0	0	0	0	0	0
"PVP01_0005210"	0	0	0	0	0	0
"PVP01_0005220"	0	0	0	0	0	0
"PVP01_0005230"	0	0	0	0	0	0
"PVP01_0005240"	0	0	0	0	0	0
"PVP01_0005250"	0	0	0	0	0	0
"PVP01_0005260"	0	0	0	0	0	0
"PVP01_0005270"	0	0	0	0	0	0
"PVP01_0005280"	0	0	0	0	0	0
"PVP01_0005290"	0	0	0	0	0	0
"PVP01_0005300"	0	0	0	0	0	0
"PVP01_0005310"	0	0	0	0	0	0
"PVP01_0005320"	0	0	0	0	0	0
"PVP01_0005330"	0	0	0	0	0	0
"PVP01_0005340"	0	0	0	0	0	0
"PVP01_0005350"	0	0	0	0	0	0
"PVP01_0005360"	0	0	0	0	0	0
"PVP01_0005370"	0	0	0	0	0	0
"PVP01_0005380"	0	0	0	0	0	0
"PVP01_0005390"	0	0	0	0	0	0
"PVP01_0005400"	0	0	0	0	0	0
"PVP01_0005410"	0	0	0	0	0	0
"PVP01_0005420"	0	0	0	0	0	0
"PVP01_0005430"	0	0	0	0	0	0
"PVP01_0005440"	0	0	0	0	0	0
"PVP01_0005450"	0	0	0	0	0	0
"PVP01_0005460"	0	0	0	0	0	0
"PVP01_0005470"	0	0	0	0	0	0
"PVP01_0005480"	0	0	0	0	0	0
"PVP01_0005490"	0	0	0	0	0	0
"PVP01_0005500"	0	0	0	0	0	0
"PVP01_0005510"	0	0	0	0	0	0
"PVP01_0005520"	0	0	0	0	0	0
"PVP01_0005530"	0	0	0	0	0	0
"PVP01_0005540"	0	0	0	0	0	0
"PVP01_0005550"	0	0	0	0	0	0
"PVP01_0005560"	0	0	0	0	0	0
"PVP01_0005570"	0	0	0	0	0	0
"PVP01_0005580"	0	0	0	0	0	0
"PVP01_0005590"	0	0	0	0	0	0
"PVP01_0005600"	0	0	0	0	0	0
"PVP01_0005610"	0	0	0	0	0	0
"PVP01_0005620"	0	0	0	0	0	0
"PVP01_0005630"	0	0	0	0	0	0
"PVP01_0005640"	0	0	0	0	0	0
"PVP01_0005650"	0	0	0	0	0	0
"PVP01_0005660"	0	0	0	0	0	0
"PVP01_0005670"	0	0	0	0	0	0
"PVP01_0005680"	0	0	0	0	0	0
"PVP01_0005690"	0	0	0	0	0	0
"PVP01_0005700"	0	0	0	0	0	0
"PVP01_0005710"	0	0	0	0	0	0
"PVP01_0005720"	0	0	0	0	0	0
"PVP01_0005730"	0	0	0	0	0	0
"PVP01_0005740"	0	0	0	0	0	0
"PVP01_0005750"	0	0	0	0	0	0
"PVP01_0005760"	0	0	0	0	0	0
"PVP01_0005770"	0	0	0	0	0	0
"PVP01_0005780"	0	0	0	0	0	0
"PVP01_0005790"	0	0	0	0	0	0
"PVP01_0005800"	0	0	0	0	0	0
"PVP01_0005810"	0	0	0	0	0	0
"PVP01_0005820"	0	3	2	0	0	0
"PVP01_0005825"	0	0	0	0	0	0
"PVP01_0005830"	0	0	0	0	0	0
"PVP01_0005840"	0	0	0	0	0	0
"PVP01_0005850"	0	0	0	0	0	0
"PVP01_0005860"	0	0	0	0	0	0
"PVP01_0005870"	0	0	0	0	0	0
"PVP01_0005880"	0	0	0	0	0	0
"PVP01_0005890"	0	0	0	0	0	0
"PVP01_0005900"	0	0	0	0	0	0
"PVP01_0005910"	0	0	0	0	0	0
"PVP01_0005920"	0	0	0	0	0	0
"PVP01_0005930"	0	0	0	0	0	0
"PVP01_0005940"	0	0	0	0	0	0
"PVP01_0005950"	0	3.973	0	0	0	0
"PVP01_0005960"	0	0	0	0	0	0
"PVP01_0005970"	0	0	0	0	0	0
"PVP01_0005980"	0	0	0	0	0	0
"PVP01_0005990"	0	0	0	0	0	0
"PVP01_0006000"	0	0	0	0	0	0
"PVP01_0006010"	0	0	0	0	0	0
"PVP01_0006020"	0	0	0	0	0	0
"PVP01_0006030"	0	0	0	0	0	0
"PVP01_0006040"	0	0	0	0	0	0
"PVP01_0006050"	0	0	0	0	0	0
"PVP01_0006060"	0	0	0	0	0	0
"PVP01_0006070"	0	0	0	0	0	0
"PVP01_0006080"	0	0	0	0	0	0
"PVP01_0006090"	0	0	0	0	0	0
"PVP01_0006100"	0	0	0	0	0	0
"PVP01_0006110"	0	0	0	0	0	0
"PVP01_0006120"	0	0	0	0	0	0
"PVP01_0006130"	0	0	0	0	0	0
"PVP01_0006140"	0	0	0	0	0	0
"PVP01_0006150"	0	0	0	0	0	0
"PVP01_0006160"	0	0	0	0	0	0
"PVP01_0006170"	0	0	0	0	0	0
"PVP01_0006180"	0	0	0	0	0	0
"PVP01_0006190"	0	0	0	0	0	0
"PVP01_0006200"	0	0	0	0	0	0
"PVP01_0006210"	0	0	0	0	0	0
"PVP01_0006220"	0	0	0	0	0	0
"PVP01_0006230"	0	0	0	0	0	0
"PVP01_0006240"	0	0	0	0	0	0
"PVP01_0006250"	0	0	0	0	0	0
"PVP01_0006260"	0	0	0	0	0	0
"PVP01_0006270"	0	0	1	0	0	0
"PVP01_0006280"	0	0	0	0	0	0
"PVP01_0006290"	0	0	0	0	0	0
"PVP01_0006300"	0	0	0	0	0	0
"PVP01_0006310"	0	0	0	0	0	0
"PVP01_0006320"	0	0	0	0	0	0
"PVP01_0006330"	0	0	0	0	0	0
"PVP01_0006340"	0	0	0	0	0	0
"PVP01_0006350"	0	0	0	0	0	0
"PVP01_0006360"	0	0	0	0	0	0
"PVP01_0006370"	0	0	0	0	0	0
"PVP01_0006380"	0	0	0	0	0	0
"PVP01_0006390"	0	0	0	0	0	0
"PVP01_0006400"	0	0	0	0	0	0
"PVP01_0006410"	0	0	0	0	0	0
"PVP01_0006420"	0	0	0	0	0	0
"PVP01_0006430"	0	0	0	0	0	0
"PVP01_0006440"	0	0	0	0	0	0
"PVP01_0006450"	0	0	0	0	0	0
"PVP01_0006460"	0	0	0	0	0	0
"PVP01_0006470"	0	0	0	0	0	0
"PVP01_0006480"	0	0	0	0	0	0
"PVP01_0006490"	0	0	0	0	0	0
"PVP01_0006500"	0	0	0	0	0	0
"PVP01_0006510"	0	0	0	0	0	0
"PVP01_0006520"	0	0	0	0	0	0
"PVP01_0006530"	0	0	0	0	0	0
"PVP01_0006540"	0	0	0	0	0	0
"PVP01_0006550"	0	0	0	0	0	0
"PVP01_0006560"	0	0	0	0	0	0
"PVP01_0006570"	0	0	0	0	0	0
"PVP01_0006580"	0	0	0	0	0	0
"PVP01_0006590"	0	0	0	0	0	0
"PVP01_0006600"	0	0	0	0	0	0
"PVP01_0006610"	0	0	0	0	0	0
"PVP01_0006620"	0	0	0	0	0	0
"PVP01_0006630"	0	0	0	0	0	0
"PVP01_0006640"	0	0	0	0	0	0
"PVP01_0006650"	0	0	0	0	0	0
"PVP01_0006660"	0	0	0	0	0	0
"PVP01_0006670"	0	0	0	0	0	0
"PVP01_0006680"	0	0	0	0	0	0
"PVP01_0006690"	0	0	0	0	0	0
"PVP01_0006700"	0	0	0	0	0	0
"PVP01_0006710"	0	0	0	0	0	0
"PVP01_0006720"	0	0	0	0	0	0
"PVP01_0006730"	0	0	0	0	0	0
"PVP01_0006740"	0	0	0	0	0	0
"PVP01_0006750"	0	0	0	0	0	0
"PVP01_0006760"	0	0	0	0	0	0
"PVP01_0006770"	0	5.026	0	0	0	0
"PVP01_0006780"	0	0	0	0	0	0
"PVP01_0006790"	0	0	0	0	0	0
"PVP01_0006800"	0	0	0	0	0	0
"PVP01_0006810"	0	0	0	0	0	0
"PVP01_0006820"	0	0	0	0	0	0
"PVP01_0006830"	0	0	0	0	0	0
"PVP01_0006840"	0	0	0	0	0	0
"PVP01_0006850"	0	0	0	0	0	0
"PVP01_0006860"	0	0	0	0	0	0
"PVP01_0006870"	0	0	0	0	0	0
"PVP01_0006880"	0	0	0	0	0	0
"PVP01_0006890"	0	0	0	0	0	0
"PVP01_0006900"	0	0	0	0	0	0
"PVP01_0006910"	0	0	0	0	0	0
"PVP01_0006920"	0	0	0	0	0	0
"PVP01_0006930"	0	0	0	0	0	0
"PVP01_0006940"	0	0	0	0	0	0
"PVP01_0006950"	0	0	0	0	0	0
"PVP01_0006960"	0	0	0	0	0	0
"PVP01_0006970"	0	0	0	0	0	0
"PVP01_0006980"	0	0	0	0	0	0
"PVP01_0006990"	0	0	0	0	0	0
"PVP01_0007000"	0	0	0	0	0	0
"PVP01_0007010"	0	0	0	0	0	0
"PVP01_0007020"	0	0	0	0	0	0
"PVP01_0007030"	0	0	0	0	0	0
"PVP01_0007040"	0	0	0	0	0	0
"PVP01_0007050"	0	0	0	0	0	0
"PVP01_0007060"	0	0	0	0	0	0
"PVP01_0007070"	0	0	0	0	0	0
"PVP01_0007080"	1	0	0	0	0	0
"PVP01_0007090"	0	0	0	0	0	0
"PVP01_0007100"	0	0	0	0	0	0
"PVP01_0007110"	0	0	0	0	0	0
"PVP01_0007120"	0	0	0	0	0	0
"PVP01_0007130"	0	0	0	0	0	0
"PVP01_0007140"	0	0	0	0	0	0
"PVP01_0007150"	0	0	0	0	0	0
"PVP01_0007160"	0	0	0	0	0	0
"PVP01_0007170"	0	0	0	0	0	0
"PVP01_0007180"	0	0	0	0	0	0
"PVP01_0007190"	0	0	0	0	0	0
"PVP01_0007200"	0	0	0	0	0	0
"PVP01_0007210"	0	0	0	0	0	0
"PVP01_0007220"	0	1	0	0	0	0
"PVP01_0007230"	0	0	0	0	0	0
"PVP01_0007240"	0	0	0	0	0	0
"PVP01_0007250"	0	0	0	0	0	0
"PVP01_0007260"	0	0	0	0	0	0
"PVP01_0007270"	0	0	0	0	0	0
"PVP01_0007280"	0	0	0	0	0	0
"PVP01_0007290"	0	4	0	0	0	0
"PVP01_0007300"	0	0	0	0	0	0
"PVP01_0007310"	0	0	0	0	0	0
"PVP01_0007320"	0	0	0	0	0	0
"PVP01_0007330"	0	0	0	0	0	0
"PVP01_0007340"	0	0	0	0	0	0
"PVP01_0007350"	0	0	0	0	0	0
"PVP01_0007360"	0	0	0	0	0	0
"PVP01_0007370"	0	0	0	0	0	0
"PVP01_0007380"	0	0	0	0	0	0
"PVP01_0007390"	0	0	0	0	0	0
"PVP01_0007400"	0	0	0	0	0	0
"PVP01_0007410"	0	0	0	0	0	0
"PVP01_0007420"	0	0	0	0	0	0
"PVP01_0007430"	0	0	0	0	0	0
"PVP01_0007440"	0	0	0	0	0	0
"PVP01_0007450"	0	0	0	0	0	0
"PVP01_0007460"	0	0	0	0	0	0
"PVP01_0007470"	0	0	0	0	0	0
"PVP01_0007480"	0	0	0	0	0	0
"PVP01_0007490"	0	0	0	0	0	0
"PVP01_0007500"	0	0	0	0	0	0
"PVP01_0007510"	0	0	0	0	0	0
"PVP01_0007520"	0	0	0	0	0	0
"PVP01_0007530"	0	0	0	0	0	0
"PVP01_0007540"	0	0	0	0	0	0
"PVP01_0007550"	0	0	0	0	0	0
"PVP01_0007560"	0	0	0	0	0	0
"PVP01_0007570"	0	0	0	0	0	0
"PVP01_0007580"	0	0	0	0	0	0
"PVP01_0007590"	0	0	0	0	0	0
"PVP01_0007600"	0	0	0	0	0	0
"PVP01_0007610"	0	0	0	0	0	0
"PVP01_0007620"	0	0	0	0	0	0
"PVP01_0007630"	0	0	0	0	0	0
"PVP01_0007640"	0	0	0	0	0	0
"PVP01_0007650"	0	1	2	0	0	0
"PVP01_0007660"	0	0	0	0	0	0
"PVP01_0007670"	0	0	0	0	0	0
"PVP01_0007680"	0	0	0	0	0	0
"PVP01_0007690"	0	0	0	0	0	0
"PVP01_0007700"	0	0	0	0	0	0
"PVP01_0007710"	0	0	0	0	0	0
"PVP01_0007720"	0	0	0	0	0	0
"PVP01_0007730"	0	0	0	0	0	0
"PVP01_0007740"	0	0	0	0	0	0
"PVP01_0007750"	0	0	0	0	0	0
"PVP01_0007760"	0	0	0	0	0	0
"PVP01_0007770"	0	0	0	0	0	0
"PVP01_0007780"	0	0	0	0	0	0
"PVP01_0007790"	0	0	0	0	0	0
"PVP01_0007800"	0	0	0	0	0	0
"PVP01_0007810"	0	0	0	0	0	0
"PVP01_0007820"	0	0	0	0	0	0
"PVP01_0007830"	0	0	0	0	0	0
"PVP01_0007840"	0	0	0	0	0	0
"PVP01_0007850"	0	0	0	0	0	0
"PVP01_0007860"	0	0	0	0	0	0
"PVP01_0007870"	0	0	0	0	0	0
"PVP01_0007880"	0	0	0	0	0	0
"PVP01_0007890"	0	0	0	0	0	0
"PVP01_0007900"	0	0	0	0	0	0
"PVP01_0007910"	0	0	0	0	0	0
"PVP01_0007920"	0	0	0	0	0	0
"PVP01_0007930"	0	0	0	0	0	0
"PVP01_0007940"	0	0	0	0	0	0
"PVP01_0007950"	0	0	0	0	0	0
"PVP01_0007960"	0	0	0	0	0	0
"PVP01_0007970"	0	0	0	0	0	0
"PVP01_0007980"	0	0	0	0	0	0
"PVP01_0007990"	0	0	0	0	0	0
"PVP01_0008000"	0	0	0	0	0	0
"PVP01_0008010"	0	0	0	0	0	0
"PVP01_0008020"	0	0	0	0	0	0
"PVP01_0008030"	1	0	0	0	0	0
"PVP01_0008040"	0	0	0	0	0	0
"PVP01_0008050"	0	0	0	0	0	0
"PVP01_0008060"	0	0	0	0	0	0
"PVP01_0008070"	0	0	0	0	0	0
"PVP01_0008080"	0	0	0	0	0	0
"PVP01_0008090"	0	1	0	0	0	0
"PVP01_0008100"	0	0	0	0	0	0
"PVP01_0008110"	0	0	0	0	0	0
"PVP01_0008120"	0	0	0	0	0	0
"PVP01_0008130"	0	0	0	0	0	0
"PVP01_0008140"	0	0	0	0	0	0
"PVP01_0008150"	0	0	0	0	0	0
"PVP01_0008160"	0	0	0	0	0	0
"PVP01_0008170"	0	0	0	0	0	0
"PVP01_0008180"	0	0	0	0	0	0
"PVP01_0008190"	0	0	0	0	0	0
"PVP01_0008200"	0	0	0	0	0	0
"PVP01_0008210"	0	0	0	0	0	0
"PVP01_0008220"	0	0	0	0	0	0
"PVP01_0008230"	0	0	0	0	0	0
"PVP01_0008240"	0	0	0	0	0	0
"PVP01_0008250"	0	0	0	0	0	0
"PVP01_0008260"	0	0	0	0	0	0
"PVP01_0008270"	0	0	0	0	0	0
"PVP01_0008280"	0	0	0	0	0	0
"PVP01_0008290"	0	0	0	0	0	0
"PVP01_0008300"	0	0	0	0	0	0
"PVP01_0008310"	0	0	0	0	0	0
"PVP01_0008320"	0	0	0	0	0	0
"PVP01_0008330"	0	0	0	0	0	0
"PVP01_0008340"	0	0	0	0	0	0
"PVP01_0008350"	0	0	0	0	0	0
"PVP01_0008360"	0	0	0	0	0	0
"PVP01_0008370"	0	0	0	0	0	0
"PVP01_0008380"	0	0	0	0	0	0
"PVP01_0008390"	0	0	0	0	0	0
"PVP01_0008400"	0	0	0	0	0	0
"PVP01_0008410"	0	0	0	0	0	0
"PVP01_0008420"	0	0	0	0	0	0
"PVP01_0008430"	0	0	0	0	0	0
"PVP01_0008440"	0	0	0	0	0	0
"PVP01_0008450"	0	0	0	0	0	0
"PVP01_0008460"	0	0	0	0	0	0
"PVP01_0008470"	0	0	0	0	0	0
"PVP01_0008480"	0	0	0	0	0	0
"PVP01_0008490"	0	0	0	0	0	0
"PVP01_0008500"	0	0	0	0	0	0
"PVP01_0008510"	0	0	0	0	0	0
"PVP01_0008520"	0	0	0	0	0	0
"PVP01_0008530"	0	0	0	0	0	0
"PVP01_0008540"	0	0	0	0	0	0
"PVP01_0008550"	0	0	0	0	0	0
"PVP01_0008560"	0	0	0	0	0	0
"PVP01_0008570"	0	0	0	0	0	0
"PVP01_0008580"	0	0	0	0	0	0
"PVP01_0008590"	0	0	0	0	0	0
"PVP01_0008600"	0	0	0	0	0	0
"PVP01_0008610"	0	0	0	0	0	0
"PVP01_0008620"	0	0	0	0	0	0
"PVP01_0008630"	0	0	0	0	0	0
"PVP01_0008640"	0	0	0	0	0	0
"PVP01_0008650"	0	0	0	0	0	0
"PVP01_0008660"	0	0	0	0	0	0
"PVP01_0008670"	0	0	0	0	0	0
"PVP01_0008680"	0	0	0	0	0	0
"PVP01_0008690"	0	0	0	0	0	0
"PVP01_0008700"	0	0	0	0	0	0
"PVP01_0008710"	0	0	0	0	0	0
"PVP01_0008720"	0	0	0	0	0	0
"PVP01_0008730"	0	0	0	0	0	0
"PVP01_0008740"	0	0	0	0	0	0
"PVP01_0008750"	0	0	0	0	0	0
"PVP01_0008770"	0	0	0	0	0	0
"PVP01_0008780"	0	0	0	0	0	0
"PVP01_0008790"	0	0	0	0	0	0
"PVP01_0008800"	0	0	0	0	0	0
"PVP01_0008810"	0	0	0	0	0	0
"PVP01_0008820"	0	0	0	0	0	0
"PVP01_0008830"	0	0	0	0	0	0
"PVP01_0008840"	0	0	0	0	0	0
"PVP01_0008850"	0	0	0	0	0	0
"PVP01_0008860"	0	0	0	0	0	0
"PVP01_0008870"	0	0	0	0	0	0
"PVP01_0008880"	0	0	0	0	0	0
"PVP01_0008890"	0	0	0	0	0	0
"PVP01_0008900"	0	0	0	0	0	0
"PVP01_0008910"	0	0	0	0	0	0
"PVP01_0008920"	0	0	0	0	0	0
"PVP01_0008930"	0	0	0	0	0	0
"PVP01_0008940"	0	0	0	0	0	0
"PVP01_0008950"	0	0	0	0	0	0
"PVP01_0008960"	0	0	0	0	0	0
"PVP01_0008970"	0	0	0	0	0	0
"PVP01_0008980"	0	0	0	0	0	0
"PVP01_0008990"	0	0	0	0	0	0
"PVP01_0009000"	0	0	0	0	0	0
"PVP01_0009010"	0	0	0	0	0	0
"PVP01_0009020"	0	0	0	0	0	0
"PVP01_0009030"	0	0	0	0	0	0
"PVP01_0009040"	0	0	0	0	0	0
"PVP01_0009050"	0	1	1	0	0	0
"PVP01_0009060"	0	0	0	0	0	0
"PVP01_0009070"	0	0	0	0	0	0
"PVP01_0009080"	0	0	0	0	0	0
"PVP01_0009090"	0	0	0	0	0	0
"PVP01_0009100"	0	0	0	0	0	0
"PVP01_0009110"	0	0	0	0	0	0
"PVP01_0009120"	0	0	0	0	0	0
"PVP01_0009130"	0	0	0	0	0	0
"PVP01_0009140"	0	0	0	0	0	0
"PVP01_0009150"	0	0	0	0	0	0
"PVP01_0009160"	0	0	0	0	0	0
"PVP01_0009170"	0	0	0	0	0	0
"PVP01_0009180"	13	95	8	0	0	0
"PVP01_0009190"	0	0	0	0	0	0
"PVP01_0009200"	0	0	0	0	0	0
"PVP01_0009210"	0	1	0	0	0	0
"PVP01_0009220"	0	0	0	0	0	0
"PVP01_0009230"	0	0	0	0	0	0
"PVP01_0009240"	0	0	0	0	0	0
"PVP01_0009250"	0	0	0	0	0	0
"PVP01_0009260"	0	0	0	0	0	0
"PVP01_0009270"	0	0	0	0	0	0
"PVP01_0009280"	0	0	0	0	0	0
"PVP01_0009290"	0	0	0	0	0	0
"PVP01_0009300"	0	0	0	0	0	0
"PVP01_0009310"	0	0	0	0	0	0
"PVP01_0009320"	0	0	0	0	0	0
"PVP01_0009330"	0	0	0	0	0	0
"PVP01_0009340"	0	0	0	0	0	0
"PVP01_0009350"	0	0	0	0	0	0
"PVP01_0009360"	0	0	0	0	0	0
"PVP01_0009370"	0	0	0	0	0	0
"PVP01_0009380"	0	0	0	0	0	0
"PVP01_0009390"	0	0	0	0	0	0
"PVP01_0009400"	0	0	0	0	0	0
"PVP01_0009410"	0	0	0	0	0	0
"PVP01_0009420"	0	5	5	0	0	0
"PVP01_0009430"	1	4	1	0	0	0
"PVP01_0009440"	0	0	0	0	0	0
"PVP01_0009450"	0	0	0	0	0	0
"PVP01_0009460"	0	2	0	0	0	0
"PVP01_0009470"	0	0	0	0	0	0
"PVP01_0009480"	0	0	0	0	0	0
"PVP01_0009490"	0	0	0	0	0	0
"PVP01_0009500"	0	0	0	0	0	0
"PVP01_0009510"	0	0	0	0	0	0
"PVP01_0009520"	0	0	0	0	0	0
"PVP01_0009530"	0	0	0	0	4	0
"PVP01_0009540"	0	0	0	0	0	0
"PVP01_0009550"	0	0	0	0	0	0
"PVP01_0009560"	0	0	0	0	0	0
"PVP01_0009570"	0	0	0	0	0	0
"PVP01_0009580"	0	0	0	0	0	0
"PVP01_0009590"	0	0	0	0	0	0
"PVP01_0009600"	0	0	0	0	0	0
"PVP01_0009610"	0	0	0	0	0	0
"PVP01_0009620"	0	0	0	0	0	0
"PVP01_0009630"	0	0	0	0	0	0
"PVP01_0009640"	0	0	0	0	0	0
"PVP01_0009650"	0	0	0	0	0	0
"PVP01_0009660"	0	0	0	0	0	0
"PVP01_0009670"	0	1	0	0	0	0
"PVP01_0009680"	0	0	0	0	0	0
"PVP01_0009690"	0	0	0	0	0	0
"PVP01_0009700"	0	0	0	0	0	0
"PVP01_0009710"	0	0	0	0	0	0
"PVP01_0009720"	0	0	0	0	0	0
"PVP01_0009730"	0	0	0	0	0	0
"PVP01_0009740"	0	0	0	0	0	0
"PVP01_0009750"	0	0	0	0	0	0
"PVP01_0009760"	0	0	0	0	0	0
"PVP01_0009770"	0	0	0	0	0	0
"PVP01_0009780"	0	0	0	0	0	0
"PVP01_0009790"	0	0	0	0	0	0
"PVP01_0009800"	0	0	0	0	0	0
"PVP01_0009810"	0	0	0	0	0	0
"PVP01_0009820"	0	0	0	0	0	0
"PVP01_0009830"	0	0	0	0	0	0
"PVP01_0009840"	0	0	0	0	0	0
"PVP01_0009850"	0	0	0	0	0	0
"PVP01_0009860"	0	0	0	0	0	0
"PVP01_0009870"	0	0	0	0	0	0
"PVP01_0009880"	0	0	0	0	0	0
"PVP01_0009890"	0	0	0	0	0	0
"PVP01_0009900"	0	0	0	0	0	0
"PVP01_0009910"	0	0	0	0	0	0
"PVP01_0009920"	0	0	0	0	0	0
"PVP01_0009930"	0	0	0	0	0	0
"PVP01_0009940"	0	0	0	0	0	0
"PVP01_0009950"	0	1	0	0	0	0
"PVP01_0009960"	0	0	0	0	0	0
"PVP01_0009970"	0	0	0	0	0	0
"PVP01_0009980"	0	6	0	0	0	0
"PVP01_0009990"	0	0	0	0	0	0
"PVP01_0010000"	0	0	0	0	0	0
"PVP01_0010010"	0	0	0	0	0	0
"PVP01_0010020"	0	2	0	0	0	0
"PVP01_0010030"	0	0	0	0	0	0
"PVP01_0010040"	0	0	0	0	0	0
"PVP01_0010050"	0	0	0	0	0	0
"PVP01_0010060"	1	1	0	0	0	0
"PVP01_0010070"	0	6	1	0	0	0
"PVP01_0010080"	0	0	0	0	0	0
"PVP01_0010090"	0	0	0	0	0	0
"PVP01_0010100"	0	28.001	2	0	0	0
"PVP01_0010110"	0	0	0	0	0	0
"PVP01_0010120"	0	0	0	0	0	0
"PVP01_0010130"	0	0	0	0	0	0
"PVP01_0010140"	0	0	0	0	0	0
"PVP01_0010150"	0	0	0	0	0	0
"PVP01_0010160"	0	0	0	0	0	0
"PVP01_0010170"	0	0	0	0	0	0
"PVP01_0010180"	0	0	0	0	0	0
"PVP01_0010190"	0	0	0	0	0	0
"PVP01_0010200"	14.139	230.951	100.963	0	0	0
"PVP01_0010210"	0	0	0	0	0	0
"PVP01_0010220"	2	25.841	17.015	0	0	0
"PVP01_0010230"	0	0	0	0	0	0
"PVP01_0010240"	1	4	1	0	0	0
"PVP01_0010250"	0	0	0	0	0	0
"PVP01_0010260"	0	0	0	0	0	0
"PVP01_0010270"	0	0	0	0	0	0
"PVP01_0010280"	0	0	0	0	0	0
"PVP01_0010290"	0	0	0	0	0	0
"PVP01_0010300"	0	0	0	0	0	0
"PVP01_0010310"	0	0	0	0	0	0
"PVP01_0010320"	0	0	0	0	0	0
"PVP01_0010330"	0	0	0	0	0	0
"PVP01_0010340"	0	0	0	0	0	0
"PVP01_0010350"	0	0	0	0	0	0
"PVP01_0010360"	0	0	0	0	0	0
"PVP01_0010370"	0	0	0	0	0	0
"PVP01_0010380"	0	2	1	0	0	0
"PVP01_0010390"	0	0	0	0	0	0
"PVP01_0010400"	0	0	0	0	0	0
"PVP01_0010410"	0	0	0	0	0	0
"PVP01_0010420"	0	0	0	0	0	0
"PVP01_0010430"	0	0	0	0	0	0
"PVP01_0010440"	0	0	0	0	0	0
"PVP01_0010450"	0	0	0	0	0	0
"PVP01_0010460"	0	0	0	0	0	0
"PVP01_0010470"	0	14	0	0	0	0
"PVP01_0010480"	0	0	0	0	0	0
"PVP01_0010490"	0	0	0	0	0	0
"PVP01_0010500"	0	0	0	0	0	0
"PVP01_0010510"	0	0	0	0	0	0
"PVP01_0010520"	0	0	0	0	0	0
"PVP01_0010530"	0	0	0	0	0	0
"PVP01_0010540"	0	0	0	0	0	0
"PVP01_0010550"	2	1	0	39	109	33
"PVP01_0010560"	0	0	0	0	0	0
"PVP01_0010570"	0	0	0	0	0	0
"PVP01_0010580"	0	0	0	0	0	0
"PVP01_0010590"	0	0	0	0	0	0
"PVP01_0010600"	0	0	0	0	0	0
"PVP01_0010610"	0	0	0	0	0	0
"PVP01_0010620"	0	0	0	0	0	0
"PVP01_0010630"	0	0	0	0	0	0
"PVP01_0010640"	0	0	0	0	0	0
"PVP01_0010650"	0	0	0	0	0	0
"PVP01_0010660"	0	0	0	0	0	0
"PVP01_0010670"	3	18	3	0	0	0
"PVP01_0010680"	0	0	0	0	0	0
"PVP01_0010690"	0	6	0	0	0	0
"PVP01_0010700"	0	0	0	0	0	0
"PVP01_0010710"	0	0	0	0	0	0
"PVP01_0010720"	0	0	0	0	0	0
"PVP01_0010730"	0	0	0	0	0	0
"PVP01_0010740"	0	0	0	0	0	0
"PVP01_0010750"	0	0	0	0	0	0
"PVP01_0010760"	0	0	0	0	0	0
"PVP01_0010770"	0	0	0	0	0	0
"PVP01_0010780"	0	0	0	0	0	0
"PVP01_0010790"	0	0	0	0	0	0
"PVP01_0010800"	0	0	0	0	0	0
"PVP01_0010810"	0	0	0	0	0	0
"PVP01_0010820"	0	0	0	0	0	0
"PVP01_0010830"	0	0	0	0	0	0
"PVP01_0010840"	3.518	60.612	13	18	6	0
"PVP01_0010850"	0	9	0	0	0	0
"PVP01_0010860"	0	0	0	0	0	0
"PVP01_0010870"	15.664	110.88	15.962	0	0	0
"PVP01_0010880"	0	0	0	0	0	0
"PVP01_0010890"	0	0	0	0	0	0
"PVP01_0010900"	0	0	0	0	0	0
"PVP01_0010910"	0	0	0	0	0	0
"PVP01_0010920"	0	0	0	0	0	0
"PVP01_0010930"	0	0	0	0	0	0
"PVP01_0010940"	0	0	0	0	0	0
"PVP01_0010950"	0	0	0	0	0	0
"PVP01_0010960"	0	0	10.933	0	0	0
"PVP01_0010970"	15	70.304	19.781	0	73	45.63
"PVP01_0010980"	0	0	0	0	0	0
"PVP01_0010990"	10	253	83	0	0	0
"PVP01_0011000"	0	0	0	0	0	0
"PVP01_0011010"	0	0	0	0	0	0
"PVP01_0011020"	2.619	20.867	16.486	0	0	0
"PVP01_0011030"	0	0	0	0	0	0
"PVP01_0011040"	0	0	0	0	0	0
"PVP01_0011050"	0	0	0	0	0	0
"PVP01_0011060"	0	0	0	0	0	0
"PVP01_0011070"	0	0	0	0	0	0
"PVP01_0011080"	0	0	0	0	0	0
"PVP01_0011090"	0	0	0	0	0	0
"PVP01_0011100"	0	0	0	0	0	0
"PVP01_0011110"	0	0	0	0	0	0
"PVP01_0011120"	0	0	0	0	0	0
"PVP01_0011130"	0	0	0	0	0	0
"PVP01_0011140"	0	0	0	0	0	0
"PVP01_0011150"	0	0	0	0	0	0
"PVP01_0011160"	0	0	0	0	0	0
"PVP01_0100100"	0	0	0	0	0	0
"PVP01_0100200"	0	0	0	0	0	0
"PVP01_0100300"	0	0	0	0	0	0
"PVP01_0100400"	0	0	0	0	0	0
"PVP01_0100500"	0	0	0	0	0	0
"PVP01_0100600"	0	0	0	0	0	0
"PVP01_0100700"	0	0	0	0	0	0
"PVP01_0100800"	0	0	0	0	0	0
"PVP01_0100900"	0	0	0	0	0	0
"PVP01_0101000"	0	0	0	0	0	0
"PVP01_0101100"	0	0	0	0	0	0
"PVP01_0101200"	0	0	0	0	0	0
"PVP01_0101300"	0	0	0	0	0	0
"PVP01_0101400"	0	0	0	0	0	0
"PVP01_0101500"	0	0	0	0	0	0
"PVP01_0101600"	0	0	0	0	0	0
"PVP01_0101700"	0	0	0	0	0	0
"PVP01_0101800"	0	0	0	0	0	0
"PVP01_0101900"	0	0	0	0	0	0
"PVP01_0102000"	0	0	0	0	0	0
"PVP01_0102100"	0	0	0	0	0	0
"PVP01_0102200"	0	2	0	0	0	0
"PVP01_0102300"	1	3	0	0	0	0
"PVP01_0102400"	0	0	0	0	0	0
"PVP01_0102500"	10	117	25	12	0	0
"PVP01_0102600"	2	54	13	0	0	0
"PVP01_0102700"	0	3	4	0	0	0
"PVP01_0102800"	0	4	3	0	0	0
"PVP01_0102900"	0	0	0	0	0	0
"PVP01_0103000"	0	0	0	0	0	0
"PVP01_0103100"	30	164	35	8	0	0
"PVP01_0103200"	118	635	141	54	5	93
"PVP01_0103300"	68	424	84	37	0	19
"PVP01_0103400"	126	755	165	51	35	1
"PVP01_0103500"	72	326	47	0	1	0
"PVP01_0103600"	17	185	37	0	0	19
"PVP01_0103700"	1368	7367	1448	826	309	244
"PVP01_0103800"	74	386	131	81	12	0
"PVP01_0103900"	57	188	26	0	0	0
"PVP01_0104000"	83	414	60	0	0	84
"PVP01_0104100"	414	2651	547	406	19	76
"PVP01_0104200"	153	837	172	52	58	98
"PVP01_0104300"	396	2862	1339	11	62	30
"PVP01_0104400"	30	253	88	9	0	0
"PVP01_0104500"	166	1372	704	26	0	3
"PVP01_0104600"	76	623	208	48	0	11
"PVP01_0104700"	21	180	260	0	0	0
"PVP01_0104800"	378	3400	955	150	61	93
"PVP01_0104900"	61	534	67	26	0	8
"PVP01_0105000"	49	602	126	12	0	0
"PVP01_0105100"	3	41	9	0	0	12
"PVP01_0105200"	60	410	94	0	0	0
"PVP01_0105300"	15	212	87	75	0	92
"PVP01_0105400"	54	330	74	0	0	5
"PVP01_0105500"	19	121	30	0	0	10
"PVP01_0105600"	118	954	217	7	51	0
"PVP01_0105700"	554	4741	1348	136	138	321
"PVP01_0105800"	30	216	48	0	0	0
"PVP01_0105900"	124	505	107	12	6	0
"PVP01_0106000"	0	1	0	0	0	0
"PVP01_0106100"	374	1586	364	65	12	0
"PVP01_0106200"	397	2361	429	33	53	232
"PVP01_0106300"	112	1035	176	57	23	0
"PVP01_0106400"	2	24	1	0	0	0
"PVP01_0106500"	109	1297	58	0	0	0
"PVP01_0106600"	290	1141	353	29	35	0
"PVP01_0106700"	302	2130	415	334.924	165	90
"PVP01_0106800"	23	119	26	34	19	0
"PVP01_0106900"	6	72	9	0	0	0
"PVP01_0107000"	0	0	0	0	0	0
"PVP01_0107100"	0	0	0	0	0	0
"PVP01_0107200"	0	0	0	0	0	0
"PVP01_0107300"	0	0	0	0	0	0
"PVP01_0107400"	47	403	83	48	0	0
"PVP01_0107500"	238	4775	2847	34	0	0
"PVP01_0107600"	21	211	32	0	0	0
"PVP01_0107700"	150	630	89	37	31	1
"PVP01_0107800"	44	166	39	15	35	21
"PVP01_0107900"	88	979	150	22	0	0
"PVP01_0108000"	79	505	78	132	0	0
"PVP01_0108100"	34	234	39	41	0	5
"PVP01_0108200"	75	782	44	17	0	0
"PVP01_0108300"	12	170	8	0	0	0
"PVP01_0108400"	70	336	79	63	34	45
"PVP01_0108500"	4	36	7	12	0	0
"PVP01_0108600"	37	142	38	49	15	1
"PVP01_0108700"	3073	23090	3464	574	320	101
"PVP01_0108800"	18	168	46	0	0	0
"PVP01_0108900"	18	92	22	0	0	0
"PVP01_0109000"	82	546	127	33	6	46
"PVP01_0109100"	413	2313	528	108	54	291
"PVP01_0109200"	23	119	26	17	0	4
"PVP01_0109300"	398	2937	117	1	0	0
"PVP01_0109400"	118	874	128	18	33	172
"PVP01_0109500"	24	99	31	0	0	0
"PVP01_0109600"	63	457	90	50	4	31
"PVP01_0109700"	7	50	19	44	0	0
"PVP01_0109800"	13	113	16	0	0	0
"PVP01_0109900"	21	201	49	50	0	0
"PVP01_0110000"	193	1478	272	83	38	1
"PVP01_0110100"	78	959	114	43	0	1
"PVP01_0110200"	7	72	22	0	0	0
"PVP01_0110300"	81	714	116	76	3	0
"PVP01_0110400"	74	529	130	29	11	15
"PVP01_0110500"	23	153	50	0	0	0
"PVP01_0110600"	34	347	99	7	0	0
"PVP01_0110700"	13	64	8	0	0	0
"PVP01_0110800"	29	138	34	0	0	0
"PVP01_0110900"	4	30	10	0	0	0
"PVP01_0111000"	74	468	145	0	0	0
"PVP01_0111100"	4	34	8	0	0	0
"PVP01_0111200"	9	42	7	7	0	0
"PVP01_0111300"	16	49	6	0	0	0
"PVP01_0111400"	32	258	46	47	0	15
"PVP01_0111500"	28	226	13	0	0	0
"PVP01_0111600"	15	98	23	52	0	0
"PVP01_0111700"	7	62	20	0	0	0
"PVP01_0111800"	18	63	20	0	0	0
"PVP01_0111900"	48	435	165	23	37	65
"PVP01_0111950"	5	19	8	0	0	0
"PVP01_0112000"	31	240	87	19	0	0
"PVP01_0112100"	108	654	145	21	1	45
"PVP01_0112200"	256	2425	29	33	0	0
"PVP01_0112300"	33	175	36	31	0	19
"PVP01_0112400"	20	182	31	35	0	0
"PVP01_0112500"	49	259	70	24	0	0
"PVP01_0112600"	102	809	192	22	0	0
"PVP01_0112700"	2	103	82	26	0	6
"PVP01_0112800"	23	267	49	0	0	0
"PVP01_0112900"	73	347	72	52	19	0
"PVP01_0113000"	17	95	17	33	0	1
"PVP01_0113100"	21	163	28	0	7	0
"PVP01_0113200"	2	44	1	4	0	0
"PVP01_0113300"	26	77	27	0	0	18
"PVP01_0113400"	15	73	14	3	0	0
"PVP01_0113500"	36	243	40	38	0	0
"PVP01_0113600"	233	2252	544	9	32	28
"PVP01_0113700"	46	378	96	10	53	5
"PVP01_0113800"	43	345	66	31	23	18
"PVP01_0113900"	36	306	36	0	0	1
"PVP01_0114000"	230	1324	89	70	11	31
"PVP01_0114100"	3	20	10	0	0	0
"PVP01_0114200"	137	906	143	95	0	1
"PVP01_0114300"	0	1	3	0	0	0
"PVP01_0114400"	13	42	10	0	0	0
"PVP01_0114500"	11	54	6	0	0	0
"PVP01_0114600"	41	241	60	0	0	0
"PVP01_0114700"	2	15	3	0	0	0
"PVP01_0114800"	119	1205	685	8	0	1
"PVP01_0114900"	234	1410	308	2	0	0
"PVP01_0115000"	99	560	115	0	77	160
"PVP01_0115100"	1	8	3	0	0	0
"PVP01_0115200"	0	1	0	0	0	0
"PVP01_0115300"	4	3	0	0	0	0
"PVP01_0115400"	3	72	2	0	0	0
"PVP01_0115500"	27	139	31	0	0	0
"PVP01_0115600"	323	1645	300	97	0	38
"PVP01_0115700"	48	169	38	72	0	0
"PVP01_0115800"	15	131	27	43	0	0
"PVP01_0115900"	17	92	23	0	0	0
"PVP01_0116000"	59	521	92	39	44	68
"PVP01_0116100"	20	127	27	0	0	0
"PVP01_0116200"	9	61	6	30	0	1
"PVP01_0116300"	27	181	32	18	0	0
"PVP01_0116400"	105	783	110	0	0	1
"PVP01_0116500"	49	372	67	0	27	19
"PVP01_0116600"	51	477	49	122	0	0
"PVP01_0116700"	82	520	38	28	0	26
"PVP01_0116800"	26	228	24	54	11	9
"PVP01_0116900"	12	63	23	22	0	0
"PVP01_0117000"	9	40	44	0	12	0
"PVP01_0117100"	14	82	11	0	0	1
"PVP01_0117200"	41	282	65	0	0	0
"PVP01_0117300"	2	20	7	0	0	0
"PVP01_0117400"	92	702	78	0	0	14
"PVP01_0117500"	9	58	40	0	0	0
"PVP01_0117600"	49	400	155	0	0	0
"PVP01_0117700"	47	526	187	19	0	0
"PVP01_0117800"	12	97	20	0	0	0
"PVP01_0117900"	48	296	53	0	0	12
"PVP01_0118000"	51	325	76	13	0	0
"PVP01_0118100"	144	1675	261	4	28	0
"PVP01_0118200"	71	630	114	0	0	58
"PVP01_0118300"	95	877	148	60	55	33
"PVP01_0118400"	155	1414	269	44	58	0
"PVP01_0118500"	30	152	30	0	0	0
"PVP01_0118600"	42	265	77	110	0	25
"PVP01_0118700"	22	148	36	42	0	23
"PVP01_0118800"	47	450	1	0	0	0
"PVP01_0118900"	0	0	0	0	0	0
"PVP01_0119000"	0	0	0	0	0	0
"PVP01_0119100"	230.318	1468.427	431.015	10	123.027	61.125
"PVP01_0119200"	15	92	11	0	0	0
"PVP01_0119300"	0	0	0	0	0	0
"PVP01_0119400"	5	47	3	0	0	0
"PVP01_0119500"	32	219	29	34	0	0
"PVP01_0119600"	1	2	0	0	0	0
"PVP01_0119700"	30	194	29	0	1	0
"PVP01_0119800"	0	0	0	0	0	0
"PVP01_0119900"	0	9	0	0	0	0
"PVP01_0120000"	0	16	2	0	0	0
"PVP01_0120100"	0	1	0	0	0	0
"PVP01_0120200"	0	0	0	0	0	0
"PVP01_0120300"	0	0	0	0	0	0
"PVP01_0120400"	0	0	0	0	0	0
"PVP01_0120500"	0	0	0	0	0	0
"PVP01_0120600"	0	0	0	0	0	0
"PVP01_0120700"	0	0	0	0	0	0
"PVP01_0120800"	0	0	0	0	0	0
"PVP01_0120900"	0	0	0	0	0	0
"PVP01_0121000"	0	0	0	0	0	0
"PVP01_0121100"	0	0	0	0	0	0
"PVP01_0121200"	0	0	0	0	0	0
"PVP01_0121300"	0	0	0	0	0	0
"PVP01_0121400"	0	0	0	0	0	0
"PVP01_0121500"	0	0	0	0	0	0
"PVP01_0121600"	0	0	0	0	0	0
"PVP01_0121700"	0	1	1	0	0	0
"PVP01_0121800"	0	0	0	0	0	0
"PVP01_0121900"	0	0	0	0	0	0
"PVP01_0122000"	0	0	0	0	0	0
"PVP01_0122100"	0	0	0	0	0	0
"PVP01_0122200"	0	0	0	0	0	0
"PVP01_0200100"	0	0	0	0	0	0
"PVP01_0200200"	0	0	0	0	0	0
"PVP01_0200300"	0	0	0	0	0	0
"PVP01_0200400"	0	0	0	0	0	0
"PVP01_0200500"	0	0	0	0	0	0
"PVP01_0200600"	0	0	0	0	0	0
"PVP01_0200700"	0	0	0	0	0	0
"PVP01_0200800"	0	0	0	0	0	0
"PVP01_0200900"	0	0	0	0	0	0
"PVP01_0201000"	0	0	0	0	0	0
"PVP01_0201100"	14	155	27	0	0	0
"PVP01_0201200"	332	2950	528	54	1	1
"PVP01_0201300"	0	0	0	0	0	0
"PVP01_0201400"	3	162	50	0	0	0
"PVP01_0201500"	4	72	34	0	0	0
"PVP01_0201600"	0	1	0	0	0	0
"PVP01_0201700"	8	135	17	0	0	0
"PVP01_0201800"	1	22	7	0	0	0
"PVP01_0201900"	0	17	7	0	0	0
"PVP01_0202000"	2	24	1	0	0	0
"PVP01_0202100"	2	4	4	0	0	0
"PVP01_0202200"	2	29	5	0	0	0
"PVP01_0202300"	0	2	0	0	0	0
"PVP01_0202400"	0	0	0	0	0	0
"PVP01_0202500"	43	215	29	4	8	0
"PVP01_0202550"	1	8	1	0	0	0
"PVP01_0202600"	25	229	39	0	0	0
"PVP01_0202700"	214.505	1662.544	618.13	48.108	1	288
"PVP01_0202800"	860.301	3801.68	1045.76	291.747	96.812	178.018
"PVP01_0202900"	82636.834	1289101.095	237991.525	21840.977	19157.189	33354.996
"PVP01_0203000"	5	84	15	0	0	0
"PVP01_0203100"	0	0	0	0	0	0
"PVP01_0203200"	42	283	41	0	0	0
"PVP01_0203300"	11	88	7	0	0	0
"PVP01_0203400"	212	1083	240	281	170	41
"PVP01_0203500"	22	141	24	0	0	17
"PVP01_0203600"	13	123	21	0	0	0
"PVP01_0203700"	90	540	82	27	0	80
"PVP01_0203800"	29	195	54	0	0	0
"PVP01_0203900"	77	572	97	0	0	0
"PVP01_0204000"	18	101	30	8	78	0
"PVP01_0204100"	10	99	23	0	0	0
"PVP01_0204200"	34	208	34	0	73	0
"PVP01_0204300"	40	228	26	22	0	0
"PVP01_0204400"	126	882	154	0	0	19
"PVP01_0204500"	64	589	84	0	0	0
"PVP01_0204600"	4	76	25	0	0	0
"PVP01_0204700"	46	225	32	22	32	0
"PVP01_0204800"	14	78	13	0	0	0
"PVP01_0204900"	11	64	14	0	0	39
"PVP01_0205000"	2	1	0	0	0	0
"PVP01_0205100"	4	5	0	0	0	0
"PVP01_0205200"	0	12	7	0	0	15
"PVP01_0205300"	33	300	44	0	0	0
"PVP01_0205400"	10	60	17	68	0	0
"PVP01_0205500"	4	54	8	0	0	0
"PVP01_0205600"	13	105	19	35	0	0
"PVP01_0205700"	14	136	19	0	0	10
"PVP01_0205800"	29	211	40	0	0	0
"PVP01_0205900"	17	183	22	16	0	19
"PVP01_0206000"	8	105	14	0	12	0
"PVP01_0206100"	101	1154	28	0	0	0
"PVP01_0206200"	32	182	35	31	0	24
"PVP01_0206300"	23	185	37	0	0	0
"PVP01_0206400"	23	111	19	7	0	0
"PVP01_0206500"	108	425	52	63	0	0
"PVP01_0206600"	3	13	5	0	0	0
"PVP01_0206700"	102	1468	224	36	20	7
"PVP01_0206800"	24	134	22	0	0	0
"PVP01_0206900"	65	376	90	94	0	13
"PVP01_0207000"	26	184	31	9	0	28
"PVP01_0207100"	19	108	15	0	0	0
"PVP01_0207200"	42	245	48	28	0	0
"PVP01_0207300"	34	183	32	55	1	22
"PVP01_0207400"	205	2606	433	37	71	12
"PVP01_0207500"	48	188	75	0	0	0
"PVP01_0207600"	5	22	4	9	0	0
"PVP01_0207700"	9	148	14	5	0	0
"PVP01_0207800"	16	105	33	0	0	0
"PVP01_0207900"	2	10	3	0	0	0
"PVP01_0208000"	20	179	91	0	0	0
"PVP01_0208100"	14	141	26	0	0	0
"PVP01_0208200"	1	4	3	0	0	0
"PVP01_0208300"	0	42	10	0	0	0
"PVP01_0208400"	22	191	24	50	0	36
"PVP01_0208500"	135	929	166	32	8	11
"PVP01_0208600"	4	32	36	0	0	0
"PVP01_0208700"	38	254	55	101	13	0
"PVP01_0208800"	42	286	81	0	0	6
"PVP01_0208900"	61	414	126	23	0	14
"PVP01_0209000"	122	847	263	19	8	30
"PVP01_0209100"	100	643	150	72	10	66
"PVP01_0209200"	67	537	79	27	0	0
"PVP01_0209300"	20	137	26	3	0	0
"PVP01_0209400"	1	18	7	41	0	0
"PVP01_0209500"	22	346	14	0	0	0
"PVP01_0209600"	137	1016	165	44	24	11
"PVP01_0209700"	27	145	46	0	0	0
"PVP01_0209800"	492	3601	634	716	118	524
"PVP01_0209900"	226	1170	259	78	80	34
"PVP01_0210000"	2	3	0	0	0	0
"PVP01_0210100"	5	36	15	0	0	0
"PVP01_0210200"	52	329	70	34	0	0
"PVP01_0210300"	81	431	107	0	0	0
"PVP01_0210400"	40	697	80	0	45	0
"PVP01_0210500"	762	8468	488	114	0	0
"PVP01_0210600"	24	202	61	0	0	0
"PVP01_0210700"	4	26	1	0	0	0
"PVP01_0210800"	123	893	144	144	82	19
"PVP01_0210900"	1	7	7	0	0	0
"PVP01_0211000"	111	715	188	29	55	0
"PVP01_0211100"	15	138	32	38	1	29
"PVP01_0211200"	41	219	37	4	78	0
"PVP01_0211300"	163	1428	192	29	0	5
"PVP01_0211400"	42	222	30	39	0	24
"PVP01_0211500"	244	1971	323	1	0	0
"PVP01_0211600"	107	659	137	62	8	83
"PVP01_0211700"	6	25	1	38	0	7
"PVP01_0211800"	170	1160	195	36	34	6
"PVP01_0211900"	5	61	7	6	0	0
"PVP01_0212000"	12	89	26	20	0	0
"PVP01_0212100"	142	954	162	198	0	20
"PVP01_0212200"	300	2384	472	244	34	186
"PVP01_0212300"	66	327	62	72	0	16
"PVP01_0212400"	26	154	22	6	0	1
"PVP01_0212500"	0	17	3	0	0	0
"PVP01_0212600"	87	344	79	26	18	0
"PVP01_0212700"	20	73	30	0	0	16
"PVP01_0212800"	65	414	97	8	0	31
"PVP01_0212900"	42	328	41	18	18	0
"PVP01_0213000"	30	137	17	3	15	0
"PVP01_0213100"	208	1166	243	31	25	0
"PVP01_0213200"	14	72	3	0	0	0
"PVP01_0213300"	45	186	46	0	4	0
"PVP01_0213400"	36	330	55	1	1	38
"PVP01_0213500"	301	2019	316	168	0	12
"PVP01_0213600"	487	5091	210	0	0	103
"PVP01_0213700"	230	1149	285	17	38	0
"PVP01_0213800"	233	1339	243	7	1	1
"PVP01_0213900"	13	30	11	0	0	0
"PVP01_0214000"	30	105	27	0	0	15
"PVP01_0214100"	19	62	7	0	0	0
"PVP01_0214200"	2	4	2	0	0	0
"PVP01_0214300"	135	889	152	45	0	49
"PVP01_0214400"	27	352	98	6	0	0
"PVP01_0214500"	46	295	54	0	0	0
"PVP01_0214600"	20	161	40	24	1	0
"PVP01_0214700"	29	125	34	0	0	0
"PVP01_0214800"	160	1473	186	88	0	1
"PVP01_0214900"	8	57	12	5	0	0
"PVP01_0215000"	51	351	75	47	8	0
"PVP01_0215100"	33	249	41	0	0	6
"PVP01_0215200"	37	174	42	89	0	0
"PVP01_0215300"	86	503	89	16	149	31
"PVP01_0215400"	5	32	32	0	0	0
"PVP01_0215500"	1	8	7	0	0	0
"PVP01_0215600"	6	90	41	24	124	98
"PVP01_0215700"	0	2	0	0	0	0
"PVP01_0215800"	40	271	55	6	0	0
"PVP01_0215900"	74	478	73	63	0	41
"PVP01_0216000"	1671	11390	464	309	191	0
"PVP01_0216100"	64	940	137	0	0	0
"PVP01_0216200"	681	4300	839	274	159	62
"PVP01_0216300"	0	0	0	0	0	0
"PVP01_0216400"	0	0	0	0	0	0
"PVP01_0216500"	21	24	1	0	0	0
"PVP01_0216600"	10	138	65	0	0	0
"PVP01_0216700"	0	20	4	0	0	0
"PVP01_0216800"	7	255	43	0	0	0
"PVP01_0216900"	0	23	7	0	0	0
"PVP01_0217000"	6	21	0	0	0	0
"PVP01_0217100"	0	1	0	0	0	0
"PVP01_0217200"	1	2	0	0	0	0
"PVP01_0217300"	0	0	0	0	0	0
"PVP01_0217400"	0	0	0	0	0	0
"PVP01_0217500"	0	0	0	0	0	0
"PVP01_0217600"	0	0	0	0	0	0
"PVP01_0217700"	0	0	0	0	0	0
"PVP01_0217800"	0	0	0	0	0	0
"PVP01_0217900"	0	0	0	0	0	0
"PVP01_0218000"	0	0	0	0	0	0
"PVP01_0218100"	0	0	0	0	0	0
"PVP01_0218150"	0	0	0	0	0	0
"PVP01_0218200"	0	0	0	0	0	0
"PVP01_0218300"	0	0	0	0	0	0
"PVP01_0218400"	0	0	0	0	0	0
"PVP01_0218500"	0	0	0	0	0	0
"PVP01_0218600"	0	0	0	0	0	0
"PVP01_0218700"	0	0	0	0	0	0
"PVP01_0218800"	0	0	0	0	0	0
"PVP01_0218900"	0	0	0	0	0	0
"PVP01_0219000"	0	0	0	0	0	0
"PVP01_0219100"	0	0	0	0	0	0
"PVP01_0219200"	0	0	0	0	0	0
"PVP01_0219300"	0	0	0	0	0	0
"PVP01_0219400"	0	0	0	0	0	0
"PVP01_0219500"	0	0	0	0	0	0
"PVP01_0219600"	0	0	0	0	0	0
"PVP01_0219700"	0	0	0	0	0	0
"PVP01_0219800"	0	0	0	0	0	0
"PVP01_0219900"	0	0	0	0	0	0
"PVP01_0220000"	0	0	0	0	0	0
"PVP01_0220100"	0	0	0	0	0	0
"PVP01_0220200"	0	0	0	0	0	0
"PVP01_0220300"	0	0	0	0	0	0
"PVP01_0220400"	0	0	0	0	0	0
"PVP01_0220500"	0	0	0	0	0	0
"PVP01_0220600"	0	0	0	0	0	0
"PVP01_0220700"	0	0	0	0	0	0
"PVP01_0220800"	0	0	0	0	0	0
"PVP01_0220900"	0	0	0	0	0	0
"PVP01_0221000"	0	0	0	0	0	0
"PVP01_0221100"	0	0	0	0	0	0
"PVP01_0221200"	0	0	0	0	0	0
"PVP01_0221300"	0	0	0	0	0	0
"PVP01_0221400"	0	0	0	0	0	0
"PVP01_0221500"	0	0	0	0	0	0
"PVP01_0221600"	0	0	0	0	0	0
"PVP01_0221700"	0	0	0	0	0	0
"PVP01_0221800"	0	0	0	0	0	0
"PVP01_0300100"	0	0	0	0	0	0
"PVP01_0300200"	0	0	3	0	0	0
"PVP01_0300300"	0	1	0	0	0	0
"PVP01_0300400"	0	0	0	0	0	0
"PVP01_0300500"	0	0	0	0	0	0
"PVP01_0300600"	0	0	0	0	0	0
"PVP01_0300700"	5	38	7	0	0	0
"PVP01_0300800"	1	0	0	0	0	0
"PVP01_0300900"	0	0	0	0	0	0
"PVP01_0301000"	0	0	0	0	0	0
"PVP01_0301050"	0	0	0	0	0	0
"PVP01_0301100"	0	0	0	0	0	0
"PVP01_0301200"	0	0	0	0	0	0
"PVP01_0301300"	0	0	0	0	0	0
"PVP01_0301400"	0	0	0	0	0	0
"PVP01_0301500"	0	0	0	0	0	0
"PVP01_0301600"	0	0	0	0	0	0
"PVP01_0301700"	0	0	0	0	0	0
"PVP01_0301800"	0	0	0	0	0	0
"PVP01_0301900"	0	0	0	0	0	0
"PVP01_0302000"	12	33	1	0	0	0
"PVP01_0302100"	41	102	0	0	0	0
"PVP01_0302200"	0	0	0	0	0	0
"PVP01_0302300"	94	510	144	9	0	20
"PVP01_0302400"	9	31	9	0	0	0
"PVP01_0302500"	0	0	0	0	0	0
"PVP01_0302600"	497	3229	441	123	45	100.036
"PVP01_0302700"	34	268	60	52	138	0
"PVP01_0302800"	127	951	151	22	0	0
"PVP01_0302900"	55	373	63	11	11	19
"PVP01_0303000"	32	132	27	0	0	0
"PVP01_0303100"	252	1741	166	26	47	28
"PVP01_0303200"	60	494	124	81	0	0
"PVP01_0303300"	41	318	56	32	0	0
"PVP01_0303400"	3	20	7	0	0	23
"PVP01_0303500"	11	83	18	0	0	0
"PVP01_0303600"	17	103	34	0	0	2
"PVP01_0303700"	27	162	42	0	0	16
"PVP01_0303800"	0	0	0	0	43	0
"PVP01_0303900"	4.482	36.388	1	0	0	0
"PVP01_0304000"	12116	93493	13382	367	196	92
"PVP01_0304100"	30	352	146	0	0	0
"PVP01_0304200"	0	6	0	0	0	0
"PVP01_0304300"	124	2018	400	0	0	0
"PVP01_0304400"	55	251	46	41	0	0
"PVP01_0304500"	178	1013	243	81	73	0
"PVP01_0304600"	19	410	121	0	0	0
"PVP01_0304700"	3732	28751	6743	293	119	141
"PVP01_0304800"	652	4156	705	316	91	152
"PVP01_0304900"	8	43	9	24	0	0
"PVP01_0305000"	40	219	60	21	0	0
"PVP01_0305100"	923	6694	1237	248	125	57
"PVP01_0305200"	142	710	136	119	0	38
"PVP01_0305300"	38	594	354	1	0	0
"PVP01_0305400"	30	285	66	24	0	6
"PVP01_0305500"	55	522	104	44	18	0
"PVP01_0305600"	9	62	42	0	0	21
"PVP01_0305700"	60	357	63	16	0	0
"PVP01_0305800"	40	498	34	0	5	6
"PVP01_0305900"	94	698	104	7	0	26
"PVP01_0306000"	14	181	154	0	7	0
"PVP01_0306100"	36	199	43	26	0	0
"PVP01_0306200"	3	61	8	0	0	0
"PVP01_0306300"	14	76	15	0	0	0
"PVP01_0306400"	21	96	10	0	0	0
"PVP01_0306500"	29	102	31	35	0	1
"PVP01_0306600"	39	268	51	14	0	27
"PVP01_0306700"	61	251	43	5	0	0
"PVP01_0306800"	40	219	35	0	0	0
"PVP01_0306900"	0	3	1	0	0	0
"PVP01_0307000"	22	143	61	0	0	0
"PVP01_0307100"	87	712	258	10	29	0
"PVP01_0307200"	30	153	34	0	0	0
"PVP01_0307300"	98	547	34	15	0	3
"PVP01_0307400"	29	256	29	0	0	0
"PVP01_0307500"	1	16	1	12	0	0
"PVP01_0307600"	29	167	12	0	25	0
"PVP01_0307700"	6	43	3	0	0	0
"PVP01_0307800"	36	324	74	8	21	21
"PVP01_0307900"	0	1	0	2	0	0
"PVP01_0308000"	0	1	1	0	0	0
"PVP01_0308100"	2	25	8	0	0	0
"PVP01_0308200"	49	442	62	0	0	0
"PVP01_0308300"	19	113	21	24	0	0
"PVP01_0308400"	64	383	78	0	0	13
"PVP01_0308500"	55	334	60	63	0	21
"PVP01_0308600"	18	89	25	0	0	12
"PVP01_0308700"	41	241	52	0	15	0
"PVP01_0308800"	52	265	67	34	0	12
"PVP01_0308900"	59	408	68	15	0	0
"PVP01_0309000"	15	93	13	53	0	37
"PVP01_0309100"	255	1761	715	143	32	0
"PVP01_0309200"	0	1	3	34	0	0
"PVP01_0309300"	28	200	51	62	0	10
"PVP01_0309400"	0	0	0	0	0	0
"PVP01_0309500"	0	0	0	0	0	0
"PVP01_0309600"	121	687	158	17	33	22
"PVP01_0309700"	62	297	49	7	0	102
"PVP01_0309800"	23	139	28	0	0	111
"PVP01_0309900"	184	1030	93	6	0	12
"PVP01_0310000"	39	208	55	8	23	0
"PVP01_0310100"	35	322	133	58	0	13
"PVP01_0310200"	42	267	55	0	7	0
"PVP01_0310300"	6	47	12	4	2	0
"PVP01_0310400"	4	35	14	0	0	0
"PVP01_0310500"	4	67	7	58	0	20
"PVP01_0310600"	52	221	38	0	0	61
"PVP01_0310700"	34	241	32	10	0	0
"PVP01_0310800"	0	0	0	0	0	0
"PVP01_0310900"	0	0	0	0	0	0
"PVP01_0311000"	0	0	0	0	0	0
"PVP01_0311100"	16	93	25	6	0	0
"PVP01_0311200"	80	487	95	10	0	20
"PVP01_0311300"	48	321	92	23	0	0
"PVP01_0311400"	199	1694	185	32	44	45
"PVP01_0311500"	28	125	31	0	0	46
"PVP01_0311600"	7	59	11	0	0	0
"PVP01_0311700"	13	126	20	0	0	0
"PVP01_0311800"	49	218	36	0	57	19
"PVP01_0311900"	32	189	50	44	113	0
"PVP01_0312000"	8	20	4	15	0	0
"PVP01_0312100"	531	4116	690	49	0	25
"PVP01_0312200"	12	49	11	0	0	0
"PVP01_0312300"	43	220	48	23	26	5
"PVP01_0312400"	25	216	41	0	0	0
"PVP01_0312500"	4	20	10	34	0	0
"PVP01_0312600"	193	1014	236	10	0	42
"PVP01_0312700"	59	579	92	3	0	0
"PVP01_0312800"	38	321	50	50	61	0
"PVP01_0312900"	46	628	46	84	0	0
"PVP01_0313000"	38	295	52	0	0	0
"PVP01_0313100"	73	620	57	5	46	39
"PVP01_0313200"	34	173	31	28	0	0
"PVP01_0313300"	51	554	92	16	0	42
"PVP01_0313400"	60	356	103	36	19	16
"PVP01_0313500"	70	260	87	0	0	0
"PVP01_0313600"	0	2	3	0	0	0
"PVP01_0313700"	28	139	39	0	0	16
"PVP01_0313800"	7	118	29	0	0	0
"PVP01_0313900"	94	749	147	0	0	119
"PVP01_0314000"	3	4	0	0	89	0
"PVP01_0314100"	55	305	79	8	10	50
"PVP01_0314200"	116	436	118	46	0	133
"PVP01_0314300"	3	19	8	0	0	0
"PVP01_0314400"	14	86	22	0	0	0
"PVP01_0314500"	5	29	4	5	0	0
"PVP01_0314600"	6	73	14	0	0	0
"PVP01_0314700"	15	52	9	0	0	0
"PVP01_0314800"	23	166	49	22	0	0
"PVP01_0314900"	21	102	18	13	0	0
"PVP01_0315000"	40	249	54	18	0	0
"PVP01_0315100"	23	174.252	30	67	9	4
"PVP01_0315200"	29	151	52	0	5	0
"PVP01_0315300"	284	1866	475	1	0	24
"PVP01_0315400"	334	1420	244	136	7	2
"PVP01_0315500"	21	138	32	0	0	0
"PVP01_0315600"	84	720	114	0	0	127
"PVP01_0315700"	22	174	32	0	11	38
"PVP01_0315800"	9	59	15	0	0	0
"PVP01_0315900"	9	55	11	26	0	0
"PVP01_0316000"	9	34	17	0	0	3
"PVP01_0316100"	43	337	85	58	0	0
"PVP01_0316200"	12	56	14	4	0	0
"PVP01_0316300"	27	159	40	4	2	2
"PVP01_0316400"	126	894	222	78	4	132
"PVP01_0316500"	2	29	2	0	0	0
"PVP01_0316600"	6	26	5	0	0	0
"PVP01_0316700"	38	380	70	6	0	34
"PVP01_0316800"	405	1495	393	37	19	140
"PVP01_0316900"	6	79	14	6	2	0
"PVP01_0317000"	46	299	84	16	0	0
"PVP01_0317100"	15	110	12	10	0	0
"PVP01_0317200"	81	501	88	14	0	63
"PVP01_0317300"	129	789	189	26	0	16
"PVP01_0317400"	2	6	7	0	0	0
"PVP01_0317500"	73	325	93	21	0	7
"PVP01_0317600"	7	43	5	2	0	0
"PVP01_0317700"	46	333	34	0	0	0
"PVP01_0317800"	33	172	31	28	0	0
"PVP01_0317900"	28	578	161	0	0	0
"PVP01_0318000"	30	254	58	9	0	22
"PVP01_0318100"	71	489	74	17	80	4
"PVP01_0318200"	17	85	14	0	0	0
"PVP01_0318300"	26	131	28	0	0	0
"PVP01_0318400"	27	161	35	23	0	1
"PVP01_0318500"	1	3	7	14	0	0
"PVP01_0318600"	1	6	3	0	0	0
"PVP01_0318700"	6	53	10	0	0	0
"PVP01_0318800"	1	3	2	0	0	0
"PVP01_0318900"	0	0	0	0	0	0
"PVP01_0319000"	8	140	8	0	12	0
"PVP01_0319100"	47	379	64	67	8	0
"PVP01_0319200"	5	22	2	0	0	0
"PVP01_0319300"	17	193	47	0	0	0
"PVP01_0319400"	19	149	30	8	0	54
"PVP01_0319500"	56	680	279	0	0	9
"PVP01_0319600"	45	354	96	4	4	0
"PVP01_0319700"	30	219	55	0	0	0
"PVP01_0319800"	76	795	125	0	0	42
"PVP01_0319900"	17	254	27	27	12	9
"PVP01_0320000"	34	210	48	19	0	0
"PVP01_0320100"	15	66	17	0	32	0
"PVP01_0320200"	5	18	4	0	0	16
"PVP01_0320300"	35	288	73	0	0	0
"PVP01_0320400"	154	971	179	13	14	89
"PVP01_0320500"	3	26	5	0	0	0
"PVP01_0320600"	12	258	4	0	0	0
"PVP01_0320700"	36	256	46	19	0	58
"PVP01_0320800"	21	151	26	36	34	0
"PVP01_0320900"	24	163	35	0	0	0
"PVP01_0321000"	47	301	46	5	7	0
"PVP01_0321100"	224	1872	53	1	0	0
"PVP01_0400100"	0	0	0	0	0	0
"PVP01_0400200"	0	0	0	0	0	0
"PVP01_0400300"	0	0	0	0	0	0
"PVP01_0400400"	0	0	0	0	0	0
"PVP01_0400500"	0	0	0	0	0	0
"PVP01_0400600"	0	0	0	0	0	0
"PVP01_0400700"	0	0	0	0	0	0
"PVP01_0400800"	0	0	0	0	0	0
"PVP01_0400900"	0	0	0	0	0	0
"PVP01_0401000"	0	0	0	0	0	0
"PVP01_0401100"	0	0	0	0	0	0
"PVP01_0401200"	0	0	0	0	0	0
"PVP01_0401300"	0	0	0	0	0	0
"PVP01_0401400"	0	0	0	0	0	0
"PVP01_0401500"	0	0	0	0	0	0
"PVP01_0401600"	0	0	0	0	0	0
"PVP01_0401700"	0	0	0	0	0	0
"PVP01_0401800"	0	0	0	0	0	0
"PVP01_0401900"	0	0	0	0	0	0
"PVP01_0402000"	0	0	0	0	0	0
"PVP01_0402100"	0	0	0	0	0	0
"PVP01_0402200"	0	0	0	0	0	0
"PVP01_0402300"	0	0	0	0	0	0
"PVP01_0402400"	0	0	0	0	0	0
"PVP01_0402500"	0	0	0	0	0	0
"PVP01_0402600"	0	0	0	0	0	0
"PVP01_0402700"	0	0	0	0	0	0
"PVP01_0402750"	0	0	0	0	0	0
"PVP01_0402800"	0	0	0	0	0	0
"PVP01_0402900"	0	0	0	0	0	0
"PVP01_0403000"	0	0	0	0	0	0
"PVP01_0403100"	0	0	0	0	0	0
"PVP01_0403200"	0	0	0	0	0	0
"PVP01_0403300"	0	0	0	0	0	0
"PVP01_0403400"	0	0	0	0	0	0
"PVP01_0403500"	0	0	0	0	0	0
"PVP01_0403600"	0	0	0	0	0	0
"PVP01_0403700"	0	0	0	0	0	0
"PVP01_0403800"	0	0	0	0	0	0
"PVP01_0403900"	0	0	0	0	0	0
"PVP01_0404000"	0	0	0	0	0	0
"PVP01_0404100"	0	0	0	0	0	0
"PVP01_0404200"	180	836	5	0	0	0
"PVP01_0404300"	0	6	1	0	0	0
"PVP01_0404400"	2	4	0	0	0	0
"PVP01_0404500"	0	1	0	0	0	0
"PVP01_0404600"	6	32	14	0	0	0
"PVP01_0404700"	0	0	0	0	0	0
"PVP01_0404800"	0	1	0	0	0	0
"PVP01_0404900"	0	3	1	0	0	0
"PVP01_0405000"	1062	3962	15	4	0	1
"PVP01_0405100"	1	14	2	0	0	0
"PVP01_0405200"	72	266	21	0	0	65
"PVP01_0405300"	54	144	12	0	0	0
"PVP01_0405400"	112	711	95	127	19	17
"PVP01_0405500"	71	355	38	0	0	16
"PVP01_0405600"	0	48	10	0	0	0
"PVP01_0405700"	7	69	13	0	0	0
"PVP01_0405800"	57	335	55	4	0	0
"PVP01_0405900"	2	24	1	5	27	0
"PVP01_0406000"	0	0	0	0	0	0
"PVP01_0406100"	0	0	0	0	0	0
"PVP01_0406200"	3	6	1	0	0	0
"PVP01_0406300"	120	915	99	19	0	0
"PVP01_0406400"	46	302	97	0	0	0
"PVP01_0406500"	4	40	8	4	0	0
"PVP01_0406600"	47	266	49	0	0	20
"PVP01_0406700"	17	78	18	10	0	1
"PVP01_0406800"	32	268	44	10	1	33
"PVP01_0406900"	2	4	4	0	0	0
"PVP01_0407000"	51	326	60	0	0	53
"PVP01_0407100"	70	474	108	0	0	43
"PVP01_0407200"	226	1801	303	126	68	55
"PVP01_0407300"	48	243	28	11	0	17
"PVP01_0407400"	138	858	175	51	52	0
"PVP01_0407500"	480	4440	81	20	0	0
"PVP01_0407600"	28	110	20	0	0	0
"PVP01_0407700"	68	455	46	25	0	0
"PVP01_0407800"	28	220	30	12	0	3
"PVP01_0407900"	109	427	101	18	0	0
"PVP01_0408000"	1	8	9	20	0	0
"PVP01_0408100"	16	132	26	0	0	1
"PVP01_0408200"	23	208	99	0	0	0
"PVP01_0408300"	92	612	69	63	0	0
"PVP01_0408400"	81	732	60	21	0	0
"PVP01_0408500"	111	688	119	16	0	23
"PVP01_0408600"	47	273	52	69	0	1
"PVP01_0408700"	16	91	14	8	10	0
"PVP01_0408800"	32	141	36	4	0	0
"PVP01_0408900"	32	158	34	18	0	0
"PVP01_0409000"	3	25	4	0	0	0
"PVP01_0409100"	1	13	4	0	0	0
"PVP01_0409200"	23	181	27	0	0	1
"PVP01_0409300"	105	750	206	75	0	41
"PVP01_0409400"	36	206	59	0	0	0
"PVP01_0409500"	34	140	43	0	0	0
"PVP01_0409600"	36	214	48	17	0	0
"PVP01_0409700"	10	18	12	0	0	0
"PVP01_0409800"	13	167	63	0	0	0
"PVP01_0409900"	214	883	221	171	22	58
"PVP01_0410000"	11	140	77	0	0	0
"PVP01_0410100"	179	2332	239	70	45	45
"PVP01_0410200"	92	946	41	19	0	37
"PVP01_0410300"	37	444	8	0	0	0
"PVP01_0410400"	10	117	31	0	0	59
"PVP01_0410500"	59	268	71	0	0	10
"PVP01_0410600"	14	48	12	0	0	0
"PVP01_0410700"	14	48	10	0	0	0
"PVP01_0410800"	294	2282	493	160	8	176
"PVP01_0410900"	87	552	107	14	27	10
"PVP01_0411000"	13	93	19	20	0	30
"PVP01_0411100"	0	7	0	0	0	0
"PVP01_0411200"	28	125	26	7	0	6
"PVP01_0411300"	0	19	7	9	0	0
"PVP01_0411400"	50	228	52	10	0	0
"PVP01_0411500"	8	56	13	0	0	0
"PVP01_0411600"	1	12	3	0	0	0
"PVP01_0411700"	20	100	34	0	30	0
"PVP01_0411800"	62	381	55	65	17	0
"PVP01_0411900"	8	73	14	0	0	0
"PVP01_0412000"	15	86	15	0	0	0
"PVP01_0412100"	3	32	5	0	0	0
"PVP01_0412200"	50	220	60	0	0	1
"PVP01_0412300"	31	237	7	38	8	0
"PVP01_0412400"	147	1177	246	22	18	42
"PVP01_0412500"	275	1991	420	123	156	38
"PVP01_0412600"	43	199	38	19	0	0
"PVP01_0412700"	72	391	77	0	0	0
"PVP01_0412800"	34	260	63	0	0	0
"PVP01_0412900"	5	34	6	8	0	0
"PVP01_0413000"	34	188	44	9	0	0
"PVP01_0413100"	77	534	98	134	0	18
"PVP01_0413200"	49	274	48	55	8	0
"PVP01_0413300"	6	37	4	0	0	0
"PVP01_0413400"	18	100	29	0	0	36
"PVP01_0413500"	33	194	50	46	0	0
"PVP01_0413600"	64	380	50	48	0	0
"PVP01_0413700"	92	594	116	0	46	0
"PVP01_0413800"	73	393	88	0	0	0
"PVP01_0413900"	12	108	19	0	0	0
"PVP01_0414000"	181	1099	199	130	79	29
"PVP01_0414100"	493	5226	1003	134	95	138
"PVP01_0414200"	369	4450	94	0	0	0
"PVP01_0414300"	230	4153	142	15	0	0
"PVP01_0414400"	16	131	31	0	0	0
"PVP01_0414500"	29	127	28	18	0	0
"PVP01_0414600"	30	195	34	0	0	0
"PVP01_0414700"	64	446	67	0	0	61
"PVP01_0414800"	97	371	128	19	0	0
"PVP01_0414900"	124	623	187	14	0	0
"PVP01_0415000"	196	1063	208	32	48	6
"PVP01_0415100"	8	82	16	0	0	0
"PVP01_0415200"	35	347	69	13	0	0
"PVP01_0415300"	4	82	1	0	9	0
"PVP01_0415400"	51	313	35	51	0	7
"PVP01_0415500"	0	8	0	0	0	0
"PVP01_0415600"	96	536	94	15	0	55
"PVP01_0415700"	54	289	71	0	0	0
"PVP01_0415800"	8	29	11	17	0	0
"PVP01_0415900"	15	221	22	0	0	86
"PVP01_0416000"	30	187	35	0	14	0
"PVP01_0416100"	47	248	44	0	0	0
"PVP01_0416200"	24	70	25	5	0	0
"PVP01_0416300"	106	428	110	21	0	19
"PVP01_0416400"	67	429	81	73	13	0
"PVP01_0416500"	12	72	13	0	0	0
"PVP01_0416600"	49	389	67	0	0	0
"PVP01_0416700"	45	250	46	0	0	0
"PVP01_0416800"	111	1423	63	15	0	0
"PVP01_0416900"	78	787.824	84.52	124	11	111
"PVP01_0417000"	90	828.937	715	16	62	0
"PVP01_0417100"	992	10083	1620.594	98	11	6
"PVP01_0417200"	82	1067.063	1130	25	0	0
"PVP01_0417300"	117	2088.176	1463.886	0	0	0
"PVP01_0417400"	37	300	122	0	0	0
"PVP01_0417500"	20	251	46	0	0	0
"PVP01_0417600"	56	258	492	0	0	0
"PVP01_0417700"	44	1052	794	0	0	0
"PVP01_0417800"	1	33	7	0	0	0
"PVP01_0417900"	103	729	211	0	15	2
"PVP01_0418000"	16	144	13	0	0	0
"PVP01_0418100"	10	166	23	1	1	0
"PVP01_0418200"	227	2792	100	29	0	19
"PVP01_0418300"	71	508	68	13	0	0
"PVP01_0418400"	138	922	38	0	0	0
"PVP01_0418500"	40	173	43	27	0	0
"PVP01_0418600"	20	57	19	0	0	0
"PVP01_0418700"	75	616	180	88	9	45
"PVP01_0418800"	58	409	62	9	0	12
"PVP01_0418900"	314	3271	147	24	4	9
"PVP01_0419000"	32	160	38	23	0	2
"PVP01_0419100"	35	328	68	20	0	0
"PVP01_0419200"	155	1068	239	3	48	5
"PVP01_0419300"	3	25	4	0	0	0
"PVP01_0419400"	74	367	97	0	0	0
"PVP01_0419500"	72	359	64	66	0	0
"PVP01_0419600"	43	176	32	37	0	0
"PVP01_0419700"	38	264	32	18	0	59
"PVP01_0419800"	0	2	0	0	0	0
"PVP01_0419900"	0	0	0	0	0	0
"PVP01_0420000"	4	17	2	0	0	3
"PVP01_0420100"	0	0	0	0	0	0
"PVP01_0420200"	13	47	7	0	0	0
"PVP01_0420300"	20	121	21	18	12	0
"PVP01_0420400"	86	384	120	156	33	62
"PVP01_0420500"	34	353	91	60	50	0
"PVP01_0420600"	43	323	40	79	0	0
"PVP01_0420700"	0	10	2	0	0	0
"PVP01_0420800"	1	15	1	0	0	12
"PVP01_0420900"	13	114	20	0	0	0
"PVP01_0421000"	111	1464	763	24	159	22
"PVP01_0421100"	5	27	6	16	0	0
"PVP01_0421200"	13	89	15	3	8	0
"PVP01_0421300"	131	759	144	93	59	131
"PVP01_0421400"	13	118	35	0	0	0
"PVP01_0421500"	0	5	0	0	0	0
"PVP01_0421600"	0	0	0	0	0	0
"PVP01_0421700"	70	398	74	460	0	260
"PVP01_0421800"	29	96	19	30	0	51
"PVP01_0421900"	41	233	62	59	0	0
"PVP01_0422000"	21	172	21	0	0	0
"PVP01_0422100"	326	2006	108	17	0	0
"PVP01_0422200"	7	18	5	0	0	18
"PVP01_0422300"	8	80	19	0	0	0
"PVP01_0422400"	26	196	24	8	0	0
"PVP01_0422500"	38	251	42	0	14	0
"PVP01_0422600"	500	1499	10	0	0	0
"PVP01_0422700"	0	9	2	0	0	0
"PVP01_0422800"	0	5	0	0	0	0
"PVP01_0422900"	0	0	0	0	0	0
"PVP01_0423000"	0	10	1	0	0	0
"PVP01_0423100"	0	3	0	0	0	0
"PVP01_0423200"	9	99	10	0	0	0
"PVP01_0423300"	321	349	2	0	0	0
"PVP01_0423400"	13	388	200	0	0	0
"PVP01_0423500"	8	82	144	0	0	0
"PVP01_0423600"	0	3	0	0	0	0
"PVP01_0423700"	0	3	0	0	0	0
"PVP01_0423800"	1	0	0	0	0	0
"PVP01_0423900"	0	0	0	0	0	0
"PVP01_0424000"	0	0	0	0	0	0
"PVP01_0424100"	0	0	0	0	0	0
"PVP01_0424200"	0	0	0	0	0	0
"PVP01_0424300"	3	29	8	0	0	0
"PVP01_0424400"	0	0	0	0	0	0
"PVP01_0424500"	0	1	0	0	0	0
"PVP01_0500100"	0	0	0	0	0	0
"PVP01_0500200"	0	0	0	0	0	0
"PVP01_0500300"	0	0	0	0	0	0
"PVP01_0500400"	0	3	0	0	0	0
"PVP01_0500500"	0	0	0	0	0	0
"PVP01_0500600"	0	0	0	0	0	0
"PVP01_0500700"	0	0	0	0	0	0
"PVP01_0500800"	0	0	0	0	0	0
"PVP01_0500900"	0	0	0	0	0	0
"PVP01_0501000"	0	0	0	0	0	0
"PVP01_0501100"	0	0	0	0	0	0
"PVP01_0501200"	0	0	0	0	0	0
"PVP01_0501300"	0	0	0	0	0	0
"PVP01_0501400"	0	0	0	0	0	0
"PVP01_0501500"	0	0	0	0	0	0
"PVP01_0501600"	0	0	0	0	0	0
"PVP01_0501700"	0	0	0	0	0	0
"PVP01_0501800"	0	0	0	0	0	0
"PVP01_0501900"	0	0	0	0	0	0
"PVP01_0502000"	0	0	0	0	0	0
"PVP01_0502100"	0	0	0	0	0	0
"PVP01_0502200"	0	0	0	0	0	0
"PVP01_0502300"	0	0	0	0	0	0
"PVP01_0502400"	0	0	0	0	0	0
"PVP01_0502500"	0	0	0	0	0	0
"PVP01_0502600"	5	50	6	0	0	0
"PVP01_0502700"	0	1	0	0	0	0
"PVP01_0502800"	0	2	0	0	0	0
"PVP01_0502900"	0	1	0	0	0	0
"PVP01_0503000"	0	0	0	0	0	0
"PVP01_0503100"	0	0	0	0	0	0
"PVP01_0503200"	0	0	0	0	0	0
"PVP01_0503300"	0	19	8	0	0	0
"PVP01_0503400"	2	0	0	0	0	0
"PVP01_0503500"	18	163	27	0	0	0
"PVP01_0503600"	0	3	0	0	0	0
"PVP01_0503700"	84	364	115	0	0	0
"PVP01_0503800"	1	15	1	0	0	0
"PVP01_0503900"	3	63	10	0	0	0
"PVP01_0504000"	601	2071	2	0	0	4
"PVP01_0504100"	129	556	16	0	0	0
"PVP01_0504200"	2	2	0	0	0	0
"PVP01_0504300"	4	93	52	0	0	0
"PVP01_0504400"	1189	4290	6	115	0	0
"PVP01_0504500"	144877.637	1365663.602	329584.613	74056.049	71085.774	95326.298
"PVP01_0504600"	5987.698	30169.32	7615.24	2633.253	967.188	906.982
"PVP01_0504700"	48.166	419.905	298.475	26.023	71.811	2.004
"PVP01_0504800"	9	131	14	37	45	41
"PVP01_0504900"	2	27	7	0	0	0
"PVP01_0505000"	70	371	57	4	0	0
"PVP01_0505100"	74	373	85	77	7	28
"PVP01_0505200"	111	576	108	24	0	0
"PVP01_0505300"	30	126	43	10	0	0
"PVP01_0505400"	64	565	94	7	0	0
"PVP01_0505500"	53	771	85	0	0	19
"PVP01_0505600"	378	2752	10	6	0	9
"PVP01_0505700"	2	45	17	0	0	0
"PVP01_0505800"	40	385	119	0	0	0
"PVP01_0505900"	59	478	55	26	0	0
"PVP01_0506000"	46	210	36	23	0	0
"PVP01_0506100"	95	533	98	0	59	15
"PVP01_0506200"	26	154	23	138	0	8
"PVP01_0506300"	12	72	12	0	10	0
"PVP01_0506400"	1	3	0	34	0	0
"PVP01_0506500"	793	5410	854	250	91	195
"PVP01_0506600"	162	1128	179	88	86	0
"PVP01_0506700"	2	3	2	0	0	0
"PVP01_0506800"	72	411	67	26	6	0
"PVP01_0506900"	93	464	102	56	0	0
"PVP01_0507000"	0	12	0	0	0	0
"PVP01_0507100"	24	154	41	0	0	0
"PVP01_0507200"	0	4	0	12	0	0
"PVP01_0507300"	30	208	36	0	31	0
"PVP01_0507400"	51	358	71	0	0	0
"PVP01_0507500"	11	79	11	49	0	0
"PVP01_0507600"	234	1453	309	47	158	0
"PVP01_0507700"	103	600	139	14	124	69
"PVP01_0507800"	114	701	186	47	0	110
"PVP01_0507900"	50	226	62	15	0	0
"PVP01_0508000"	55	328	223	20	0	0
"PVP01_0508100"	55	343	67	30	0	0
"PVP01_0508200"	1594	11717	2666	785	386.843	474
"PVP01_0508300"	25	63	27	0	0	0
"PVP01_0508400"	20	208	48	0	0	1
"PVP01_0508500"	8	37	12	0	0	0
"PVP01_0508600"	0	2	0	0	0	0
"PVP01_0508700"	18	72	14	0	0	0
"PVP01_0508800"	39	229	64	17	0	12
"PVP01_0508900"	28	165	35	30	0	0
"PVP01_0509000"	41	210	52	0	0	0
"PVP01_0509100"	0	0	0	0	0	0
"PVP01_0509200"	0	19	5	0	0	9
"PVP01_0509300"	40	364	114	84	81	56
"PVP01_0509400"	19	194	38	7	0	12
"PVP01_0509500"	28	166	63	33	0	20
"PVP01_0509600"	23	169	61	0	0	0
"PVP01_0509700"	6	37	12	0	0	0
"PVP01_0509800"	20	148	38	0	0	0
"PVP01_0509900"	117	712	131	61	0	0
"PVP01_0510000"	25	127	36	0	75	0
"PVP01_0510100"	63	362	66	17	0	0
"PVP01_0510200"	14	67	9	0	9	0
"PVP01_0510300"	3	2	0	0	0	0
"PVP01_0510400"	69	373	84	71	8	22
"PVP01_0510500"	208	1466	248	184	0	0
"PVP01_0510600"	34	113	33	0	10	0
"PVP01_0510700"	86	453	81	109	0	52
"PVP01_0510800"	4	23	7	73	0	21
"PVP01_0510900"	10	78	12	0	0	0
"PVP01_0511000"	98	883	174	9	0	13
"PVP01_0511100"	150	748	61	21	0	22
"PVP01_0511200"	41	243	39	0	0	22
"PVP01_0511300"	39	296	42	0	41	0
"PVP01_0511400"	838	10097	208	2	1	0
"PVP01_0511500"	23	160	31	0	0	0
"PVP01_0511600"	4	60	2	45	0	19
"PVP01_0511700"	171	1219	448	121	5	0
"PVP01_0511800"	4	13	10	0	0	0
"PVP01_0511900"	15	71	13	7	17	0
"PVP01_0512000"	30	140	30	0	0	0
"PVP01_0512100"	8	76	8	91	0	0
"PVP01_0512200"	12	59	14	22	0	0
"PVP01_0512300"	28	208	33	0	0	0
"PVP01_0512400"	4	41	9	1	0	0
"PVP01_0512500"	5	21	4	0	0	0
"PVP01_0512600"	136	748	144	7	0	40
"PVP01_0512700"	28	110	35	0	0	15
"PVP01_0512800"	28	146	21	37	0	0
"PVP01_0512900"	79	558	74	9	56	19
"PVP01_0513000"	25	207	39	4	0	1
"PVP01_0513100"	15	94	15	0	0	11
"PVP01_0513200"	39	376	90	0	57	0
"PVP01_0513300"	73	422	98	0	0	0
"PVP01_0513400"	17	221	25	78	0	0
"PVP01_0513500"	84	591	93	100	14	68
"PVP01_0513600"	82	458	96	116	18	0
"PVP01_0513700"	7	53	48	0	0	8
"PVP01_0513800"	11	50	30	56	0	31
"PVP01_0513900"	4	37	8	0	0	0
"PVP01_0514000"	69	432	171	60	9	14
"PVP01_0514100"	74	288	64	133	0	0
"PVP01_0514200"	23	107	24	2	87	0
"PVP01_0514300"	51.367	436.47	61.513	0	19	5
"PVP01_0514400"	62	367	65	30	0	5
"PVP01_0514500"	1	9	2	60	130	0
"PVP01_0514600"	39	208	38	0	0	50
"PVP01_0514700"	66	1150	222	0	0	1
"PVP01_0514800"	20	87	19	32	2	0
"PVP01_0514900"	1	4	1	0	0	0
"PVP01_0515000"	36	217	34	7	16	0
"PVP01_0515100"	0	2	2	0	0	0
"PVP01_0515200"	18	128	28	0	0	0
"PVP01_0515300"	122	678	125	100	14	44
"PVP01_0515400"	2434	22107	4023	470	335	179
"PVP01_0515500"	54	342	56	31	0	0
"PVP01_0515600"	42	132	16	0	0	0
"PVP01_0515700"	1	16	3	0	0	0
"PVP01_0515800"	7	38	6	0	0	0
"PVP01_0515900"	2	0	0	0	0	0
"PVP01_0516000"	13	53	4	0	0	0
"PVP01_0516100"	13	83	2	0	0	0
"PVP01_0516200"	0	0	0	0	0	0
"PVP01_0516300"	35	110	13	0	0	0
"PVP01_0516400"	2	2	0	0	0	0
"PVP01_0516500"	4	15	0	0	0	0
"PVP01_0516600"	228	1549	268	113	56	15
"PVP01_0516700"	41	325	46	4	0	20
"PVP01_0516800"	266	2490	378	81	16	35
"PVP01_0516900"	63	252	61	12	0	0
"PVP01_0517000"	9	25	6	0	0	0
"PVP01_0517100"	442	2762	669	174	68	18
"PVP01_0517200"	146	938	21	54	0	0
"PVP01_0517300"	29	234	29	21	0	0
"PVP01_0517400"	6	56	3	115	25	2
"PVP01_0517500"	9	92	33	0	0	0
"PVP01_0517600"	97	2309	1330	18	0	0
"PVP01_0517700"	15	320	33	0	0	0
"PVP01_0517800"	14	82	21	42	0	0
"PVP01_0517900"	13	39	10	0	0	16
"PVP01_0518000"	13	48	23	3	0	0
"PVP01_0518100"	3	27	11	0	0	9
"PVP01_0518200"	24	129	25	3	0	0
"PVP01_0518300"	10	42	11	0	0	0
"PVP01_0518400"	9	74	12	4	0	0
"PVP01_0518500"	1	2	0	0	0	0
"PVP01_0518600"	12	62	18	0	0	0
"PVP01_0518700"	281	1551.748	314	49	61	69
"PVP01_0518800"	0	7	0	0	0	0
"PVP01_0518900"	80	354	101	0	27	0
"PVP01_0519000"	3	11	1	0	0	0
"PVP01_0519100"	28	135	35	26	0	0
"PVP01_0519200"	7	44	10	20	0	0
"PVP01_0519300"	64	508	65	3	0	1
"PVP01_0519400"	63	351	72	0	0	34
"PVP01_0519500"	12	140	47	0	5	0
"PVP01_0519600"	24	235	35	0	0	25
"PVP01_0519700"	60	298	46	37	0	0
"PVP01_0519800"	29	97	26	0	0	0
"PVP01_0519900"	32	150	34	0	0	38
"PVP01_0520000"	98	603	144	58	0	0
"PVP01_0520100"	156	743	193	42	14	0
"PVP01_0520200"	66	332	127	0	0	10
"PVP01_0520300"	32	193	59	7	0	0
"PVP01_0520400"	52	248	65	140	48	109
"PVP01_0520500"	72	377	84	105	0	37
"PVP01_0520600"	20	141	26	0	0	0
"PVP01_0520700"	7	19	9	0	0	0
"PVP01_0520800"	54	211	55	0	0	4
"PVP01_0520900"	6	83	14	13	17	0
"PVP01_0521000"	4	46	4	0	0	0
"PVP01_0521100"	6	42	2	0	0	0
"PVP01_0521200"	74	605	89	27	0	0
"PVP01_0521300"	8	93	6	0	0	0
"PVP01_0521400"	86	741	67	7	0	0
"PVP01_0521500"	53	360	131	0	0	89
"PVP01_0521600"	5	49	16	0	0	0
"PVP01_0521700"	4	78	23	7	0	0
"PVP01_0521800"	19	145	26	0	0	0
"PVP01_0521900"	26	164	52	9	0	0
"PVP01_0522000"	53	170	55	1	0	17
"PVP01_0522100"	20	65	4	0	0	0
"PVP01_0522200"	67	518	68	17	0	0
"PVP01_0522300"	101	834	47	41	0	0
"PVP01_0522400"	493	2433	593	110	21	15
"PVP01_0522500"	62	449	105	64	5	0
"PVP01_0522600"	2	16	4	7	13	0
"PVP01_0522700"	16	184	22	10	15	0
"PVP01_0522800"	4	13	6	0	0	0
"PVP01_0522900"	0	0	0	0	0	0
"PVP01_0523000"	4	24	1	0	0	0
"PVP01_0523100"	16	137	6	0	0	0
"PVP01_0523200"	14	39	0	0	0	0
"PVP01_0523300"	0	3	0	0	0	0
"PVP01_0523400"	0	0	0	0	0	0
"PVP01_0523500"	0	0	0	0	0	0
"PVP01_0523600"	0	0	0	0	0	0
"PVP01_0523700"	0	1	1	0	0	0
"PVP01_0523800"	86	261	1	0	0	0
"PVP01_0523900"	3	131	116	0	0	0
"PVP01_0524000"	11	39	6	0	0	0
"PVP01_0524100"	97	369	33	0	0	1
"PVP01_0524200"	5	29	1	0	0	0
"PVP01_0524300"	5	0	0	0	0	0
"PVP01_0524400"	0	0	0	0	0	0
"PVP01_0524500"	33	261	6	0	0	0
"PVP01_0524600"	0	2	0	0	0	0
"PVP01_0524700"	17	50	1	0	0	0
"PVP01_0524800"	0	0	0	0	0	0
"PVP01_0524900"	0	0	0	0	0	0
"PVP01_0525000"	0	0	0	0	0	0
"PVP01_0525100"	0	1	0	0	0	0
"PVP01_0525200"	51	403	70	0	0	0
"PVP01_0525300"	13	80	18	0	0	57
"PVP01_0525400"	24	223	32	0	0	0
"PVP01_0525500"	59	358	63	69	0	12
"PVP01_0525600"	3	17	11	9	0	0
"PVP01_0525700"	53	351	61	0	78	18
"PVP01_0525800"	43	382	63	6	0	0
"PVP01_0525900"	66	334	69	15	0	21
"PVP01_0526000"	111	608	100	14	7	5
"PVP01_0526100"	13	69	23	0	0	0
"PVP01_0526200"	83	490	222	9	20	0
"PVP01_0526300"	46	250	47	27	11	0
"PVP01_0526400"	9	57	11	20	0	0
"PVP01_0526500"	6	68	7	38	0	0
"PVP01_0526600"	192	1354	214	56	65	121
"PVP01_0526700"	25	182	20	36	0	0
"PVP01_0526800"	143	1363	229	88	104	7
"PVP01_0526900"	17	106	32	3	13	0
"PVP01_0527000"	1	4	1	0	0	0
"PVP01_0527100"	15	56	5	0	0	0
"PVP01_0527200"	9	39	9	0	0	0
"PVP01_0527300"	15	190	32	6	0	18
"PVP01_0527400"	44	357	83	64	24	28
"PVP01_0527500"	24	250	43	0	0	0
"PVP01_0527600"	135	1019	144	55	0	1
"PVP01_0527700"	409	3539	694	195	82	69
"PVP01_0527800"	19	153	36	52	0	0
"PVP01_0527900"	19	103	26	0	0	1
"PVP01_0528000"	21	495	86	0	0	0
"PVP01_0528100"	63	467	69	48	0	2
"PVP01_0528200"	2	7	1	0	0	0
"PVP01_0528300"	9	97	106	0	0	0
"PVP01_0528400"	1	4	3	17	0	0
"PVP01_0528500"	28	116	23	0	0	0
"PVP01_0528600"	166	1731	236	0	0	29
"PVP01_0528700"	44	366	58	45	0	0
"PVP01_0528800"	135	1065	213	64	6	22
"PVP01_0528900"	14	92	18	14	2	0
"PVP01_0529000"	39	415	71	0	0	62
"PVP01_0529100"	49	793	306	1	0	0
"PVP01_0529200"	17	119	42	0	0	0
"PVP01_0529300"	238	2564	566	115	0	80
"PVP01_0529400"	87	675	140	55	11	1
"PVP01_0529500"	29	174	28	40	0	2
"PVP01_0529600"	43	185	52	15	0	0
"PVP01_0529700"	57	306	68	88	0	2
"PVP01_0529800"	1284	8893	509	186	170	197
"PVP01_0529900"	2	20	2	0	0	0
"PVP01_0530000"	5	23	6	0	0	0
"PVP01_0530100"	40	238	93	0	0	0
"PVP01_0530200"	4	60	10	6	8	0
"PVP01_0530300"	1	15	1	0	0	0
"PVP01_0530400"	0	4	1	0	0	0
"PVP01_0530500"	71	291	37	0	83	0
"PVP01_0530600"	212	1218	697	118	8	1
"PVP01_0530700"	92	674	141	2	0	8
"PVP01_0530800"	216	1392	235	79	0	0
"PVP01_0530900"	228	1189	286	95	68	90
"PVP01_0531000"	137	1237	221	19	18	27
"PVP01_0531100"	18	74	16	10	0	8
"PVP01_0531200"	68	397	83	103	0	27
"PVP01_0531300"	18	68	15	29	0	47
"PVP01_0531400"	8	41	19	0	0	0
"PVP01_0531500"	22	168	55	2	0	0
"PVP01_0531600"	48	189	54	52	0	0
"PVP01_0531700"	19	144	33	18	0	41
"PVP01_0531800"	7	85	57	0	0	0
"PVP01_0531900"	3	77	75	0	0	0
"PVP01_0532000"	273	4697	933	33	74	0
"PVP01_0532100"	24	269	92	0	0	0
"PVP01_0532200"	14	78	15	71	0	0
"PVP01_0532300"	29	473	246	0	0	0
"PVP01_0532400"	257	1974	26	1	0	0
"PVP01_0532500"	54	414	8	0	0	0
"PVP01_0532600"	1	27	0	0	0	8
"PVP01_0532700"	0	0	0	0	0	0
"PVP01_0532800"	29	157	29	0	0	0
"PVP01_0532900"	2	18	0	0	0	0
"PVP01_0533000"	1	9	0	0	0	0
"PVP01_0533100"	0	3	1	0	0	0
"PVP01_0533200"	6	76	13	0	0	0
"PVP01_0533300"	1	11	3	0	0	0
"PVP01_0533400"	0	0	0	0	0	0
"PVP01_0533500"	0	0	0	0	0	0
"PVP01_0533600"	0	0	0	0	0	0
"PVP01_0533700"	0	2	0	0	0	0
"PVP01_0533800"	0	0	0	0	0	0
"PVP01_0533900"	0	0	0	0	0	0
"PVP01_0534000"	0	0	0	0	0	0
"PVP01_0534100"	0	0	0	0	0	0
"PVP01_0534200"	0	0	0	0	0	0
"PVP01_0534300"	813	4698	2	0	0	0
"PVP01_0534400"	131	719	3	1	0	0
"PVP01_0534500"	0	0	0	0	0	0
"PVP01_0534550"	0	0	0	0	0	0
"PVP01_0534600"	0	0	0	0	0	0
"PVP01_0534700"	0	0	0	0	0	0
"PVP01_0534800"	0	0	0	0	0	0
"PVP01_0534900"	0	0	0	0	0	0
"PVP01_0535000"	0	0	0	0	0	0
"PVP01_0535100"	0	0	0	0	0	0
"PVP01_0535200"	0	0	0	0	0	0
"PVP01_0535300"	0	0	0	0	0	0
"PVP01_0535400"	0	0	0	0	0	0
"PVP01_0600100"	0	0	0	0	0	0
"PVP01_0600200"	0	0	0	0	0	0
"PVP01_0600300"	0	0	0	0	0	0
"PVP01_0600350"	0	0	0	0	0	0
"PVP01_0600400"	1	25	0	0	0	0
"PVP01_0600500"	4	19	8	0	0	0
"PVP01_0600600"	0	2	0	0	0	0
"PVP01_0600700"	0	0	0	0	0	0
"PVP01_0600800"	0	2	0	0	0	0
"PVP01_0600900"	30	244	31	0	0	0
"PVP01_0601000"	1	6	1	0	0	0
"PVP01_0601100"	0	2	0	0	0	0
"PVP01_0601200"	45	671	362	1	0	0
"PVP01_0601300"	56	103	4	0	0	0
"PVP01_0601400"	42	107	12	0	5	0
"PVP01_0601500"	11	37	5	163	0	1
"PVP01_0601600"	82	322	37	0	0	0
"PVP01_0601700"	214	428	1	0	0	35
"PVP01_0601800"	41	187	17	0	0	0
"PVP01_0601900"	2	6	3	0	0	0
"PVP01_0602000"	7	40	7	0	0	3
"PVP01_0602100"	6	26	11	61	0	12
"PVP01_0602200"	202	1315	224	80	0	84
"PVP01_0602300"	8	133	169	0	0	22
"PVP01_0602400"	118	935	169	79	6	0
"PVP01_0602500"	10	147	19	39	0	27
"PVP01_0602600"	8	33	6	35	0	0
"PVP01_0602700"	50	320	23	0	11	0
"PVP01_0602800"	40	436	82	8	74	0
"PVP01_0602900"	21	71	15	0	0	12
"PVP01_0603000"	30	221	46	49	108	0
"PVP01_0603100"	79	802	136	184	59	0
"PVP01_0603200"	7	54	17	0	0	12
"PVP01_0603300"	17	130	26	18	0	0
"PVP01_0603400"	41	341	198	10	0	0
"PVP01_0603500"	65	580	146	55	0	0
"PVP01_0603550"	0	4	0	0	0	0
"PVP01_0603600"	19	174	19	34	0	0
"PVP01_0603700"	7	43	0	0	0	0
"PVP01_0603800"	18	84	17	3	0	15
"PVP01_0603900"	105	727	265	115	13	0
"PVP01_0604000"	9	69	5	0	11	0
"PVP01_0604100"	6	27	21	0	0	0
"PVP01_0604200"	91	959	202	27	29	46
"PVP01_0604300"	5	104	30	0	28	0
"PVP01_0604400"	0	7	2	0	0	0
"PVP01_0604500"	0	0	0	10	54	0
"PVP01_0604600"	143	880	156	66	14	9
"PVP01_0604700"	40	201	58	6	0	0
"PVP01_0604800"	97	531	148	66	0	4
"PVP01_0604900"	10	33	35	0	0	0
"PVP01_0605000"	1	49	9	0	0	0
"PVP01_0605100"	17	216	41	48	0	0
"PVP01_0605200"	9	68	24	2	0	0
"PVP01_0605300"	0	0	0	0	0	0
"PVP01_0605400"	2	48	20	3	0	0
"PVP01_0605500"	1	26	8	36	4	0
"PVP01_0605600"	17	108	10	0	0	0
"PVP01_0605700"	20	146	38	12	0	15
"PVP01_0605800"	51	341	66	0	0	0
"PVP01_0605900"	40	235	38	0	0	0
"PVP01_0606000"	35	247	53	5	0	0
"PVP01_0606100"	24	150	61	0	0	8
"PVP01_0606200"	8	58	16	18	3	0
"PVP01_0606300"	71	454	74	83	1	33
"PVP01_0606400"	25	232	60	7	0	0
"PVP01_0606500"	49	273	39	2	0	0
"PVP01_0606600"	36	503	69	0	0	0
"PVP01_0606700"	36	181	40	33	0	0
"PVP01_0606800"	37	218	57	0	38	0
"PVP01_0606900"	239	5146	1297	239	48	5
"PVP01_0607000"	110	976	288	59	76	123
"PVP01_0607100"	81	524	215	0	0	0
"PVP01_0607200"	192	1067	250	205	61	61
"PVP01_0607300"	13	150	29	23	0	0
"PVP01_0607400"	188	1171	255	57	17	76
"PVP01_0607500"	25	122	22	0	0	0
"PVP01_0607600"	50	397	109	87	0	0
"PVP01_0607700"	58	379	52	99	0	0
"PVP01_0607800"	79	464	96	68	4	0
"PVP01_0607900"	75	1081	76	8	0	10
"PVP01_0608000"	50	270	54	0	0	0
"PVP01_0608100"	19	89	13	0	0	0
"PVP01_0608200"	4	29	11	42	5	0
"PVP01_0608300"	242	1939	378	38	0	87
"PVP01_0608400"	50	223	48	195	0	40
"PVP01_0608500"	35	216	37	0	0	0
"PVP01_0608600"	14	100	17	0	0	0
"PVP01_0608700"	2	24	4	0	0	0
"PVP01_0608800"	0	0	0	0	0	0
"PVP01_0608900"	0	10	1	0	0	0
"PVP01_0609000"	0	0	0	0	0	0
"PVP01_0609100"	277	3857	1146	50	65	93
"PVP01_0609200"	51	289	70	14	29	6
"PVP01_0609300"	1	20	6	0	0	0
"PVP01_0609400"	12	156	30	0	0	0
"PVP01_0609500"	67	263	86	4	0	0
"PVP01_0609600"	1	14	2	0	0	0
"PVP01_0609700"	23	123	20	0	0	0
"PVP01_0609800"	15	69	11	0	18	0
"PVP01_0609900"	12	66	28	0	0	0
"PVP01_0610000"	2447	13907	3042	560	352	350
"PVP01_0610100"	29	180	38	0	16	0
"PVP01_0610200"	28	252	58	16	0	0
"PVP01_0610300"	69	613	167	17	0	4
"PVP01_0610400"	17	93	9	61	4	0
"PVP01_0610500"	64	421	118	0	1	8
"PVP01_0610600"	24	165	55	0	0	0
"PVP01_0610700"	202	1698	250	148	22	8
"PVP01_0610800"	21	81	17	0	0	13
"PVP01_0610900"	13	46	7	0	0	0
"PVP01_0611000"	32	107	49	0	36	0
"PVP01_0611100"	4	66	64	0	0	0
"PVP01_0611200"	23	113	29	0	0	17
"PVP01_0611300"	9	16	1	0	0	26
"PVP01_0611400"	7	51	14	0	22	0
"PVP01_0611500"	38	171	31	69	24	0
"PVP01_0611600"	0	0	1	0	0	0
"PVP01_0611700"	1	5	0	0	0	0
"PVP01_0611800"	198	1146	134	56	15	10
"PVP01_0611900"	348	1776	398	128	6	87
"PVP01_0612000"	12	115	27	0	0	0
"PVP01_0612100"	48.969	494.651	80.525	14	9	12
"PVP01_0612200"	18	102	14	0	2	13
"PVP01_0612300"	31	190	24	0	0	0
"PVP01_0612400"	873	10769	2704	74	23	22
"PVP01_0612500"	61	237	45	0	0	11
"PVP01_0612600"	51	208	18	0	6	0
"PVP01_0612700"	0	5	1	0	0	7
"PVP01_0612800"	86	333	71	0	36	0
"PVP01_0612900"	578	2737	690	110	58	4
"PVP01_0613000"	13	68	10	0	0	10
"PVP01_0613100"	14	191	45	10	0	0
"PVP01_0613200"	154	1060	184	0	0	0
"PVP01_0613300"	37	230	35	16	0	0
"PVP01_0613400"	0	4	5	0	0	0
"PVP01_0613500"	56	230	63	39	0	21
"PVP01_0613600"	22	181	48	11	0	0
"PVP01_0613700"	2	29	3	0	0	0
"PVP01_0613800"	990	6434	23	0	5	0
"PVP01_0613900"	5	33	9	0	0	0
"PVP01_0614000"	32	561	13	0	0	0
"PVP01_0614100"	44	377	80	96	58	105
"PVP01_0614200"	78	583	107	109	9	0
"PVP01_0614300"	100	1258	158	75	1	0
"PVP01_0614400"	5	14	6	0	0	0
"PVP01_0614500"	39	295	74	0	0	0
"PVP01_0614600"	13	94	23	12	5	26
"PVP01_0614700"	295	1814	403	152	18	53
"PVP01_0614800"	0	4	0	6	0	0
"PVP01_0614900"	22	139	18	0	0	29
"PVP01_0615000"	18	145	96	20	0	0
"PVP01_0615100"	29	163	32	53	0	31
"PVP01_0615200"	36	328	54	0	0	9
"PVP01_0615300"	26	517	57	21	0	1
"PVP01_0615400"	21	160	54	53	0	0
"PVP01_0615500"	6	33	10	0	9	0
"PVP01_0615600"	240	1462	278	144	0	65
"PVP01_0615700"	122	826	113	48	8	33
"PVP01_0615800"	19	120	7	0	0	0
"PVP01_0615900"	25	209	15	0	0	0
"PVP01_0616000"	3	16	4	0	39	37
"PVP01_0616100"	68	383	67	366	66	143
"PVP01_0616200"	33	258	55	0	0	0
"PVP01_0616300"	242	2572	269	79	0	1
"PVP01_0616400"	37	331	58	0	0	0
"PVP01_0616500"	183	3352	612	13	0	0
"PVP01_0616600"	81	607	146	72	0	16
"PVP01_0616700"	83	594	107	13	0	77
"PVP01_0616800"	14	75	31	34	0	0
"PVP01_0616900"	35	201	47	18	0	0
"PVP01_0617000"	0	3	0	14	0	0
"PVP01_0617100"	6	42	2	0	0	0
"PVP01_0617200"	89	1121	168	94	108	28
"PVP01_0617300"	0	6	1	0	0	0
"PVP01_0617400"	53	256	60	0	14	0
"PVP01_0617500"	26	179	42	17	0	0
"PVP01_0617600"	57	322	64	21	0	0
"PVP01_0617700"	54	314	40	0	4	0
"PVP01_0617800"	24	112	22	0	0	0
"PVP01_0617900"	45	252	59	104	0	0
"PVP01_0618000"	65	374	76	12	0	0
"PVP01_0618100"	23	125	23	0	0	21
"PVP01_0618200"	566	5309	1121	305	22	38
"PVP01_0618300"	38	282	51	121	22	19
"PVP01_0618400"	1	13	3	0	0	0
"PVP01_0618500"	19	86	29	88	0	0
"PVP01_0618600"	80	401	95	16	0	0
"PVP01_0618700"	88	402	89	48	0	2
"PVP01_0618800"	78	600	117	72	0	76
"PVP01_0618900"	0	5	6	0	0	0
"PVP01_0619000"	81	263	114	123	8	0
"PVP01_0619100"	54	331	105	0	18	0
"PVP01_0619200"	0	0	1	0	0	0
"PVP01_0619300"	4	71	9	0	0	0
"PVP01_0619400"	4	4	1	0	0	0
"PVP01_0619500"	68	363	70	4	17	24
"PVP01_0619600"	92	578	109	126	93	0
"PVP01_0619700"	4	36	8	0	0	0
"PVP01_0619800"	10	75	23	0	0	0
"PVP01_0619900"	53	328	64	81	0	0
"PVP01_0620000"	276	2569	777	74	67	17
"PVP01_0620100"	56	305	47	13	3	104
"PVP01_0620200"	14	41	10	0	0	0
"PVP01_0620300"	206	3207	129	0	0	0
"PVP01_0620400"	34	381	124	0	0	1
"PVP01_0620500"	0	4	7	0	0	0
"PVP01_0620600"	3	68	57	14	15	11
"PVP01_0620700"	64	632	13	0	0	0
"PVP01_0620800"	394	6952	1167	0	1	1
"PVP01_0620900"	129	1510	8	0	0	0
"PVP01_0621000"	15	140	28	56	0	0
"PVP01_0621100"	34	198	48	12	0	61
"PVP01_0621200"	53	263	41	23	113	34
"PVP01_0621300"	348	2532	513	68	102	112
"PVP01_0621400"	270	1857	276	40	0	121
"PVP01_0621500"	107	645	158	44	0	1
"PVP01_0621600"	33	125	30	0	0	0
"PVP01_0621700"	413	2925	538	81	0	29
"PVP01_0621800"	75	578	233	91	30	0
"PVP01_0621900"	256	3562	1053	99	71	34
"PVP01_0622000"	99	919	135	45	0	0
"PVP01_0622100"	90	482	104	121	31	13
"PVP01_0622200"	3	37	3	0	0	4
"PVP01_0622300"	5	28	6	10	0	0
"PVP01_0622400"	106	629	163	111	0	121
"PVP01_0622500"	69	410	77	8	0	46
"PVP01_0622600"	35	165	17	0	0	0
"PVP01_0622700"	7	42	42	0	0	0
"PVP01_0622800"	4	47	22	0	0	174
"PVP01_0622900"	0	0	0	0	0	0
"PVP01_0623000"	13	16	0	0	0	0
"PVP01_0623100"	1	65	8	0	0	0
"PVP01_0623200"	0	0	0	0	0	0
"PVP01_0623300"	5	74	11	0	0	0
"PVP01_0623400"	0	0	0	0	0	0
"PVP01_0623500"	94	729	108	0	0	0
"PVP01_0623600"	0	0	0	0	0	0
"PVP01_0623700"	178	1877	313	0	0	1
"PVP01_0623800"	1665	7738	12	1	0	1
"PVP01_0623900"	0	0	0	0	0	0
"PVP01_0624000"	0	7	1	0	0	0
"PVP01_0624100"	0	0	0	0	0	0
"PVP01_0624200"	0	0	0	0	0	0
"PVP01_0624300"	0	8	0	0	0	0
"PVP01_0624400"	0	2	0	0	0	0
"PVP01_0624500"	4	70	45	0	0	0
"PVP01_0624600"	0	0	0	0	0	0
"PVP01_0624700"	0	1	1	0	0	0
"PVP01_0624800"	0	0	0	0	0	0
"PVP01_0624900"	0	1	0	0	0	0
"PVP01_0625000"	0	0	0	0	0	0
"PVP01_0700100"	40	294	66	196	1	106
"PVP01_0700150"	4	6	2	0	0	0
"PVP01_0700200"	0	0	0	0	0	0
"PVP01_0700300"	0	0	0	0	0	0
"PVP01_0700400"	0	0	0	0	0	0
"PVP01_0700500"	2	17	0	0	0	0
"PVP01_0700600"	2	0	0	0	0	0
"PVP01_0700700"	22	93	13	0	0	0
"PVP01_0700800"	25	218	34	0	0	0
"PVP01_0700900"	16	119	9	0	0	0
"PVP01_0701000"	1	7	1	0	0	0
"PVP01_0701100"	1214	7034	135	3	0	25
"PVP01_0701200"	1945	13391	69	22	0	8
"PVP01_0701300"	3	14	3	0	0	0
"PVP01_0701400"	253	1301	234	25	0	1
"PVP01_0701500"	31	242	41	0	51	0
"PVP01_0701600"	86	424	151	5	0	0
"PVP01_0701700"	531	3360	561	718	208	288
"PVP01_0701800"	421	2727	628	141	201	98
"PVP01_0701900"	137	797	155	8	0	0
"PVP01_0702000"	76	685	200	45	0	0
"PVP01_0702100"	205	1277	324	236	46	36
"PVP01_0702200"	7	70	20	38	10	0
"PVP01_0702300"	55	295	56	4	7	6
"PVP01_0702400"	142	657	127	72	13	0
"PVP01_0702500"	76	616	140	0	35	0
"PVP01_0702600"	5	29	5	0	0	0
"PVP01_0702700"	2	24	15	21	0	0
"PVP01_0702800"	102	619	119	0	0	13
"PVP01_0702900"	161	852	195	67	0	10
"PVP01_0703000"	365	2755	395	18	0	0
"PVP01_0703100"	148	777	150	28	94	0
"PVP01_0703200"	53	346	48	0	0	0
"PVP01_0703300"	143	1092	193	68	34	30
"PVP01_0703400"	28	182	38	27	0	0
"PVP01_0703500"	362	2357	556	115	119	90
"PVP01_0703600"	86	421	97	35	60	92
"PVP01_0703700"	11	136	19	9	0	0
"PVP01_0703800"	141	3397	2494	1	0	0
"PVP01_0703900"	47	1160	55	0	0	0
"PVP01_0704000"	2	92	20	0	0	0
"PVP01_0704100"	27	119	44	0	0	0
"PVP01_0704200"	230	1137	244	38	0	17
"PVP01_0704300"	151	993	275	138	22	33
"PVP01_0704400"	171	954	181	96	3	13
"PVP01_0704500"	110	635	153	14	4	0
"PVP01_0704600"	15	70	24	8	0	29
"PVP01_0704700"	5	41	4	0	0	0
"PVP01_0704800"	133	695	154	80	0	38
"PVP01_0704900"	0	4	2	20	0	0
"PVP01_0705000"	3	38	1	0	0	0
"PVP01_0705100"	1348	6904	1133	1017	347	399
"PVP01_0705200"	26	108	27	21	0	0
"PVP01_0705300"	31	165	36	0	0	0
"PVP01_0705400"	100	546	103	31	9	0
"PVP01_0705500"	61	387	106	7	0	6
"PVP01_0705600"	17	153	27	0	0	0
"PVP01_0705700"	59	413	76	29	0	1
"PVP01_0705800"	24	117	20	41	0	0
"PVP01_0705900"	103	566	223	70	0	0
"PVP01_0706000"	86	956	87	75	0	1
"PVP01_0706100"	86	526	122	2	23	0
"PVP01_0706200"	82	517	118	28	0	0
"PVP01_0706300"	41	223	52	75	34	73
"PVP01_0706400"	16	73	28	0	0	0
"PVP01_0706500"	136	1381	131	0	0	1
"PVP01_0706600"	99	573	101	47	0	3
"PVP01_0706700"	412	3683	539	53	59	26
"PVP01_0706800"	22	220	47	0	0	0
"PVP01_0706900"	44	349	179	0	16	52
"PVP01_0707000"	20	333	246	10	0	29
"PVP01_0707100"	31	183	20	42	0	0
"PVP01_0707200"	7	36	17	0	0	21
"PVP01_0707300"	12	82	11	60	0	22
"PVP01_0707400"	92	500	74	15	41	0
"PVP01_0707500"	24	123	31	0	0	46
"PVP01_0707600"	6	37	7	0	0	6
"PVP01_0707700"	0	9	1	0	0	0
"PVP01_0707800"	18	87	24	0	0	4
"PVP01_0707900"	188	1574	255	269	45	52
"PVP01_0708000"	6	60	7	0	0	0
"PVP01_0708100"	76	534	115	67	54	0
"PVP01_0708200"	96	1575	182	19	26	0
"PVP01_0708300"	20	84	18	1	0	0
"PVP01_0708400"	29	340	78	22	27	77
"PVP01_0708500"	0	3	0	0	0	0
"PVP01_0708600"	432	2753	488	69	72	30
"PVP01_0708700"	587	4308	654	238	51	109
"PVP01_0708800"	36	486	81	0	0	0
"PVP01_0708900"	213	1249	283	88	8	45
"PVP01_0709000"	118	1011	182	68	46	0
"PVP01_0709100"	74	525	103	23	0	1
"PVP01_0709200"	3	92	7	2	11	0
"PVP01_0709300"	23	93	11	0	0	0
"PVP01_0709400"	15	128	39	11	0	0
"PVP01_0709500"	33	139	29	0	0	0
"PVP01_0709600"	380	2446	88	16	0	0
"PVP01_0709700"	57	293	54	80	14	0
"PVP01_0709800"	112	727	131	0	79	163
"PVP01_0709900"	16	106	24	57	0	0
"PVP01_0710000"	14	83	14	15	0	0
"PVP01_0710100"	83	574	76	6	12	0
"PVP01_0710200"	75	531	81	7	0	1
"PVP01_0710300"	12	63	12	35	1	0
"PVP01_0710400"	149	730	181	82	92	0
"PVP01_0710500"	17	197	37	14	0	19
"PVP01_0710600"	18	93	24	9	0	39
"PVP01_0710700"	0	0	0	0	0	0
"PVP01_0710800"	62	441	84	15	47	0
"PVP01_0710900"	19	124	25	1	10	0
"PVP01_0711000"	2	3	1	0	0	0
"PVP01_0711100"	15	94	13	0	0	0
"PVP01_0711200"	8	70	15	25	0	0
"PVP01_0711300"	73	358	62	0	0	33
"PVP01_0711400"	17	91	14	0	0	0
"PVP01_0711500"	11	51	10	0	24	0
"PVP01_0711550"	0	0	0	0	0	0
"PVP01_0711600"	466	2346	593	26	7	44
"PVP01_0711700"	58	353	63	8	15	0
"PVP01_0711800"	21	69	7	11	0	0
"PVP01_0711900"	42	209	28	14	0	0
"PVP01_0712000"	10	78	14	0	0	3
"PVP01_0712100"	113	627	87	0	0	0
"PVP01_0712200"	188	953	35	8	22	0
"PVP01_0712300"	11	71	15	3	0	0
"PVP01_0712400"	32	141	38	28	0	0
"PVP01_0712500"	71	858	37	0	1	2
"PVP01_0712600"	65	348	91	40	0	13
"PVP01_0712700"	15	151	62	15	0	0
"PVP01_0712800"	113	1197	712	7	0	1
"PVP01_0712900"	87	661	116	0	0	17
"PVP01_0713000"	65	414	72	3	34	0
"PVP01_0713100"	1227	9618	1091	448	80	54
"PVP01_0713200"	19	152	48	57	48	10
"PVP01_0713300"	73	575	153	2	58	0
"PVP01_0713400"	47	310	58	16	0	0
"PVP01_0713500"	36	161	62	0	12	70
"PVP01_0713600"	37	329	42	5	0	0
"PVP01_0713700"	5	26	11	37	0	0
"PVP01_0713800"	428	4169	778	128	13	111
"PVP01_0713900"	16	98	17	54	0	0
"PVP01_0714000"	20	56	20	0	0	0
"PVP01_0714100"	33	157	49	0	0	28
"PVP01_0714200"	1	0	2	59	0	0
"PVP01_0714300"	22	82	4	55	0	0
"PVP01_0714400"	35	735	159	34	0	0
"PVP01_0714500"	23	125	31	10	0	17
"PVP01_0714600"	52	320	67	26	0	0
"PVP01_0714700"	16	180	40	0	0	0
"PVP01_0714800"	101	434	45	0	0	0
"PVP01_0714900"	64	367	45	0	0	0
"PVP01_0715000"	7	81	28	0	0	0
"PVP01_0715100"	626	3634	106	55	23	57
"PVP01_0715200"	44	244	45	29	48	0
"PVP01_0715300"	17	127	15	0	0	8
"PVP01_0715400"	58	312	88	0	0	0
"PVP01_0715500"	20	173	58	0	0	0
"PVP01_0715600"	30	194	39	0	0	0
"PVP01_0715700"	10	70	75	7	18	2
"PVP01_0715800"	1	34	22	0	0	0
"PVP01_0715900"	124	601	362	2	39	20
"PVP01_0716000"	28	217	34	101	0	0
"PVP01_0716100"	24	94	10	0	0	0
"PVP01_0716200"	33	250	50	112	0	9
"PVP01_0716300"	1046	6975	1833	530	55	190
"PVP01_0716400"	421	5764	1386	57	7	67
"PVP01_0716500"	26	118	29	35	0	67
"PVP01_0716600"	33	196	43	6	0	97
"PVP01_0716700"	148	772	205	27	0	39
"PVP01_0716800"	8	57	9	78	3	6
"PVP01_0716900"	176	1239	429	31	0	94
"PVP01_0717000"	118	958	154	0	0	30
"PVP01_0717100"	176	3035	63	10	0	12
"PVP01_0717200"	27	164	34	42	0	0
"PVP01_0717300"	41	166	30	51	90	0
"PVP01_0717400"	202	1070	236	30	2	0
"PVP01_0717500"	220	1423	510	24	0	51
"PVP01_0717600"	49	785	62	7	0	0
"PVP01_0717700"	1	5	3	0	0	0
"PVP01_0717800"	20	208	37	0	0	0
"PVP01_0717900"	14	89	19	0	0	0
"PVP01_0718000"	34	251	29	0	0	0
"PVP01_0718100"	24	184	58	0	0	83
"PVP01_0718200"	207	1743	447	57	6	59
"PVP01_0718300"	122	899	419	12	0	0
"PVP01_0718400"	477	2245	412	46	0	7
"PVP01_0718500"	9	78	7	52	0	0
"PVP01_0718600"	106	659	115	0	15	68
"PVP01_0718700"	4	36	4	0	0	0
"PVP01_0718800"	22	227	33	0	26	0
"PVP01_0718900"	69	283	59	0	0	0
"PVP01_0719000"	47	319	36	0	0	0
"PVP01_0719100"	69	890	327	0	0	83
"PVP01_0719200"	142	864	167	35	0	0
"PVP01_0719300"	13	126	21	43	2	24
"PVP01_0719400"	24	102	22	8	0	0
"PVP01_0719500"	33	194	33	0	0	4
"PVP01_0719600"	45	331	58	0	0	0
"PVP01_0719700"	69	453	76	36	15	8
"PVP01_0719800"	42	290	34	0	98	0
"PVP01_0719900"	11	57	16	17	0	34
"PVP01_0720000"	39	356	79	52	0	0
"PVP01_0720100"	138	888	136	28	0	0
"PVP01_0720200"	5	22	7	0	0	0
"PVP01_0720300"	15	96	21	0	0	0
"PVP01_0720400"	29	176	62	21	17	0
"PVP01_0720500"	2	24	6	0	0	0
"PVP01_0720600"	190	2329	353	17	0	78
"PVP01_0720700"	335	2218	586	131	0	142
"PVP01_0720800"	0	0	0	0	0	0
"PVP01_0720900"	6	63	10	0	0	0
"PVP01_0721000"	1127	5974	1307	279	88	56
"PVP01_0721100"	39	279	48	0	0	0
"PVP01_0721200"	8	142	31	6	0	0
"PVP01_0721300"	157	1192	220	63	0	22
"PVP01_0721400"	18	100	24	44	0	0
"PVP01_0721500"	22	163	34	69	0	0
"PVP01_0721600"	31	181	58	0	0	0
"PVP01_0721700"	91	359	142	0	0	0
"PVP01_0721800"	1	18	9	0	0	0
"PVP01_0721900"	48	348	67	8	0	0
"PVP01_0722000"	18	163	183	0	0	0
"PVP01_0722100"	29	155	53	0	84	12
"PVP01_0722200"	0	5	0	3	0	0
"PVP01_0722300"	27	205	40	11	0	37
"PVP01_0722400"	222	1685	289	69	200	20
"PVP01_0722500"	44	397	170	0	23	72
"PVP01_0722600"	8	109	20	78	0	0
"PVP01_0722700"	16	122	19	0	13	0
"PVP01_0722800"	42	256	40	28	0	1
"PVP01_0722900"	84	679	124	68	3	85
"PVP01_0723000"	11	97	56	30	0	0
"PVP01_0723100"	33	247	63	12	0	0
"PVP01_0723200"	19	103	25	5	0	0
"PVP01_0723300"	0	0	0	0	0	0
"PVP01_0723400"	0	1	0	0	0	0
"PVP01_0723500"	1	13	2	0	0	0
"PVP01_0723600"	6	18	12	54	0	0
"PVP01_0723700"	61	410	94	32	45	49
"PVP01_0723800"	15	86	19	25	0	0
"PVP01_0723900"	14	75	15	0	0	0
"PVP01_0724000"	36	231	66	14	9	62
"PVP01_0724100"	4	47	27	0	20	37
"PVP01_0724200"	174	1149	180	73	2	0
"PVP01_0724300"	25	150	28	2	0	22
"PVP01_0724400"	282	1029	203	87	32	47
"PVP01_0724500"	33	153	51	0	0	0
"PVP01_0724600"	167	1221	309	46	1	100
"PVP01_0724700"	86	351	70	3	0	28
"PVP01_0724800"	19	126	25	5	0	13
"PVP01_0724900"	58	409	88	0	0	0
"PVP01_0725000"	75	409	114	39	0	0
"PVP01_0725100"	0	3	1	0	0	0
"PVP01_0725200"	51	357	96	26	0	0
"PVP01_0725300"	11	71	10	0	0	0
"PVP01_0725400"	5	39	16	0	0	0
"PVP01_0725500"	47	257	82	6	0	0
"PVP01_0725600"	91	462	113	60	0	4
"PVP01_0725700"	19	166	42	12	0	0
"PVP01_0725800"	34	167	35	16	29	9
"PVP01_0725900"	6	13	1	0	0	0
"PVP01_0726000"	2	34	10	0	0	0
"PVP01_0726100"	39	298	75	0	0	4
"PVP01_0726200"	41	282	39	0	0	0
"PVP01_0726300"	59	325	78	11	0	0
"PVP01_0726400"	73	595	145	27	0	0
"PVP01_0726500"	37	207	73	3	0	0
"PVP01_0726600"	0	9	0	0	0	22
"PVP01_0726650"	0	11	1	0	0	0
"PVP01_0726700"	14	107	10	0	0	0
"PVP01_0726800"	88	569	104	0	0	28
"PVP01_0726900"	1	12	13	0	1	0
"PVP01_0727000"	90	398	112	80	0	8
"PVP01_0727100"	0	2	2	0	0	0
"PVP01_0727200"	257	2265	314	18	17	2
"PVP01_0727300"	29	176	37	16	0	0
"PVP01_0727400"	21	165	23	9	0	1
"PVP01_0727500"	70	390	76	31	11	24
"PVP01_0727600"	30	155	30	0	0	0
"PVP01_0727700"	38	403	98	11	22	19
"PVP01_0727800"	11	44	12	0	0	0
"PVP01_0727900"	190	2253	2992	65	1	7
"PVP01_0728000"	0	2	0	0	0	0
"PVP01_0728100"	13	150	8	0	6	0
"PVP01_0728200"	26	165	22	94	0	1
"PVP01_0728300"	14	84	18	16	2	4
"PVP01_0728400"	5	61	14	0	4	0
"PVP01_0728500"	1	15	1	0	0	0
"PVP01_0728600"	55	280	55	27	0	0
"PVP01_0728700"	3	10	0	0	0	0
"PVP01_0728800"	4	53	1	0	1	1
"PVP01_0728900"	6788	104364	12928	70	30	8
"PVP01_0729000"	118	1030	167	24	0	46
"PVP01_0729100"	93	1604	254	32	0	1
"PVP01_0729200"	41	205	62	23	93	0
"PVP01_0729300"	37	219	37	9	0	0
"PVP01_0729400"	694	4344	669	377	76	3
"PVP01_0729500"	0	0	0	0	0	0
"PVP01_0729600"	56	236	57	42	0	15
"PVP01_0729700"	72	406	74	29	0	0
"PVP01_0729800"	122	1186	129	43	24	41
"PVP01_0729900"	20	128	21	0	0	0
"PVP01_0730000"	75	332	110	0	0	0
"PVP01_0730100"	43	185	40	86	0	0
"PVP01_0730200"	62	444	69	57	0	2
"PVP01_0730300"	0	3	3	0	0	0
"PVP01_0730400"	15	60	13	0	0	0
"PVP01_0730500"	43	258	90	14	0	0
"PVP01_0730600"	43	302	32	17	0	0
"PVP01_0730700"	52	719	45	0	0	0
"PVP01_0730800"	61	447	117	19	0	83
"PVP01_0730900"	157	1821	241	19	69	3
"PVP01_0731000"	142	1303	203	0	0	0
"PVP01_0731100"	4	57	13	0	0	0
"PVP01_0731200"	1	9	2	0	0	0
"PVP01_0731300"	9	72	10	0	0	0
"PVP01_0731400"	2	17	4	0	0	0
"PVP01_0731500"	149	1107	246	22	16	32
"PVP01_0731600"	2	32	9	10	0	0
"PVP01_0731700"	16	159	34	0	0	0
"PVP01_0731800"	1	16	13	16	0	17
"PVP01_0731900"	4	36	1	0	0	0
"PVP01_0732000"	12	32	7	22	0	0
"PVP01_0732100"	12	37	7	0	0	0
"PVP01_0732200"	32	200	55	3	0	0
"PVP01_0732300"	99	632	117	10	0	18
"PVP01_0732400"	5	17	5	0	0	0
"PVP01_0732500"	0	1	2	0	0	0
"PVP01_0732600"	32	220	31	0	0	12
"PVP01_0732700"	12	63	16	0	0	0
"PVP01_0732800"	62	342	73	0	20	0
"PVP01_0732900"	40	217	36	18	21	0
"PVP01_0733000"	26	217	39	6	0	13
"PVP01_0733100"	22	79	14	13	0	13
"PVP01_0733200"	60	441	49	0	0	0
"PVP01_0733300"	83	733	18	0	0	0
"PVP01_0733400"	179	2171	227	14	11	17
"PVP01_0733500"	35	587	119	15	0	0
"PVP01_0733600"	0	11	3	0	0	0
"PVP01_0733700"	14	80	6	39	0	0
"PVP01_0733800"	1	9	1	0	0	0
"PVP01_0733900"	22	211	41	26	0	0
"PVP01_0734000"	6	60	17	0	0	0
"PVP01_0734100"	1	4	0	0	0	0
"PVP01_0734200"	14	44	1	0	0	0
"PVP01_0734300"	365	491	25	29	0	0
"PVP01_0734400"	9	64	9	11	0	0
"PVP01_0734500"	137	847	785	27	0	0
"PVP01_0734600"	37	380	86	1	0	0
"PVP01_0734700"	2	36	49	0	0	0
"PVP01_0734800"	12	93	87	0	0	0
"PVP01_0734900"	0	0	0	0	0	0
"PVP01_0735000"	16	248	159	0	0	0
"PVP01_0735100"	0	0	0	0	0	0
"PVP01_0735200"	27	328	49	0	0	0
"PVP01_0735300"	0	0	0	0	0	0
"PVP01_0735400"	0	0	0	0	0	0
"PVP01_0735500"	0	0	0	0	0	0
"PVP01_0735600"	0	0	0	0	0	0
"PVP01_0735700"	0	0	0	0	0	0
"PVP01_0735800"	0	0	0	0	0	0
"PVP01_0735900"	0	0	0	0	0	0
"PVP01_0736000"	0	0	0	0	0	0
"PVP01_0736100"	0	0	0	0	0	0
"PVP01_0736200"	0	0	0	0	0	0
"PVP01_0736300"	0	0	0	0	0	0
"PVP01_0736400"	0	0	0	0	0	0
"PVP01_0736500"	0	0	0	0	0	0
"PVP01_0736600"	0	0	0	0	0	0
"PVP01_0736700"	0	0	0	0	0	0
"PVP01_0736800"	0	0	0	0	0	0
"PVP01_0736900"	0	0	0	0	0	0
"PVP01_0737000"	0	0	0	0	0	0
"PVP01_0737100"	0	0	0	0	0	0
"PVP01_0737200"	0	0	0	0	0	0
"PVP01_0737300"	0	0	0	0	0	0
"PVP01_0737400"	0	0	0	0	0	0
"PVP01_0737500"	0	0	0	0	0	0
"PVP01_0737600"	0	0	0	0	0	0
"PVP01_0737700"	0	0	0	0	0	0
"PVP01_0737800"	0	0	0	0	0	0
"PVP01_0737900"	0	0	0	0	0	0
"PVP01_0738000"	0	0	0	0	0	0
"PVP01_0738100"	0	0	0	0	0	0
"PVP01_0738200"	0	0	0	0	0	0
"PVP01_0738300"	0	0	0	0	0	0
"PVP01_0738400"	0	0	0	0	0	0
"PVP01_0738500"	0	0	0	0	0	0
"PVP01_0738600"	0	0	0	0	0	0
"PVP01_0738700"	0	0	0	0	0	0
"PVP01_0738800"	0	0	0	0	0	0
"PVP01_0738900"	0	0	0	0	0	0
"PVP01_0739000"	0	0	0	0	0	0
"PVP01_0739050"	0	0	0	0	0	0
"PVP01_0739100"	0	0	0	0	0	0
"PVP01_0739200"	0	0	0	0	0	0
"PVP01_0739250"	0	0	0	0	0	0
"PVP01_0739300"	0	0	0	0	0	0
"PVP01_0800100"	0	3	3	0	0	0
"PVP01_0800200"	0	0	0	0	0	0
"PVP01_0800300"	0	8	0	0	0	0
"PVP01_0800400"	0	2	0	0	0	0
"PVP01_0800500"	0	0	0	0	0	0
"PVP01_0800600"	0	0	0	0	0	0
"PVP01_0800700"	3083	18978	29	0	1	10
"PVP01_0800800"	0	27	0	0	0	0
"PVP01_0800900"	8	105	15	0	0	0
"PVP01_0801000"	8	10	0	0	0	0
"PVP01_0801100"	320	3637	439	0	0	6
"PVP01_0801200"	40	212	51	0	0	0
"PVP01_0801300"	0	6	2	0	0	0
"PVP01_0801400"	0	8	1	0	0	0
"PVP01_0801500"	0	3	0	0	0	0
"PVP01_0801600"	2	118	11	1	0	0
"PVP01_0801700"	27	143	26	0	0	0
"PVP01_0801800"	106	415	11	0	0	0
"PVP01_0801900"	12275.54	130467.428	30739.241	6808.843	6450.199	8958.577
"PVP01_0802000"	1.001	0	0	0	0	0
"PVP01_0802100"	0	28	3	0	0	0
"PVP01_0802200"	350	1854	403	289	62	34
"PVP01_0802300"	31	145	30	0	25	19
"PVP01_0802400"	90	413	65	21	30	10
"PVP01_0802500"	81	564	113	176	0	0
"PVP01_0802600"	318	1988	356	97	115	105
"PVP01_0802700"	191	968	161	38	34	0
"PVP01_0802800"	11	126	80	0	0	0
"PVP01_0802900"	160	957	157	19	0	46
"PVP01_0803000"	31	103	17	14	0	0
"PVP01_0803100"	78	425	43	22	0	0
"PVP01_0803200"	11	316	183	7	0	0
"PVP01_0803300"	404	2293	495	80	115	28
"PVP01_0803400"	3375	30826	550	89	0	2
"PVP01_0803500"	84	652	113	81	3	3
"PVP01_0803600"	92	514	106	73	0	0
"PVP01_0803700"	8	32	8	0	0	0
"PVP01_0803800"	482	3497	640	184	72	8
"PVP01_0803900"	79	644	100	7	15	35
"PVP01_0804000"	31	185	75	73	0	0
"PVP01_0804100"	86	480	127	22	0	0
"PVP01_0804200"	96	557	216	37	0	0
"PVP01_0804300"	1	28	8	0	0	0
"PVP01_0804400"	12	65	14	0	0	0
"PVP01_0804500"	8	51	10	0	0	0
"PVP01_0804600"	43	324	67	0	0	0
"PVP01_0804700"	32	212	35	4	16	33
"PVP01_0804800"	32	399	39	63	94	28
"PVP01_0804900"	0	2	2	0	0	22
"PVP01_0805000"	0	2	3	0	0	0
"PVP01_0805100"	0	1	1	0	0	0
"PVP01_0805200"	118	701	176	0	14	28
"PVP01_0805300"	25	161	45	5	22	0
"PVP01_0805400"	20	146	27	61	0	0
"PVP01_0805500"	16	316	146	0	0	0
"PVP01_0805600"	51	272	55	20	0	0
"PVP01_0805700"	0	0	0	0	0	0
"PVP01_0805800"	5	35	7	14	7	0
"PVP01_0805900"	258	1453	298	48	0	28
"PVP01_0806000"	0	4	0	0	0	0
"PVP01_0806100"	15	78	13	0	14	0
"PVP01_0806200"	10	22	2	0	0	0
"PVP01_0806300"	23	99	27	0	8	2
"PVP01_0806400"	62	378	60	124	0	80
"PVP01_0806500"	931	4344	1007	285	48	68
"PVP01_0806600"	57	686	166	5	0	8
"PVP01_0806700"	53	375	55	111	16	81
"PVP01_0806800"	0	0	0	0	0	0
"PVP01_0806900"	35	246	66	0	0	0
"PVP01_0807000"	48	935	176	0	0	0
"PVP01_0807100"	78	420	71	12	0	0
"PVP01_0807200"	5	31	5	0	0	0
"PVP01_0807300"	31	238	38	0	9	66
"PVP01_0807400"	113	711	244	128	0	47
"PVP01_0807500"	24	59	17	43	10	11
"PVP01_0807600"	226	1620	268	124	11	92
"PVP01_0807700"	426	3476	701	20	0	0
"PVP01_0807800"	620	4948	1385	360	174	261
"PVP01_0807900"	117	632	118	16	0	48
"PVP01_0808000"	16	80	19	0	12	0
"PVP01_0808100"	249	1532	384	171	18	146
"PVP01_0808200"	53	687	63	5	45	14
"PVP01_0808300"	0	3	0	0	0	0
"PVP01_0808400"	259	1534	397	105	71	31
"PVP01_0808500"	192	1110	284	60	0	271
"PVP01_0808600"	5	29	1	0	0	0
"PVP01_0808700"	5	7	1	0	0	0
"PVP01_0808800"	42	120	16	0	11	0
"PVP01_0808900"	8	97	18	0	0	0
"PVP01_0809000"	48	253	45	0	0	0
"PVP01_0809100"	5	28	7	6	0	0
"PVP01_0809200"	31	369	48	78	27	23
"PVP01_0809300"	86	302	62	31	0	0
"PVP01_0809400"	87	325	82	0	0	0
"PVP01_0809500"	53	255	29	0	0	0
"PVP01_0809600"	5	46	15	119	0	25
"PVP01_0809700"	7	149	128	0	0	0
"PVP01_0809800"	28	168	40	0	0	7
"PVP01_0809900"	285	1542	352	181	0	1
"PVP01_0810000"	52	262	42	25	0	0
"PVP01_0810100"	25	205	23	28	0	43
"PVP01_0810200"	54	303	59	82	16	0
"PVP01_0810300"	102	527	140	11	0	10
"PVP01_0810400"	22	144	38	0	0	0
"PVP01_0810500"	2	4	2	0	0	0
"PVP01_0810600"	0	0	0	0	0	0
"PVP01_0810700"	143	820	195	68	31	20
"PVP01_0810800"	12	119	25	14	0	26
"PVP01_0810900"	76	401	80	0	20	0
"PVP01_0811000"	16	49	10	0	0	0
"PVP01_0811100"	8	90	27	14	0	28
"PVP01_0811200"	80	859	112	19	0	0
"PVP01_0811300"	180	1417	233	60	0	178
"PVP01_0811400"	112	642	112	74	0	0
"PVP01_0811500"	157	1060	225	104	0	54
"PVP01_0811600"	31	190	37	9	0	40
"PVP01_0811700"	23	125	32	32	12	0
"PVP01_0811800"	196	1486	298	48	68	14
"PVP01_0811900"	1593	11629	2079	459	188	284
"PVP01_0812000"	23	159	57	0	0	0
"PVP01_0812100"	34	260	52	21	0	21
"PVP01_0812200"	30	195	85	0	0	0
"PVP01_0812300"	45	716	430	0	0	0
"PVP01_0812400"	172	1003	228	66	14	41
"PVP01_0812500"	308	1907	348	1	7	0
"PVP01_0812600"	17	74	0	0	0	0
"PVP01_0812700"	76	458	69	0	0	0
"PVP01_0812800"	101	676	102	86	0	11
"PVP01_0812900"	109	592	128	58	47	0
"PVP01_0813000"	75	368	78	30	20	0
"PVP01_0813100"	25	209	24	34	0	91
"PVP01_0813200"	52	327	70	62	0	32
"PVP01_0813300"	114	1289	214	20	32	19
"PVP01_0813400"	170	1087	193	14	24	105
"PVP01_0813500"	13	96	5	0	0	0
"PVP01_0813600"	319	2280	398	21	1	117
"PVP01_0813700"	211	1345	306	53	0	106
"PVP01_0813800"	2	6	0	0	0	0
"PVP01_0813900"	12	177	101	0	0	0
"PVP01_0814000"	94	712	111	27	35	14
"PVP01_0814100"	6	42	6	0	0	0
"PVP01_0814200"	111	773	147	23	0	30
"PVP01_0814300"	10	141	14	0	0	0
"PVP01_0814400"	208	1722	239	239	25	13
"PVP01_0814500"	23	57	8	27	0	0
"PVP01_0814600"	17	105	14	0	0	0
"PVP01_0814700"	721	5614	1650	250	69	74
"PVP01_0814800"	79	344	66	27	0	7
"PVP01_0814900"	0	8	3	0	0	0
"PVP01_0815000"	48	1009	887	0	0	0
"PVP01_0815100"	65	412	87	72	0	37
"PVP01_0815200"	13	99	38	0	0	0
"PVP01_0815300"	164	957	183	69	0	186
"PVP01_0815400"	112	390	87	50	0	44
"PVP01_0815500"	145	835	136	29	0	59
"PVP01_0815600"	4	51	12	0	0	0
"PVP01_0815700"	84	498	115	83	159	0
"PVP01_0815800"	12	46	21	22	0	0
"PVP01_0815900"	221	1285	293	37	0	36
"PVP01_0816000"	1663	9151	1762	406	152	317
"PVP01_0816100"	79	769	53	0	0	0
"PVP01_0816200"	4	25	4	16	0	0
"PVP01_0816300"	101	727	155	18	22	0
"PVP01_0816400"	93	843	108	106	158	44
"PVP01_0816500"	26	118	27	3	0	0
"PVP01_0816600"	91	548	100	41	0	53
"PVP01_0816700"	47	456	57	23	0	1
"PVP01_0816800"	809	10494	656	1	1	2
"PVP01_0816900"	23	140	20	56	0	1
"PVP01_0817000"	29	176	44	18	0	0
"PVP01_0817100"	66	390	109	80	29	8
"PVP01_0817200"	86	532	140	8	0	0
"PVP01_0817300"	1018	5251	1150	95	195	138
"PVP01_0817400"	3	15	3	0	0	0
"PVP01_0817500"	25	295	56	4	0	20
"PVP01_0817600"	7	60	10	0	19	0
"PVP01_0817700"	10	43	15	18	0	25
"PVP01_0817800"	9	30	6	25	0	0
"PVP01_0817900"	158	821	151	57	0	81
"PVP01_0818000"	7	72	11	9	0	0
"PVP01_0818100"	19	93	17	0	0	0
"PVP01_0818200"	766	5061	903	59	143	360
"PVP01_0818300"	80	393	89	32	3	16
"PVP01_0818400"	127	1377	357	10	47	56
"PVP01_0818500"	58	470	89	6	46	0
"PVP01_0818600"	41	229	85	19	0	0
"PVP01_0818700"	185	1143	250	37	64	7
"PVP01_0818800"	67	553	226	48	0	0
"PVP01_0818900"	220	1875	434	136	8	0
"PVP01_0819000"	21	105	9	16	0	0
"PVP01_0819100"	37	344	22	24	0	0
"PVP01_0819200"	33	209	47	5	20	36
"PVP01_0819300"	416	3017	1200	178	170	30
"PVP01_0819400"	22	182	35	20	26	120
"PVP01_0819500"	83	560	122	2	0	0
"PVP01_0819600"	139	739	230	55	0	16
"PVP01_0819700"	92	589	55	71	63	9
"PVP01_0819800"	0	6	0	18	20	34
"PVP01_0819900"	95	502	113	77	28	24
"PVP01_0820000"	1	4	2	0	0	0
"PVP01_0820100"	87	343	103	10	49	22
"PVP01_0820200"	104	454	85	93	26	7
"PVP01_0820300"	18	94	16	17	18	0
"PVP01_0820400"	8	58	10	51	0	22
"PVP01_0820500"	177	1362	18	13	12	0
"PVP01_0820600"	41	195	53	84	19	0
"PVP01_0820700"	26	89	22	2	13	0
"PVP01_0820800"	55	342	73	17	0	71
"PVP01_0820900"	29	169	27	0	0	28
"PVP01_0821000"	73	499	75	69	0	25
"PVP01_0821100"	32	118	34	28	0	16
"PVP01_0821200"	77	666	324	55	0	26
"PVP01_0821300"	22	167	53	0	0	0
"PVP01_0821400"	7	57	17	0	0	28
"PVP01_0821450"	8	30	4	0	0	0
"PVP01_0821500"	47	227	43	11	0	31
"PVP01_0821600"	66	1168	291	75	0	94
"PVP01_0821700"	12	95	47	6	0	0
"PVP01_0821800"	60	492	74	0	0	0
"PVP01_0821900"	181	1384	299	367	21	39
"PVP01_0822000"	22	142	28	2	0	0
"PVP01_0822100"	6	29	3	0	0	0
"PVP01_0822200"	14	40	11	0	0	0
"PVP01_0822300"	31	184	23	0	0	0
"PVP01_0822400"	94	505	88	9	0	73
"PVP01_0822500"	228	969	277	19	0	129
"PVP01_0822600"	38	300	36	1	0	27
"PVP01_0822700"	44	365	78	0	0	17
"PVP01_0822800"	270	3082	326	0	66	23
"PVP01_0822900"	289	1866	491	139	26	201
"PVP01_0823000"	2	68	5	0	0	0
"PVP01_0823100"	69	563	79	10	0	18
"PVP01_0823200"	118	830	100	5	0	30
"PVP01_0823300"	273	1429	337	18	24	53
"PVP01_0823400"	28	218	56	18	0	0
"PVP01_0823500"	202	1485	284	57	0	0
"PVP01_0823600"	60	431	115	6	0	0
"PVP01_0823700"	36	176	30	35	0	7
"PVP01_0823800"	981	4816	925	170	16	9
"PVP01_0823900"	95	551	118	29	5	17
"PVP01_0824000"	28	246	36	28	62	0
"PVP01_0824100"	100	717	103	123	0	0
"PVP01_0824200"	1	5	0	0	0	0
"PVP01_0824300"	18	190	27	12	0	0
"PVP01_0824400"	14	124	20	0	0	17
"PVP01_0824500"	14	100	15	0	0	31
"PVP01_0824600"	35	221	39	31	0	0
"PVP01_0824700"	123	699	129	0	23	72
"PVP01_0824800"	9	61	12	0	9	0
"PVP01_0824900"	0	3	1	5	0	0
"PVP01_0825000"	357	2027	330	166	74	28
"PVP01_0825100"	12	38	11	0	0	0
"PVP01_0825200"	21	205	74	1	0	0
"PVP01_0825300"	20	330	111	0	0	0
"PVP01_0825400"	144	989	199	77	0	0
"PVP01_0825500"	39	403	41	0	0	17
"PVP01_0825600"	51	278	64	8	0	1
"PVP01_0825700"	64	390	77	28	0	28
"PVP01_0825800"	28	311	49	33	36	0
"PVP01_0825900"	115	590	102	30	8	15
"PVP01_0826000"	19	142	25	0	0	0
"PVP01_0826100"	38	344	38	84	27	19
"PVP01_0826200"	7	72	17	0	0	32
"PVP01_0826300"	21	111	20	23	0	14
"PVP01_0826400"	29	288	47	1	0	0
"PVP01_0826500"	25	215	48	1	0	3
"PVP01_0826600"	23	151	24	0	0	11
"PVP01_0826700"	26	242	47	0	0	0
"PVP01_0826800"	4	21	4	0	0	0
"PVP01_0826900"	29	129	22	0	0	0
"PVP01_0827000"	6	52	14	0	0	0
"PVP01_0827100"	111	574	138	5	9	12
"PVP01_0827200"	62	565	76	62	32	5
"PVP01_0827300"	0	0	0	0	0	0
"PVP01_0827400"	64	369	69	16	13	2
"PVP01_0827500"	0	0	0	0	0	0
"PVP01_0827600"	0	0	0	0	0	0
"PVP01_0827700"	10	36	15	0	0	0
"PVP01_0827800"	77	690	184	25	24	37
"PVP01_0827900"	45	248	59	0	0	0
"PVP01_0828000"	7	42	9	0	0	0
"PVP01_0828100"	26	218	23	1	70	0
"PVP01_0828200"	4	17	5	0	0	0
"PVP01_0828300"	12	101	15	0	0	0
"PVP01_0828400"	102	458	122	65	2	0
"PVP01_0828500"	3	22	8	0	0	19
"PVP01_0828600"	43	242	41	44	20	47
"PVP01_0828700"	71	402	73	44	4	0
"PVP01_0828800"	6	72	22	0	9	0
"PVP01_0828900"	122	962	174	2	35	50
"PVP01_0829000"	7	85	20	0	0	0
"PVP01_0829100"	13	114	18	6	0	0
"PVP01_0829200"	0	2	3	0	0	0
"PVP01_0829300"	16	108	35	0	0	0
"PVP01_0829400"	45	348	77	69	0	90
"PVP01_0829500"	25	148	37	13	7	0
"PVP01_0829600"	165	992	166	128	0	145
"PVP01_0829700"	184	1393	239	122	73	7
"PVP01_0829800"	5	31	30	0	0	0
"PVP01_0829900"	127	784	134	27	11	40
"PVP01_0830000"	58	360	63	0	23	0
"PVP01_0830100"	0	0	0	0	0	0
"PVP01_0830200"	41	269	69	2	0	0
"PVP01_0830300"	11	40	8	43	32	109
"PVP01_0830400"	21	79	19	0	21	19
"PVP01_0830500"	48	217	32	15	0	26
"PVP01_0830600"	443	1712	488	91	42	16
"PVP01_0830700"	20	89	34	0	0	0
"PVP01_0830800"	0	1	0	0	0	0
"PVP01_0830900"	8	127	26	0	10	0
"PVP01_0831000"	6	104	44	3	33	18
"PVP01_0831100"	0	4	1	0	0	0
"PVP01_0831200"	17	135	31	0	13	0
"PVP01_0831300"	49	319	61	2	0	0
"PVP01_0831400"	8	41	6	0	0	0
"PVP01_0831500"	23	300	17	0	0	0
"PVP01_0831600"	48	302	67	141	34	9
"PVP01_0831700"	23	106	26	18	0	0
"PVP01_0831800"	21	108	24	23	9	0
"PVP01_0831900"	194	1361	64	0	0	0
"PVP01_0832000"	330	2115	341	32	4	0
"PVP01_0832100"	8	86	51	0	25	0
"PVP01_0832200"	41	220	43	0	0	0
"PVP01_0832300"	16	121	18	13	0	0
"PVP01_0832400"	112.381	512.133	140.514	0	0	22
"PVP01_0832500"	111	870	233	22	56	0
"PVP01_0832600"	29	162	33	10	0	0
"PVP01_0832700"	105	556	113	10	0	0
"PVP01_0832800"	17	77	9	0	56	0
"PVP01_0832900"	18	341	124	0	0	0
"PVP01_0833000"	209	1482	293	67	0	32
"PVP01_0833100"	500	2650	521	166	0	123
"PVP01_0833200"	78	463	139	5	0	30
"PVP01_0833300"	0	0	0	0	0	0
"PVP01_0833400"	296	1735	336	132	24	55
"PVP01_0833500"	12	72	15	8	0	0
"PVP01_0833600"	7	71	18	0	0	0
"PVP01_0833700"	83	375	78	32	0	1
"PVP01_0833800"	54	361	51	14	0	98
"PVP01_0833900"	270	1204	292	80	6	0
"PVP01_0834000"	28	131	39	25	0	0
"PVP01_0834100"	35	147	31	53	56	0
"PVP01_0834200"	64	358	68	13	6	0
"PVP01_0834300"	9	21	14	0	0	0
"PVP01_0834400"	3	6	2	0	0	0
"PVP01_0834500"	77	455	84	7	0	0
"PVP01_0834600"	44	250	49	0	0	24
"PVP01_0834700"	240	2555	542	136	0	52
"PVP01_0834800"	16	105	21	12	0	50
"PVP01_0834900"	178	1297	268	188	157	115
"PVP01_0835000"	21	165	56	0	0	0
"PVP01_0835100"	36	250	88	3	0	14
"PVP01_0835200"	6	71	7	0	0	0
"PVP01_0835300"	57	342	61	0	0	8
"PVP01_0835400"	20	169	44	54	0	16
"PVP01_0835500"	53	380	52	28	0	0
"PVP01_0835600"	0	14	3	5	0	0
"PVP01_0835700"	1	12	4	0	0	0
"PVP01_0835800"	76	346	106	20	0	0
"PVP01_0835900"	31	221	45	3	0	59
"PVP01_0836000"	126	824	153	192	0	0
"PVP01_0836100"	23	455	81	0	0	0
"PVP01_0836200"	0	5	1	0	0	0
"PVP01_0836300"	1	0	0	0	0	0
"PVP01_0836400"	113	636	138	0	0	53
"PVP01_0836500"	59	348	48	23	0	0
"PVP01_0836600"	32	217	48	0	0	0
"PVP01_0836700"	66	411	77	33	0	14
"PVP01_0836800"	7	61	35	0	0	0
"PVP01_0836900"	126	381	94	72	0	30
"PVP01_0837000"	139	1062	112	133	0	22
"PVP01_0837100"	34	170	17	0	70	158
"PVP01_0837200"	163	1010	177	105	67	60
"PVP01_0837300"	647	4006	726	197	50	195
"PVP01_0837400"	78	330	158	52	56	0
"PVP01_0837500"	20	153	39	6	0	0
"PVP01_0837600"	42	258	45	7	17	0
"PVP01_0837650"	1	4	2	0	0	0
"PVP01_0837700"	362	2171	426	293	24	53
"PVP01_0837800"	64	564	95	123	0	88
"PVP01_0837900"	81	521	100	9	0	1
"PVP01_0838000"	28	15	1	0	0	0
"PVP01_0838100"	1	86	20	0	0	0
"PVP01_0838200"	35	467	7	0	0	0
"PVP01_0838300"	9	145	49	0	0	0
"PVP01_0838400"	0	0	0	0	0	0
"PVP01_0838500"	0	0	0	0	0	0
"PVP01_0838600"	0	0	0	0	0	0
"PVP01_0838700"	0	0	0	0	0	0
"PVP01_0838800"	0	0	0	0	0	0
"PVP01_0838900"	0	0	0	0	0	0
"PVP01_0839000"	0	0	0	0	0	0
"PVP01_0839100"	0	0	0	0	0	0
"PVP01_0839200"	0	0	0	0	0	0
"PVP01_0839300"	0	0	0	0	0	0
"PVP01_0839400"	0	3	0	0	0	0
"PVP01_0839500"	0	0	0	0	0	0
"PVP01_0839600"	0	0	0	0	0	0
"PVP01_0839700"	0	1	0	0	0	0
"PVP01_0839800"	0	0	0	0	0	0
"PVP01_0839900"	0	0	0	0	0	0
"PVP01_0840000"	0	0	0	0	0	0
"PVP01_0840100"	0	0	0	0	0	0
"PVP01_0840200"	0	0	0	0	0	0
"PVP01_0840300"	0	0	0	0	0	0
"PVP01_0840400"	0	0	0	0	0	0
"PVP01_0840500"	0	0	0	0	0	0
"PVP01_0840600"	0	0	0	0	0	0
"PVP01_0840700"	0	0	0	0	0	0
"PVP01_0840750"	0	0	0	0	0	0
"PVP01_0840800"	0	0	0	0	0	0
"PVP01_0840900"	0	0	0	0	0	0
"PVP01_0841000"	0	6	2	0	0	0
"PVP01_0900100"	0	0	0	0	0	0
"PVP01_0900200"	0	0	0	0	0	0
"PVP01_0900300"	0	0	0	0	0	0
"PVP01_0900400"	0	0	0	0	0	0
"PVP01_0900500"	0	0	0	0	0	0
"PVP01_0900600"	0	0	0	0	0	0
"PVP01_0900700"	0	11	1	0	0	0
"PVP01_0900750"	0	0	0	0	0	0
"PVP01_0900800"	0	0	0	0	0	0
"PVP01_0900850"	0	0	0	0	0	0
"PVP01_0900900"	0	0	0	0	0	0
"PVP01_0901000"	0	0	0	0	0	0
"PVP01_0901100"	30	750	103	0	0	1
"PVP01_0901200"	0	0	0	0	0	0
"PVP01_0901300"	0	0	0	0	0	0
"PVP01_0901400"	0	0	0	0	0	0
"PVP01_0901500"	0	0	0	0	0	0
"PVP01_0901550"	0	0	0	0	0	0
"PVP01_0901600"	0	0	0	0	0	0
"PVP01_0901700"	0	0	0	0	0	0
"PVP01_0901800"	0	0	0	0	0	0
"PVP01_0901900"	0	0	0	0	0	0
"PVP01_0902000"	0	0	0	0	0	0
"PVP01_0902100"	0	1	0	0	0	0
"PVP01_0902200"	0	0	0	0	0	0
"PVP01_0902300"	0	0	0	0	0	0
"PVP01_0902400"	0	0	0	0	0	0
"PVP01_0902450"	0	0	0	0	0	0
"PVP01_0902500"	0	0	0	0	0	0
"PVP01_0902600"	0	0	0	0	0	0
"PVP01_0902700"	0	0	0	0	0	0
"PVP01_0902800"	0	0	0	0	0	0
"PVP01_0902900"	0	0	0	0	0	0
"PVP01_0903000"	0	0	0	0	0	0
"PVP01_0903100"	0	0	0	0	0	0
"PVP01_0903200"	0	0	0	0	0	0
"PVP01_0903300"	0	0	0	0	0	0
"PVP01_0903400"	0	0	0	0	0	0
"PVP01_0903500"	0	0	0	0	0	0
"PVP01_0903600"	0	0	0	0	0	0
"PVP01_0903700"	4	7	2	0	0	0
"PVP01_0903800"	8	78	14	0	0	0
"PVP01_0903900"	160	941	165	39	59	20
"PVP01_0904000"	0	0	0	0	0	0
"PVP01_0904100"	0	0	0	0	0	0
"PVP01_0904200"	143	896	151	24	0	1
"PVP01_0904300"	13	77	16	0	0	0
"PVP01_0904400"	162	1074	155	97	43	0
"PVP01_0904500"	80	542	97	53	30	0
"PVP01_0904600"	710	4520	838	400	176	136
"PVP01_0904700"	1	1	0	0	0	0
"PVP01_0904800"	91	500	108	0	0	58
"PVP01_0904900"	49	239	48	22	35	0
"PVP01_0905000"	289	1567	314	39	5	117
"PVP01_0905100"	29	185	15	0	0	0
"PVP01_0905200"	269	1644	336	3	110	0
"PVP01_0905300"	0	1	0	0	0	0
"PVP01_0905400"	0	0	3	11	0	0
"PVP01_0905500"	38	184	43	0	0	0
"PVP01_0905600"	61	343	37	51	0	0
"PVP01_0905700"	193	3451	811	156	22	173
"PVP01_0905800"	5123	30100	14578	2224	1277	1597
"PVP01_0905900"	2391	19550	8442	1243	522	656
"PVP01_0906000"	2	27	5	0	0	0
"PVP01_0906100"	50	298	240	0	0	37
"PVP01_0906200"	200	1143	226	7	15	0
"PVP01_0906300"	9	89	20	0	0	0
"PVP01_0906400"	1295	7950	284	94	26	4
"PVP01_0906500"	146	752	131	0	0	0
"PVP01_0906600"	231	1456	351	103	4	0
"PVP01_0906700"	0	2	0	0	0	0
"PVP01_0906800"	122	646	165	0	0	15
"PVP01_0906900"	102	471	93	0	0	0
"PVP01_0907000"	114	753	144	2	3	60
"PVP01_0907100"	34	217	36	33	0	27
"PVP01_0907200"	30	170	16	0	0	0
"PVP01_0907300"	67	420	69	4	27	1
"PVP01_0907400"	69	412	75	2	0	0
"PVP01_0907500"	15	116	31	0	0	0
"PVP01_0907600"	71	406	61	0	43	0
"PVP01_0907700"	4	60	1	0	0	0
"PVP01_0907800"	79	462	113	17	9	0
"PVP01_0907900"	217	1924	394	53	10	23
"PVP01_0908000"	24	213	26	65	0	0
"PVP01_0908100"	497	4594	974	117	71	102
"PVP01_0908200"	80	328	159	0	25	0
"PVP01_0908300"	35	235	39	18	0	0
"PVP01_0908400"	8	19	8	0	0	0
"PVP01_0908500"	148	862	169	65	73	40
"PVP01_0908600"	265	4938	510	10	0	68
"PVP01_0908700"	9	26	7	4	0	25
"PVP01_0908800"	156	895	127	81	26	61
"PVP01_0908900"	42	314	122	1	0	33
"PVP01_0909000"	17	105	22	0	0	0
"PVP01_0909100"	8	92	24	0	0	0
"PVP01_0909200"	237	1689	206	97	4	60
"PVP01_0909300"	59	259	65	13	26	0
"PVP01_0909400"	219	1583	370	9	0	0
"PVP01_0909500"	35	264	79	2	0	48
"PVP01_0909600"	24	157	31	0	0	0
"PVP01_0909700"	71	606	105	0	0	0
"PVP01_0909800"	0	0	0	0	0	0
"PVP01_0909900"	5	25	7	16	0	20
"PVP01_0910000"	0	0	0	46	0	0
"PVP01_0910100"	0	0	0	0	0	0
"PVP01_0910200"	33	177	36	29	29	0
"PVP01_0910300"	0	0	0	0	0	0
"PVP01_0910400"	0	0	0	0	0	0
"PVP01_0910500"	0	0	0	0	0	0
"PVP01_0910600"	0	0	0	0	0	0
"PVP01_0910700"	619	3014	594	39	21	102
"PVP01_0910800"	28	198	46	0	0	0
"PVP01_0910900"	31	279	51	45	0	0
"PVP01_0911000"	126	662	141	0	36	0
"PVP01_0911100"	28	139	26	13	0	0
"PVP01_0911200"	930	7011	1133	172	33	216
"PVP01_0911300"	106	713	169	159	150	44
"PVP01_0911400"	41	234	68	15	12	1
"PVP01_0911500"	59	456	130	110	0	7
"PVP01_0911600"	0	0	0	0	0	0
"PVP01_0911700"	32	313	52	58	0	0
"PVP01_0911800"	33	295	46	46	0	0
"PVP01_0911900"	69	454	97	53	0	0
"PVP01_0912000"	12	114	15	18	39	0
"PVP01_0912100"	76	464	50	0	0	0
"PVP01_0912200"	34	249	51	8	0	0
"PVP01_0912300"	19	136	26	12	0	0
"PVP01_0912400"	0	7	1	0	0	0
"PVP01_0912500"	25	144	32	5	0	0
"PVP01_0912600"	14	84	23	0	0	40
"PVP01_0912700"	43	289	54	37	0	0
"PVP01_0912800"	16	152	18	68	0	0
"PVP01_0912900"	193	1503	426	48	0	74
"PVP01_0913000"	72	365	94	51	35	77
"PVP01_0913100"	68	420	93	13	27	13
"PVP01_0913200"	110	604	106	10	0	48
"PVP01_0913300"	124	652	169	13	0	0
"PVP01_0913400"	49	338	63	2	0	0
"PVP01_0913500"	94	724	112	29	0	1
"PVP01_0913600"	19	134	19	2	0	0
"PVP01_0913700"	3	77	43	0	0	0
"PVP01_0913800"	924	18407	3559	27	1	1
"PVP01_0913900"	102	1046	120	120	82	24
"PVP01_0914000"	23	205	39	0	78	0
"PVP01_0914100"	171	1246	193	82	2	0
"PVP01_0914200"	232	1127	318	176	0	89
"PVP01_0914300"	25	155	19	0	0	7
"PVP01_0914400"	10	35	27	24	0	0
"PVP01_0914500"	128	785	133	101	0	29
"PVP01_0914600"	61	341	48	37	0	9
"PVP01_0914700"	58	251	67	0	0	0
"PVP01_0914800"	2	14	6	0	0	0
"PVP01_0914900"	353	2202	92	37	7	84
"PVP01_0915000"	212	2630	533	0	29	28
"PVP01_0915100"	18	76	24	10	0	0
"PVP01_0915200"	13	103	24	0	1	0
"PVP01_0915300"	1	17	0	0	0	0
"PVP01_0915400"	166	1086	323	121	0	51
"PVP01_0915500"	68	228	58	8	0	0
"PVP01_0915600"	16	170	72	15	9	26
"PVP01_0915700"	14	98	19	0	0	0
"PVP01_0915800"	0	17	9	0	0	0
"PVP01_0915900"	91	1496	230	6	0	0
"PVP01_0916000"	59	951	1415	44	0	1
"PVP01_0916100"	214	1137	91	9	10	0
"PVP01_0916200"	83	535	85	356	119	244
"PVP01_0916300"	54	240	42	26	66	75
"PVP01_0916400"	204	809	298	27	0	0
"PVP01_0916450"	83	382	102	49	0	5
"PVP01_0916500"	30	171	92	40	0	0
"PVP01_0916600"	65	1846	874	0	0	0
"PVP01_0916700"	148	1401	261	68	11	31
"PVP01_0916800"	2	17	5	0	0	0
"PVP01_0916900"	31	222	33	24	0	9
"PVP01_0917000"	80	434	84	0	14	0
"PVP01_0917100"	50	426	101	51	46	0
"PVP01_0917200"	32	262	40	28	0	4
"PVP01_0917300"	292	2262	138	89	0	12
"PVP01_0917400"	1462	13676	260	109	49	59
"PVP01_0917500"	11	218	42	1	0	0
"PVP01_0917600"	33	232	51	47	0	0
"PVP01_0917700"	120	661	128	54	11	67
"PVP01_0917800"	8	45	4	0	0	0
"PVP01_0917900"	166	940	243	32	10	10
"PVP01_0918000"	8	76	58	0	0	0
"PVP01_0918100"	26	169	27	22	0	0
"PVP01_0918200"	14	47	14	0	0	0
"PVP01_0918300"	174	1026	295	99	33	25
"PVP01_0918400"	29	126	32	19	7	0
"PVP01_0918500"	16	122	62	0	0	0
"PVP01_0918600"	48	260	85	0	0	22
"PVP01_0918700"	16	95	17	0	0	3
"PVP01_0918800"	275	1614	370	75	30	56
"PVP01_0918900"	59	294	70	21	5	35
"PVP01_0919000"	7	21	11	4	0	0
"PVP01_0919100"	72	488	62	5	0	5
"PVP01_0919200"	19	85	13	0	0	0
"PVP01_0919300"	12	171	73	0	0	0
"PVP01_0919400"	0	1	1	0	0	0
"PVP01_0919500"	0	0	0	0	0	0
"PVP01_0919600"	12	89	13	18	0	0
"PVP01_0919700"	24	114	35	0	0	0
"PVP01_0919800"	17	95	19	9	0	0
"PVP01_0919900"	74	287	75	13	0	44
"PVP01_0920000"	177	1407	303	51	20	48
"PVP01_0920100"	28	166	21	59	0	0
"PVP01_0920200"	12	144	23	1	65	20
"PVP01_0920300"	69	861	104	11	0	1
"PVP01_0920400"	111	1054	55	1	87	1
"PVP01_0920500"	80	1072	85	28	0	41
"PVP01_0920600"	60	420	138	22	0	0
"PVP01_0920700"	202	1116	235	37	7	9
"PVP01_0920800"	20	209	49	0	0	0
"PVP01_0920900"	43	501	71	29	12	0
"PVP01_0921000"	71	753	40	36	0	0
"PVP01_0921100"	151	1044	148	14	0	0
"PVP01_0921200"	1	16	2	11	0	0
"PVP01_0921300"	11	215	8	0	0	0
"PVP01_0921400"	6	73	22	0	0	0
"PVP01_0921500"	13	54	10	0	0	0
"PVP01_0921600"	32	421	50	0	0	0
"PVP01_0921700"	21	209	42	12	4	0
"PVP01_0921800"	2	17	9	0	0	0
"PVP01_0921900"	36	205	39	46	5	0
"PVP01_0922000"	25	249	24	0	0	25
"PVP01_0922100"	46	473	89	10	0	0
"PVP01_0922200"	492	1801	249	0	7	76
"PVP01_0922300"	184	1014	167	31	4	1
"PVP01_0922400"	1	3	2	0	0	0
"PVP01_0922500"	23	82	17	0	26	0
"PVP01_0922600"	14	100	19	0	0	0
"PVP01_0922700"	16	66	10	0	0	0
"PVP01_0922800"	31	149	43	82	0	12
"PVP01_0922900"	36	206	43	0	9	0
"PVP01_0923000"	37	298	48	17	1	11
"PVP01_0923100"	85	491	77	0	59	0
"PVP01_0923200"	11	67	18	0	0	9
"PVP01_0923300"	11	117	20	70	0	57
"PVP01_0923400"	175	1236	227	210	142	12
"PVP01_0923500"	11	196	36	121	0	111
"PVP01_0923600"	83	637	84	146	0	0
"PVP01_0923700"	349	2898	588	142	80	93
"PVP01_0923800"	21	130	36	22	0	0
"PVP01_0923900"	48	388	86	25	5	61
"PVP01_0924000"	126	752	162	24	0	0
"PVP01_0924100"	131	1156	202	50	0	22
"PVP01_0924200"	57	288	70	19	1	91
"PVP01_0924300"	4	25	4	28	2	0
"PVP01_0924400"	142	928	235	85	0	80
"PVP01_0924500"	5	76	9	1	0	0
"PVP01_0924600"	41	532	129	83	0	0
"PVP01_0924700"	52	431	106	0	0	1
"PVP01_0924800"	1	23	25	24	0	0
"PVP01_0924900"	68	910	249	19	5	23
"PVP01_0925000"	24	98	38	0	0	0
"PVP01_0925100"	17	198	31	16	0	22
"PVP01_0925200"	66	502	167	53	0	7
"PVP01_0925300"	40	164	37	17	0	40
"PVP01_0925400"	36	137	34	23	0	0
"PVP01_0925500"	56	345	97	0	0	15
"PVP01_0925600"	247	987	262	0	3	8
"PVP01_0925700"	20	73	29	18	0	0
"PVP01_0925800"	47	332	69	15	0	0
"PVP01_0925900"	73	356	73	45	0	0
"PVP01_0926000"	181	993	198	70	7	12
"PVP01_0926100"	29	111	24	0	0	9
"PVP01_0926200"	41	177	47	0	2	18
"PVP01_0926300"	102	610	139	21	59	95
"PVP01_0926400"	67	772	130	37	15	0
"PVP01_0926500"	446	4870	164	0	0	0
"PVP01_0926600"	39	215	34	27	0	0
"PVP01_0926700"	82	662	113	23	31	24
"PVP01_0926800"	41	343	56	38	25	0
"PVP01_0926900"	215	1122	258	66	0	0
"PVP01_0927000"	17	164	30	0	1	0
"PVP01_0927100"	26	116	27	7	0	0
"PVP01_0927200"	15	214	34	0	0	0
"PVP01_0927300"	7	26	14	0	0	0
"PVP01_0927400"	138	1991	177	45	0	1
"PVP01_0927500"	26	168	21	17	0	4
"PVP01_0927600"	24	96	30	3	0	0
"PVP01_0927700"	243	1014	262	0	0	29
"PVP01_0927800"	15	99	15	0	0	0
"PVP01_0927900"	8	47	13	0	0	0
"PVP01_0928000"	39	172	35	18	0	0
"PVP01_0928100"	29	203	45	12	0	10
"PVP01_0928200"	112	528	129	82	5	0
"PVP01_0928300"	225	1149	119	14	63	59
"PVP01_0928400"	0	0	0	0	0	0
"PVP01_0928500"	17	80	18	0	0	0
"PVP01_0928600"	37	324	48	28	0	17
"PVP01_0928700"	185	1680	348	42	17	10
"PVP01_0928800"	24	143	25	14	0	49
"PVP01_0928900"	52	260	56	14	0	0
"PVP01_0929000"	69	557	90	30	20	2
"PVP01_0929100"	4	59	10	64	30	19
"PVP01_0929200"	57	243	59	10	0	1
"PVP01_0929300"	13	98	23	0	0	0
"PVP01_0929400"	13	78	23	16	0	0
"PVP01_0929500"	34	218	47	1	0	26
"PVP01_0929600"	6	66	105	0	0	0
"PVP01_0929700"	99	813	189	29	0	108
"PVP01_0929800"	440	1952	445	177	75	138
"PVP01_0929900"	157	1005	232	49	91	16
"PVP01_0930000"	7	59	17	10	0	16
"PVP01_0930100"	18	153	32	0	0	9
"PVP01_0930200"	49	139	28	0	26	18
"PVP01_0930300"	2	17	8	11	0	0
"PVP01_0930400"	24	111	27	52	0	1
"PVP01_0930500"	161	798	186	97	59	5
"PVP01_0930600"	16	95	19	35	0	0
"PVP01_0930700"	479	2069	462	60	24	6
"PVP01_0930800"	822	3663	886	296	69	118
"PVP01_0930900"	1	1	1	0	0	0
"PVP01_0931000"	0	0	0	0	0	0
"PVP01_0931100"	2	10	0	0	0	0
"PVP01_0931200"	121	1134	255	0	0	0
"PVP01_0931300"	25	125	30	4	0	14
"PVP01_0931400"	35	195	47	4	60	0
"PVP01_0931500"	54	377	77	12	0	27
"PVP01_0931600"	5	61	5	0	0	0
"PVP01_0931700"	25	192	31	83	0	13
"PVP01_0931800"	18	89	27	30	0	19
"PVP01_0931900"	31	623	169	0	5	13
"PVP01_0932000"	20	116	34	0	0	22
"PVP01_0932100"	11	55	12	0	0	0
"PVP01_0932200"	10	129	11	16	0	0
"PVP01_0932300"	5	0	0	0	0	0
"PVP01_0932400"	26	218	34	42	0	42
"PVP01_0932500"	0	0	0	0	0	0
"PVP01_0932600"	51	287	40	7	15	42
"PVP01_0932700"	35	352	87	0	7	36
"PVP01_0932800"	121	1035	197	59	0	71
"PVP01_0932900"	2	40	4	0	0	0
"PVP01_0933000"	99	762	133	97	7	67
"PVP01_0933100"	99	525	89	82	0	0
"PVP01_0933200"	49	356	97	0	40	32
"PVP01_0933300"	2	20	9	0	0	0
"PVP01_0933400"	25	123	24	3	0	0
"PVP01_0933500"	77	462	62	9	43	0
"PVP01_0933600"	275	3111	763	247	67	15
"PVP01_0933700"	29	231	43	101	0	0
"PVP01_0933800"	19	128	41	87	99	76
"PVP01_0933900"	42	249	43	0	0	0
"PVP01_0934000"	93	660	148	23	0	148
"PVP01_0934100"	29	235	57	1	0	0
"PVP01_0934200"	735	7315	56	0	0	1
"PVP01_0934300"	21	108	30	0	0	3
"PVP01_0934400"	22	120	20	72	0	0
"PVP01_0934500"	48	282	41	10	0	10
"PVP01_0934600"	132	596	202	74	66	14
"PVP01_0934700"	77	783	83	52	0	114
"PVP01_0934800"	585	3746	713	409	70	130
"PVP01_0934900"	76	405	77	29	16	1
"PVP01_0935000"	271	1521	295	339	40	178
"PVP01_0935100"	150	1180	347	10	114	24
"PVP01_0935200"	13	96	26	12	0	0
"PVP01_0935300"	72	615	133	89	21	11
"PVP01_0935400"	171	1259	292	140	184	16
"PVP01_0935500"	177	1048	189	221	74	249
"PVP01_0935600"	111	579	129	25	0	96
"PVP01_0935700"	1	1	1	0	0	0
"PVP01_0935800"	0	5	1	0	0	0
"PVP01_0935900"	302	3422	1341	85	41	119
"PVP01_0936000"	11	119	44	3	9	0
"PVP01_0936100"	74	424	82	0	25	0
"PVP01_0936200"	64	1113	236	1	0	0
"PVP01_0936300"	1	6	0	0	0	0
"PVP01_0936400"	36	231	26	0	0	0
"PVP01_0936500"	20	447	13	37	0	0
"PVP01_0936600"	19	92	17	0	0	0
"PVP01_0936700"	12	79	8	0	0	0
"PVP01_0936800"	156	777	97	19	0	0
"PVP01_0936900"	103	777	239	16	16	18
"PVP01_0937000"	4	15	8	0	0	0
"PVP01_0937100"	32	407	246	0	0	0
"PVP01_0937200"	675	5639	792	135	0	16
"PVP01_0937300"	75	342	87	22	0	0
"PVP01_0937400"	193	1479	239	63	5	42
"PVP01_0937500"	37	323	38	0	0	0
"PVP01_0937600"	29	186	85	65	0	52
"PVP01_0937700"	154	1081	152	86	7	2
"PVP01_0937800"	284	4160	59	42	0	1
"PVP01_0937900"	1471	7889	1920	1410	442	361
"PVP01_0938000"	80	414	94	0	0	0
"PVP01_0938100"	11	174	87	0	0	0
"PVP01_0938200"	16	83	19	2	0	23
"PVP01_0938300"	206	1398	224	60	0	113
"PVP01_0938400"	29	105	24	1	0	0
"PVP01_0938500"	12	87	11	14	0	0
"PVP01_0938600"	1	8	0	0	0	0
"PVP01_0938700"	1	3	1	20	0	37
"PVP01_0938800"	0	0	0	0	0	0
"PVP01_0938900"	1	16	4	0	0	0
"PVP01_0939000"	46	514	680	9	70	38
"PVP01_0939100"	13	114	27	0	1	87
"PVP01_0939200"	0	0	0	0	0	0
"PVP01_0939300"	0	3	0	0	0	0
"PVP01_0939350"	0	0	3	0	0	0
"PVP01_0939400"	239	1479	319	105	0	35
"PVP01_0939500"	511	3281	606	42	84	0
"PVP01_0939600"	12	132	23	0	0	0
"PVP01_0939700"	237	3887	219	34	0	1
"PVP01_0939800"	179	1367	322	65	0	0
"PVP01_0939900"	3	12	20	64	83	12
"PVP01_0940000"	49	365	60	16	0	0
"PVP01_0940100"	66	492	87	160	0	112
"PVP01_0940200"	8	42	5	0	0	0
"PVP01_0940300"	1	11	0	0	0	11
"PVP01_0940400"	51	170	27	21	0	88
"PVP01_0940500"	35	276	54	24	25	41
"PVP01_0940600"	94	408	67	35	0	0
"PVP01_0940700"	0	3	0	0	0	0
"PVP01_0940800"	87	398	101	15	36	31
"PVP01_0940900"	22	131	27	8	0	0
"PVP01_0941000"	47	383	56	0	14	0
"PVP01_0941100"	29	396	257	0	0	0
"PVP01_0941200"	1	13	1	18	139	0
"PVP01_0941300"	46	286	120	48	0	114
"PVP01_0941400"	433	2752	522	180	20	100
"PVP01_0941500"	107	642	119	48	0	38
"PVP01_0941600"	36	191	21	21	0	0
"PVP01_0941700"	38	252	44	11	0	0
"PVP01_0941800"	0	11	1	0	0	0
"PVP01_0941900"	14	36	11	0	0	0
"PVP01_0942000"	15	130	58	36	0	0
"PVP01_0942100"	19	55	26	0	0	0
"PVP01_0942200"	37	159	41	0	0	0
"PVP01_0942300"	18	123	36	0	0	9
"PVP01_0942400"	42	307	57	113	0	0
"PVP01_0942500"	43	529	79	29	0	26
"PVP01_0942600"	0	1	0	0	0	0
"PVP01_0942700"	8	51	3	0	0	55
"PVP01_0942800"	211	1415	356	81	71	52
"PVP01_0942900"	9	72	11	0	0	0
"PVP01_0943000"	94	578	106	12	41	0
"PVP01_0943100"	45	366	74	0	0	16
"PVP01_0943200"	202	824	178	59	0	111
"PVP01_0943300"	51	350	45	17	17	2
"PVP01_0943400"	46	223	42	2	15	0
"PVP01_0943500"	128	650	120	8	0	178
"PVP01_0943600"	18	139	40	0	0	0
"PVP01_0943700"	63	326	62	24	0	0
"PVP01_0943800"	622	6911	330	1	9	8
"PVP01_0943900"	211	1336	198	180	22	1
"PVP01_0944000"	56	305	83	120	112	8
"PVP01_0944100"	42	218	57	9	0	17
"PVP01_0944200"	1	21	6	0	0	0
"PVP01_0944300"	0	3	0	0	0	0
"PVP01_0944400"	1	4	10	35	0	0
"PVP01_0944500"	130	902	49	53	0	61
"PVP01_0944600"	24	82	15	19	0	0
"PVP01_0944700"	269	1239	302	67	23	9
"PVP01_0944800"	3	53	4	13	0	0
"PVP01_0944900"	0	0	1	0	0	0
"PVP01_0945000"	183	725	181	4	9	71
"PVP01_0945100"	12	103	23	0	7	0
"PVP01_0945200"	19	128	13	0	0	0
"PVP01_0945300"	25	108	27	27	40	0
"PVP01_0945400"	32	190	41	7	0	0
"PVP01_0945500"	10	58	6	0	0	33
"PVP01_0945600"	112	588	159	0	13	0
"PVP01_0945700"	11	50	24	72	7	60
"PVP01_0945800"	114	898	207	117	17	100
"PVP01_0945900"	232	6425	1683	0	46	1
"PVP01_0946000"	42	409	337	13	0	54
"PVP01_0946100"	147	1248	310	162	63	9
"PVP01_0946200"	95	612	96	34	0	25
"PVP01_0946300"	46	280	66	38	0	0
"PVP01_0946400"	35	189	48	24	0	0
"PVP01_0946500"	29	217	38	27	13	1
"PVP01_0946600"	0	15	7	14	0	0
"PVP01_0946700"	25	152	24	13	0	0
"PVP01_0946800"	1	5	0	0	0	0
"PVP01_0946900"	48	272	24	0	0	0
"PVP01_0947000"	0	1	0	0	0	0
"PVP01_0947100"	3	13	1	0	0	0
"PVP01_0947200"	231	2418	522	111	0	0
"PVP01_0947300"	1	3	0	0	0	0
"PVP01_0947400"	28	167	33	0	0	0
"PVP01_0947500"	18	107	38	0	0	0
"PVP01_0947600"	457	2615	496	955	313	288
"PVP01_0947700"	4	34	8	0	0	0
"PVP01_0947800"	52	292	40	23	0	23
"PVP01_0947900"	253	1599	313	104	9	0
"PVP01_0948000"	33	220	61	16	0	0
"PVP01_0948100"	63	266	57	0	30	0
"PVP01_0948200"	213	980	203	107	51	0
"PVP01_0948300"	269	1401	235	80	225	50
"PVP01_0948400"	1	12	0	0	0	0
"PVP01_0948500"	40	237	60	60	23	14
"PVP01_0948600"	87	543	98	0	0	53
"PVP01_0948700"	0	13	3	0	0	0
"PVP01_0948800"	1	2	1	0	0	0
"PVP01_0948900"	0	0	0	0	0	0
"PVP01_0949000"	0	0	0	0	0	0
"PVP01_0949100"	0	0	0	0	0	0
"PVP01_0949200"	39	135	1	0	0	0
"PVP01_0949300"	0	0	0	0	0	0
"PVP01_0949400"	0	0	0	0	0	0
"PVP01_0949450"	0	0	0	0	0	0
"PVP01_0949500"	0	0	0	0	0	0
"PVP01_0949600"	1	0	0	0	0	0
"PVP01_0949650"	0	0	0	0	0	0
"PVP01_0949700"	0	0	0	0	0	0
"PVP01_0949800"	0	0	0	0	0	0
"PVP01_0949900"	0	0	0	0	0	0
"PVP01_0950000"	0	0	0	0	0	0
"PVP01_0950050"	0	0	0	0	0	0
"PVP01_0950100"	0	0	0	0	0	0
"PVP01_0950200"	0	0	0	0	0	0
"PVP01_1000100"	0	0	0	0	0	0
"PVP01_1000200"	0	0	0	0	0	0
"PVP01_1000300"	0	0	0	0	0	0
"PVP01_1000400"	0	0	0	0	0	0
"PVP01_1000500"	0	0	0	0	0	0
"PVP01_1000550"	0	0	0	0	0	0
"PVP01_1000600"	0	0	0	0	0	0
"PVP01_1000700"	0	0	0	0	0	0
"PVP01_1000800"	0	0	0	0	0	0
"PVP01_1000900"	0	0	0	0	0	0
"PVP01_1001000"	0	0	0	0	0	0
"PVP01_1001100"	0	0	0	0	0	0
"PVP01_1001200"	0	0	0	0	0	0
"PVP01_1001300"	0	0	0	0	0	0
"PVP01_1001400"	0	0	0	0	0	0
"PVP01_1001500"	0	0	0	0	0	0
"PVP01_1001600"	0	0	0	0	0	0
"PVP01_1001700"	0	0	0	0	0	0
"PVP01_1001800"	0	0	0	0	0	0
"PVP01_1001850"	0	0	0	0	0	0
"PVP01_1001900"	0	0	0	0	0	0
"PVP01_1001950"	0	0	0	0	0	0
"PVP01_1002000"	0	0	0	0	0	0
"PVP01_1002100"	0	0	0	0	0	0
"PVP01_1002200"	0	0	0	0	0	0
"PVP01_1002300"	0	0	0	0	0	0
"PVP01_1002350"	0	0	0	0	0	0
"PVP01_1002400"	104	717	194	96	0	0
"PVP01_1002500"	25	172	44	0	0	0
"PVP01_1002600"	78	402	66	39	32	0
"PVP01_1002700"	628	5115	1291	469	237	568
"PVP01_1002800"	32	263	97	0	88	0
"PVP01_1002900"	207	2816	889	100	87	58
"PVP01_1003000"	0	13	0	0	0	0
"PVP01_1003100"	28	212	23	0	9	0
"PVP01_1003200"	26	277	52	42	56	36
"PVP01_1003300"	18	124	24	0	65	54
"PVP01_1003400"	5	30	6	0	0	17
"PVP01_1003500"	134	853	129	0	0	0
"PVP01_1003600"	57	569	309	0	0	36
"PVP01_1003700"	442	2815	413	69	0	178
"PVP01_1003800"	98	468	86	69	28	0
"PVP01_1003900"	19	48	23	69	101	39
"PVP01_1004000"	102	946	137	131	75	39
"PVP01_1004100"	41	221	47	4	0	0
"PVP01_1004200"	9	125	17	10	0	0
"PVP01_1004300"	0	0	0	0	0	0
"PVP01_1004400"	4	98	19	0	0	0
"PVP01_1004500"	115	818	477	63	0	1
"PVP01_1004600"	0	6	1	0	0	0
"PVP01_1004700"	20	83	20	0	0	0
"PVP01_1004800"	89	710	158	23	0	13
"PVP01_1004900"	0	0	0	0	0	0
"PVP01_1005000"	56	331	54	0	0	63
"PVP01_1005100"	12	77	16	49	0	0
"PVP01_1005200"	51	253	49	6	0	0
"PVP01_1005300"	7	33	4	0	0	79
"PVP01_1005400"	39	605	157	0	0	0
"PVP01_1005500"	62	742	159	11	51	15
"PVP01_1005600"	571	2892	548	96	45	0
"PVP01_1005700"	165	971	206	39	206	0
"PVP01_1005800"	186	861	204	81	0	37
"PVP01_1005900"	13	97	14	65	0	0
"PVP01_1006000"	0	0	0	0	0	0
"PVP01_1006100"	0	0	0	0	0	0
"PVP01_1006200"	8	59	14	0	0	0
"PVP01_1006300"	150	1090	245	1	0	3
"PVP01_1006400"	249	1728	298	70	36	21
"PVP01_1006500"	6	45	15	0	0	0
"PVP01_1006600"	70	492	123	99	0	0
"PVP01_1006700"	271	1257	394	154	53	12
"PVP01_1006800"	152	878	218	38	0	52
"PVP01_1006900"	104	724	322	59	72	32
"PVP01_1007000"	84	483	101	45	71	18
"PVP01_1007100"	194	1250	217	35	13	11
"PVP01_1007200"	41	387.696	66.219	310	0	127.37
"PVP01_1007250"	2	24	2	0	0	0
"PVP01_1007300"	113	546	161	32	110	40
"PVP01_1007400"	110	607	137	103	29	0
"PVP01_1007500"	105	517	122	75	12	61
"PVP01_1007600"	90	514	121	169	12	38
"PVP01_1007700"	6	37	6	0	10	0
"PVP01_1007800"	51	379	63	1	140	0
"PVP01_1007900"	1	1	0	0	0	0
"PVP01_1008000"	580	6199	125	64	0	1
"PVP01_1008100"	14	75	13	0	0	0
"PVP01_1008200"	9	75	13	0	0	0
"PVP01_1008300"	199	1061	183	36	0	0
"PVP01_1008400"	30	187	47	211	188	20
"PVP01_1008500"	474	2659	155	120	49	55
"PVP01_1008600"	86	570	113	15	0	18
"PVP01_1008700"	112	909	269	98	15	51
"PVP01_1008800"	166	865	189	159	42	29
"PVP01_1008900"	50	205	42	0	0	0
"PVP01_1009000"	13	165	35	12	0	0
"PVP01_1009100"	142	729	141	126	0	229
"PVP01_1009200"	88	452	80	34	10	0
"PVP01_1009300"	18	196	29	18	37	16
"PVP01_1009400"	25	177	29	21	0	20
"PVP01_1009500"	150	958	174	0	0	0
"PVP01_1009600"	110	550	95	0	0	21
"PVP01_1009700"	0	7	6	0	21	18
"PVP01_1009800"	39	181	33	55	4	0
"PVP01_1009900"	855	5396	949	507	135	240
"PVP01_1010000"	211	1985	296	56	47	0
"PVP01_1010100"	191	1339	262	144	42	30
"PVP01_1010200"	111	541	93	0	52	0
"PVP01_1010300"	17	206	33	0	0	0
"PVP01_1010400"	3	18	4	0	12	0
"PVP01_1010500"	240	1962	296	114	0	113
"PVP01_1010600"	60	293	37	8	0	0
"PVP01_1010700"	61	305	68	19	67	89
"PVP01_1010800"	150	941	160	0	0	32
"PVP01_1010900"	338	1896	352	191	48	210
"PVP01_1011000"	185	1235	214	150	20	128
"PVP01_1011100"	39	160	33	125	0	0
"PVP01_1011200"	1	13	3	0	0	0
"PVP01_1011300"	114	1414	621	16	48	73
"PVP01_1011400"	20	138	31	71	0	0
"PVP01_1011500"	753	5442	2464	353	32	62
"PVP01_1011600"	36	191	47	56	61	5
"PVP01_1011700"	34	99	22	0	0	0
"PVP01_1011800"	95	1744	117	0	0	2
"PVP01_1011900"	0	3	1	0	0	0
"PVP01_1012000"	4	30	3	1	0	0
"PVP01_1012100"	48	322	64	0	0	0
"PVP01_1012200"	124	589	116	86	0	0
"PVP01_1012300"	1	5	2	0	0	0
"PVP01_1012400"	26	144	33	0	30	0
"PVP01_1012500"	114	756	128	13	0	73
"PVP01_1012600"	101	679	127	41	18	1
"PVP01_1012700"	28	187	30	7	0	0
"PVP01_1012800"	33	209	39	27	0	0
"PVP01_1012900"	36	209	46	11	0	0
"PVP01_1013000"	43	449	79	44	18	42
"PVP01_1013100"	173	1341	202	28	115	42
"PVP01_1013200"	52	342	74	33	79	48
"PVP01_1013300"	56	422	63	0	0	0
"PVP01_1013400"	1	9	4	0	123	0
"PVP01_1013500"	74	396	60	39	0	32
"PVP01_1013600"	29	154	50	0	0	108
"PVP01_1013700"	84	428	93	129	54	0
"PVP01_1013800"	99	492	102	46	0	61
"PVP01_1013900"	247	1265	294	42	52	50
"PVP01_1014000"	71	404	103	21	0	0
"PVP01_1014100"	132	911	170	78	0	3
"PVP01_1014200"	319	2382	693	174	27	140
"PVP01_1014300"	37	238	44	31	0	0
"PVP01_1014400"	355	2542	908	158	32	7
"PVP01_1014500"	542	2297	551	322	136	184
"PVP01_1014600"	15	68	13	0	0	29
"PVP01_1014700"	646	3810	936	146	12	13
"PVP01_1014800"	10	86	24	0	0	0
"PVP01_1014900"	47	142	32	24	25	1
"PVP01_1015000"	2	21	3	0	0	0
"PVP01_1015100"	0	1	0	0	0	0
"PVP01_1015200"	3	18	6	228	108	161
"PVP01_1015300"	57	414	103	40	0	37
"PVP01_1015400"	59	661	140	80	16	1
"PVP01_1015500"	3	7	2	0	0	0
"PVP01_1015600"	174	948	171	36	12	1
"PVP01_1015700"	112	508	120	32	0	0
"PVP01_1015800"	47	359	63	32	0	0
"PVP01_1015900"	4	29	7	0	0	9
"PVP01_1016000"	30	208	47	0	122	0
"PVP01_1016100"	35	222	28	30	0	60
"PVP01_1016200"	26	180	38	0	0	0
"PVP01_1016300"	141	891	194	33	8	14
"PVP01_1016400"	6	39	11	0	0	0
"PVP01_1016500"	0	0	0	0	0	0
"PVP01_1016600"	200	1564	283	11	16	135
"PVP01_1016700"	73	615	123	111	9	88
"PVP01_1016800"	2	26	7	0	0	0
"PVP01_1016900"	3	16	2	0	0	0
"PVP01_1017000"	166	802	191	9	28	26
"PVP01_1017100"	952	5111	1150	141	82	166
"PVP01_1017200"	105	1117	179	18	0	51
"PVP01_1017300"	85	625	79	13	2	7
"PVP01_1017400"	83	624	111	2	0	0
"PVP01_1017500"	2	6	7	0	0	0
"PVP01_1017600"	85	571	124	132	0	8
"PVP01_1017700"	28	219	56	25	22	0
"PVP01_1017800"	299	1083	272	19	9	2
"PVP01_1017900"	6	39	8	0	0	0
"PVP01_1018000"	29	206	32	16	0	0
"PVP01_1018100"	37	173	46	0	0	8
"PVP01_1018200"	208	4803	912	1	0	0
"PVP01_1018300"	9	105	6	0	0	0
"PVP01_1018400"	5	0	0	0	0	0
"PVP01_1018500"	64	1372	110	0	0	0
"PVP01_1018600"	14	138	23	0	20	0
"PVP01_1018700"	4	25	0	0	0	0
"PVP01_1018800"	7	26	3	0	0	0
"PVP01_1018900"	20	109	19	0	0	0
"PVP01_1019000"	17	99	25	0	0	0
"PVP01_1019100"	23	194	20	0	0	0
"PVP01_1019200"	17	108	24	0	0	0
"PVP01_1019300"	22	149	26	22	0	0
"PVP01_1019400"	2	26	5	0	0	0
"PVP01_1019500"	0	0	0	0	0	0
"PVP01_1019600"	35	233	43	0	0	4
"PVP01_1019700"	44	349	84	1	0	0
"PVP01_1019800"	47	352	85	13	0	76
"PVP01_1019900"	2	15	6	16	0	0
"PVP01_1020000"	22	149	29	0	1	0
"PVP01_1020100"	47	188	39	68	0	15
"PVP01_1020200"	7	42	12	0	0	0
"PVP01_1020300"	154	1116	218	21	5	1
"PVP01_1020400"	16	140	28	13	0	0
"PVP01_1020500"	6	13	5	0	0	0
"PVP01_1020600"	431	2161	590	202	1	99
"PVP01_1020700"	38	304	59	37	0	0
"PVP01_1020800"	17	190	121	0	0	0
"PVP01_1020900"	13	93	19	0	0	0
"PVP01_1021000"	3	35	3	0	0	0
"PVP01_1021100"	102	560	96	230	0	0
"PVP01_1021200"	9	79	19	0	7	0
"PVP01_1021300"	20	155	39	25	12	4
"PVP01_1021400"	68	419	40	5	0	33
"PVP01_1021500"	4	2	1	0	0	0
"PVP01_1021600"	0	3	0	0	0	0
"PVP01_1021700"	53	333	64	0	0	24
"PVP01_1021800"	12	77	14	11	0	0
"PVP01_1021900"	114	476	74	13	0	42
"PVP01_1022000"	44	223	87	14	12	0
"PVP01_1022100"	4	35	6	21	0	0
"PVP01_1022200"	1841	15593	3136	205	35	67
"PVP01_1022300"	6	30	13	0	0	0
"PVP01_1022400"	2	6	5	0	0	0
"PVP01_1022500"	987	8673	1858	507	205.032	146
"PVP01_1022600"	15	93	23	0	0	13
"PVP01_1022700"	162	1193	181	96	0	32
"PVP01_1022800"	1751	11453	2179	441	57	77
"PVP01_1022900"	9	72	22	0	0	0
"PVP01_1023000"	222	1835	517	73	11	44
"PVP01_1023100"	0	0	0	0	0	0
"PVP01_1023200"	0	0	0	0	0	0
"PVP01_1023300"	0	0	0	0	0	0
"PVP01_1023400"	0	0	0	0	0	0
"PVP01_1023500"	102	602	101	100	45	73
"PVP01_1023600"	51	280	43	0	0	0
"PVP01_1023700"	3	21	3	0	0	0
"PVP01_1023800"	38	262	52	16	0	0
"PVP01_1023900"	424	3380	647	155	51	22
"PVP01_1024000"	2	18	5	5	0	0
"PVP01_1024100"	16	65	15	52	0	0
"PVP01_1024200"	50	301	74	83	0	38
"PVP01_1024300"	0	5	0	0	0	0
"PVP01_1024400"	5	105	18	0	11	5
"PVP01_1024500"	13	77	18	49	0	0
"PVP01_1024600"	220	1831	263	14	0	15
"PVP01_1024700"	22	141	19	0	0	5
"PVP01_1024800"	0	1	0	17	0	0
"PVP01_1024900"	80	478	94	19	0	0
"PVP01_1025000"	52	377	82	0	1	0
"PVP01_1025100"	45	1030	199	0	5	0
"PVP01_1025200"	35	283	69	12	0	0
"PVP01_1025300"	35	262	47	1	24	0
"PVP01_1025400"	6	33	11	0	0	0
"PVP01_1025500"	8	138	44	16	0	0
"PVP01_1025600"	1	9	1	0	0	0
"PVP01_1025700"	98	413	69	0	26	26
"PVP01_1025800"	31	209	45	103	0	0
"PVP01_1025900"	12	62	25	48	0	0
"PVP01_1026000"	76	909	272	11	0	0
"PVP01_1026100"	12	130	30	0	16	0
"PVP01_1026200"	27	145	31	26	0	0
"PVP01_1026300"	75	543	119	14	6	7
"PVP01_1026400"	35	354	29	3	0	0
"PVP01_1026500"	336	6768	102	3	0	0
"PVP01_1026600"	28	303	27	0	0	0
"PVP01_1026700"	6	101	8	0	0	0
"PVP01_1026800"	13	59	46	0	0	0
"PVP01_1026900"	438	2934	638	149	65	42
"PVP01_1027000"	4	16	3	0	0	15
"PVP01_1027100"	8	160	187	16	0	0
"PVP01_1027200"	53	517	51	18	0	0
"PVP01_1027300"	31	285	29	0	0	0
"PVP01_1027400"	8	50	2	11	0	0
"PVP01_1027500"	607	3947	821	220	71	92
"PVP01_1027600"	8	40	10	34	0	2
"PVP01_1027700"	9	63	34	0	0	12
"PVP01_1027800"	139	1140	129	49	131	16
"PVP01_1027900"	245	1138	222	44	0	0
"PVP01_1028000"	16	64	28	0	0	0
"PVP01_1028100"	76	586	155	68	0	0
"PVP01_1028200"	233	1632	242	79	48	24
"PVP01_1028300"	14	97	12	0	0	0
"PVP01_1028400"	11	111	17	0	0	0
"PVP01_1028500"	254	1855	357	63	45	0
"PVP01_1028600"	50	499	79	0	0	0
"PVP01_1028700"	74	993	96	81	1	0
"PVP01_1028800"	12	198	67	12	0	0
"PVP01_1028900"	77	536	117	21	0	15
"PVP01_1029000"	21	183	27	0	13	0
"PVP01_1029100"	10	35	8	16	0	0
"PVP01_1029200"	316	2117	320	126	26	111
"PVP01_1029300"	70	420	110	26	6	1
"PVP01_1029400"	103	551	130	7	0	65
"PVP01_1029500"	4	11	3	0	0	0
"PVP01_1029600"	56	389	65	0	37	0
"PVP01_1029700"	1	1	0	0	0	0
"PVP01_1029800"	78	1244	98	17	0	1
"PVP01_1029900"	44	481	23	11	14	0
"PVP01_1030000"	451	2867	582	126	0	4
"PVP01_1030100"	122	800	101	0	8	11
"PVP01_1030200"	364	1619	354	51	0	13
"PVP01_1030300"	230	1050	104	69	0	22
"PVP01_1030400"	40	144	27	0	61	4
"PVP01_1030500"	39	294	111	0	0	0
"PVP01_1030600"	120	685	68	8	0	0
"PVP01_1030700"	58	321	58	26	1	0
"PVP01_1030800"	34	174	33	36	2	0
"PVP01_1030900"	10	117	52	0	0	0
"PVP01_1031000"	16	234	226	0	0	0
"PVP01_1031100"	46	202	12	0	0	0
"PVP01_1031200"	32.861	339.049	147.037	0	0	0
"PVP01_1031300"	11	165	217	0	0	0
"PVP01_1031400"	9	81.159	63.985	28	0	0
"PVP01_1031500"	22	166	34	0	0	0
"PVP01_1031600"	67	1171	294	0	0	0
"PVP01_1031700"	20	373	64	0	0	0
"PVP01_1031800"	42	230	48	55	0	38
"PVP01_1031900"	116	591	112	0	0	0
"PVP01_1032000"	73	416	96	0	13	0
"PVP01_1032100"	27	94	35	39	0	105
"PVP01_1032200"	26	116	25	0	0	0
"PVP01_1032300"	46	223	39	17	0	67
"PVP01_1032400"	0	1	0	0	0	0
"PVP01_1032500"	1	0	0	0	0	0
"PVP01_1032600"	593	3596	691	134	0	29
"PVP01_1032700"	3	5	2	0	0	0
"PVP01_1032800"	9	42	7	20	0	0
"PVP01_1032900"	110	541	137	0	0	0
"PVP01_1033000"	56	242	39	0	0	0
"PVP01_1033100"	94	473	71	21	0	0
"PVP01_1033200"	37	292	51	0	0	0
"PVP01_1033300"	11	76	9	16	0	0
"PVP01_1033400"	402	9102	2684	0	0	0
"PVP01_1033500"	6	8	0	0	0	0
"PVP01_1033600"	1	7	0	0	0	0
"PVP01_1033700"	0	0	0	0	0	0
"PVP01_1033800"	1331	5558	8	0	0	46
"PVP01_1033900"	3	60	7	21	16	16
"PVP01_1034000"	0	0	0	0	0	0
"PVP01_1034100"	3	35	0	0	0	0
"PVP01_1034200"	1	10	9	0	0	0
"PVP01_1034300"	21	240	33	0	0	0
"PVP01_1034400"	86	1702	547	0	0	0
"PVP01_1034500"	1	26	4	0	0	0
"PVP01_1034600"	0	3	0	0	0	0
"PVP01_1034700"	0	0	0	0	0	0
"PVP01_1034800"	0	0	0	0	0	0
"PVP01_1034900"	0	0	0	0	0	0
"PVP01_1035000"	2	18	0	0	0	0
"PVP01_1035100"	0	0	0	0	0	0
"PVP01_1035200"	0	0	0	0	0	0
"PVP01_1035300"	0	0	0	0	0	0
"PVP01_1035350"	0	0	0	0	0	0
"PVP01_1035400"	0	0	0	0	0	0
"PVP01_1035500"	0	0	0	0	0	0
"PVP01_1035600"	0	0	0	0	0	0
"PVP01_1035700"	0	0	0	0	0	0
"PVP01_1035800"	0	0	0	0	0	0
"PVP01_1035900"	0	0	0	0	0	0
"PVP01_1036000"	0	0	0	0	0	0
"PVP01_1036100"	0	0	0	0	0	0
"PVP01_1100100"	0	0	0	0	0	0
"PVP01_1100200"	0	0	0	0	0	0
"PVP01_1100300"	0	0	0	0	0	0
"PVP01_1100400"	0	4	4	0	0	0
"PVP01_1100500"	0	0	0	0	0	0
"PVP01_1100600"	0	0	0	0	0	0
"PVP01_1100700"	0	0	0	0	0	0
"PVP01_1100800"	0	0	0	0	0	0
"PVP01_1100900"	0	0	0	0	0	0
"PVP01_1101000"	0	0	0	0	0	0
"PVP01_1101100"	0	0	0	0	0	0
"PVP01_1101200"	0	0	0	0	0	0
"PVP01_1101300"	1	9	0	0	0	0
"PVP01_1101400"	3	28	1	0	0	0
"PVP01_1101500"	2	43	4	0	0	0
"PVP01_1101600"	2	24	0	0	0	0
"PVP01_1101700"	1	16	2	0	0	0
"PVP01_1101800"	0	0	0	0	0	0
"PVP01_1101900"	0	0	0	0	0	0
"PVP01_1102000"	0	0	0	0	0	0
"PVP01_1102100"	0	0	0	0	0	0
"PVP01_1102200"	0	0	0	0	0	0
"PVP01_1102300"	34	205	28	67	56	1
"PVP01_1102400"	216	1235	193	52	0	0
"PVP01_1102500"	85	486	92	22	1	10
"PVP01_1102600"	93	589	138	31	60	0
"PVP01_1102700"	36	198	39	0	0	25
"PVP01_1102800"	78	466	106	16	57	7
"PVP01_1102900"	24	110	26	46	0	0
"PVP01_1103000"	67	308	63	26	0	18
"PVP01_1103100"	125	697	115	7	0	0
"PVP01_1103200"	87	591	92	38	1	73
"PVP01_1103300"	26	120	12	5	0	0
"PVP01_1103400"	28	154	26	0	0	30
"PVP01_1103500"	38	212	55	39	0	0
"PVP01_1103600"	52	441	137	3	0	55
"PVP01_1103700"	39	148	46	19	13	0
"PVP01_1103800"	80	598	213	0	11	10
"PVP01_1103900"	143	793	175	47	144	59
"PVP01_1104000"	14	72	5	0	4	0
"PVP01_1104100"	0	0	0	0	0	0
"PVP01_1104200"	2	17	1	0	0	0
"PVP01_1104300"	240	1743	362	202	0	209
"PVP01_1104400"	69	281	42	0	0	15
"PVP01_1104500"	34	235	22	66	0	55
"PVP01_1104600"	59	388	70	64	0	5
"PVP01_1104700"	37	177	32	7	0	0
"PVP01_1104800"	1	9	5	0	0	0
"PVP01_1104900"	61	519	126	0	64	1
"PVP01_1105000"	131	673	178	8	0	0
"PVP01_1105100"	124	840	279	77	4	9
"PVP01_1105200"	175	1660	84	137	0	1
"PVP01_1105300"	64	413	75	0	27	25
"PVP01_1105400"	59	342	123	34	49	8
"PVP01_1105500"	30	114	36	0	0	0
"PVP01_1105600"	32	300	70	0	0	9
"PVP01_1105700"	440	2722	475	127	32	40
"PVP01_1105800"	64	253	59	123	0	0
"PVP01_1105900"	24	388	31	0	0	0
"PVP01_1106000"	2	15	9	39	0	0
"PVP01_1106100"	243.031	1652.019	357.005	119.002	94.001	56.001
"PVP01_1106200"	66	650	91	5	0	40
"PVP01_1106300"	249	2901	331	26	32	0
"PVP01_1106400"	1	9	0	0	0	0
"PVP01_1106500"	102	626	103	11	41	62
"PVP01_1106600"	36	154	36	0	0	35
"PVP01_1106700"	72	492	78	7	13	0
"PVP01_1106800"	21	138	21	34	0	0
"PVP01_1106900"	61	240	58	10	0	0
"PVP01_1107000"	15	41	30	38	0	0
"PVP01_1107100"	44	250	44	13	0	25
"PVP01_1107200"	90	360	72	142	0	18
"PVP01_1107300"	18	65	12	0	0	0
"PVP01_1107400"	30	181	46	0	0	0
"PVP01_1107500"	47	192	32	29	36	0
"PVP01_1107600"	101	870	147	60	0	10
"PVP01_1107700"	92	588	116	55	0	1
"PVP01_1107800"	173	1101	227	182	35	10
"PVP01_1107900"	12	130	41	0	0	0
"PVP01_1108000"	55	224	50	8	0	0
"PVP01_1108100"	298	2051	448	0	53	0
"PVP01_1108200"	3	34	5	0	0	21
"PVP01_1108300"	14	124	31	0	0	0
"PVP01_1108400"	102	400	86	0	0	10
"PVP01_1108500"	72	273	78	39	0	0
"PVP01_1108600"	243	1400	250	40	32	0
"PVP01_1108700"	13	96	17	0	0	0
"PVP01_1108800"	34	243	36	23	0	0
"PVP01_1108900"	84	549	121	47	70	34
"PVP01_1109000"	17	150	35	0	24	0
"PVP01_1109100"	17	123	30	0	0	0
"PVP01_1109200"	48	307	31	20	0	0
"PVP01_1109300"	269	2201	394	1	126	9
"PVP01_1109400"	18	88	35	0	0	0
"PVP01_1109500"	85	563	83	0	0	4
"PVP01_1109600"	241	2038	443	52	171	132
"PVP01_1109700"	15	80	24	44	0	43
"PVP01_1109800"	87	448	95	32	0	0
"PVP01_1109900"	6	35	10	0	0	0
"PVP01_1110000"	71	334	89	0	0	21
"PVP01_1110100"	148	880	119	7	0	13
"PVP01_1110200"	1042	16175	2613	82	0	44
"PVP01_1110300"	139	756	157	0	0	48
"PVP01_1110400"	49	267	60	0	18	0
"PVP01_1110500"	21	396	80	0	26	0
"PVP01_1110600"	1	67	11	0	0	0
"PVP01_1110700"	0	0	0	0	0	0
"PVP01_1110800"	161	1228	220	57	14	0
"PVP01_1110900"	313	2845	490	33	0	62
"PVP01_1111000"	68	384	79	82	123	0
"PVP01_1111100"	121	736	165	22	16	30
"PVP01_1111200"	1300	6483	1674	210	1	81
"PVP01_1111300"	324	2019	399	142	3	105
"PVP01_1111400"	15	170	20	0	1	0
"PVP01_1111500"	8	80	15	17	0	0
"PVP01_1111600"	23	160	30	0	0	0
"PVP01_1111700"	75	228	51	0	0	65
"PVP01_1111800"	84	887	187	70	0	0
"PVP01_1111900"	129	634	124	43	75	12
"PVP01_1112000"	54	468	114	2	30	40
"PVP01_1112100"	7	7	11	0	0	0
"PVP01_1112200"	27	205	92	104	64	0
"PVP01_1112300"	320	3716	1188	17	43	141
"PVP01_1112400"	25	143	31	0	19	0
"PVP01_1112500"	539	4654	717	203	84	22
"PVP01_1112600"	43	257	45	15	0	60
"PVP01_1112700"	41	295	48	97	0	73
"PVP01_1112800"	98	1066	195	102	0	66
"PVP01_1112900"	301	2104	340	83	38	60
"PVP01_1113000"	50	260	70	4	0	9
"PVP01_1113100"	372	1737	437	38	24	179
"PVP01_1113200"	259	1338	253	7	20	31
"PVP01_1113300"	16	127	20	29	0	0
"PVP01_1113400"	16	162	41	0	0	1
"PVP01_1113500"	15	193	57	0	0	0
"PVP01_1113600"	43	419	69	17	0	0
"PVP01_1113700"	49	409	70	29	0	0
"PVP01_1113800"	53	276	76	0	0	0
"PVP01_1113900"	62	503	96	27	0	0
"PVP01_1114000"	27	176	28	27	27	12
"PVP01_1114100"	136	1020	165	27	0	0
"PVP01_1114200"	108	713	131	89	22	28
"PVP01_1114300"	15	135	24	1	0	30
"PVP01_1114400"	56	320	61	55	0	0
"PVP01_1114500"	21	182	58	5	0	0
"PVP01_1114600"	0	0	0	0	0	0
"PVP01_1114700"	24	126	16	0	6	0
"PVP01_1114800"	1129.894	5187.606	1162.415	191.658	194.87	17.955
"PVP01_1114900"	4076.106	26412.394	5077.585	904.342	399.13	453.045
"PVP01_1115000"	7	37	14	0	0	0
"PVP01_1115100"	315	8151	866	0	0	2
"PVP01_1115200"	13	128	34	41	0	0
"PVP01_1115300"	33	184	68	13	90	0
"PVP01_1115400"	1	24	4	12	0	0
"PVP01_1115500"	32	189	37	0	0	0
"PVP01_1115600"	86	635	110	74	0	0
"PVP01_1115700"	82	420	101	155	12	97
"PVP01_1115800"	133	815	131	21	32	113
"PVP01_1115900"	4	52	4	0	0	0
"PVP01_1116000"	41	219	52	0	0	0
"PVP01_1116100"	48	313	65	1	13	0
"PVP01_1116200"	136	1063	201	104	100	24
"PVP01_1116300"	97	665	140	0	0	0
"PVP01_1116400"	155	957	151	21	28	0
"PVP01_1116500"	0	0	0	0	0	0
"PVP01_1116600"	27	211	41	21	0	8
"PVP01_1116700"	9	128	10	0	90	0
"PVP01_1116800"	123	672	170	83	19	39
"PVP01_1116900"	16	89	23	0	0	0
"PVP01_1117000"	2	30	8	44	0	10
"PVP01_1117100"	1	5	0	2	45	0
"PVP01_1117200"	115	497	125	40	0	26
"PVP01_1117300"	49	295	61	47	0	55
"PVP01_1117400"	93	459	128	13	5	17
"PVP01_1117500"	132	839	150	79	28	42
"PVP01_1117600"	46	273	98	0	26	0
"PVP01_1117700"	44	283	77	0	0	11
"PVP01_1117800"	77	339	92	118	0	0
"PVP01_1117900"	151	794	174	53	0	0
"PVP01_1118000"	37	177	40	0	0	82
"PVP01_1118100"	195	1298	229	31	56	74
"PVP01_1118200"	25	166	47	69	0	0
"PVP01_1118300"	51	397	71	26	10	0
"PVP01_1118400"	92	657	138	49	0	0
"PVP01_1118500"	44	721	422	56	42	0
"PVP01_1118600"	95	566	86	159	43	1
"PVP01_1118700"	10	40	9	0	0	13
"PVP01_1118800"	17	171	23	0	0	0
"PVP01_1118900"	59	539	108	61	0	35
"PVP01_1119000"	43	325	69	81	0	0
"PVP01_1119100"	38	735	142	0	0	0
"PVP01_1119200"	272	1660	255	142	8	9
"PVP01_1119300"	3	29	8	0	0	0
"PVP01_1119400"	307	1909	45	0	0	0
"PVP01_1119500"	7	50	3	10	0	0
"PVP01_1119600"	111	917	128	71	0	0
"PVP01_1119700"	139	926	186	129	99	109
"PVP01_1119800"	939	6239	1498	344	370	293
"PVP01_1119900"	14	55	21	0	0	0
"PVP01_1120000"	252	1206	213	134	89	106
"PVP01_1120100"	300	1341	124	32	0	141
"PVP01_1120200"	238	2167	170	136	51	41
"PVP01_1120300"	127	736	138	9	0	1
"PVP01_1120400"	184	1196	232	7	70	2
"PVP01_1120500"	14	110	14	0	0	0
"PVP01_1120600"	102	433	87	0	116	0
"PVP01_1120700"	19	154	19	0	0	6
"PVP01_1120800"	23	179	32	0	0	45
"PVP01_1120900"	24	152	5	0	0	0
"PVP01_1121000"	64	310	53	1	0	22
"PVP01_1121100"	0	0	0	0	0	0
"PVP01_1121200"	338	1948	385	54	73	25
"PVP01_1121300"	369	2041	469	277	15	94
"PVP01_1121400"	2250	42579	8375	551	191	270
"PVP01_1121500"	11	70	13	65	0	10
"PVP01_1121600"	69	375	69	135	0	18
"PVP01_1121700"	143	956	124	260	31	40
"PVP01_1121800"	343	2369	705	354	8	172
"PVP01_1121900"	11	81	20	13	0	0
"PVP01_1122000"	223	1441	256	42	0	0
"PVP01_1122100"	0	0	0	0	0	0
"PVP01_1122200"	88	673	153	28	57	0
"PVP01_1122300"	38	167	32	0	0	0
"PVP01_1122400"	186	1737	401	222	150	40
"PVP01_1122500"	0	0	3	0	0	0
"PVP01_1122600"	37	240	16	48	0	0
"PVP01_1122700"	596	3934	772	17	71	41
"PVP01_1122800"	26	266	53	333	25	34
"PVP01_1122900"	2	16	3	0	11	155
"PVP01_1123000"	2	9	2	0	0	0
"PVP01_1123100"	29	261	33	15	0	0
"PVP01_1123200"	164	1048	157	51	0	53
"PVP01_1123300"	28	248	29	0	0	0
"PVP01_1123400"	29	135	28	0	0	0
"PVP01_1123500"	700	6945	668	139	0	194
"PVP01_1123600"	0	0	1	13	0	0
"PVP01_1123700"	37	203	34	32	0	0
"PVP01_1123800"	48	188	35	0	0	50
"PVP01_1123900"	52	366	90	30	0	0
"PVP01_1124000"	30	256	37	18	22	0
"PVP01_1124100"	88	1845	92	1	0	0
"PVP01_1124200"	78	541	110	15	23	0
"PVP01_1124300"	18	110	26	9	0	0
"PVP01_1124400"	1	31	0	0	0	0
"PVP01_1124500"	169	2705	91	26	0	0
"PVP01_1124600"	0	0	0	0	0	0
"PVP01_1124700"	6	55	27	0	0	0
"PVP01_1124800"	11	34	12	0	0	0
"PVP01_1124900"	925	6686	1859	576	111	253
"PVP01_1125000"	8	76	22	10	0	0
"PVP01_1125100"	80	492	112	3	0	0
"PVP01_1125200"	7	21	2	0	0	0
"PVP01_1125300"	65	337	65	18	0	0
"PVP01_1125400"	22	113	28	4	0	0
"PVP01_1125500"	208	2494	374	39	0	107
"PVP01_1125600"	47	269	63	37	0	0
"PVP01_1125700"	53	383	53	27	1	0
"PVP01_1125800"	53	385	68	6	0	0
"PVP01_1125900"	75	603	200	165	23	110
"PVP01_1126000"	67	441	81	36	0	54
"PVP01_1126100"	28	127	17	0	0	5
"PVP01_1126200"	25	149	24	0	0	0
"PVP01_1126300"	124	630	148	0	0	0
"PVP01_1126400"	200	1269	196	37	22	37
"PVP01_1126500"	12	88	20	154	26	47
"PVP01_1126600"	36	268	60	48	2	42
"PVP01_1126700"	200	1589	291	109	3	93
"PVP01_1126800"	51	180	34	3	0	0
"PVP01_1126900"	11	41	18	0	0	0
"PVP01_1127000"	24	140	37	37	0	12
"PVP01_1127100"	28	193	31	0	0	0
"PVP01_1127200"	38	333	55	3	0	18
"PVP01_1127300"	46	384	95	0	0	0
"PVP01_1127400"	0	1	5	27	39	0
"PVP01_1127500"	0	1	1	0	0	0
"PVP01_1127600"	137	782	178	45	1	0
"PVP01_1127700"	304	2558	662	51	0	45
"PVP01_1127800"	81	516	63	7	0	0
"PVP01_1127900"	0	0	0	0	0	0
"PVP01_1128000"	9	68	10	39	32	1
"PVP01_1128100"	1	28	8	0	0	0
"PVP01_1128200"	71	370	72	0	0	0
"PVP01_1128300"	109	473	115	133	17	56
"PVP01_1128400"	32	454	539	0	0	0
"PVP01_1128500"	52	303	42	51	0	2
"PVP01_1128600"	0	0	0	0	0	0
"PVP01_1128700"	0	0	0	0	0	0
"PVP01_1128800"	95	877	162	127	0	0
"PVP01_1128900"	12	72	14	0	18	0
"PVP01_1129000"	66	398	93	3	0	3
"PVP01_1129100"	86	748	317	0	0	22
"PVP01_1129200"	16	131	41	0	0	0
"PVP01_1129300"	2	0	0	8	0	0
"PVP01_1129400"	51	171	41	28	7	0
"PVP01_1129500"	32	175	45	0	0	0
"PVP01_1129600"	44	253	50	0	0	18
"PVP01_1129700"	98	692	126	27	63	1
"PVP01_1129800"	43	306	67	12	0	41
"PVP01_1129900"	4	70	15	0	33	0
"PVP01_1130000"	152	986	182	35	27	7
"PVP01_1130100"	684	4074	932	322	321	273
"PVP01_1130200"	29	266	40	0	0	15
"PVP01_1130300"	25	182	39	4	0	0
"PVP01_1130400"	53	334	57	17	34	0
"PVP01_1130500"	74	747	132	140	1	67
"PVP01_1130600"	48	243	58	10	43	0
"PVP01_1130700"	27	199	45	0	0	7
"PVP01_1130800"	43	176	44	0	4	6
"PVP01_1130900"	38	198	36	9	0	0
"PVP01_1131000"	269	1531	254	8	0	0
"PVP01_1131100"	21	224	55	0	0	0
"PVP01_1131200"	78	370	90	63	0	0
"PVP01_1131300"	43	160	20	0	0	3
"PVP01_1131400"	5	13	8	37	0	0
"PVP01_1131500"	13	172	119	0	0	0
"PVP01_1131600"	487	4297	1526	107	168	88
"PVP01_1131700"	2776	21152	7863	1284	607	459
"PVP01_1131800"	6	81	12	0	11	0
"PVP01_1131900"	53	921	149	15	1	17
"PVP01_1132000"	26	228	55	0	0	16
"PVP01_1132100"	31	219	35	50	0	0
"PVP01_1132200"	19	156	22	8	0	0
"PVP01_1132300"	39	259	50	26	11	12
"PVP01_1132400"	96	558	99	20	46	13
"PVP01_1132500"	29	286	34	4	0	103
"PVP01_1132600"	22	199	24	4	0	0
"PVP01_1132700"	78	534	113	0	23	2
"PVP01_1132800"	43	200	53	0	22	0
"PVP01_1132900"	84	1006	220	0	0	13
"PVP01_1133000"	56	441	29	0	0	0
"PVP01_1133100"	59	342	55	15	0	0
"PVP01_1133200"	13	77	11	15	41	0
"PVP01_1133300"	60	402	97	42	41	0
"PVP01_1133400"	49	323	102	0	1	0
"PVP01_1133500"	76	737	171	58	0	0
"PVP01_1133600"	64	529	108	0	0	9
"PVP01_1133700"	135	916	191	36	5	2
"PVP01_1133800"	9	99	9	0	13	0
"PVP01_1133900"	15	193	36	0	63	0
"PVP01_1134000"	162	805	176	0	5	1
"PVP01_1134100"	8	88	24	0	0	0
"PVP01_1134200"	29	185	26	6	0	0
"PVP01_1134300"	36	200	45	48	0	0
"PVP01_1134400"	24	173	134	5	0	0
"PVP01_1134500"	18	115	86	0	5	45
"PVP01_1134600"	714	3683	740	172	39	37
"PVP01_1134700"	21	115	18	0	0	0
"PVP01_1134800"	362	4426	159	24	17	52
"PVP01_1134900"	65	399	61	0	0	4
"PVP01_1135000"	4	42	40	0	0	73
"PVP01_1135100"	7	71	32	0	0	20
"PVP01_1135200"	615	12093	528	1	0	34
"PVP01_1135300"	86	948	651	0	22	36
"PVP01_1135400"	107	664	162	264	23	111
"PVP01_1135500"	47	622	18	0	29	0
"PVP01_1135600"	87	808	116	10	7	0
"PVP01_1135700"	11	77	22	31	0	1
"PVP01_1135800"	7	187	108	0	0	0
"PVP01_1135900"	2	24	2	0	38	0
"PVP01_1136000"	17	98	31	21	36	0
"PVP01_1136100"	92	325	97	65	41	144
"PVP01_1136200"	65	400	96	123	21	0
"PVP01_1136300"	29	121	41	0	0	17
"PVP01_1136400"	130	2116	522	1	0	0
"PVP01_1136500"	16	136	28	0	10	0
"PVP01_1136600"	0	11	2	0	0	0
"PVP01_1136700"	1	21	4	0	0	0
"PVP01_1136800"	1	36	6	0	0	0
"PVP01_1136900"	6	119	69	5	0	0
"PVP01_1137000"	190	1191	189	125	29	15
"PVP01_1137100"	2	14	2	0	0	0
"PVP01_1137200"	51	346	72	31	6	18
"PVP01_1137300"	0	0	0	0	0	0
"PVP01_1137400"	573	4318	683	172	0	50
"PVP01_1137500"	375	1653	345	114	35	148
"PVP01_1137600"	47	270	151	42	32	0
"PVP01_1137700"	0	22	7	0	0	0
"PVP01_1137800"	157	1078	172	0	0	2
"PVP01_1137900"	114	686	170	51	0	6
"PVP01_1138000"	29	142	48	0	0	0
"PVP01_1138100"	41	252	95	37	7	7
"PVP01_1138200"	58	274	103	1	0	8
"PVP01_1138300"	78	846	123	30	0	10
"PVP01_1138400"	91	567	139	30	29	91
"PVP01_1138500"	5	32	6	0	0	0
"PVP01_1138600"	49	266	73	36	21	0
"PVP01_1138700"	800	4306	2017	433	214	204
"PVP01_1138800"	52	269	34	94	4	0
"PVP01_1138900"	38	174	41	9	0	0
"PVP01_1139000"	39	182	38	0	0	0
"PVP01_1139100"	30	220	44	43	22	26
"PVP01_1139200"	53	1493	767	33	15	0
"PVP01_1139300"	63	671	175	4	0	14
"PVP01_1139400"	10	64	10	0	18	0
"PVP01_1139500"	21	221	11	0	0	0
"PVP01_1139600"	3	52	17	0	0	0
"PVP01_1139700"	17	123	12	0	0	0
"PVP01_1139800"	123	2315	53	0	0	8
"PVP01_1139900"	315	2745	597	148	24	84
"PVP01_1140000"	23	70	9	0	0	0
"PVP01_1140100"	37	246	48	0	0	0
"PVP01_1140200"	206	885	247	79	40	0
"PVP01_1140300"	6	22	9	0	0	0
"PVP01_1140400"	82	488	79	15	2	0
"PVP01_1140500"	23	124	45	1	0	0
"PVP01_1140600"	15	115	20	23	0	0
"PVP01_1140700"	7	53	11	0	0	0
"PVP01_1140800"	7	31	8	21	0	0
"PVP01_1140900"	22	157	35	0	0	0
"PVP01_1141000"	9	58	9	3	0	0
"PVP01_1141100"	39	306	53	81	0	0
"PVP01_1141200"	20	134	33	1	0	71
"PVP01_1141300"	3	95	89	3	0	34
"PVP01_1141400"	38	186	52	14	0	0
"PVP01_1141500"	8	57	18	2	0	0
"PVP01_1141600"	33	193	37	0	0	0
"PVP01_1141700"	45	189	27	23	0	0
"PVP01_1141800"	58	326	51	48	14	1
"PVP01_1141900"	1	5	4	0	0	0
"PVP01_1142000"	108	641	146	106	36	15
"PVP01_1142100"	69	488	87	36	0	0
"PVP01_1142200"	69	539	94	15	0	16
"PVP01_1142300"	104	976	181	74	30	0
"PVP01_1142400"	113	648	149	38	28	0
"PVP01_1142500"	8	38	10	0	0	0
"PVP01_1142600"	0	0	0	0	0	0
"PVP01_1142700"	15	78	27	20	0	0
"PVP01_1142800"	38	176	45	0	7	0
"PVP01_1142900"	62	838	261	13	6	75
"PVP01_1143000"	378	3872	164	4	1	38
"PVP01_1143100"	130	919	90	24	0	67
"PVP01_1143200"	0	11	4	0	0	0
"PVP01_1143300"	6	39	3	4	29	0
"PVP01_1143400"	9	72	16	0	0	0
"PVP01_1143500"	8	31	6	0	0	0
"PVP01_1143600"	11	119	47	0	0	0
"PVP01_1143700"	8	113	35	26	0	0
"PVP01_1143800"	117	632	142	116	38	58
"PVP01_1143900"	29	143	24	0	15	0
"PVP01_1144000"	22	136	19	0	0	25
"PVP01_1144100"	81	447	79	26	0	0
"PVP01_1144200"	19	62	15	0	0	0
"PVP01_1144300"	30	165	27	0	0	0
"PVP01_1144400"	263	2363	417	38	21	46
"PVP01_1144500"	5	12	1	0	0	17
"PVP01_1144600"	29	256	54	54	0	10
"PVP01_1144700"	0	11	5	2	0	0
"PVP01_1144800"	41	413	412	0	45	14
"PVP01_1144900"	92	926	71	18	1	22
"PVP01_1145000"	1	10	2	0	0	0
"PVP01_1145100"	31	242	83	0	0	0
"PVP01_1145200"	2	25	2	0	0	47
"PVP01_1145300"	101	849	165	13	42	1
"PVP01_1145400"	64	369	81	0	0	0
"PVP01_1145500"	76	587	138	96	69	28
"PVP01_1145600"	24	120	20	6	0	48
"PVP01_1145700"	19	106	15	19	1	0
"PVP01_1145800"	115	683	113	0	0	51
"PVP01_1145900"	11	98	8	9	0	0
"PVP01_1146000"	11	97	15	15	0	0
"PVP01_1146100"	32	204	50	0	0	31
"PVP01_1146200"	20	134	25	0	0	44
"PVP01_1146300"	117	790	195	75	9	22
"PVP01_1146400"	19	107	31	16	0	5
"PVP01_1146500"	8	57	12	0	0	0
"PVP01_1146600"	51	395	64	0	0	37
"PVP01_1146700"	43	209	51	2	5	0
"PVP01_1146800"	62	391	62	18	1	0
"PVP01_1146900"	130	1021	159	257	80	99
"PVP01_1147000"	268	2083	12	0	0	0
"PVP01_1147100"	0	2	0	0	0	0
"PVP01_1147200"	18	405	18	0	0	0
"PVP01_1147300"	2	8	0	0	0	0
"PVP01_1147400"	1	32	6	0	0	0
"PVP01_1147500"	0	13	1	0	0	0
"PVP01_1147600"	115	2404	616	0	0	0
"PVP01_1147700"	160	663	43	0	0	0
"PVP01_1147800"	0	0	0	0	0	0
"PVP01_1147900"	0	0	0	0	0	0
"PVP01_1148000"	0	0	0	0	0	0
"PVP01_1148100"	0	0	0	0	0	0
"PVP01_1148200"	0	0	0	0	0	0
"PVP01_1148300"	0	0	0	0	0	0
"PVP01_1148400"	0	2	0	0	0	0
"PVP01_1148500"	0	1	0	0	0	0
"PVP01_1148600"	0	0	0	0	0	0
"PVP01_1148700"	0	0	0	0	0	0
"PVP01_1148800"	0	3	0	0	0	0
"PVP01_1148900"	0	0	0	0	0	0
"PVP01_1149000"	0	0	0	0	0	0
"PVP01_1149100"	0	12	5	0	0	0
"PVP01_1149200"	0	0	0	0	0	0
"PVP01_1149300"	0	0	0	0	0	0
"PVP01_1149400"	0	0	0	0	0	0
"PVP01_1149500"	0	0	0	0	0	0
"PVP01_1200100"	0	0	0	0	0	0
"PVP01_1200200"	0	0	0	0	0	0
"PVP01_1200300"	0	0	0	0	0	0
"PVP01_1200400"	0	0	0	0	0	0
"PVP01_1200500"	0	0	0	0	0	0
"PVP01_1200600"	0	0	0	0	0	0
"PVP01_1200700"	0	0	0	0	0	0
"PVP01_1200800"	0	0	0	0	0	0
"PVP01_1200900"	0	0	0	0	0	0
"PVP01_1201000"	0	20.865	34	0	0	0
"PVP01_1201100"	0	0	0	0	0	0
"PVP01_1201200"	0	0	0	0	0	0
"PVP01_1201300"	0	0	0	0	0	0
"PVP01_1201400"	3	20	0	0	0	0
"PVP01_1201500"	5	3	0	0	0	0
"PVP01_1201600"	0	4	1	0	0	0
"PVP01_1201700"	0	14	0	0	0	0
"PVP01_1201800"	47	147	17	0	0	0
"PVP01_1201900"	51	192	13	0	0	0
"PVP01_1202000"	39	219	33	25	12	0
"PVP01_1202100"	114	955	178	38	21	0
"PVP01_1202200"	0	29	1	72	0	0
"PVP01_1202300"	98	712	101	101	20	29
"PVP01_1202400"	158	905	138	68	55	0
"PVP01_1202500"	28	111	19	0	5	0
"PVP01_1202600"	47	249	53	39	24	0
"PVP01_1202700"	67	420	48	9	0	0
"PVP01_1202800"	35	208	39	0	0	0
"PVP01_1202900"	24	187	28	0	0	0
"PVP01_1203000"	140	625	32	1	0	0
"PVP01_1203100"	227	2949	59	1	0	0
"PVP01_1203200"	41	400	41	8	0	0
"PVP01_1203300"	462	2467	660	214	16	55
"PVP01_1203400"	6	31	10	12	0	0
"PVP01_1203500"	205	1077	45	33	12	0
"PVP01_1203600"	61	453	70	11	0	0
"PVP01_1203700"	33	157	25	0	0	0
"PVP01_1203800"	23	66	35	29	29	0
"PVP01_1203900"	65	387	48	2	0	0
"PVP01_1204000"	4	29	6	35	0	0
"PVP01_1204100"	30	188	24	22	0	0
"PVP01_1204200"	9	178	149	0	0	0
"PVP01_1204300"	103	1655	762	45	0	41
"PVP01_1204400"	0	20	4	0	0	0
"PVP01_1204500"	39	278	68	8	0	44
"PVP01_1204600"	16	79	17	37	0	0
"PVP01_1204700"	162	1390	264	95	0	81
"PVP01_1204800"	0	0	0	0	0	0
"PVP01_1204900"	43	229	37	0	23	0
"PVP01_1205000"	28	153	20	34	0	0
"PVP01_1205100"	3	16	8	69	0	0
"PVP01_1205200"	19	145	22	6	0	0
"PVP01_1205300"	181	1149	255	20	54	0
"PVP01_1205400"	21	123	16	0	0	0
"PVP01_1205500"	109	1028	266	32	0	5
"PVP01_1205600"	209	1493	304	67	17	165
"PVP01_1205700"	337	1917	464	53	0	17
"PVP01_1205800"	3	11	0	0	0	0
"PVP01_1205900"	25	103	21	0	0	0
"PVP01_1206000"	2	6	3	0	0	0
"PVP01_1206100"	15	110	26	22	0	0
"PVP01_1206200"	43	343	251	2	0	0
"PVP01_1206300"	17	184	25	1	0	6
"PVP01_1206400"	117	855	150	4	0	39
"PVP01_1206500"	70	499	91	71	23	0
"PVP01_1206600"	35	221	45	29	0	0
"PVP01_1206700"	7	42	13	13	0	0
"PVP01_1206800"	12	66	11	8	0	0
"PVP01_1206900"	124	793	157	0	0	110
"PVP01_1207000"	1	5	1	0	0	0
"PVP01_1207100"	390	3158	290	116	68	37
"PVP01_1207200"	0	2	0	15	0	0
"PVP01_1207300"	1309	6810	899	190	123	205
"PVP01_1207400"	8	37	5	0	0	17
"PVP01_1207500"	62	293	67	34	0	3
"PVP01_1207600"	120	785	167	99	87	5
"PVP01_1207700"	53	350	66	9	85	55
"PVP01_1207800"	13	39	7	0	0	0
"PVP01_1207900"	9	49	20	0	0	0
"PVP01_1208000"	28	157	23	0	0	29
"PVP01_1208100"	0	5	1	0	0	0
"PVP01_1208200"	39	343	40	8	62	0
"PVP01_1208300"	46	252	40	4	0	4
"PVP01_1208400"	317	2545	475.067	163	183	90
"PVP01_1208500"	23	149	42	31	0	0
"PVP01_1208600"	21	131	32	16	0	0
"PVP01_1208700"	198	1535	342	52	7	0
"PVP01_1208800"	12	122	32	66	49	0
"PVP01_1208900"	15	75	23	0	31	0
"PVP01_1209000"	114	605	145	35	0	4
"PVP01_1209100"	271	918	237	109	22	35
"PVP01_1209200"	106	2271	493	0	26	0
"PVP01_1209300"	52	309	87	102	0	0
"PVP01_1209400"	60	372	61	18	0	0
"PVP01_1209500"	13	177	38	0	0	0
"PVP01_1209600"	17	135	30	0	0	14
"PVP01_1209700"	327	1837	98	85	67	5
"PVP01_1209800"	0	13	11	22	0	0
"PVP01_1209900"	112	672	149	29	0	110
"PVP01_1210000"	42	262	37	64	41	64
"PVP01_1210100"	102	612	131	56	27	0
"PVP01_1210200"	63	332	76	32	0	0
"PVP01_1210300"	91	318	77	16	0	0
"PVP01_1210400"	165	1025	208	180	104	41
"PVP01_1210500"	902	15999	1480	10	1	2
"PVP01_1210600"	560	3957	309	121	40	20
"PVP01_1210700"	28	182	113	0	14	24
"PVP01_1210800"	62	348	108	35	21	21
"PVP01_1210900"	40	259	83	9	0	0
"PVP01_1211000"	462	2944	912	294	172	27
"PVP01_1211100"	198	2878	595	1	49	0
"PVP01_1211200"	29	190	47	0	0	0
"PVP01_1211300"	22	180	34	0	0	0
"PVP01_1211400"	167	904	185	188	33	138
"PVP01_1211500"	355	2359	394	153	0	118
"PVP01_1211600"	35	246	60	20	0	29
"PVP01_1211700"	163	1317	428	131	0	2
"PVP01_1211800"	335	1738	398	195	0	32
"PVP01_1211900"	213	1306	175	153	95	19
"PVP01_1212000"	136	782	152	59	0	41
"PVP01_1212100"	79	465	76	0	70	8
"PVP01_1212200"	699	3710	205	73	128	0
"PVP01_1212300"	5	35	4	0	0	0
"PVP01_1212400"	218	1234	196	57	124	0
"PVP01_1212500"	47	349	61	24	0	51
"PVP01_1212600"	83	511	61	38	135	0
"PVP01_1212700"	77	622	121	96	27	0
"PVP01_1212800"	314	1564	364	61	27	49
"PVP01_1212900"	46	275	74	54	0	14
"PVP01_1213000"	4	37	10	0	0	0
"PVP01_1213100"	0	9	1	0	0	0
"PVP01_1213200"	50	321	81	36	68	21
"PVP01_1213300"	2	13	1	1	0	0
"PVP01_1213400"	126	704	195	66	13	28
"PVP01_1213500"	1	0	0	0	0	0
"PVP01_1213600"	270	1313	288	45	0	168
"PVP01_1213700"	0	0	0	0	0	0
"PVP01_1213800"	0	0	0	0	0	0
"PVP01_1213900"	379	2426	240	135	0	19
"PVP01_1214000"	12	86	25	0	0	12
"PVP01_1214100"	47	353	73	0	52	75
"PVP01_1214200"	48	338	66	52	36	8
"PVP01_1214300"	3	26	4	33	0	6
"PVP01_1214400"	13	69	1	52	0	0
"PVP01_1214500"	48	275	56	117	17	9
"PVP01_1214600"	18	49	13	6	0	0
"PVP01_1214700"	87	515	85	44	0	84
"PVP01_1214800"	0	15	6	0	0	61
"PVP01_1214900"	12	108	18	0	0	0
"PVP01_1215000"	29	204	40	15	38	0
"PVP01_1215100"	10	180	123	1	0	12
"PVP01_1215200"	36	185	57	35	7	32
"PVP01_1215300"	72	303	57	0	53	0
"PVP01_1215400"	72	457	116	47	0	4
"PVP01_1215500"	333	4640	176	149	132	35
"PVP01_1215600"	0	0	0	0	0	0
"PVP01_1215700"	0	0	0	0	0	0
"PVP01_1215800"	61	389	66	28	0	0
"PVP01_1215900"	1	4	3	0	0	0
"PVP01_1216000"	53	376	87	15	0	89
"PVP01_1216100"	73	521	103	0	12	0
"PVP01_1216200"	23	82	28	4	0	30
"PVP01_1216300"	0	1	0	10	0	0
"PVP01_1216400"	260	1372	288	50	24	0
"PVP01_1216500"	672	3332	719	146	0	65
"PVP01_1216600"	98	596	116	65	9	0
"PVP01_1216700"	22	88	33	39	0	0
"PVP01_1216800"	21	94	28	2	0	0
"PVP01_1216900"	17	75	14	0	0	0
"PVP01_1217000"	13	100	148	0	0	6
"PVP01_1217100"	0	0	0	0	0	0
"PVP01_1217200"	252	1843	386	184	12	21
"PVP01_1217300"	16	145	30	0	0	16
"PVP01_1217400"	46	399	99	49	0	34
"PVP01_1217500"	142	900	191	34	25	65
"PVP01_1217600"	3	15	5	25	0	0
"PVP01_1217700"	39	394	58	12	14	0
"PVP01_1217800"	159	911	209	0	11	0
"PVP01_1217900"	292	1644	381	10	22	0
"PVP01_1218000"	298	1946	410	122	78	70
"PVP01_1218100"	5	27	8	0	0	0
"PVP01_1218200"	220	1320	227	23	0	0
"PVP01_1218300"	3	19	3	0	0	0
"PVP01_1218400"	33	96	31	26	0	0
"PVP01_1218500"	2	72	8	27	0	0
"PVP01_1218600"	22	80	25	0	0	0
"PVP01_1218700"	1	5	1	0	0	0
"PVP01_1218800"	30	169	51	8	0	0
"PVP01_1218900"	25	235	40	9	0	0
"PVP01_1219000"	4	19	9	0	0	0
"PVP01_1219100"	4	6	2	0	0	0
"PVP01_1219200"	15	204	156	0	0	0
"PVP01_1219300"	10	79	16	0	0	0
"PVP01_1219400"	309	3924	205	14	0	2
"PVP01_1219500"	0	1	0	0	0	0
"PVP01_1219600"	60.069	1061.567	372.64	1	0	0
"PVP01_1219700"	42.271	390.681	351.363	34	0	0
"PVP01_1219800"	160.494	2517.876	125.552	0	0	0
"PVP01_1219900"	4	89	9	0	0	0
"PVP01_1220000"	195	2893.277	280.721	0	0	0
"PVP01_1220100"	7	7	4	0	0	0
"PVP01_1220200"	29.659	515.731	373.444	0	0	0
"PVP01_1220300"	158.506	2685.867	691.28	1	1	2
"PVP01_1220400"	168	948	194	18	63	71
"PVP01_1220500"	54	246	57	29	0	33
"PVP01_1220600"	34	250	43	27	23	27
"PVP01_1220700"	39	256	25	43	0	49
"PVP01_1220800"	62	301	75	72	0	53
"PVP01_1220900"	27	146	35	24	0	18
"PVP01_1221000"	25	210	54	0	0	12
"PVP01_1221100"	35	216	29	0	20	0
"PVP01_1221200"	2	13	0	0	0	0
"PVP01_1221300"	21	218	42	0	0	0
"PVP01_1221400"	113	704	283	0	0	0
"PVP01_1221500"	178	1146	228	52	0	53
"PVP01_1221600"	15	100	14	0	0	0
"PVP01_1221700"	63	366	79	31	8	7
"PVP01_1221800"	144	888	197	47	13	0
"PVP01_1221900"	58	296	85	17	0	65
"PVP01_1222000"	9	45	4	0	0	0
"PVP01_1222100"	58	410	77	30	0	72
"PVP01_1222200"	10	46	11	7	0	20
"PVP01_1222300"	21	90	28	0	0	0
"PVP01_1222400"	39	265	30	0	6	46
"PVP01_1222500"	62	1365	70	0	0	0
"PVP01_1222600"	8	59	23	49	0	0
"PVP01_1222700"	139	783	145	67	24	1
"PVP01_1222800"	59	601	75	3	19	4
"PVP01_1222900"	108	714	140	51	15	49
"PVP01_1223000"	164	866	190	7	1	0
"PVP01_1223100"	26	275	50	13	0	0
"PVP01_1223200"	1	21	1	0	0	0
"PVP01_1223300"	36	236	36	11	0	0
"PVP01_1223400"	31	123	36	0	0	0
"PVP01_1223500"	6	49	8	59	0	0
"PVP01_1223600"	9	261	19	0	0	0
"PVP01_1223700"	30	184	61	0	102	0
"PVP01_1223800"	17	93	26	0	0	0
"PVP01_1223900"	67	439	87	38	0	32
"PVP01_1224000"	58	325	64	71	19	61
"PVP01_1224100"	135	891	289	33	8	45
"PVP01_1224200"	68	539	100	11	0	0
"PVP01_1224300"	10	63	23	27	0	0
"PVP01_1224400"	28	111	23	3	0	0
"PVP01_1224500"	20	256	8	0	0	0
"PVP01_1224600"	13	134	19	1	0	0
"PVP01_1224700"	22	313	25	0	0	0
"PVP01_1224800"	54	962	32	8	0	0
"PVP01_1224900"	34	160	41	25	2	0
"PVP01_1225000"	258	2183	406	30	4	97
"PVP01_1225100"	75	724	59	10	0	22
"PVP01_1225200"	77	546	100	20	27	0
"PVP01_1225300"	0	0	0	0	0	0
"PVP01_1225400"	41	426	80	0	38	28
"PVP01_1225500"	114	773	140	26	0	60
"PVP01_1225600"	20	86	18	0	0	0
"PVP01_1225700"	307	2574	661	111	66	76
"PVP01_1225800"	0	0	1	10	0	0
"PVP01_1225900"	65	429	54	14	56	12
"PVP01_1226000"	86	397	61	0	0	0
"PVP01_1226100"	728	8428	451	45	46	10
"PVP01_1226200"	82	474	163	0	26	0
"PVP01_1226300"	246	1008	263	185	2	23
"PVP01_1226400"	103	836	305	32	0	104
"PVP01_1226500"	0	0	0	0	0	0
"PVP01_1226600"	81	435	90	162	0	28
"PVP01_1226700"	3	24	12	0	0	0
"PVP01_1226800"	122	744	46	4	0	0
"PVP01_1226900"	25	318	107	0	0	11
"PVP01_1227000"	33	181	47	6	0	0
"PVP01_1227100"	191	1697	93	18	36	8
"PVP01_1227200"	12	50	10	0	0	0
"PVP01_1227300"	3	24	6	47	0	0
"PVP01_1227400"	38	172	20	0	0	0
"PVP01_1227500"	22	111	30	13	0	0
"PVP01_1227600"	74	536	102	8	0	20
"PVP01_1227700"	57	380	43	17	0	10
"PVP01_1227800"	95	764	160	15	12	55
"PVP01_1227900"	3	45	11	0	0	0
"PVP01_1228000"	16	116	33	0	0	0
"PVP01_1228100"	30	209	49	0	0	2
"PVP01_1228200"	1	14	7	0	0	0
"PVP01_1228300"	9	81	23	0	0	0
"PVP01_1228400"	31	178	37	0	0	0
"PVP01_1228500"	45	352	55	0	9	21
"PVP01_1228600"	205	1224	304	6	23	0
"PVP01_1228700"	54	475	106	8	13	13
"PVP01_1228800"	62	583	117	0	0	0
"PVP01_1228900"	26	171	32	76	0	0
"PVP01_1229000"	19	115	42	10	0	0
"PVP01_1229100"	10	59	12	0	0	0
"PVP01_1229200"	35	397	106	0	0	0
"PVP01_1229300"	19	111	17	0	0	0
"PVP01_1229400"	13	58	9	0	23	0
"PVP01_1229500"	87	717	148	56	0	21
"PVP01_1229600"	17	50	15	0	0	0
"PVP01_1229700"	729	4136	839	51	71	60
"PVP01_1229800"	36	237	56	0	0	0
"PVP01_1229900"	11	49	20	0	0	0
"PVP01_1230000"	5	24	8	3	33	0
"PVP01_1230100"	30	162	28	2	0	39
"PVP01_1230200"	0	12	1	0	0	0
"PVP01_1230300"	413	2977	400	80	33	11
"PVP01_1230400"	35	229	32	30	0	0
"PVP01_1230500"	98	622	113	11	51	0
"PVP01_1230600"	75	618	90	0	0	12
"PVP01_1230700"	31	169	40	11	0	0
"PVP01_1230800"	37	328	52	14	0	0
"PVP01_1230900"	131	1948	455	0	0	0
"PVP01_1231000"	53	301	61	76	0	11
"PVP01_1231100"	113	762	172	57	0	41
"PVP01_1231200"	271	1094	315	103	64	67
"PVP01_1231300"	48	315	104	22	38	0
"PVP01_1231400"	22	128	31	7	0	9
"PVP01_1231500"	175	1035	225	21	4	0
"PVP01_1231600"	20	117	13	17	0	84
"PVP01_1231700"	0	12	5	0	0	0
"PVP01_1231800"	3	18	7	24	1	0
"PVP01_1231900"	12	26	1	0	0	0
"PVP01_1232000"	21	115	16	0	0	31
"PVP01_1232100"	9	107	28	0	40	16
"PVP01_1232200"	2	5	0	0	0	0
"PVP01_1232300"	143	1136	176	7	25	71
"PVP01_1232400"	188	1353	245	108	8	0
"PVP01_1232500"	227	1831	220	0	28	75
"PVP01_1232600"	59	354	53	25	33	0
"PVP01_1232700"	143	799	104	52	0	0
"PVP01_1232800"	82	671	191	55	50	0
"PVP01_1232900"	40	260	54	18	0	14
"PVP01_1233000"	8	52	11	0	0	14
"PVP01_1233100"	13	100	9	0	0	0
"PVP01_1233200"	4	49	3	0	0	0
"PVP01_1233300"	65	421	67	27	0	0
"PVP01_1233400"	83	1270	19	1	0	1
"PVP01_1233500"	1	39	2	0	0	0
"PVP01_1233600"	65	326	92	53	21	31
"PVP01_1233700"	93	665	111	0	0	0
"PVP01_1233800"	0	20	2	9	0	0
"PVP01_1233900"	59	246	64	0	31	20
"PVP01_1234000"	30	150	16	7	0	0
"PVP01_1234100"	79	716	112	68	49	0
"PVP01_1234200"	110	1324	120	0	0	0
"PVP01_1234300"	4	37	15	0	0	0
"PVP01_1234400"	12	64	18	12	13	0
"PVP01_1234500"	117	1358	173	14	0	54
"PVP01_1234600"	57	303	84	0	10	5
"PVP01_1234700"	34	219	37	29	0	0
"PVP01_1234800"	6	31	7	0	0	0
"PVP01_1234900"	25	169	37	0	0	0
"PVP01_1235000"	2	21	7	0	0	0
"PVP01_1235100"	29	119	22	147	0	0
"PVP01_1235200"	47	306	57	11	0	47
"PVP01_1235300"	0	0	3	0	0	0
"PVP01_1235400"	74	776	199	1	0	1
"PVP01_1235500"	37	200	41	0	0	0
"PVP01_1235600"	70	394	57	66	0	19
"PVP01_1235700"	941	2705	223	45	38	31
"PVP01_1235800"	15	73	12	11	0	24
"PVP01_1235900"	9	90	25	0	0	0
"PVP01_1236000"	104	772	138	100	26	4
"PVP01_1236100"	19	91	16	0	0	0
"PVP01_1236200"	113	488	95	43	0	20
"PVP01_1236300"	30	201	39	0	0	0
"PVP01_1236400"	62	318	57	10	78	0
"PVP01_1236500"	23	99	38	26	0	0
"PVP01_1236600"	11	69	19	0	0	22
"PVP01_1236700"	29	251	46	7	0	73
"PVP01_1236800"	8	27	8	0	0	0
"PVP01_1236900"	2	1	1	0	0	33
"PVP01_1237000"	14	69	17	0	0	0
"PVP01_1237100"	20	113	19	3	0	0
"PVP01_1237200"	693	4274	883	322	83	85
"PVP01_1237300"	24	98	29	0	0	0
"PVP01_1237400"	98	502	95	147	8	24
"PVP01_1237500"	254	1383	266	112	0	1
"PVP01_1237600"	164	2269	355	33	2	26
"PVP01_1237700"	34	166	44	23	0	68
"PVP01_1237800"	54	147	41	1	8	0
"PVP01_1237900"	83	429	107	0	0	11
"PVP01_1238000"	100	780	117	94	0	177
"PVP01_1238100"	363	2404	447	225	33	32
"PVP01_1238200"	8	41	7	0	0	0
"PVP01_1238300"	19	222	59	28	0	0
"PVP01_1238400"	142	3536	238	45	0	1
"PVP01_1238500"	2	55	13	0	0	0
"PVP01_1238600"	37	348	39	0	13	0
"PVP01_1238700"	599	5009	1185	371	83	104
"PVP01_1238800"	16	106	13	18	0	0
"PVP01_1238900"	138	2044	233	5	0	2
"PVP01_1239000"	63	451	87	0	0	0
"PVP01_1239100"	1	14	1	22	0	0
"PVP01_1239200"	18	135	23	22	0	0
"PVP01_1239300"	36	211	48	66	0	24
"PVP01_1239400"	19	149	36	13	4	0
"PVP01_1239500"	23	81	17	0	0	0
"PVP01_1239600"	56	425	83	0	0	0
"PVP01_1239700"	54	296	56	23	0	0
"PVP01_1239800"	2	12	1	0	2	0
"PVP01_1239900"	24	187	44	11	15	0
"PVP01_1240000"	25	193	31	18	0	35
"PVP01_1240100"	26	89	23	23	0	15
"PVP01_1240200"	1	1	0	0	0	0
"PVP01_1240300"	6	31	7	23	0	0
"PVP01_1240400"	116	921	150	40	12	53
"PVP01_1240500"	323	1781	429	30	0	11
"PVP01_1240600"	62	404	89	22	0	0
"PVP01_1240700"	91	584	155	151	8	0
"PVP01_1240800"	7	17	4	9	0	0
"PVP01_1240900"	480	2385	571	81	90	19
"PVP01_1241000"	19	197	53	25	0	29
"PVP01_1241100"	15	60	8	0	0	0
"PVP01_1241200"	7	48	7	0	0	0
"PVP01_1241300"	15	298	37	0	0	3
"PVP01_1241400"	195	1164	196	4	0	0
"PVP01_1241500"	21	121	31	0	0	0
"PVP01_1241600"	32	203	32	0	0	0
"PVP01_1241700"	23	158	34	12	0	1
"PVP01_1241800"	190	839	270	99	90	24
"PVP01_1241900"	160	1011	166	79	33	0
"PVP01_1242000"	5	15	4	0	0	0
"PVP01_1242100"	90	916	296	4	32	0
"PVP01_1242200"	358	1969	94	44	0	158
"PVP01_1242300"	223	1390	270	147	92	0
"PVP01_1242400"	45	151	27	66	48	0
"PVP01_1242500"	18	81	12	20	23	0
"PVP01_1242600"	41	256	29	89	0	27
"PVP01_1242700"	12	91	14	5	0	0
"PVP01_1242800"	12	83	11	0	0	0
"PVP01_1242900"	80	1379	711	0	0	0
"PVP01_1243000"	22	212	33	0	8	24
"PVP01_1243100"	33	217	48	27	0	0
"PVP01_1243200"	58	280	69	64	22	0
"PVP01_1243300"	53	421	100	0	0	0
"PVP01_1243400"	27	102	18	0	0	1
"PVP01_1243500"	54	298	64	0	0	0
"PVP01_1243600"	115	760	109	0	35	1
"PVP01_1243700"	438	2413	429	247	165	132
"PVP01_1243800"	58	318	70	48	0	1
"PVP01_1243900"	34	220	43	0	0	22
"PVP01_1244000"	1271	3383	1428	700	304	297
"PVP01_1244100"	179	1119	185	71	10	40
"PVP01_1244200"	4	104	36	0	0	0
"PVP01_1244300"	5	47	0	0	0	0
"PVP01_1244400"	464	4413	688	274	73	141
"PVP01_1244500"	124	840	145	45	0	59
"PVP01_1244600"	8	43	13	9	0	0
"PVP01_1244700"	86	669	173	124	44	2
"PVP01_1244800"	18	82	15	0	0	10
"PVP01_1244900"	105	595	136	31	1	70
"PVP01_1245000"	26	181	42	1	14	0
"PVP01_1245100"	4	8	1	0	0	0
"PVP01_1245200"	91	389	86	37	134	0
"PVP01_1245300"	2	11	3	0	0	0
"PVP01_1245400"	96	938	86	65	0	1
"PVP01_1245500"	247	1165	353	109	19	85
"PVP01_1245600"	64	349	77	53	0	0
"PVP01_1245700"	10	61	24	91	0	0
"PVP01_1245800"	41	315	41	13	0	0
"PVP01_1245900"	7	38	19	0	0	0
"PVP01_1246000"	19	179	25	0	0	36
"PVP01_1246100"	102	501	77	30	12	0
"PVP01_1246200"	151	1261	70	1	0	0
"PVP01_1246300"	95	570	182	101	13	21
"PVP01_1246400"	21	93	24	51	0	24
"PVP01_1246500"	69	293	67	12	0	0
"PVP01_1246600"	42	207	29	27	4	0
"PVP01_1246700"	20	144	23	0	0	9
"PVP01_1246800"	97	322	35	58	0	73
"PVP01_1246900"	0	0	1	0	0	0
"PVP01_1247000"	6	149	72	0	0	4
"PVP01_1247100"	276	1713	335	154	60	4
"PVP01_1247200"	23	173	27	0	0	6
"PVP01_1247300"	53	358	79	9	29	2
"PVP01_1247400"	51	274	54	19	79	0
"PVP01_1247500"	49	392	75	0	0	0
"PVP01_1247600"	6	51	11	6	0	59
"PVP01_1247700"	101	640	87	12	0	1
"PVP01_1247800"	11	77	9	0	0	0
"PVP01_1247900"	54	343	77	57	0	53
"PVP01_1248000"	19	155	45	46	0	0
"PVP01_1248100"	58	417	51	67	13	0
"PVP01_1248200"	37	264	46	17	0	0
"PVP01_1248300"	43	334	71	35	5	13
"PVP01_1248400"	36	228	50	5	0	0
"PVP01_1248500"	24	85	11	0	0	31
"PVP01_1248600"	302	1803	268	0	0	50
"PVP01_1248700"	4	14	4	17	0	0
"PVP01_1248800"	2	14	2	0	0	0
"PVP01_1248900"	439	3359	500	1244	1081	897
"PVP01_1249000"	230	1776	766	160	28	42
"PVP01_1249100"	6	16	5	0	0	0
"PVP01_1249200"	125	651	130	30	5	0
"PVP01_1249300"	25	151	16	0	1	0
"PVP01_1249400"	76	479	76	26	0	0
"PVP01_1249500"	114	850	153	74	10	13
"PVP01_1249600"	327	2504	233	7	0	1
"PVP01_1249700"	325	1733	378	0	0	0
"PVP01_1249800"	2	31	13	0	0	0
"PVP01_1249900"	114	1231	510	41	50	0
"PVP01_1250000"	11	56	9	0	0	0
"PVP01_1250100"	461	6768	1432	38	0	1
"PVP01_1250200"	183	1609	323	15	0	76
"PVP01_1250300"	20	134	39	0	0	0
"PVP01_1250400"	249	1607	284	23	24	28
"PVP01_1250500"	20	137	36	0	56	0
"PVP01_1250600"	28	163	36	0	0	37
"PVP01_1250700"	65	394	99	46	30	15
"PVP01_1250800"	7	26	6	0	0	0
"PVP01_1250900"	54	308	124	19	41	0
"PVP01_1251000"	32	182	40	22	11	0
"PVP01_1251100"	4	20	1	0	0	72
"PVP01_1251200"	155	2177	302	42	33	1
"PVP01_1251300"	39	270	84	0	0	4
"PVP01_1251400"	117	726	117	7	30	81
"PVP01_1251500"	163	885	150	114	0	0
"PVP01_1251600"	128	2035	244	0	0	0
"PVP01_1251700"	53	244	51	83	25	1
"PVP01_1251800"	13	68	7	0	0	0
"PVP01_1251900"	1	0	0	0	0	0
"PVP01_1252000"	0	7	0	0	0	0
"PVP01_1252100"	1	0	3	0	0	0
"PVP01_1252200"	1	6	5	0	0	0
"PVP01_1252300"	320	1651	412	15	32	85
"PVP01_1252400"	119	703	122	0	76	62
"PVP01_1252500"	36	365	86	22	0	14
"PVP01_1252600"	838	5241	766	22	0	1
"PVP01_1252700"	6	39	8	0	0	0
"PVP01_1252800"	143	867	147	22	55	29
"PVP01_1252900"	2	5	1	0	0	0
"PVP01_1253000"	29	119	37	4	0	0
"PVP01_1253100"	17	114	20	80	97	0
"PVP01_1253200"	137	807	140	79	0	17
"PVP01_1253300"	331	1220	336	81	24	11
"PVP01_1253400"	191	936	288	66	0	55
"PVP01_1253500"	11	92	44	75	0	0
"PVP01_1253600"	177	959	162	148	21	77
"PVP01_1253700"	9	39	12	0	0	0
"PVP01_1253800"	28	172	36	0	35	0
"PVP01_1253900"	42	240	52	11	0	0
"PVP01_1254000"	81	350	60	31	0	23
"PVP01_1254100"	11	120	27	0	0	0
"PVP01_1254200"	1	2	0	0	0	0
"PVP01_1254300"	40	218	63	12	0	0
"PVP01_1254400"	124	892	152	67	43	62
"PVP01_1254500"	44	338	55	57	0	49
"PVP01_1254600"	91	630	186	14	0	5
"PVP01_1254700"	20	136	33	0	0	0
"PVP01_1254800"	52	251	52	42	58	9
"PVP01_1254900"	16	73	19	0	0	0
"PVP01_1255000"	274	6227	2764	54	0	0
"PVP01_1255100"	137	766	141	15	0	99
"PVP01_1255200"	247	1453	354	207	104	20
"PVP01_1255300"	153	814	108	0	37	0
"PVP01_1255400"	1	3	0	0	0	0
"PVP01_1255500"	71	307	69	0	0	37
"PVP01_1255600"	60	329	60	34	0	0
"PVP01_1255700"	113	545	180	120	16	30
"PVP01_1255800"	142	1311	182	0	5	48
"PVP01_1255900"	701	4671	1330	215	109	129
"PVP01_1256000"	141	856	168	85	0	43
"PVP01_1256100"	4	24	7	0	0	0
"PVP01_1256200"	76	505	95	14	0	0
"PVP01_1256300"	14	127	14	0	0	34
"PVP01_1256400"	38	303	30	47	0	0
"PVP01_1256500"	13	113	22	0	31	0
"PVP01_1256600"	88	728	109	69	49	0
"PVP01_1256700"	31	260	51	0	0	33
"PVP01_1256800"	15	83	16	11	0	0
"PVP01_1256900"	84	565	92	35	0	76
"PVP01_1257000"	428	3153	293	88	24	71
"PVP01_1257100"	115	750	91	32	80	54
"PVP01_1257200"	31	260	51	0	0	0
"PVP01_1257300"	90	836	187	13	1	0
"PVP01_1257400"	4	55	57	22	0	0
"PVP01_1257500"	277	2137	361	101	31	48
"PVP01_1257600"	59	331	51	0	10	0
"PVP01_1257700"	117	1327	159	179	24	26
"PVP01_1257800"	0	5	2	0	0	0
"PVP01_1257900"	50	348	104	25	0	46
"PVP01_1258000"	0	34	9	0	0	0
"PVP01_1258100"	3	37	5	0	0	8
"PVP01_1258200"	12	94	18	0	134	0
"PVP01_1258300"	78	535	112	52	0	0
"PVP01_1258400"	44	261	57	18	0	26
"PVP01_1258500"	55	397	85	31	0	1
"PVP01_1258600"	397	2257	347	389	45	102
"PVP01_1258700"	103	781	184	69	0	3
"PVP01_1258800"	18	228	59	0	33	0
"PVP01_1258900"	32	167	48	29	0	14
"PVP01_1259000"	54	429	70	0	0	0
"PVP01_1259100"	229	2569	215	361	157	244
"PVP01_1259200"	49	210	53	16	0	0
"PVP01_1259300"	74	335	101	87	12	10
"PVP01_1259400"	2	35	1	0	0	0
"PVP01_1259500"	0	27	5	0	0	1
"PVP01_1259600"	31	254	54	5	0	0
"PVP01_1259700"	25	177	29	13	0	0
"PVP01_1259800"	23	147	39	3	0	0
"PVP01_1259900"	83	392	93	2	0	6
"PVP01_1260000"	705	3067	800	95	35	177
"PVP01_1260100"	26	190	13	34	0	0
"PVP01_1260200"	19	98	14	0	0	0
"PVP01_1260300"	42	364	205	7	12	190
"PVP01_1260400"	76	975	166	0	56	34
"PVP01_1260500"	190	1484	252	13	36	121
"PVP01_1260600"	111	611	110	35	0	0
"PVP01_1260700"	165	706	69	0	0	0
"PVP01_1260800"	828	4731	958	75	34	8
"PVP01_1260900"	4	9	6	51	0	0
"PVP01_1261000"	0	1	1	0	0	0
"PVP01_1261100"	396	2644	471	172	119	75
"PVP01_1261200"	92	647	118	93	0	36
"PVP01_1261300"	120	758	121	27	32	2
"PVP01_1261400"	87	826	174	79	75	39
"PVP01_1261500"	71	538	78	0	7	0
"PVP01_1261600"	169	1135	149	75	9	73
"PVP01_1261700"	39	250	49	0	0	36
"PVP01_1261800"	71	442	92	107	0	1
"PVP01_1261900"	212	1273	217	10	0	0
"PVP01_1262000"	44	208	42	0	0	0
"PVP01_1262100"	117	1035	91	10	0	4
"PVP01_1262200"	1595	19407	1382	233	27	140
"PVP01_1262300"	23	84	16	33	0	0
"PVP01_1262400"	0	0	2	0	0	0
"PVP01_1262500"	61	601	85	0	0	0
"PVP01_1262600"	22	148	28	0	0	0
"PVP01_1262700"	65	495	97	80	0	12
"PVP01_1262800"	0	2	1	0	0	0
"PVP01_1262900"	73	604	95	54	136	0
"PVP01_1263000"	2	4	6	0	0	0
"PVP01_1263100"	102	717	110	47	27	0
"PVP01_1263200"	47	228	35	0	5	0
"PVP01_1263300"	228	1957	558	79	14	185
"PVP01_1263400"	175	1196	220	39	5	33
"PVP01_1263500"	69	294	60	24	0	11
"PVP01_1263600"	158	1003	170	0	0	68
"PVP01_1263700"	52	266	71	20	0	7
"PVP01_1263800"	11	89	13	0	0	0
"PVP01_1263900"	63	365	101	26	0	123
"PVP01_1264000"	44	375	52	0	0	0
"PVP01_1264100"	449	2720	459	203	8	50
"PVP01_1264200"	28	230	27	0	73	0
"PVP01_1264300"	58	456	76	70	29	0
"PVP01_1264400"	35	172	46	46	0	1
"PVP01_1264500"	92	474	87	69	22	19
"PVP01_1264600"	336	1953	418	349	166	4
"PVP01_1264700"	218	1173	269	27	42	214
"PVP01_1264800"	48	268	44	59	0	18
"PVP01_1264900"	98	421	87	42	0	0
"PVP01_1265000"	129	583	103	4	0	0
"PVP01_1265100"	49	259	44	53	0	0
"PVP01_1265200"	20	105	22	134	0	29
"PVP01_1265300"	21	96	34	0	0	0
"PVP01_1265400"	57	381	207	71	7	7
"PVP01_1265500"	9	74	26	0	16	7
"PVP01_1265600"	106	480	100	45	28	6
"PVP01_1265700"	77	486	152	0	0	36
"PVP01_1265800"	86	484	126	39	57	0
"PVP01_1265900"	205	1143	226	113	45	59
"PVP01_1266000"	26	189	30	131	28	24
"PVP01_1266100"	3	46	15	0	0	0
"PVP01_1266200"	250	1398	253	146	0	0
"PVP01_1266300"	1105	6174	1160	282	91	15
"PVP01_1266400"	0	2	2	0	0	0
"PVP01_1266500"	22	108	26	14	0	0
"PVP01_1266600"	71	329	87	29	14	0
"PVP01_1266700"	76.178	348.664	99.04	0	0	0
"PVP01_1266800"	37.822	239.336	39.96	0	0	29
"PVP01_1266900"	128	729	300	14	33	38
"PVP01_1267000"	63	401	111	27	0	0
"PVP01_1267100"	80	461	92	103	21	7
"PVP01_1267200"	221	993	221	2	0	49
"PVP01_1267300"	4	36	5	0	0	0
"PVP01_1267400"	155	774	233	99	0	0
"PVP01_1267500"	295	2465	334	32	0	42
"PVP01_1267600"	221	1426	268	53	8	96
"PVP01_1267700"	98	763	263	19	27	16
"PVP01_1267800"	0	4	2	0	0	0
"PVP01_1267900"	217	1341	217	18	0	1
"PVP01_1268000"	140	680	146	27	0	0
"PVP01_1268100"	155	788	170	238	147	103
"PVP01_1268200"	14	127	22	0	0	0
"PVP01_1268300"	31	129	23	42	0	21
"PVP01_1268400"	134	668	200	31	0	74
"PVP01_1268500"	50	296	84	70	0	137
"PVP01_1268600"	107	1107	318	0	46	29
"PVP01_1268700"	0	0	0	0	0	0
"PVP01_1268800"	0	0	0	0	0	0
"PVP01_1268900"	368	2003	617	213	50	20
"PVP01_1269000"	125	662	121	8	0	0
"PVP01_1269100"	5	37	1	8	0	0
"PVP01_1269200"	57	285	49	0	0	0
"PVP01_1269300"	20	172	46	0	0	0
"PVP01_1269400"	68	285	55	29	0	20
"PVP01_1269500"	108	553	98	4	0	9
"PVP01_1269600"	77	367	70	8	0	0
"PVP01_1269700"	141	839	173	27	0	66
"PVP01_1269800"	193	1775	249	208	61	87
"PVP01_1269900"	11	94	8	93	0	5
"PVP01_1270000"	94	539	83	7	3	7
"PVP01_1270100"	121	664	127	25	0	56
"PVP01_1270200"	44	305	60	0	0	83
"PVP01_1270300"	47	321	50	175	85	12
"PVP01_1270400"	5	22	5	0	0	0
"PVP01_1270500"	138	1365	190	0	10	0
"PVP01_1270600"	2	5	1	0	0	0
"PVP01_1270700"	13	70	14	79	0	46
"PVP01_1270800"	8	57	20	25	0	0
"PVP01_1270900"	0	0	0	0	0	0
"PVP01_1271000"	2	12	1	13	0	0
"PVP01_1271100"	41	582	59	0	0	0
"PVP01_1271200"	1	0	0	0	0	0
"PVP01_1271300"	126	255	0	0	0	0
"PVP01_1271400"	0	0	0	0	0	0
"PVP01_1271500"	2	3	0	0	0	0
"PVP01_1271600"	0	6	0	0	0	0
"PVP01_1271700"	0	0	0	0	0	0
"PVP01_1271800"	1	45	1	0	0	0
"PVP01_1271900"	1	0	4	0	0	0
"PVP01_1272000"	0	0	0	0	0	0
"PVP01_1272100"	0	0	0	0	0	0
"PVP01_1272200"	0	13	0	0	0	0
"PVP01_1272300"	0	0	0	0	0	0
"PVP01_1272400"	2	37	2	0	0	0
"PVP01_1272500"	0	1	0	0	0	0
"PVP01_1272600"	0	0	0	0	0	0
"PVP01_1272700"	0	0	0	0	0	0
"PVP01_1272800"	0	0	0	0	0	0
"PVP01_1272900"	0	0	0	0	0	0
"PVP01_1273000"	0	0	0	0	0	0
"PVP01_1273100"	0	1	0	0	0	0
"PVP01_1273200"	0	0	0	0	0	0
"PVP01_1273300"	0	0	0	0	0	0
"PVP01_1273400"	0	0	0	0	0	0
"PVP01_1273500"	0	0	0	0	0	0
"PVP01_1273600"	0	0	0	0	0	0
"PVP01_1273700"	0	0	0	0	0	0
"PVP01_1273800"	0	0	0	0	0	0
"PVP01_1273900"	0	0	0	0	0	0
"PVP01_1274000"	0	0	0	0	0	0
"PVP01_1274100"	0	0	0	0	0	0
"PVP01_1274200"	0	0	0	0	0	0
"PVP01_1274300"	0	0	0	0	0	0
"PVP01_1274400"	0	0	0	0	0	0
"PVP01_1274500"	0	0	0	0	0	0
"PVP01_1274600"	0	0	0	0	0	0
"PVP01_1274700"	0	0	0	0	0	0
"PVP01_1274800"	0	0	0	0	0	0
"PVP01_1274900"	0	0	0	0	0	0
"PVP01_1300100"	0	0	0	0	0	0
"PVP01_1300200"	0	0	0	0	0	0
"PVP01_1300300"	0	0	0	0	0	0
"PVP01_1300400"	0	0	0	0	0	0
"PVP01_1300500"	0	0	0	0	0	0
"PVP01_1300600"	1	16	7	8	0	24
"PVP01_1300700"	31	313	53	50	17	0
"PVP01_1300800"	297	1549	278	113	128	0
"PVP01_1300900"	11	95	15	0	0	0
"PVP01_1301000"	9	118	13	138	0	59
"PVP01_1301100"	31	184	50	0	0	0
"PVP01_1301200"	48	193	60	0	0	0
"PVP01_1301300"	178	971	219	64	93	78
"PVP01_1301400"	41	209	45	85	30	63
"PVP01_1301500"	50	299	84	82	0	8
"PVP01_1301600"	87	666	112	39	0	0
"PVP01_1301700"	45	232	63	42	0	26
"PVP01_1301800"	102	866	98	25	23	0
"PVP01_1301900"	149	1210	264	176	0	118
"PVP01_1302000"	8	100	13	0	0	0
"PVP01_1302100"	11	88	8	0	3	0
"PVP01_1302200"	500	2541	540	129	38	81
"PVP01_1302300"	43	328	39	23	0	67
"PVP01_1302400"	26	92	29	65	41	0
"PVP01_1302500"	114	563	105	39	29	0
"PVP01_1302600"	39	223	85	0	0	0
"PVP01_1302700"	42	240	52	3	0	56
"PVP01_1302800"	32	177	41	1	0	36
"PVP01_1302900"	42	278	46	17	0	13
"PVP01_1303000"	265	1477	326	122	54	13
"PVP01_1303100"	114	524	191	12	9	43
"PVP01_1303200"	3	0	1	0	0	0
"PVP01_1303300"	7	61	15	10	0	0
"PVP01_1303400"	15	64	18	15	0	0
"PVP01_1303500"	89	484	153	0	30	10
"PVP01_1303600"	1	9	4	4	16	0
"PVP01_1303700"	7	58	10	2	0	0
"PVP01_1303800"	21	165	23	5	0	6
"PVP01_1303900"	14	51	18	0	0	0
"PVP01_1304000"	28	213	1	0	0	0
"PVP01_1304100"	17	192	38	0	0	0
"PVP01_1304200"	25	107	17	0	0	25
"PVP01_1304300"	122	874	68	50	0	0
"PVP01_1304400"	57	256	39	0	0	0
"PVP01_1304500"	94	606	115	59	25	0
"PVP01_1304600"	488	3819	618	237	2	270
"PVP01_1304700"	79	362	89	91	0	77
"PVP01_1304800"	13	24	11	0	0	0
"PVP01_1304900"	193	1671	426	145	107	274
"PVP01_1305000"	126	960	259	55	55	3
"PVP01_1305100"	79	423	78	0	0	81
"PVP01_1305200"	21	196	64	53	0	0
"PVP01_1305300"	404	2718	621	287	93	164
"PVP01_1305400"	40	456	194	0	0	0
"PVP01_1305500"	122	888	267	95	6	4
"PVP01_1305600"	2	14	1	0	0	0
"PVP01_1305700"	113	618	101	66	0	18
"PVP01_1305800"	462	2713	338	38	31	25
"PVP01_1305900"	199	1310	324	14	4	0
"PVP01_1306000"	4	26	4	0	0	0
"PVP01_1306100"	93	725	254	15	17	0
"PVP01_1306200"	60	454	107	8	0	1
"PVP01_1306300"	153	1174	231	60	0	49
"PVP01_1306400"	0	0	0	0	0	0
"PVP01_1306500"	1	8	0	0	0	0
"PVP01_1306600"	28	169	28	0	0	39
"PVP01_1306700"	46	313	63	0	0	0
"PVP01_1306800"	3	22	0	0	0	0
"PVP01_1306900"	3	9	2	23	0	1
"PVP01_1307000"	7	29	5	0	0	0
"PVP01_1307100"	28	125	24	14	0	0
"PVP01_1307200"	291	1857	316	131	62	35
"PVP01_1307300"	12	105	16	26	0	0
"PVP01_1307400"	98	304	73	77	0	0
"PVP01_1307500"	68	413	48	0	33	29
"PVP01_1307600"	86	550	98	69	1	0
"PVP01_1307700"	18	110	15	0	0	0
"PVP01_1307800"	38	293	41	64	0	0
"PVP01_1307900"	141	955	237	0	0	0
"PVP01_1308000"	361	2521	574	269	85	10
"PVP01_1308100"	38	259	62	41	0	4
"PVP01_1308200"	24	218	58	8	0	0
"PVP01_1308300"	44	131	36	0	0	0
"PVP01_1308400"	412	3223	611	118	0	11
"PVP01_1308500"	187	1315	430	113	0	67
"PVP01_1308600"	3	22	1	71	0	0
"PVP01_1308700"	29	134	42	99	0	0
"PVP01_1308800"	56	372	63	4	0	8
"PVP01_1308900"	10	74	40	0	0	13
"PVP01_1309000"	181	2361	107	37	0	0
"PVP01_1309100"	128	1391	162	18	1	4
"PVP01_1309200"	251	2554	323	45	49	46
"PVP01_1309300"	178	1880	189	51	0	0
"PVP01_1309400"	23	175	21	88	0	7
"PVP01_1309500"	37	245	42	0	0	0
"PVP01_1309600"	1	10	0	0	0	0
"PVP01_1309700"	51	323	87	30	15	29
"PVP01_1309800"	67	290	51	7	38	18
"PVP01_1309900"	57	278	50	131	0	19
"PVP01_1310000"	72	317	65	85	0	21
"PVP01_1310100"	31	135	21	58	0	77
"PVP01_1310200"	2	34	8	0	0	0
"PVP01_1310300"	0	0	0	0	0	0
"PVP01_1310400"	62	400	89	35	0	0
"PVP01_1310500"	30	333	86	15	7	1
"PVP01_1310600"	195	1103	287	32	34	32
"PVP01_1310700"	9	73	32	0	0	12
"PVP01_1310800"	39	300	111	28	0	0
"PVP01_1310900"	182	796	170	71	19	0
"PVP01_1311000"	1451	11253	2140	1762.633	1366	2923.001
"PVP01_1311100"	223	2635	740	11	0	15
"PVP01_1311200"	28	95	32	3	0	0
"PVP01_1311300"	189	837	162	40	0	60
"PVP01_1311400"	27	137	35	8	0	0
"PVP01_1311500"	56	346	84	9	9	0
"PVP01_1311600"	218	1142	272	157	0	0
"PVP01_1311700"	22	153	27	0	0	11
"PVP01_1311800"	319	1552	280	55	0	12
"PVP01_1311900"	15	174	28	0	38	0
"PVP01_1312000"	49	546	90	0	0	7
"PVP01_1312100"	53	308	17	0	0	33
"PVP01_1312200"	22	419	290	0	0	0
"PVP01_1312300"	183	1727	624	41	2	43
"PVP01_1312400"	20	91	21	16	0	0
"PVP01_1312500"	104	693	167	39	0	13
"PVP01_1312600"	27	179	20	0	0	0
"PVP01_1312700"	64	370	65	0	0	0
"PVP01_1312800"	52	333	55	19	0	0
"PVP01_1312900"	100	799	235	76	0	0
"PVP01_1313000"	7	73	11	7	0	67
"PVP01_1313100"	11	75	16	0	0	11
"PVP01_1313200"	992	3723	407	176	0	0
"PVP01_1313300"	38	556	313	49	0	0
"PVP01_1313400"	50	273	48	41	0	1.042
"PVP01_1313500"	50	394	104	9	0	0
"PVP01_1313600"	40	322	59	62	0	0
"PVP01_1313700"	59	267	55	0	0	86
"PVP01_1313800"	366	3946	445	58	29	20
"PVP01_1313900"	375	6208	501	94	23	0
"PVP01_1314000"	62	371	67	36	10	15
"PVP01_1314100"	2	32	6	0	0	0
"PVP01_1314200"	455	3696	581	88	28	49
"PVP01_1314300"	15	49	4	17	0	0
"PVP01_1314400"	28	191	25	66	0	0
"PVP01_1314500"	21	162	37	1	0	0
"PVP01_1314600"	87	1071	80	51	0	4
"PVP01_1314700"	212	854	239	21	29	31
"PVP01_1314800"	1	9	0	9	0	0
"PVP01_1314900"	83	441	196	194	9	2
"PVP01_1315000"	743	5867	1118	193	216	245
"PVP01_1315100"	20	261	187	1	0	0
"PVP01_1315200"	235	1186	259	129	85	57
"PVP01_1315300"	80	499	213	0	1	39
"PVP01_1315400"	19	79	22	0	0	1
"PVP01_1315500"	21	100	31	0	0	0
"PVP01_1315600"	40	179	52	12	0	0
"PVP01_1315700"	78	468	141	18	0	69
"PVP01_1315800"	159	1267	147	56	4	16
"PVP01_1315900"	33	130	24	0	0	4
"PVP01_1316000"	857	9223	894	82	11	96
"PVP01_1316100"	453	3567	937	164	177	128.958
"PVP01_1316200"	4	63	6	12	0	0
"PVP01_1316300"	30	197	33	51	0	36
"PVP01_1316400"	32	201	58	0	0	0
"PVP01_1316500"	34	159	56	69	0	0
"PVP01_1316600"	1	10	8	0	0	0
"PVP01_1316700"	138	707	186	55	52	1
"PVP01_1316800"	31	347	95	1	0	0
"PVP01_1316900"	50	333	51	0	0	39
"PVP01_1317000"	10	66	12	0	0	0
"PVP01_1317100"	4	18	6	11	0	0
"PVP01_1317200"	51	340	82	116	8	63
"PVP01_1317300"	5	36	12	17	0	15
"PVP01_1317400"	73	322	101	88	0	0
"PVP01_1317500"	35	218	31	1	0	0
"PVP01_1317600"	24	158	25	0	0	0
"PVP01_1317700"	9	46	10	3	0	0
"PVP01_1317800"	32	153	46	0	0	20
"PVP01_1317900"	21	131	32	29	0	19
"PVP01_1318000"	17	324	148	10	0	0
"PVP01_1318100"	33	207	38	1	1	30
"PVP01_1318200"	16	101	17	0	0	8
"PVP01_1318300"	18	93	22	16	32	0
"PVP01_1318400"	77	379	69	30	19	1
"PVP01_1318500"	36	213	62	1	0	58
"PVP01_1318600"	2	19	2	0	7	0
"PVP01_1318700"	96	488	100	1	5	4
"PVP01_1318800"	4	45	5	0	0	0
"PVP01_1318900"	0	6	0	0	0	0
"PVP01_1319000"	14	43	14	0	0	0
"PVP01_1319100"	89	857	156	71	45	18
"PVP01_1319200"	61	539	172	0	1	0
"PVP01_1319300"	59	420	79	0	0	33
"PVP01_1319400"	54	373	64	0	0	0
"PVP01_1319500"	22	99	25	0	0	0
"PVP01_1319600"	122	824	227	150	37	0
"PVP01_1319700"	19	138	23	14	0	0
"PVP01_1319800"	3	38	13	13	0	0
"PVP01_1319900"	9	61	30	0	0	1
"PVP01_1320000"	13	148	39	44	48	0
"PVP01_1320100"	2	8	7	32	0	20
"PVP01_1320200"	12	126	16	105	0	0
"PVP01_1320300"	56	257	73	0	0	0
"PVP01_1320400"	7	30	0	0	0	0
"PVP01_1320500"	25	100	32	0	0	0
"PVP01_1320600"	5	42	11	0	0	0
"PVP01_1320700"	6	50	12	0	0	0
"PVP01_1320800"	9	61	11	7	0	0
"PVP01_1320900"	25	302	137	0	0	0
"PVP01_1321000"	124	838	178	54	43	0
"PVP01_1321100"	52	366	233	29	0	0
"PVP01_1321200"	5	72	32	0	0	0
"PVP01_1321300"	74	291	93	0	0	55
"PVP01_1321400"	255	1117	260	46	0	0
"PVP01_1321500"	62	352	78	0	57	3
"PVP01_1321600"	37	186	20	73	0	0
"PVP01_1321700"	33	147	35	42	29	0
"PVP01_1321800"	83	515	120	73	0	0
"PVP01_1321900"	149	1080	163	86	0	0
"PVP01_1322000"	107	657	143	12	0	27
"PVP01_1322100"	34	192	58	12	25	131
"PVP01_1322200"	176	1434	183	53	0	101
"PVP01_1322300"	57	380	73	101	44	15
"PVP01_1322400"	143	696	142	26	0	63
"PVP01_1322500"	87	536	106	80	59	0
"PVP01_1322600"	105	547	141	8	0	74
"PVP01_1322700"	26	261	50	21	106	0
"PVP01_1322800"	28	245	58	49	0	1
"PVP01_1322900"	0	0	0	0	0	0
"PVP01_1323000"	2	5	2	5	0	0
"PVP01_1323100"	76	348	82	42	11	83
"PVP01_1323200"	494	3019	734	12	12	59
"PVP01_1323300"	736	3638	676	229	69	63
"PVP01_1323400"	66	392	77	64	17	34
"PVP01_1323500"	3	41	5	0	0	0
"PVP01_1323600"	32	252	49	3	0	0
"PVP01_1323700"	0	0	0	7	0	0
"PVP01_1323800"	0	5	0	0	0	0
"PVP01_1323900"	15	61	47	0	0	0
"PVP01_1324000"	35	155	29	6	9	0
"PVP01_1324100"	52	339	90	0	25	0
"PVP01_1324200"	0	0	0	0	0	0
"PVP01_1324300"	0	0	0	0	0	0
"PVP01_1324400"	0	0	0	0	0	0
"PVP01_1324500"	0	0	0	0	0	0
"PVP01_1324600"	0	0	1	0	0	0
"PVP01_1324700"	120	788	201	11	15	14
"PVP01_1324800"	551	3628	726	97	92	233
"PVP01_1324900"	53	281	43	35	8	0
"PVP01_1325000"	0	0	0	0	0	0
"PVP01_1325100"	0	0	0	0	0	0
"PVP01_1325200"	24	159	36	34	0	0
"PVP01_1325300"	186	1313	201	40	19	21
"PVP01_1325400"	3	54	13	11	1	0
"PVP01_1325500"	16	100	15	0	0	0
"PVP01_1325600"	22	238	42	28	0	18
"PVP01_1325700"	90	1486	165	17	0	0
"PVP01_1325800"	27	189	37	0	0	3
"PVP01_1325900"	140	928	420	156	170	60
"PVP01_1326000"	215	987	295	89	0	0
"PVP01_1326100"	7	41	4	10	0	0
"PVP01_1326200"	112	601	105	0	39	3
"PVP01_1326300"	15	167	30	8	0	20
"PVP01_1326400"	6	97	29	0	0	0
"PVP01_1326500"	52	418	96	93	97	0
"PVP01_1326600"	109	588	132	45	58	5
"PVP01_1326700"	17	84	16	0	0	0
"PVP01_1326800"	2	23	18	0	0	0
"PVP01_1326900"	49	401	77	7	0	15
"PVP01_1327000"	20	57	15	43	0	0
"PVP01_1327100"	24	176	33	0	28	0
"PVP01_1327200"	10	55	8	30	0	0
"PVP01_1327300"	15	108	21	0	0	0
"PVP01_1327400"	10	46	9	6	26	0
"PVP01_1327500"	75	434	76	0	0	27
"PVP01_1327600"	0	0	1	0	0	0
"PVP01_1327700"	178	699	212	285	22	37
"PVP01_1327800"	81	808	223	46	9	19
"PVP01_1327900"	64	252	104	0	0	0
"PVP01_1328000"	97	606	140	79	0	63
"PVP01_1328100"	1	15	1	0	0	0
"PVP01_1328200"	94	623	47	19	3	0
"PVP01_1328300"	53	273	27	15	0	0
"PVP01_1328400"	17	86	13	0	0	0
"PVP01_1328500"	39	282	71	18	0	0
"PVP01_1328600"	52	367	96	21	0	0
"PVP01_1328700"	144	1475	279	54	8	37
"PVP01_1328800"	0	64	12	5	0	0
"PVP01_1328900"	30	232	55	19	1	1
"PVP01_1329000"	57	561	87	30	0	7
"PVP01_1329100"	137	1062	142	18	48	48
"PVP01_1329200"	216	1788	279	49	22	2
"PVP01_1329300"	154	976	155	0	2	0
"PVP01_1329400"	1	23	7	0	0	0
"PVP01_1329500"	156	1447	187	1	0	41
"PVP01_1329600"	60	269	52	31	0	21
"PVP01_1329700"	263	1637	265	62	57	12
"PVP01_1329800"	14	132	21	21	0	0
"PVP01_1329900"	74	554	54	0	15	10
"PVP01_1330000"	83	448	60	44	19	0
"PVP01_1330100"	8387	56644	14351	8979	3260	4064
"PVP01_1330200"	344.605	1300.264	370.99	56.074	0	0
"PVP01_1330300"	38.395	89.9	0	0	0	0
"PVP01_1330400"	0	106.835	60.01	30.926	24	26
"PVP01_1330500"	0	0	0	0	0	0
"PVP01_1330600"	14	114	10	0	0	0
"PVP01_1330700"	21	103	15	0	0	38
"PVP01_1330800"	4557	40452	5726	635	167	293
"PVP01_1330900"	25	138	38	83	0	0
"PVP01_1331000"	30	168	37	0	0	0
"PVP01_1331100"	158	944	213	0	0	0
"PVP01_1331200"	39	228	43	35	0	2
"PVP01_1331300"	244	1753	346	120	4	52
"PVP01_1331400"	83	650	142	100	0	1
"PVP01_1331500"	160	2825	134	0	14	16
"PVP01_1331600"	9	76	36	41	0	25
"PVP01_1331700"	1025	7679	1659	369	259	308
"PVP01_1331800"	34	191	28	9	0	0
"PVP01_1331900"	2	41	8	0	0	0
"PVP01_1332000"	70	427	79	125	33	0
"PVP01_1332100"	83	461	104	18	0	0
"PVP01_1332200"	0	12	1	0	0	0
"PVP01_1332300"	80	466	77	39	0	41
"PVP01_1332400"	109	688	149	0	6	7
"PVP01_1332500"	43	188	39	0	9	34
"PVP01_1332600"	22	126	21	34	0	7
"PVP01_1332700"	107	698	154	108	0	0
"PVP01_1332800"	66	497	207	46	0	0
"PVP01_1332900"	2	7	0	0	0	0
"PVP01_1333000"	16	140	32	0	0	0
"PVP01_1333100"	87	553	110	37	0	0
"PVP01_1333200"	149	2307	203	17	0	2
"PVP01_1333300"	26	129	23	0	2	0
"PVP01_1333400"	47	296	54	42	0	0
"PVP01_1333500"	330	1967	398	118	63	17
"PVP01_1333600"	250	1438	306	158	13	14
"PVP01_1333700"	9	73	14	0	0	0
"PVP01_1333800"	33	436	35	0	0	0
"PVP01_1333900"	37	237	39	0	0	0
"PVP01_1334000"	37	232	31	34	0	42
"PVP01_1334100"	21	134	36	63	0	0
"PVP01_1334200"	73	406	91	69	0	0
"PVP01_1334300"	84	421	121	51	0	0
"PVP01_1334400"	374	2959	630	122	124	7
"PVP01_1334500"	206	1374	241	242	74	104
"PVP01_1334600"	296	1637	370	57	18	197
"PVP01_1334700"	15	82	16	29	0	0
"PVP01_1334800"	20	138	17	57	0	0
"PVP01_1334900"	128	767	125	59	57	38
"PVP01_1335000"	58	402	227	26	0	0
"PVP01_1335100"	120	707	105	73	43	0
"PVP01_1335200"	147	1060	93	0	0	0
"PVP01_1335300"	10	41	9	12	0	0
"PVP01_1335400"	42	267	50	0	0	0
"PVP01_1335500"	28	174	35	0	0	70
"PVP01_1335600"	35	164	42	23	0	0
"PVP01_1335700"	9	65	25	0	0	0
"PVP01_1335800"	0	0	0	0	0	0
"PVP01_1335900"	0	1	0	0	0	0
"PVP01_1336000"	65	669	110	10	0	9
"PVP01_1336100"	89	529	103	11	0	0
"PVP01_1336200"	20	107	29	73	0	55
"PVP01_1336300"	24	153	36	17	0	0
"PVP01_1336400"	89	489	86	31	0	14
"PVP01_1336500"	166	1018	161	7	0	59
"PVP01_1336600"	398	2413	412	78	0	13
"PVP01_1336700"	5	23	4	0	0	0
"PVP01_1336800"	70	400	75	0	0	0
"PVP01_1336900"	47	923	662	0	2	0
"PVP01_1337000"	23	141	17	0	0	0
"PVP01_1337100"	151	906	160	59	0	2
"PVP01_1337200"	54	300	42	47	22	17
"PVP01_1337300"	17	151	20	17	0	0
"PVP01_1337400"	26	125	17	0	0	0
"PVP01_1337500"	181	1002	149	0	83	46
"PVP01_1337600"	54	368	83	52	0	0
"PVP01_1337700"	106	888	256	47	44	13
"PVP01_1337800"	89	419	141	12	0	0
"PVP01_1337900"	203	1295	247	59	1	18
"PVP01_1338000"	52	345	46	49	0	21
"PVP01_1338100"	43	711	63	2	0	0
"PVP01_1338200"	124	621	124	124	87	0
"PVP01_1338300"	236	1180	345	146	45	10
"PVP01_1338400"	31	129	20	0	28	0
"PVP01_1338500"	421	10871	3174	0	2	6
"PVP01_1338600"	325	2287	358	55	0	111
"PVP01_1338700"	149	887	175	62	125	38
"PVP01_1338800"	34	169	51	9	0	0
"PVP01_1338900"	170	761	152	81	0	26
"PVP01_1339000"	265	1706	357	271	144	236
"PVP01_1339100"	196	1200	253	67	0	118
"PVP01_1339200"	83	644	87	16	12	29
"PVP01_1339300"	137	1161	183	35	0	0
"PVP01_1339400"	202	859	81	64	0	0
"PVP01_1339500"	77	548	192	30	0	0
"PVP01_1339600"	461	8078	752	43	22	116
"PVP01_1339700"	78	731	160	14	0	0
"PVP01_1339800"	81	318	71	9	12	0
"PVP01_1339900"	56	423	74	8	0	23
"PVP01_1340000"	33	251	36	59	0	0
"PVP01_1340100"	64	289	28	0	0	7
"PVP01_1340200"	3	19	7	19	0	0
"PVP01_1340300"	1049	7542	1292	316	237	221
"PVP01_1340400"	302	1482	332	89	49	4
"PVP01_1340500"	20	123	27	0	0	23
"PVP01_1340600"	227	1479	223	132	56	1
"PVP01_1340700"	0	0	0	0	0	0
"PVP01_1340800"	38	228	29	15	0	0
"PVP01_1340900"	803	8233	723	518	225	109
"PVP01_1341000"	6	32	4	14	0	0
"PVP01_1341100"	0	13	3	0	0	20
"PVP01_1341200"	16	116	20	2	8	14
"PVP01_1341300"	29	243	25	67	83	47
"PVP01_1341400"	52	401	131	12	22	0
"PVP01_1341500"	34	216	95	3	0	35
"PVP01_1341600"	62	320	71	48	27	18
"PVP01_1341700"	1	33	16	30	0	1
"PVP01_1341800"	54	466	167	18	0	3
"PVP01_1341900"	237	4644	829	15	28	1
"PVP01_1342000"	51	286	68	14	0	61
"PVP01_1342100"	65	353	83	33	7	0
"PVP01_1342200"	22	199	23	0	11	36
"PVP01_1342300"	13	87	22	0	0	0
"PVP01_1342400"	186	1298	36	0	55	0
"PVP01_1342500"	140	902	159	57	27	0
"PVP01_1342600"	40	186	46	0	0	21
"PVP01_1342700"	1	10	5	0	0	0
"PVP01_1342800"	30	226	54	0	24	0
"PVP01_1342900"	40	353	54	34	0	0
"PVP01_1343000"	54	337	58	0	58	0
"PVP01_1343100"	60	376	84	0	0	46
"PVP01_1343200"	865	6901	963	0	0	28
"PVP01_1343300"	25	163	19	0	0	10
"PVP01_1343400"	77	528	85	7	63	0
"PVP01_1343500"	44	274	82	20	11	13
"PVP01_1343600"	14	144	27	0	0	0
"PVP01_1343700"	61	368	84	82	7	0
"PVP01_1343800"	107	528	110	0	6	5
"PVP01_1343900"	274	1205	157	15	79	4
"PVP01_1344000"	94	936	110	47	16	0
"PVP01_1344100"	145	1047	14	0	0	0
"PVP01_1344200"	0	3	0	0	0	0
"PVP01_1344300"	33	163	29	18	0	18
"PVP01_1344400"	33	223	52	0	5	0
"PVP01_1344500"	0	0	0	0	0	0
"PVP01_1344600"	11	66	30	0	1	24
"PVP01_1344700"	140	710	131	34	0	28
"PVP01_1344800"	35	200	33	0	9	13
"PVP01_1344900"	256	1224	270	131	222	42
"PVP01_1345000"	4	53	9	0	0	0
"PVP01_1345100"	614	10164	478	33	0	1
"PVP01_1345200"	21	229	49	0	0	0
"PVP01_1345300"	10	55	6	47	0	0
"PVP01_1345400"	1	6	0	0	0	0
"PVP01_1345500"	0	2	1	0	0	0
"PVP01_1345600"	2	15	2	0	0	0
"PVP01_1345700"	54	426	59	8	0	0
"PVP01_1345800"	1	0	0	0	0	0
"PVP01_1345900"	7	88	15	0	0	0
"PVP01_1346000"	57	714	302	0	0	6
"PVP01_1346100"	108	681	168	11	75	45
"PVP01_1346200"	2	9	1	0	0	0
"PVP01_1346300"	0	0	0	0	0	0
"PVP01_1346400"	54	540	107	0	48	23
"PVP01_1346500"	236	1483	323	105	0	197
"PVP01_1346600"	74	458	108	41	0	0
"PVP01_1346700"	40	284	52	16	16	31
"PVP01_1346800"	109	819	147	59	20	16
"PVP01_1346900"	0	0	0	0	0	0
"PVP01_1347000"	230	2969	199	65	1	11
"PVP01_1347100"	29	252	42	91	0	0
"PVP01_1347200"	0	0	0	0	0	0
"PVP01_1347300"	0	0	0	0	0	0
"PVP01_1347400"	0	0	1	0	0	0
"PVP01_1347500"	0	0	0	0	0	0
"PVP01_1347600"	0	0	0	0	0	0
"PVP01_1347700"	0	0	0	0	0	0
"PVP01_1347800"	0	0	0	0	0	0
"PVP01_1400100"	0	0	0	0	0	0
"PVP01_1400200"	0	0	0	0	0	0
"PVP01_1400300"	0	0	0	0	0	0
"PVP01_1400400"	0	0	0	0	0	0
"PVP01_1400500"	0	0	0	0	0	0
"PVP01_1400600"	0	2	0	0	0	0
"PVP01_1400700"	3	35	8	0	0	0
"PVP01_1400800"	0	0	0	0	0	0
"PVP01_1400900"	1	3	0	0	0	0
"PVP01_1401000"	0	3	0	0	0	0
"PVP01_1401100"	0	3	0	0	0	0
"PVP01_1401200"	0	1	0	0	0	0
"PVP01_1401300"	58	1112	182	13	0	0
"PVP01_1401400"	190	3568	2241	1	0	0
"PVP01_1401500"	0	0	0	0	0	0
"PVP01_1401600"	0	0	0	0	0	0
"PVP01_1401700"	15	114	27	0	0	0
"PVP01_1401800"	3	2	0	0	0	0
"PVP01_1401900"	0	0	0	0	0	0
"PVP01_1402000"	0	0	0	0	0	0
"PVP01_1402100"	36	666	124	0	0	0
"PVP01_1402200"	24	24	0	0	0	0
"PVP01_1402300"	1	4	0	0	0	0
"PVP01_1402400"	2611	13192	9	2	1	2
"PVP01_1402500"	5	8	0	0	0	0
"PVP01_1402600"	0	10	14	0	0	0
"PVP01_1402700"	0	5	0	0	0	0
"PVP01_1402800"	21	382	57	0	0	0
"PVP01_1402900"	0	6	0	0	0	0
"PVP01_1403000"	136	3733	863	0	0	1
"PVP01_1403100"	0	4	0	0	0	0
"PVP01_1403200"	26	98	5	23	0	0
"PVP01_1403300"	3	42	1	12	0	0
"PVP01_1403400"	296	1694	306	218	82	164
"PVP01_1403500"	52	402	103	48	105	1
"PVP01_1403600"	121	831	149	61	0	13
"PVP01_1403700"	240	1118	252	78	0	66
"PVP01_1403800"	16	196	40	40	0	0
"PVP01_1403900"	73	317	57	8	0	0
"PVP01_1404000"	59	338	76	18	9	72
"PVP01_1404100"	51	235	67	41	0	8
"PVP01_1404200"	47	291	31	4	0	31
"PVP01_1404300"	246	1237	234	117	0	0
"PVP01_1404400"	143	960	376	4	9	69
"PVP01_1404500"	80	506	102	26	23	0
"PVP01_1404600"	38	337	47	0	0	20
"PVP01_1404700"	1076	8224	2365	259	57	750
"PVP01_1404800"	0	0	0	0	0	0
"PVP01_1404900"	22	126	29	0	0	47
"PVP01_1405000"	108	618	158	37	0	72
"PVP01_1405100"	70	570	163	75	0	30
"PVP01_1405200"	28	147	25	0	0	0
"PVP01_1405300"	53	321	37	1	0	55
"PVP01_1405400"	38	261	53	47	1	37
"PVP01_1405500"	64	582	63	47	20	36
"PVP01_1405600"	11	110	22	0	0	0
"PVP01_1405700"	44	243	53	53	0	0
"PVP01_1405800"	100	598	122	93	50	0
"PVP01_1405900"	84	487	104	0	0	0
"PVP01_1406000"	35	184	39	0	20	0
"PVP01_1406100"	29	143	22	11	0	28
"PVP01_1406200"	417	2881	539	148	54	119
"PVP01_1406300"	6	28	1	0	0	0
"PVP01_1406400"	303	2435	393	24	0	1
"PVP01_1406500"	95	435	78	12	0	12
"PVP01_1406600"	22	82	13	0	0	0
"PVP01_1406700"	8	51	8	5	0	0
"PVP01_1406800"	50	322	73	48	0	0
"PVP01_1406900"	23	151	41	0	0	77
"PVP01_1407000"	46	287	69	14	0	10
"PVP01_1407100"	18	181	20	0	0	5
"PVP01_1407200"	26	128	20	0	0	0
"PVP01_1407300"	103	522	181	70	0	2
"PVP01_1407400"	20	78	10	133	0	0
"PVP01_1407500"	47	339	104	0	84	8
"PVP01_1407600"	20	150	33	0	0	0
"PVP01_1407700"	12	63	13	0	0	0
"PVP01_1407800"	105	577	117	1	0	91
"PVP01_1407900"	31	168	24	0	0	0
"PVP01_1408000"	38	240	41	13	0	31
"PVP01_1408100"	19	101	21	0	0	0
"PVP01_1408200"	31	272	39	46	0	37
"PVP01_1408300"	29	206	22	0	0	0
"PVP01_1408400"	11	46	5	0	0	0
"PVP01_1408500"	158	742	137	34	0	0
"PVP01_1408600"	406	2871	348	87	2	47
"PVP01_1408700"	46	379	78	96	55	16
"PVP01_1408800"	15	94	20	0	0	0
"PVP01_1408900"	98	1029	279	0	0	6
"PVP01_1409000"	96	1649	193	0	0	0
"PVP01_1409100"	33	146	30	0	20	21
"PVP01_1409200"	793	4646	991	0	6	79
"PVP01_1409300"	275	1496	301	125	19	35
"PVP01_1409400"	179	1442	317	41	24	39
"PVP01_1409500"	28	234	69	24	0	1
"PVP01_1409600"	77	465	112	5	5	26
"PVP01_1409700"	25	171	45	0	0	0
"PVP01_1409800"	33	284	61	0	27	0
"PVP01_1409900"	759	4982	921	125	10	11
"PVP01_1410000"	74	360	72	0	48	0
"PVP01_1410100"	266	1499	309	6	0	12
"PVP01_1410200"	253	2216	495	6	0	30
"PVP01_1410300"	74	457	88	0	0	29
"PVP01_1410400"	106	1082	140	1	0	0
"PVP01_1410500"	25	179	32	33	20	18
"PVP01_1410600"	67	388	47	45	0	0
"PVP01_1410700"	141	930	149	128	35	3
"PVP01_1410800"	34	159	37	2	0	27
"PVP01_1410900"	4	14	3	0	0	0
"PVP01_1411000"	35	264	80	0	0	0
"PVP01_1411100"	96	618	90	72	52	64
"PVP01_1411200"	21	420	191	0	0	0
"PVP01_1411300"	16	96	14	0	0	0
"PVP01_1411400"	49	312	57	0	25	0
"PVP01_1411500"	48	254	69	55	0	0
"PVP01_1411600"	20	82	39	0	0	0
"PVP01_1411700"	429	3842	107	0	0	0
"PVP01_1411800"	83	499	106	73	85	70
"PVP01_1411900"	59	336	71	28	0	0
"PVP01_1412000"	16	36	11	0	0	0
"PVP01_1412100"	2	11	6	44	0	0
"PVP01_1412200"	18	174	30	183	0	0
"PVP01_1412300"	79	373	80	7	0	0
"PVP01_1412400"	121	753	128	51	0	0
"PVP01_1412500"	249	1511	289	120	42	45
"PVP01_1412600"	38	360	98	42	7	0
"PVP01_1412700"	11	92	7	16	0	0
"PVP01_1412800"	12033	79753	13061	1652	285	815
"PVP01_1412900"	187	1316	238	20	0	27
"PVP01_1413000"	1174	6662	1084	22	0	1
"PVP01_1413100"	39	378	121	11	0	5
"PVP01_1413200"	53	256	54	57	0	0
"PVP01_1413300"	37	243	51	37	0	0
"PVP01_1413400"	40	259	53	59	0	79
"PVP01_1413450"	0	0	0	0	0	0
"PVP01_1413500"	13	135	31	0	0	0
"PVP01_1413600"	287	1664	317	200	0	60
"PVP01_1413700"	129	2221	217	95	0	11
"PVP01_1413800"	402	3322	1083	313	101	37
"PVP01_1413900"	76	493	84	0	3	20
"PVP01_1414000"	234	1020	206	2	0	109
"PVP01_1414100"	42	172	39	0	0	0
"PVP01_1414200"	8	35	11	54	0	0
"PVP01_1414300"	51	233	44	19	0	72
"PVP01_1414400"	44	258	63	0	0	51
"PVP01_1414500"	20	363	396	0	0	0
"PVP01_1414600"	18	61	17	0	0	0
"PVP01_1414700"	115	677	151	76	19	7
"PVP01_1414800"	15	123	19	0	0	0
"PVP01_1414900"	29	298	35	5	0	0
"PVP01_1415000"	36	325	48	174	47	3
"PVP01_1415100"	99	733	177	46	0	45
"PVP01_1415200"	29	140	47	0	0	44
"PVP01_1415300"	12	120	19	0	20	0
"PVP01_1415400"	41	281	122	0	0	71
"PVP01_1415500"	27	165	51	90	12	0
"PVP01_1415600"	3	7	7	0	0	0
"PVP01_1415700"	7	7	3	0	12	0
"PVP01_1415800"	48	366	51	18	0	0
"PVP01_1415900"	153	718	71	36	0	0
"PVP01_1416000"	11	94	12	0	0	0
"PVP01_1416100"	25	210	56	0	1	0
"PVP01_1416200"	27	297	105	0	0	0
"PVP01_1416300"	86	750	191	56	7	73
"PVP01_1416400"	7	147	49	0	0	0
"PVP01_1416500"	157	901	255	69	32	70
"PVP01_1416600"	68	327	101	9	0	11
"PVP01_1416700"	72	488	132	7	40	47
"PVP01_1416800"	330	2164	474	157	93	160
"PVP01_1416900"	6	39	8	0	0	0
"PVP01_1417000"	261	2104	273	112	0	53
"PVP01_1417100"	16	169	89	9	0	0
"PVP01_1417200"	1	5	1	0	0	0
"PVP01_1417300"	2	24	12	0	0	0
"PVP01_1417400"	88	618	127	30	0	21
"PVP01_1417500"	154	968	339	14	0	29
"PVP01_1417600"	7	59	12	26	0	38
"PVP01_1417700"	27	211	46	0	15	0
"PVP01_1417800"	15	158	38	0	0	60
"PVP01_1417900"	53	327	42	1	0	6
"PVP01_1418000"	159	909	173	61	0	13
"PVP01_1418100"	106	1132	135	58	28	0
"PVP01_1418200"	149	743	166	52	95	0
"PVP01_1418300"	1202	7872	1108	132	88	113
"PVP01_1418400"	15	80	15	11	0	0
"PVP01_1418500"	33	289	36	92	0	24
"PVP01_1418600"	6	53	10	12	0	0
"PVP01_1418700"	467	2450	529	181	0	126
"PVP01_1418800"	38	203	67	9	0	7
"PVP01_1418900"	9	178	86	0	0	0
"PVP01_1419000"	94	475	124	0	15	0
"PVP01_1419100"	46	260	50	72	0	45
"PVP01_1419200"	28	373	46	0	38	10
"PVP01_1419300"	71	401	74	0	0	0
"PVP01_1419400"	1	0	0	0	0	0
"PVP01_1419500"	46	287	42	0	0	0
"PVP01_1419600"	175	3179	118	0	0	1
"PVP01_1419700"	642	3196	313	52	109	120
"PVP01_1419800"	0	57	2	35	0	0
"PVP01_1419900"	59	428	86	35	1	0
"PVP01_1420000"	121	1156	233	77	4	0
"PVP01_1420100"	7	54	8	36	0	0
"PVP01_1420200"	131	755	142	105	22	55
"PVP01_1420300"	134	753	158	0	21	6
"PVP01_1420400"	26	137	22	0	87	0
"PVP01_1420500"	129	767	148	112	57	38
"PVP01_1420600"	96	465	116	0	0	37
"PVP01_1420700"	2	12	0	0	0	0
"PVP01_1420800"	943	7252	937	261	12	49
"PVP01_1420900"	19	104	27	0	0	6
"PVP01_1421000"	14	98	12	9	0	0
"PVP01_1421100"	2	23	9	0	0	0
"PVP01_1421200"	13	56	18	0	0	0
"PVP01_1421300"	10	44	11	0	27	0
"PVP01_1421400"	398	3945	449	45	24	8
"PVP01_1421500"	25	238	144	51	0	0
"PVP01_1421600"	83	425	84	97	30	0
"PVP01_1421700"	6	24	1	0	0	8
"PVP01_1421800"	0	27	1	0	0	83
"PVP01_1421900"	458	4445	1489	30	56	13
"PVP01_1422000"	87	540	132	10	0	0
"PVP01_1422100"	233	1520	312	89	0	58
"PVP01_1422200"	43	213	30	17	0	0
"PVP01_1422300"	31	250	170	0	0	0
"PVP01_1422400"	3	33	1	0	0	0
"PVP01_1422500"	28	168	33	16	0	0
"PVP01_1422600"	0	3	1	0	0	0
"PVP01_1422700"	250	1595	250	20	82	19
"PVP01_1422800"	45	231	51	14	4	19
"PVP01_1422900"	4	27	10	9	0	0
"PVP01_1423000"	1034	7351	1306	463	122	122
"PVP01_1423100"	75	642	230	0	0	0
"PVP01_1423200"	4	21	3	14	0	0
"PVP01_1423300"	136	904	292	26	36	32
"PVP01_1423400"	366	1941	216	81	34	0
"PVP01_1423500"	1	13	6	0	0	0
"PVP01_1423600"	189	1285	193	58	9	105
"PVP01_1423700"	24	176	49	0	0	0
"PVP01_1423800"	0	0	0	0	0	0
"PVP01_1423900"	0	0	0	0	0	0
"PVP01_1424000"	0	0	0	0	0	0
"PVP01_1424100"	85	418	100	15	0	0
"PVP01_1424200"	0	0	0	0	0	0
"PVP01_1424300"	111	635	263	64	0	31
"PVP01_1424400"	54	354	49	18	0	0
"PVP01_1424500"	2	9	4	0	0	14
"PVP01_1424600"	37	99	31	0	0	0
"PVP01_1424700"	63	327	57	0	0	158
"PVP01_1424800"	101	682	101	114	24	141
"PVP01_1424900"	67	413	97	64	0	66
"PVP01_1425000"	58	434	63	93	0	0
"PVP01_1425100"	62	344	85	6	0	0
"PVP01_1425200"	277	1976	368	131	39	158
"PVP01_1425300"	14	114	27	0	17	0
"PVP01_1425400"	151	638	131	60	0	0
"PVP01_1425500"	172	876	146	151	105	200
"PVP01_1425600"	1	4	0	0	0	0
"PVP01_1425700"	0	24	0	40	0	0
"PVP01_1425800"	192	1374	87	54	0	11
"PVP01_1425900"	216	1131	182	86	58	0
"PVP01_1426000"	65	508	119	56	0	0
"PVP01_1426100"	1568	6407	1405	206	176	120
"PVP01_1426200"	55	300	49	101	13	0
"PVP01_1426300"	344	1819	428	80	23	50
"PVP01_1426400"	80	442	90	82	0	0
"PVP01_1426500"	13	80	20	0	0	0
"PVP01_1426600"	123	588	101	21	17	1
"PVP01_1426700"	32	113	34	1	0	26
"PVP01_1426750"	12	85	12	0	0	0
"PVP01_1426800"	51	287	48	44	0	0
"PVP01_1426900"	505	3697	865	119	165	103
"PVP01_1427000"	123	679	233	134	47	0
"PVP01_1427100"	91	539	109	7	0	1
"PVP01_1427200"	259	3216	299	57	77	26
"PVP01_1427300"	500	3016	398	303	56	68
"PVP01_1427400"	80	559	71	1	0	14
"PVP01_1427500"	54	384	143	28	0	23
"PVP01_1427600"	31	224	81	30	0	0
"PVP01_1427700"	152	849	222	24	65	40
"PVP01_1427800"	218	1255	265	137	64	42
"PVP01_1427900"	1	6	0	47	0	0
"PVP01_1428000"	14	91	21	0	0	0
"PVP01_1428100"	18	242	30	0	14	0
"PVP01_1428200"	286	1850	408	62	164	70
"PVP01_1428300"	31	148	26	0	0	18
"PVP01_1428400"	81	568	135	13	6	43
"PVP01_1428500"	6	28	6	0	0	6
"PVP01_1428600"	94	589	201	25	16	1
"PVP01_1428700"	659	12013	5243	67	0	13
"PVP01_1428800"	40	235	51	60	0	22
"PVP01_1428900"	79	885	165	3	0	0
"PVP01_1429000"	453	3276	613	729	549	547
"PVP01_1429100"	162	992	196	130	2	7
"PVP01_1429200"	51	302	70	18	6	0
"PVP01_1429300"	74	507	195	8	0	0
"PVP01_1429400"	9	125	57	0	0	0
"PVP01_1429500"	62	292	69	25	12	0
"PVP01_1429600"	9	30	13	14	0	0
"PVP01_1429700"	725	5006	878	186	69	201
"PVP01_1429800"	58	271	47	0	0	16
"PVP01_1429900"	79	555	104	138	20	32
"PVP01_1430000"	106	702	121	67	0	0
"PVP01_1430100"	119	774	133	86	0	44
"PVP01_1430200"	10	60	19	11	0	0
"PVP01_1430300"	116	1096	15	0	0	0
"PVP01_1430400"	364	2539	397	150	0	33
"PVP01_1430500"	1	6	2	0	0	12
"PVP01_1430600"	7	20	6	4	0	0
"PVP01_1430700"	311	2255	333	380	34	43
"PVP01_1430800"	89	527	81	80	50	0
"PVP01_1430900"	68	434	90	13	0	1
"PVP01_1430950"	0	1	0	0	0	0
"PVP01_1431000"	261	1696	327	94	15	0
"PVP01_1431100"	54	257	58	0	0	0
"PVP01_1431200"	68	256	46	13	0	0
"PVP01_1431300"	60	219	50	52	118	0
"PVP01_1431400"	112	598	91	39	0	0
"PVP01_1431500"	1	13	3	0	0	0
"PVP01_1431600"	568	3984	771	350	109	200
"PVP01_1431700"	149	883	168	53	0	19
"PVP01_1431800"	364	2120	563	279	14	80
"PVP01_1431900"	15	93	41	16	0	4
"PVP01_1432000"	54	203	31	33	0	32
"PVP01_1432100"	0	1	0	0	0	0
"PVP01_1432200"	2	62	0	0	0	0
"PVP01_1432300"	0	7	1	0	0	0
"PVP01_1432400"	9	120	18	0	0	0
"PVP01_1432500"	44	253	47	22	38	52
"PVP01_1432600"	120	851	158	70	55	1
"PVP01_1432700"	31	236	60	34	0	0
"PVP01_1432800"	33	179	49	19	0	19
"PVP01_1432900"	200	1522	641	57	0	0
"PVP01_1433000"	19	132	28	7	0	1
"PVP01_1433100"	82	470	94	37	0	0
"PVP01_1433200"	20	159	22	0	0	0
"PVP01_1433300"	30	152	37	0	0	12
"PVP01_1433400"	16	126	29	0	5	0
"PVP01_1433500"	34	353	35	39	0	86
"PVP01_1433600"	11	48	10	18	0	0
"PVP01_1433700"	46	235	106	3	0	0
"PVP01_1433800"	174	915	142	0	19	40
"PVP01_1433900"	76	378	74	33	0	16
"PVP01_1434000"	13	72	11	0	0	0
"PVP01_1434100"	66	379	85	0	0	14
"PVP01_1434200"	35	228	80	37	0	28
"PVP01_1434300"	0	0	0	0	0	0
"PVP01_1434400"	35	222	41	77	8	0
"PVP01_1434500"	0	5	0	0	0	0
"PVP01_1434600"	1	0	0	0	0	0
"PVP01_1434700"	147	978	202	87	48	128
"PVP01_1434800"	66	423	81	58	0	0
"PVP01_1434900"	8	56	9	0	0	0
"PVP01_1435000"	95	404	59	201	9	34
"PVP01_1435100"	21	98	16	7	3	18
"PVP01_1435200"	131	988	47	0	0	0
"PVP01_1435300"	5	16	3	30	0	0
"PVP01_1435400"	0	0	0	0	0	0
"PVP01_1435500"	27	149	31	51	6	0
"PVP01_1435600"	0	0	0	0	0	0
"PVP01_1435700"	299	1895	223	137	0	97
"PVP01_1435800"	1	1	0	0	0	0
"PVP01_1435900"	8	23	3	0	9	0
"PVP01_1436000"	68	490	85	34	36	0
"PVP01_1436100"	148	740	140	24	0	28
"PVP01_1436200"	280	2863	107	31	17	103
"PVP01_1436300"	187	1269	282	201	0	53
"PVP01_1436400"	5	28	12	0	0	0
"PVP01_1436500"	38	267	73	6	0	0
"PVP01_1436600"	32	215	62	0	30	0
"PVP01_1436700"	93	1218	148	34	14	9
"PVP01_1436800"	165	1384	21	63	0	0
"PVP01_1436900"	1	3	2	0	0	0
"PVP01_1437000"	96	592	121	92	1	73
"PVP01_1437100"	205	1383	336	39	39	116
"PVP01_1437200"	128	799	149	51	0	0
"PVP01_1437300"	103	1595	199	0	25	0
"PVP01_1437400"	169	1044	308	244	105	39
"PVP01_1437500"	1	8	1	0	0	2
"PVP01_1437600"	3	28	2	0	0	0
"PVP01_1437700"	40	178	35	59	0	29
"PVP01_1437800"	181	1304	246	86	127	45
"PVP01_1437900"	682	4213	707	318	89	155
"PVP01_1438000"	147	1136	266	197	106	28
"PVP01_1438100"	2	8	1	0	0	0
"PVP01_1438200"	0	0	0	0	0	0
"PVP01_1438300"	44	412	83	0	0	43
"PVP01_1438400"	0	4	0	0	0	0
"PVP01_1438500"	91	537	60	143	23	50
"PVP01_1438600"	39	291	67	17	35	32
"PVP01_1438700"	49	360	211	0	0	0
"PVP01_1438800"	7	38	5	0	0	0
"PVP01_1438900"	17	121	39	0	0	0
"PVP01_1439000"	22	121	27	0	0	0
"PVP01_1439100"	12	35	9	11	0	0
"PVP01_1439200"	51	521	305	35	59	57
"PVP01_1439300"	85	540	211	0	9	0
"PVP01_1439400"	0	8	0	0	0	0
"PVP01_1439500"	3	36	9	0	0	0
"PVP01_1439600"	25	330	197	0	23	0
"PVP01_1439700"	9	73	3	12	0	0
"PVP01_1439800"	58	299	60	0	0	0
"PVP01_1439900"	31	170	31	51	0	0
"PVP01_1440000"	82	630	86	71	0	11
"PVP01_1440100"	37	374	71	5	0	0
"PVP01_1440200"	109	356	38	12	46	1
"PVP01_1440300"	12	62	10	47	0	0
"PVP01_1440400"	87	498	99	0	0	0
"PVP01_1440500"	305	2005	363	143	7	36
"PVP01_1440600"	124	875	140	43	0	3
"PVP01_1440700"	2	14	8	0	0	0
"PVP01_1440800"	20	234	200	0	0	0
"PVP01_1440900"	612	7538	302	2	11	0
"PVP01_1441000"	0	0	0	0	0	0
"PVP01_1441100"	5	18	8	50	0	0
"PVP01_1441200"	42	380	132	0	0	0
"PVP01_1441300"	63	500	262	32	0	1
"PVP01_1441400"	70	502	144	36	0	21
"PVP01_1441500"	85	508	92	13	0	6
"PVP01_1441600"	284	2289	498	247	22	37
"PVP01_1441700"	224	1598	267	83	0	13
"PVP01_1441800"	33	207	30	3	0	0
"PVP01_1441900"	15	51	6	48	0	94
"PVP01_1442000"	81	438	86	16	0	11
"PVP01_1442100"	19	116	20	12	0	0
"PVP01_1442200"	8	105	19	0	0	0
"PVP01_1442300"	50	348	213	21	0	0
"PVP01_1442400"	137	1279	203	58	66	0
"PVP01_1442500"	791	4810	1020	281	168	231
"PVP01_1442600"	45	236	54	0	6	12
"PVP01_1442700"	134	898	288	59	0	0
"PVP01_1442800"	26	131	26	17	0	3
"PVP01_1442900"	24	145	28	0	0	0
"PVP01_1443000"	35	210	51	133	0	1
"PVP01_1443100"	8	30	16	0	0	0
"PVP01_1443200"	28	152	32	0	103	0
"PVP01_1443300"	46	231	43	16	2	6
"PVP01_1443400"	25	188	54	19	0	0
"PVP01_1443500"	27	178	45	15	48	28
"PVP01_1443600"	11	64	14	32	0	0
"PVP01_1443700"	5	68	11	0	16	0
"PVP01_1443800"	46	337	78	43	0	0
"PVP01_1443900"	27	238	68	10	0	0
"PVP01_1444000"	194	1357	228	127	28	57
"PVP01_1444100"	20	138	26	20	0	0
"PVP01_1444200"	38	237	42	67	0	40
"PVP01_1444300"	131	1636	183	132	2	0
"PVP01_1444400"	42	309	77	0	0	0
"PVP01_1444500"	248	2032	316	131	44	141
"PVP01_1444600"	30	159	33	9	0	77
"PVP01_1444700"	12	87	23	0	0	0
"PVP01_1444800"	36	282	72	18	0	0
"PVP01_1444900"	29	214	31	30	0	6
"PVP01_1445000"	34	165	56	4	0	0
"PVP01_1445100"	6	22	6	29	29	140
"PVP01_1445200"	5	24	35	3	0	0
"PVP01_1445300"	58	304	78	9	0	65
"PVP01_1445400"	162	1142	356	80	1	25
"PVP01_1445500"	3	27	11	0	0	0
"PVP01_1445600"	17	65	19	0	0	0
"PVP01_1445700"	52	233	41	51	0	0
"PVP01_1445800"	68	776	236	7	0	0
"PVP01_1445900"	70	837	221	39	0	0
"PVP01_1446000"	77	665	177	30	0	0
"PVP01_1446100"	52	291	103	5	0	28
"PVP01_1446200"	36	229	56	15	0	0
"PVP01_1446300"	18	57	14	0	0	36
"PVP01_1446400"	18	80	21	0	0	22
"PVP01_1446500"	29	251	47	0	0	0
"PVP01_1446600"	45	302	67	0	0	0
"PVP01_1446700"	45	281	50	0	0	61
"PVP01_1446800"	45	806	265	12	0	196
"PVP01_1446900"	90	920	137	74	0	0
"PVP01_1447000"	69	828	128	0	0	0
"PVP01_1447100"	17	128	27	7	0	0
"PVP01_1447200"	28	188	37	35	0	8
"PVP01_1447300"	222	2401	244	42	0	39
"PVP01_1447400"	279	3479	528	66	32	53
"PVP01_1447500"	470	2943	624	15	47	38
"PVP01_1447600"	149	1094	181	21	0	0
"PVP01_1447700"	21	151	35	20	29	14
"PVP01_1447800"	4	25	5	0	0	0
"PVP01_1447900"	3	44	8	0	0	0
"PVP01_1448000"	14	272	31	0	0	0
"PVP01_1448100"	5	50	11	52	0	0
"PVP01_1448200"	38	298	60	14	0	0
"PVP01_1448300"	17	159	8	2	0	0
"PVP01_1448400"	81	505	86	1	0	8
"PVP01_1448500"	0	8	4	0	0	0
"PVP01_1448600"	9	54	5	0	0	0
"PVP01_1448700"	18	120	20	33	0	17
"PVP01_1448800"	39	313	48	5	21	66
"PVP01_1448900"	104	854	240	18	0	18
"PVP01_1449000"	31	205	35	0	71	0
"PVP01_1449100"	37	244	36	8	6	0
"PVP01_1449200"	17	58	17	0	0	0
"PVP01_1449300"	40	255	88	0	0	0
"PVP01_1449400"	97	1002	9	0	0	0
"PVP01_1449500"	13	411	6	0	0	0
"PVP01_1449600"	312	3068	155	57	0	106
"PVP01_1449700"	73	310	22	0	0	0
"PVP01_1449800"	148	1084	169	108	7	56
"PVP01_1449900"	83	403	90	31	0	0
"PVP01_1450000"	244	2475	365	2	22	11
"PVP01_1450100"	11	62	9	52	0	0
"PVP01_1450200"	11	81	26	0	0	20
"PVP01_1450300"	287	1509	249	49	0	0
"PVP01_1450400"	159	840	141	108	23	46
"PVP01_1450500"	13	65	16	5	0	0
"PVP01_1450600"	61	376	27	0	0	0
"PVP01_1450700"	29	612	43	0	2	0
"PVP01_1450800"	5	65	8	10	0	24
"PVP01_1450900"	20	134	29	1	0	0
"PVP01_1451000"	12	82	11	0	0	0
"PVP01_1451100"	16	95	21	24	0	1
"PVP01_1451200"	52	411	79	7	0	0
"PVP01_1451250"	0	0	0	0	0	0
"PVP01_1451300"	70	456	82	39	0	26
"PVP01_1451400"	63	309	67	20	6	0
"PVP01_1451500"	36	225	61	0	0	8
"PVP01_1451600"	19	105	19	22	0	36
"PVP01_1451700"	331	2591	392	57	80	151
"PVP01_1451800"	9	36	6	7	0	0
"PVP01_1451900"	8	46	18	0	0	0
"PVP01_1452000"	44	214	69	0	80	21
"PVP01_1452100"	22	145	29	29	0	0
"PVP01_1452200"	81	632	121	0	47	0
"PVP01_1452300"	44	363	69	6	0	0
"PVP01_1452400"	134	943	166	0	0	0
"PVP01_1452500"	5	18	5	0	0	0
"PVP01_1452600"	49	347	68	13	0	0
"PVP01_1452700"	25	171	39	1	0	0
"PVP01_1452800"	4	62	7	0	0	0
"PVP01_1452900"	136	1149	185	58	0	49
"PVP01_1453000"	54	311	97	6	0	43
"PVP01_1453100"	0	5	0	0	0	0
"PVP01_1453200"	404	1771	372	17	30	2
"PVP01_1453300"	23	260	181	0	0	0
"PVP01_1453400"	287	1794	318	102	0	14
"PVP01_1453500"	49	211	70	9	25	27
"PVP01_1453600"	40	311	72	19	0	0
"PVP01_1453700"	252	1319	280	86	0	24
"PVP01_1453800"	165	716	141	129	21	26
"PVP01_1453900"	4	38	16	0	0	0
"PVP01_1454000"	27	191	62	47	0	0
"PVP01_1454100"	50	263	53	0	0	8
"PVP01_1454200"	56	326	90	45	0	74
"PVP01_1454300"	10	65	2	19	0	0
"PVP01_1454400"	155	676	116	87	0	33
"PVP01_1454500"	43	319	55	39	0	0
"PVP01_1454600"	0	2	0	0	0	0
"PVP01_1454700"	0	1	2	0	0	0
"PVP01_1454750"	0	3	0	0	0	0
"PVP01_1454800"	18	94	29	0	0	5
"PVP01_1454900"	70	484	72	73	39	28
"PVP01_1455000"	10	159	61	0	0	0
"PVP01_1455100"	56	304	81	64	0	1
"PVP01_1455200"	62	349	56	45	0	27
"PVP01_1455300"	88	530	104	53	0	4
"PVP01_1455400"	1	11	2	0	0	5
"PVP01_1455500"	249	1312	239	109	0	15
"PVP01_1455600"	77	469	113	72	0	74
"PVP01_1455700"	58	268	62	0	0	22
"PVP01_1455800"	138	846	121	63	111	4
"PVP01_1455900"	11	81	17	0	0	0
"PVP01_1456000"	110	652	126	32	0	25
"PVP01_1456100"	3	15	1	0	35	0
"PVP01_1456200"	102	552	131	60	3	31
"PVP01_1456300"	0	1	0	0	0	0
"PVP01_1456400"	34	289	36	15	0	0
"PVP01_1456500"	34	173	33	0	0	0
"PVP01_1456600"	103	589	125	0	11	0
"PVP01_1456700"	171	1139	28	0	0	0
"PVP01_1456800"	254	1667	283	50	22	8
"PVP01_1456900"	131	673	145	242	93	17
"PVP01_1457000"	730	4438	108	40	0	29
"PVP01_1457100"	123	732	61	170	9	70
"PVP01_1457200"	93	375	88	33	18	0
"PVP01_1457300"	338	1882	523	175	17	136
"PVP01_1457400"	29	128	8	10	0	0
"PVP01_1457500"	2	4	3	0	0	0
"PVP01_1457600"	55	492	59	92	0	5
"PVP01_1457700"	37	204	34	34	0	0
"PVP01_1457800"	227	1659	272	57	44	0
"PVP01_1457900"	784	4685	1107	638	205	137
"PVP01_1458000"	43	375	30	108	0	0
"PVP01_1458100"	32	190	34	0	0	0
"PVP01_1458200"	20	153	34	4	8	0
"PVP01_1458300"	95	658	110	95	27	165
"PVP01_1458400"	43	226	52	80	0	0
"PVP01_1458500"	83	958	155	38	15	39
"PVP01_1458600"	115	838	124	1	0	48
"PVP01_1458700"	150	788	175	29	10	1
"PVP01_1458800"	92	508	109	78	0	7
"PVP01_1458900"	34	176	36	33	0	5
"PVP01_1459000"	89	479	87	11	0	80
"PVP01_1459100"	21	207	32	41	28	37
"PVP01_1459200"	3	35	7	0	0	0
"PVP01_1459300"	35	186	36	4	0	0
"PVP01_1459400"	12	99	17	12	0	27
"PVP01_1459500"	27	126	24	2	28	0
"PVP01_1459600"	104	426	92	31	7	0
"PVP01_1459700"	3	29	7	12	0	0
"PVP01_1459800"	316	1694	369	231	8	52
"PVP01_1459900"	77	443	95	63	4	1
"PVP01_1460000"	7	69	20	0	0	0
"PVP01_1460100"	45	251	58	8	0	21
"PVP01_1460200"	17	84	15	48	0	0
"PVP01_1460300"	46	198	46	16	15	0
"PVP01_1460400"	0	2	0	0	0	0
"PVP01_1460500"	45	345	8	0	0	0
"PVP01_1460600"	74	323	89	10	18	0
"PVP01_1460700"	2622	18052	3309	1026	119	289
"PVP01_1460800"	24	331	93	14	14	9
"PVP01_1460900"	14	126	28	0	0	0
"PVP01_1461000"	106	850	240	1	12	16
"PVP01_1461100"	15	144	27	0	0	0
"PVP01_1461200"	191	1203	239	41	0	9
"PVP01_1461300"	172	921	203	58	0	27
"PVP01_1461400"	34	269	29	73	17	0
"PVP01_1461500"	149	822	124	13	12	75
"PVP01_1461600"	0	4	0	0	0	0
"PVP01_1461700"	194	1218	95	41	5	50
"PVP01_1461800"	81	398	83	0	0	20
"PVP01_1461900"	75	325	85	81	0	13
"PVP01_1462000"	78	551	104	97	3	2
"PVP01_1462100"	10	57	8	0	0	0
"PVP01_1462200"	58	611	102	0	0	90
"PVP01_1462300"	38	127	31	51	0	0
"PVP01_1462400"	18	77	15	22	0	0
"PVP01_1462500"	22	136	21	0	0	0
"PVP01_1462600"	4	57	9	17	0	0
"PVP01_1462700"	10	19	8	0	0	0
"PVP01_1462800"	123	1273	216	28	25	127
"PVP01_1462900"	11	154	21	11	0	0
"PVP01_1463000"	49	339	53	14	63	11
"PVP01_1463100"	191	1052	195	70	1	0
"PVP01_1463200"	3271	28155	3294	276	220	296
"PVP01_1463300"	22	130	21	19	9	0
"PVP01_1463400"	77	362	64	60	8	31
"PVP01_1463500"	941	5862	101	34	0	0
"PVP01_1463600"	16	97	15	29	0	0
"PVP01_1463700"	2	13	3	0	0	0
"PVP01_1463800"	18	91	22	5	0	21
"PVP01_1463900"	45	416	85	72	43	0
"PVP01_1464000"	64	416	65	13	0	0
"PVP01_1464100"	48	277	31	0	0	0
"PVP01_1464200"	5	14	4	0	0	0
"PVP01_1464300"	4	65	3	0	0	11
"PVP01_1464400"	38	254	34	0	0	19
"PVP01_1464500"	157	988	190	77	9	100
"PVP01_1464600"	62	532	169	21	3	18
"PVP01_1464700"	19	243	32	9	0	19
"PVP01_1464800"	34	476	32	23	0	48
"PVP01_1464900"	1	21	0	0	0	0
"PVP01_1465000"	0	0	1	0	0	0
"PVP01_1465100"	4	61	18	37	0	0
"PVP01_1465200"	9	89	16	0	0	0
"PVP01_1465300"	92	706	88	5	10	7
"PVP01_1465400"	39	227	39	8	24	0
"PVP01_1465500"	3	14	2	24	0	0
"PVP01_1465600"	234	2417	381	53	0	3
"PVP01_1465700"	82	315	107	20	37	37
"PVP01_1465800"	323	2886	354	58	49	13
"PVP01_1465900"	4	61	18	0	0	0
"PVP01_1466000"	71	466	116	0	0	0
"PVP01_1466100"	59	258	70	61	0	0
"PVP01_1466200"	47	196	40	31	0	15
"PVP01_1466300"	0	0	0	0	0	0
"PVP01_1466400"	51	432	87	0	0	69
"PVP01_1466500"	31	154	34	0	0	0
"PVP01_1466600"	2	17	2	0	0	0
"PVP01_1466700"	16	170	34	0	0	0
"PVP01_1466800"	395	4869	731	0	115	0
"PVP01_1466900"	167	1218	300	78	0	23
"PVP01_1467000"	25	156	28	0	0	0
"PVP01_1467100"	31	106	23	0	0	0
"PVP01_1467200"	32	216	42	2	16	58
"PVP01_1467300"	110	1006	388	16	38	1
"PVP01_1467400"	91	752	142	35	42	0
"PVP01_1467500"	3	16	6	21	0	0
"PVP01_1467600"	45	411	70	40	0	0
"PVP01_1467700"	60	214	42	4	0	6
"PVP01_1467800"	36	208	37	60	0	1
"PVP01_1467900"	67	635	100	0	0	0
"PVP01_1468000"	15	120	21	34	5	0
"PVP01_1468100"	4	30	9	0	0	0
"PVP01_1468200"	36	209	22	37	0	6
"PVP01_1468300"	0	11	3	0	0	0
"PVP01_1468400"	3	32	6	0	0	0
"PVP01_1468500"	10	54	9	0	0	16
"PVP01_1468600"	61	375	40	7	0	12
"PVP01_1468700"	39	192	28	0	0	14
"PVP01_1468800"	96	586	156	7	26	0
"PVP01_1468900"	45	357	137	29	83	27
"PVP01_1469000"	0	0	0	0	0	0
"PVP01_1469100"	0	0	0	0	0	0
"PVP01_1469200"	344	7454	5052	1	0	2
"PVP01_1469300"	6	24	6	0	0	0
"PVP01_1469400"	1329	11435	45	1	0	5
"PVP01_1469500"	427	7932	1359	1	0	2
"PVP01_1469600"	1	2	0	0	0	0
"PVP01_1469700"	100	1513	79	0	0	0
"PVP01_1469800"	74	958	133	0	0	0
"PVP01_1469900"	2	29	4	0	0	0
"PVP01_1470000"	0	5	0	0	0	0
"PVP01_1470100"	0	0	0	0	0	0
"PVP01_1470200"	0	1	0	0	0	0
"PVP01_1470300"	0	0	0	0	0	0
"PVP01_1470400"	0	0	0	0	0	0
"PVP01_1470500"	0	0	0	0	0	0
"PVP01_1470600"	0	2	0	0	0	0
"PVP01_1470700"	3	1	0	0	0	0
"PVP01_1470800"	0	1	0	0	0	0
"PVP01_1470900"	0	0	0	0	0	0
"PVP01_1471000"	0	0	0	0	0	0
"PVP01_1471100"	19	42	0	0	0	0
"PVP01_1471200"	0	0	0	0	0	0
"PVP01_1471300"	0	0	0	0	0	0
"PVP01_1471400"	1663	10997	25	1	0	1
"PVP01_1471500"	0	0	0	0	0	0
"PVP01_1471600"	0	0	0	0	0	0
"PVP01_1471700"	0	14	0	0	0	0
"PVP01_1471800"	0	2	0	0	0	0
"PVP01_1471900"	9	130	13	0	0	0
"PVP01_1472000"	0	0	0	0	0	0
"PVP01_1472100"	0	4	0	0	0	0
"PVP01_1472200"	0	0	0	0	0	0
"PVP01_1472300"	0	0	0	0	0	0
"PVP01_1472400"	0	0	0	0	0	0
"PVP01_1472500"	1	0	0	0	0	0
"PVP01_1472600"	0	0	0	0	0	0
"PVP01_1472700"	0	0	0	0	0	0
"PVP01_1472800"	0	0	0	0	0	0
"PVP01_1472900"	0	0	0	0	0	0
"PVP01_1473000"	0	0	0	0	0	0
"PVP01_API00100"	0	0	0	0	0	0
"PVP01_API00200"	0	0	0	0	0	0
"PVP01_API00300"	0	0	0	0	0	0
"PVP01_API00400"	0	0	0	0	0	0
"PVP01_API00500"	0	0	0	0	0	0
"PVP01_API00600"	0	0	0	0	0	0
"PVP01_API00700"	0	0	0	0	0	0
"PVP01_API00800"	0	0	0	0	0	0
"PVP01_API00900"	0	0	0	0	0	0
"PVP01_API01000"	0	0	0	0	0	0
"PVP01_API01100"	0	0	0	0	0	0
"PVP01_API01200"	0	0	0	0	0	0
"PVP01_API01300"	0	0	0	0	0	0
"PVP01_API01400"	0	0	0	0	0	0
"PVP01_API01500"	0	0	0	0	0	0
"PVP01_API01600"	0	0	0	0	0	0
"PVP01_API01700"	0	0	0	0	0	0
"PVP01_API01800"	0	0	0	0	0	0
"PVP01_API01900"	0	0	0	0	0	0
"PVP01_API02000"	0	0	0	0	0	0
"PVP01_API02100"	0	0	0	0	0	0
"PVP01_API02200"	0	0	0	0	0	0
"PVP01_API02300"	0	0	0	0	0	0
"PVP01_API02400"	0	0	0	0	0	0
"PVP01_API02500"	0	0	0	0	0	0
"PVP01_API02600"	0	0	0	0	0	0
"PVP01_API02700"	0	0	0	0	0	0
"PVP01_API02800"	0	2	0	0	0	0
"PVP01_API02900"	0	0	0	0	0	0
"PVP01_API03000"	0	0	0	0	0	0
"PVP01_API03100"	0	0	0	0	0	0
"PVP01_API03200"	0	0	0	0	0	0
"PVP01_API03300"	0	0	0	0	0	0
"PVP01_API03400"	0	0	0	0	0	0
"PVP01_API03500"	0	0	0	0	0	0
"PVP01_API03600"	0	0	0	0	0	0
"PVP01_API03700"	0	0	0	0	0	0
"PVP01_API03800"	0	0	0	0	0	0
"PVP01_API03900"	0	0	0	0	0	0
"PVP01_API04000"	0	0	0	0	0	0
"PVP01_API04100"	0	0	0	0	0	0
"PVP01_API04200"	0	0	0	0	0	0
"PVP01_API04300"	0	0	0	0	0	0
"PVP01_API04400"	0	0	0	0	0	0
"PVP01_API04500"	0	0	0	0	0	0
"PVP01_API04600"	0	0	0	0	0	0
"PVP01_API04700"	0	0	0	0	0	0
"PVP01_API04800"	3	22	3	0	0	0
"PVP01_API04900"	0	0	0	0	0	0
"PVP01_API05000"	0	0	0	0	0	0
"PVP01_API05100"	0	0	0	0	0	0
"PVP01_API05200"	0	0	0	0	0	0
"PVP01_API05300"	0	0	0	0	0	0
"PVP01_API05400"	0	0	0	0	0	0
"PVP01_API05500"	0	7	0	0	0	0
"PVP01_MIT00100"	11	35	12	0	0	0
"PVP01_MIT00200"	0	0	0	0	0	0
"PVP01_MIT00300"	0	0	0	0	0	0
"PVP01_MIT00400"	0	0	0	0	0	0
"PVP01_MIT00500"	133	561	174	95	17	40
"PVP01_MIT00600"	7	20	12	0	0	0
"PVP01_MIT00700"	0	0	0	0	0	0
"PVP01_MIT00800"	0	0	0	0	0	0
"PVP01_MIT00900"	0	0	0	0	0	0
"PVP01_MIT01000"	0	0	0	0	0	0
"PVP01_MIT01100"	0	0	0	0	0	0
"PVP01_MIT01200"	618	3222	895	168	0	54
"PVP01_MIT01300"	4	23	6	0	0	0
"PVP01_MIT01400"	8	40	2	0	0	0
"PVP01_MIT01500"	0	0	0	0	0	0
"PVP01_MIT01600"	0	0	0	0	0	0
"PVP01_MIT01700"	0	0	0	0	0	0
"PVP01_MIT01800"	0	0	0	0	0	0
"PVP01_MIT01900"	0	0	0	0	0	0
"PVP01_MIT02000"	0	0	0	0	0	0
"PVP01_MIT02100"	0	0	0	0	0	0
"PVP01_MIT02200"	1	0	1	0	0	0
"PVP01_MIT02300"	1	3	2	0	0	0
"PVP01_MIT02400"	25	79	15	1	0	0
"PVP01_MIT02500"	0	0	0	0	0	0
"PVP01_MIT02600"	44	128	26	28	0	0
"PVP01_MIT02700"	74	403	78	26	0	121
"PVP01_MIT02800"	0	0	0	0	0	0
"PVP01_MIT02900"	0	0	0	0	0	0
"PVP01_MIT03000"	0	1	0	0	0	0
"PVP01_MIT03100"	0	0	0	0	0	0
"PVP01_MIT03200"	5	14	0	0	0	0
"PVP01_MIT03300"	1302	9689	1443	982	202	231
"PVP01_MIT03400"	2634	16573	2739	814	237	378
"PVP01_MIT03500"	0	0	0	0	0	0
