"Gene","Position","Motif","Region"
"PVP01_0000170",837,"UGUAAAAUA","3' UTR"
"PVP01_0001430",391,"UGUAAAAUA","3' UTR"
"PVP01_0105600",264,"UGUAAAAUA","3' UTR"
"PVP01_0216700",242,"UGUAAAAUA","3' UTR"
"PVP01_0217100",81,"UGUAAAAUA","3' UTR"
"PVP01_0301500",39,"UGUAAAAUA","3' UTR"
"PVP01_0405300",301,"UGUAAAAUA","3' UTR"
"PVP01_0508900",872,"UGUAAAAUA","3' UTR"
"PVP01_0517500",75,"UGUAAAAUA","3' UTR"
"PVP01_0520900",299,"UGUAAAAUA","3' UTR"
"PVP01_0523000",501,"UGUAAAAUA","3' UTR"
"PVP01_0532300",485,"UGUAAAAUA","3' UTR"
"PVP01_0619000",149,"UGUAAAAUA","3' UTR"
"PVP01_0621600",3045,"UGUAAAAUA","3' UTR"
"PVP01_0718300",419,"UGUAAAAUA","3' UTR"
"PVP01_0804200",328,"UGUAAAAUA","3' UTR"
"PVP01_0834500",767,"UGUAAAAUA","3' UTR"
"PVP01_0837700",869,"UGUAAAAUA","3' UTR"
"PVP01_0908100",1149,"UGUAAAAUA","3' UTR"
"PVP01_0922000",1179,"UGUAAAAUA","3' UTR"
"PVP01_0923400",498,"UGUAAAAUA","3' UTR"
"PVP01_0949000",267,"UGUAAAAUA","3' UTR"
"PVP01_1004000",91,"UGUAAAAUA","3' UTR"
"PVP01_1008400",460,"UGUAAAAUA","3' UTR"
"PVP01_1015900",208,"UGUAAAAUA","3' UTR"
"PVP01_1101700",884,"UGUAAAAUA","3' UTR"
"PVP01_1109600",920,"UGUAAAAUA","3' UTR"
"PVP01_1142900",3246,"UGUAAAAUA","3' UTR"
"PVP01_1146200",52,"UGUAAAAUA","3' UTR"
"PVP01_1146900",616,"UGUAAAAUA","3' UTR"
"PVP01_1210000",679,"UGUAAAAUA","3' UTR"
"PVP01_1211600",651,"UGUAAAAUA","3' UTR"
"PVP01_1215100",1599,"UGUAAAAUA","3' UTR"
"PVP01_1218900",326,"UGUAAAAUA","3' UTR"
"PVP01_1219400",421,"UGUAAAAUA","3' UTR"
"PVP01_1229000",346,"UGUAAAAUA","3' UTR"
"PVP01_1245100",801,"UGUAAAAUA","3' UTR"
"PVP01_1258900",2036,"UGUAAAAUA","3' UTR"
"PVP01_1261600",675,"UGUAAAAUA","3' UTR"
"PVP01_1270200",455,"UGUAAAAUA","3' UTR"
"PVP01_1314900",315,"UGUAAAAUA","3' UTR"
"PVP01_1323800",379,"UGUAAAAUA","3' UTR"
"PVP01_1334500",34,"UGUAAAAUA","3' UTR"
"PVP01_1340500",348,"UGUAAAAUA","3' UTR"
"PVP01_1412100",555,"UGUAAAAUA","3' UTR"
"PVP01_1421900",403,"UGUAAAAUA","3' UTR"
"PVP01_1426200",532,"UGUAAAAUA","3' UTR"
"PVP01_1429000",816,"UGUAAAAUA","3' UTR"
"PVP01_1437000",422,"UGUAAAAUA","3' UTR"
"PVP01_1451200",499,"UGUAAAAUA","3' UTR"
"PVP01_0000430",409,"UGUAAAAUA","3' UTR"
"PVP01_0000920",465,"UGUAAAAUA","3' UTR"
"PVP01_0001020",499,"UGUAAAAUA","3' UTR"
"PVP01_0001210",420,"UGUAAAAUA","3' UTR"
"PVP01_0001630",150,"UGUAAAAUA","3' UTR"
"PVP01_0001840",161,"UGUAAAAUA","3' UTR"
"PVP01_0001920",478,"UGUAAAAUA","3' UTR"
"PVP01_0001940",30,"UGUAAAAUA","3' UTR"
"PVP01_0002140",141,"UGUAAAAUA","3' UTR"
"PVP01_0002160",220,"UGUAAAAUA","3' UTR"
"PVP01_0002180",251,"UGUAAAAUA","3' UTR"
"PVP01_0002360",207,"UGUAAAAUA","3' UTR"
"PVP01_0002420",437,"UGUAAAAUA","3' UTR"
"PVP01_0002600",465,"UGUAAAAUA","3' UTR"
"PVP01_0002710",318,"UGUAAAAUA","3' UTR"
"PVP01_0002760",647,"UGUAAAAUA","3' UTR"
"PVP01_0002960",616,"UGUAAAAUA","3' UTR"
"PVP01_0003000",110,"UGUAAAAUA","3' UTR"
"PVP01_0003000",438,"UGUAAAAUA","3' UTR"
"PVP01_0003080",127,"UGUAAAAUA","3' UTR"
"PVP01_0003090",427,"UGUAAAAUA","3' UTR"
"PVP01_0003290",571,"UGUAAAAUA","3' UTR"
"PVP01_0003550",180,"UGUAAAAUA","3' UTR"
"PVP01_0003650",423,"UGUAAAAUA","3' UTR"
"PVP01_0003720",430,"UGUAAAAUA","3' UTR"
"PVP01_0004200",586,"UGUAAAAUA","3' UTR"
"PVP01_0004680",169,"UGUAAAAUA","3' UTR"
"PVP01_0004690",135,"UGUAAAAUA","3' UTR"
"PVP01_0004980",106,"UGUAAAAUA","3' UTR"
"PVP01_0005120",606,"UGUAAAAUA","3' UTR"
"PVP01_0005170",196,"UGUAAAAUA","3' UTR"
"PVP01_0005250",597,"UGUAAAAUA","3' UTR"
"PVP01_0005280",218,"UGUAAAAUA","3' UTR"
"PVP01_0005310",110,"UGUAAAAUA","3' UTR"
"PVP01_0005720",281,"UGUAAAAUA","3' UTR"
"PVP01_0005900",432,"UGUAAAAUA","3' UTR"
"PVP01_0006020",163,"UGUAAAAUA","3' UTR"
"PVP01_0006050",418,"UGUAAAAUA","3' UTR"
"PVP01_0006120",91,"UGUAAAAUA","3' UTR"
"PVP01_0006170",107,"UGUAAAAUA","3' UTR"
"PVP01_0006420",480,"UGUAAAAUA","3' UTR"
"PVP01_0006930",320,"UGUAAAAUA","3' UTR"
"PVP01_0007070",101,"UGUAAAAUA","3' UTR"
"PVP01_0007150",434,"UGUAAAAUA","3' UTR"
"PVP01_0007260",595,"UGUAAAAUA","3' UTR"
"PVP01_0007440",430,"UGUAAAAUA","3' UTR"
"PVP01_0007480",136,"UGUAAAAUA","3' UTR"
"PVP01_0007610",422,"UGUAAAAUA","3' UTR"
"PVP01_0007970",647,"UGUAAAAUA","3' UTR"
"PVP01_0008080",100,"UGUAAAAUA","3' UTR"
"PVP01_0008130",567,"UGUAAAAUA","3' UTR"
"PVP01_0008150",107,"UGUAAAAUA","3' UTR"
"PVP01_0008180",167,"UGUAAAAUA","3' UTR"
"PVP01_0008180",492,"UGUAAAAUA","3' UTR"
"PVP01_0008200",504,"UGUAAAAUA","3' UTR"
"PVP01_0008210",141,"UGUAAAAUA","3' UTR"
"PVP01_0008420",475,"UGUAAAAUA","3' UTR"
"PVP01_0008430",316,"UGUAAAAUA","3' UTR"
"PVP01_0008460",21,"UGUAAAAUA","3' UTR"
"PVP01_0008460",307,"UGUAAAAUA","3' UTR"
"PVP01_0008780",348,"UGUAAAAUA","3' UTR"
"PVP01_0008800",107,"UGUAAAAUA","3' UTR"
"PVP01_0009040",320,"UGUAAAAUA","3' UTR"
"PVP01_0009230",105,"UGUAAAAUA","3' UTR"
"PVP01_0009240",600,"UGUAAAAUA","3' UTR"
"PVP01_0009370",163,"UGUAAAAUA","3' UTR"
"PVP01_0009570",234,"UGUAAAAUA","3' UTR"
"PVP01_0009570",356,"UGUAAAAUA","3' UTR"
"PVP01_0009720",601,"UGUAAAAUA","3' UTR"
"PVP01_0009730",646,"UGUAAAAUA","3' UTR"
"PVP01_0010740",584,"UGUAAAAUA","3' UTR"
"PVP01_0011070",469,"UGUAAAAUA","3' UTR"
"PVP01_0011100",12,"UGUAAAAUA","3' UTR"
"PVP01_0011130",114,"UGUAAAAUA","3' UTR"
"PVP01_0100300",481,"UGUAAAAUA","3' UTR"
"PVP01_0100600",292,"UGUAAAAUA","3' UTR"
"PVP01_0101300",264,"UGUAAAAUA","3' UTR"
"PVP01_0101600",148,"UGUAAAAUA","3' UTR"
"PVP01_0120700",142,"UGUAAAAUA","3' UTR"
"PVP01_0120700",523,"UGUAAAAUA","3' UTR"
"PVP01_0120800",542,"UGUAAAAUA","3' UTR"
"PVP01_0120800",625,"UGUAAAAUA","3' UTR"
"PVP01_0200400",443,"UGUAAAAUA","3' UTR"
"PVP01_0217700",240,"UGUAAAAUA","3' UTR"
"PVP01_0217900",102,"UGUAAAAUA","3' UTR"
"PVP01_0218000",385,"UGUAAAAUA","3' UTR"
"PVP01_0220300",107,"UGUAAAAUA","3' UTR"
"PVP01_0402400",431,"UGUAAAAUA","3' UTR"
"PVP01_0403600",513,"UGUAAAAUA","3' UTR"
"PVP01_0403900",344,"UGUAAAAUA","3' UTR"
"PVP01_0502500",252,"UGUAAAAUA","3' UTR"
"PVP01_0533900",527,"UGUAAAAUA","3' UTR"
"PVP01_0534300",8,"UGUAAAAUA","3' UTR"
"PVP01_0736900",320,"UGUAAAAUA","3' UTR"
"PVP01_0737400",108,"UGUAAAAUA","3' UTR"
"PVP01_0738000",575,"UGUAAAAUA","3' UTR"
"PVP01_0738300",306,"UGUAAAAUA","3' UTR"
"PVP01_0738700",462,"UGUAAAAUA","3' UTR"
"PVP01_0817800",483,"UGUAAAAUA","3' UTR"
"PVP01_0838600",616,"UGUAAAAUA","3' UTR"
"PVP01_0838700",440,"UGUAAAAUA","3' UTR"
"PVP01_0839400",322,"UGUAAAAUA","3' UTR"
"PVP01_0900500",108,"UGUAAAAUA","3' UTR"
"PVP01_0901700",527,"UGUAAAAUA","3' UTR"
"PVP01_0902000",134,"UGUAAAAUA","3' UTR"
"PVP01_0903300",187,"UGUAAAAUA","3' UTR"
"PVP01_0903400",180,"UGUAAAAUA","3' UTR"
"PVP01_0949800",152,"UGUAAAAUA","3' UTR"
"PVP01_1035100",519,"UGUAAAAUA","3' UTR"
"PVP01_1035600",100,"UGUAAAAUA","3' UTR"
"PVP01_1036000",602,"UGUAAAAUA","3' UTR"
"PVP01_1111600",375,"UGUAAAAUA","3' UTR"
"PVP01_1114400",472,"UGUAAAAUA","3' UTR"
"PVP01_1148200",239,"UGUAAAAUA","3' UTR"
"PVP01_1200900",173,"UGUAAAAUA","3' UTR"
"PVP01_1270700",399,"UGUAAAAUA","3' UTR"
"PVP01_1273300",78,"UGUAAAAUA","3' UTR"
"PVP01_1273600",349,"UGUAAAAUA","3' UTR"
"PVP01_1273700",632,"UGUAAAAUA","3' UTR"
"PVP01_1273800",164,"UGUAAAAUA","3' UTR"
"PVP01_1274600",98,"UGUAAAAUA","3' UTR"
"PVP01_1347200",388,"UGUAAAAUA","3' UTR"
"PVP01_1401000",594,"UGUAAAAUA","3' UTR"
"PVP01_1417800",164,"UGUAAAAUA","3' UTR"
"PVP01_1422400",354,"UGUAAAAUA","3' UTR"
"PVP01_1438700",318,"UGUAAAAUA","3' UTR"
"PVP01_1472600",174,"UGUAAAAUA","3' UTR"
"PVP01_API00200",504,"UGUAAAAUA","3' UTR"
"PVP01_API01200",118,"UGUAAAAUA","3' UTR"
"PVP01_0000200",450,"UGUAAAAUA","5' UTR"
"PVP01_0001430",422,"UGUAAAAUA","5' UTR"
"PVP01_0106700",1043,"UGUAAAAUA","5' UTR"
"PVP01_0106700",4178,"UGUAAAAUA","5' UTR"
"PVP01_0106800",2531,"UGUAAAAUA","5' UTR"
"PVP01_0119200",376,"UGUAAAAUA","5' UTR"
"PVP01_0119500",753,"UGUAAAAUA","5' UTR"
"PVP01_0211800",696,"UGUAAAAUA","5' UTR"
"PVP01_0213200",452,"UGUAAAAUA","5' UTR"
"PVP01_0309600",323,"UGUAAAAUA","5' UTR"
"PVP01_0310000",1111,"UGUAAAAUA","5' UTR"
"PVP01_0409300",1332,"UGUAAAAUA","5' UTR"
"PVP01_0411600",201,"UGUAAAAUA","5' UTR"
"PVP01_0417500",375,"UGUAAAAUA","5' UTR"
"PVP01_0508000",1104,"UGUAAAAUA","5' UTR"
"PVP01_0516800",870,"UGUAAAAUA","5' UTR"
"PVP01_0526600",1535,"UGUAAAAUA","5' UTR"
"PVP01_0601200",1638,"UGUAAAAUA","5' UTR"
"PVP01_0601200",1725,"UGUAAAAUA","5' UTR"
"PVP01_0601200",1747,"UGUAAAAUA","5' UTR"
"PVP01_0601200",1769,"UGUAAAAUA","5' UTR"
"PVP01_0613800",1496,"UGUAAAAUA","5' UTR"
"PVP01_0702000",181,"UGUAAAAUA","5' UTR"
"PVP01_0702100",523,"UGUAAAAUA","5' UTR"
"PVP01_0709100",758,"UGUAAAAUA","5' UTR"
"PVP01_0718300",1182,"UGUAAAAUA","5' UTR"
"PVP01_0727700",321,"UGUAAAAUA","5' UTR"
"PVP01_0806500",1034,"UGUAAAAUA","5' UTR"
"PVP01_0807100",419,"UGUAAAAUA","5' UTR"
"PVP01_0814900",40,"UGUAAAAUA","5' UTR"
"PVP01_0821300",750,"UGUAAAAUA","5' UTR"
"PVP01_0942800",521,"UGUAAAAUA","5' UTR"
"PVP01_0949500",374,"UGUAAAAUA","5' UTR"
"PVP01_1009900",1643,"UGUAAAAUA","5' UTR"
"PVP01_1016300",1526,"UGUAAAAUA","5' UTR"
"PVP01_1018500",1181,"UGUAAAAUA","5' UTR"
"PVP01_1023000",686,"UGUAAAAUA","5' UTR"
"PVP01_1023900",2166,"UGUAAAAUA","5' UTR"
"PVP01_1033800",591,"UGUAAAAUA","5' UTR"
"PVP01_1104500",16,"UGUAAAAUA","5' UTR"
"PVP01_1112500",236,"UGUAAAAUA","5' UTR"
"PVP01_1121300",1785,"UGUAAAAUA","5' UTR"
"PVP01_1121400",647,"UGUAAAAUA","5' UTR"
"PVP01_1137900",331,"UGUAAAAUA","5' UTR"
"PVP01_1207700",1197,"UGUAAAAUA","5' UTR"
"PVP01_1210500",1077,"UGUAAAAUA","5' UTR"
"PVP01_1210500",3530,"UGUAAAAUA","5' UTR"
"PVP01_1224800",1287,"UGUAAAAUA","5' UTR"
"PVP01_1233600",1411,"UGUAAAAUA","5' UTR"
"PVP01_1244400",2942,"UGUAAAAUA","5' UTR"
"PVP01_1249000",1793,"UGUAAAAUA","5' UTR"
"PVP01_1261500",664,"UGUAAAAUA","5' UTR"
"PVP01_1263000",7,"UGUAAAAUA","5' UTR"
"PVP01_1267500",211,"UGUAAAAUA","5' UTR"
"PVP01_1301800",1379,"UGUAAAAUA","5' UTR"
"PVP01_1302200",387,"UGUAAAAUA","5' UTR"
"PVP01_1308200",231,"UGUAAAAUA","5' UTR"
"PVP01_1321800",124,"UGUAAAAUA","5' UTR"
"PVP01_1329900",532,"UGUAAAAUA","5' UTR"
"PVP01_1335700",999,"UGUAAAAUA","5' UTR"
"PVP01_1338300",270,"UGUAAAAUA","5' UTR"
"PVP01_1346800",449,"UGUAAAAUA","5' UTR"
"PVP01_1406800",628,"UGUAAAAUA","5' UTR"
"PVP01_1413800",826,"UGUAAAAUA","5' UTR"
"PVP01_1413800",2081,"UGUAAAAUA","5' UTR"
"PVP01_1417200",450,"UGUAAAAUA","5' UTR"
"PVP01_1427000",910,"UGUAAAAUA","5' UTR"
"PVP01_1429700",1320,"UGUAAAAUA","5' UTR"
"PVP01_1430000",2164,"UGUAAAAUA","5' UTR"
"PVP01_1430000",2336,"UGUAAAAUA","5' UTR"
"PVP01_1438900",318,"UGUAAAAUA","5' UTR"
"PVP01_1440500",575,"UGUAAAAUA","5' UTR"
"PVP01_1461300",991,"UGUAAAAUA","5' UTR"
"PVP01_1467200",1813,"UGUAAAAUA","5' UTR"
"PVP01_1471700",181,"UGUAAAAUA","5' UTR"
"PVP01_0000310",255,"UGUAAAAUA","5' UTR"
"PVP01_0000630",686,"UGUAAAAUA","5' UTR"
"PVP01_0001110",12,"UGUAAAAUA","5' UTR"
"PVP01_0001140",50,"UGUAAAAUA","5' UTR"
"PVP01_0001240",139,"UGUAAAAUA","5' UTR"
"PVP01_0001350",114,"UGUAAAAUA","5' UTR"
"PVP01_0001530",775,"UGUAAAAUA","5' UTR"
"PVP01_0001600",3,"UGUAAAAUA","5' UTR"
"PVP01_0001920",761,"UGUAAAAUA","5' UTR"
"PVP01_0002130",332,"UGUAAAAUA","5' UTR"
"PVP01_0002130",526,"UGUAAAAUA","5' UTR"
"PVP01_0002530",290,"UGUAAAAUA","5' UTR"
"PVP01_0002660",550,"UGUAAAAUA","5' UTR"
"PVP01_0003040",596,"UGUAAAAUA","5' UTR"
"PVP01_0003160",42,"UGUAAAAUA","5' UTR"
"PVP01_0003340",25,"UGUAAAAUA","5' UTR"
"PVP01_0003550",36,"UGUAAAAUA","5' UTR"
"PVP01_0003680",596,"UGUAAAAUA","5' UTR"
"PVP01_0003700",535,"UGUAAAAUA","5' UTR"
"PVP01_0004180",612,"UGUAAAAUA","5' UTR"
"PVP01_0004370",603,"UGUAAAAUA","5' UTR"
"PVP01_0004560",522,"UGUAAAAUA","5' UTR"
"PVP01_0005010",346,"UGUAAAAUA","5' UTR"
"PVP01_0005090",516,"UGUAAAAUA","5' UTR"
"PVP01_0005180",180,"UGUAAAAUA","5' UTR"
"PVP01_0005180",641,"UGUAAAAUA","5' UTR"
"PVP01_0005200",266,"UGUAAAAUA","5' UTR"
"PVP01_0005270",350,"UGUAAAAUA","5' UTR"
"PVP01_0005320",357,"UGUAAAAUA","5' UTR"
"PVP01_0005720",504,"UGUAAAAUA","5' UTR"
"PVP01_0005730",233,"UGUAAAAUA","5' UTR"
"PVP01_0005880",786,"UGUAAAAUA","5' UTR"
"PVP01_0005960",583,"UGUAAAAUA","5' UTR"
"PVP01_0005980",677,"UGUAAAAUA","5' UTR"
"PVP01_0006020",90,"UGUAAAAUA","5' UTR"
"PVP01_0006080",206,"UGUAAAAUA","5' UTR"
"PVP01_0006120",635,"UGUAAAAUA","5' UTR"
"PVP01_0006680",515,"UGUAAAAUA","5' UTR"
"PVP01_0006890",399,"UGUAAAAUA","5' UTR"
"PVP01_0007040",275,"UGUAAAAUA","5' UTR"
"PVP01_0007300",313,"UGUAAAAUA","5' UTR"
"PVP01_0007370",333,"UGUAAAAUA","5' UTR"
"PVP01_0007490",401,"UGUAAAAUA","5' UTR"
"PVP01_0007560",386,"UGUAAAAUA","5' UTR"
"PVP01_0007800",160,"UGUAAAAUA","5' UTR"
"PVP01_0007830",485,"UGUAAAAUA","5' UTR"
"PVP01_0007880",334,"UGUAAAAUA","5' UTR"
"PVP01_0007920",118,"UGUAAAAUA","5' UTR"
"PVP01_0007920",274,"UGUAAAAUA","5' UTR"
"PVP01_0008310",421,"UGUAAAAUA","5' UTR"
"PVP01_0008370",516,"UGUAAAAUA","5' UTR"
"PVP01_0008530",138,"UGUAAAAUA","5' UTR"
"PVP01_0008640",560,"UGUAAAAUA","5' UTR"
"PVP01_0008740",120,"UGUAAAAUA","5' UTR"
"PVP01_0008780",348,"UGUAAAAUA","5' UTR"
"PVP01_0008890",167,"UGUAAAAUA","5' UTR"
"PVP01_0009000",357,"UGUAAAAUA","5' UTR"
"PVP01_0009010",357,"UGUAAAAUA","5' UTR"
"PVP01_0009020",256,"UGUAAAAUA","5' UTR"
"PVP01_0009020",505,"UGUAAAAUA","5' UTR"
"PVP01_0009550",264,"UGUAAAAUA","5' UTR"
"PVP01_0009640",94,"UGUAAAAUA","5' UTR"
"PVP01_0009710",245,"UGUAAAAUA","5' UTR"
"PVP01_0010160",270,"UGUAAAAUA","5' UTR"
"PVP01_0010420",331,"UGUAAAAUA","5' UTR"
"PVP01_0010440",184,"UGUAAAAUA","5' UTR"
"PVP01_0010530",116,"UGUAAAAUA","5' UTR"
"PVP01_0010830",55,"UGUAAAAUA","5' UTR"
"PVP01_0011060",467,"UGUAAAAUA","5' UTR"
"PVP01_0011090",705,"UGUAAAAUA","5' UTR"
"PVP01_0120200",753,"UGUAAAAUA","5' UTR"
"PVP01_0201800",103,"UGUAAAAUA","5' UTR"
"PVP01_0203100",646,"UGUAAAAUA","5' UTR"
"PVP01_0217500",51,"UGUAAAAUA","5' UTR"
"PVP01_0300600",123,"UGUAAAAUA","5' UTR"
"PVP01_0300900",539,"UGUAAAAUA","5' UTR"
"PVP01_0301400",479,"UGUAAAAUA","5' UTR"
"PVP01_0301700",242,"UGUAAAAUA","5' UTR"
"PVP01_0400500",503,"UGUAAAAUA","5' UTR"
"PVP01_0401000",675,"UGUAAAAUA","5' UTR"
"PVP01_0401100",517,"UGUAAAAUA","5' UTR"
"PVP01_0402900",535,"UGUAAAAUA","5' UTR"
"PVP01_0403100",696,"UGUAAAAUA","5' UTR"
"PVP01_0403500",288,"UGUAAAAUA","5' UTR"
"PVP01_0424400",515,"UGUAAAAUA","5' UTR"
"PVP01_0533900",529,"UGUAAAAUA","5' UTR"
"PVP01_0534700",102,"UGUAAAAUA","5' UTR"
"PVP01_0600400",314,"UGUAAAAUA","5' UTR"
"PVP01_0623200",81,"UGUAAAAUA","5' UTR"
"PVP01_0624100",24,"UGUAAAAUA","5' UTR"
"PVP01_0624200",498,"UGUAAAAUA","5' UTR"
"PVP01_0737400",191,"UGUAAAAUA","5' UTR"
"PVP01_0838700",509,"UGUAAAAUA","5' UTR"
"PVP01_0838900",509,"UGUAAAAUA","5' UTR"
"PVP01_0901900",449,"UGUAAAAUA","5' UTR"
"PVP01_0903400",167,"UGUAAAAUA","5' UTR"
"PVP01_0907400",424,"UGUAAAAUA","5' UTR"
"PVP01_0949600",177,"UGUAAAAUA","5' UTR"
"PVP01_0950100",83,"UGUAAAAUA","5' UTR"
"PVP01_1000700",21,"UGUAAAAUA","5' UTR"
"PVP01_1001800",271,"UGUAAAAUA","5' UTR"
"PVP01_1010200",88,"UGUAAAAUA","5' UTR"
"PVP01_1015800",118,"UGUAAAAUA","5' UTR"
"PVP01_1034600",596,"UGUAAAAUA","5' UTR"
"PVP01_1114300",529,"UGUAAAAUA","5' UTR"
"PVP01_1122100",595,"UGUAAAAUA","5' UTR"
"PVP01_1140900",694,"UGUAAAAUA","5' UTR"
"PVP01_1148300",44,"UGUAAAAUA","5' UTR"
"PVP01_1148900",309,"UGUAAAAUA","5' UTR"
"PVP01_1200600",348,"UGUAAAAUA","5' UTR"
"PVP01_1226500",321,"UGUAAAAUA","5' UTR"
"PVP01_1227100",480,"UGUAAAAUA","5' UTR"
"PVP01_1271700",651,"UGUAAAAUA","5' UTR"
"PVP01_1271900",280,"UGUAAAAUA","5' UTR"
"PVP01_1274900",339,"UGUAAAAUA","5' UTR"
"PVP01_1300200",52,"UGUAAAAUA","5' UTR"
"PVP01_1345500",774,"UGUAAAAUA","5' UTR"
"PVP01_1401500",246,"UGUAAAAUA","5' UTR"
"PVP01_1438800",526,"UGUAAAAUA","5' UTR"
"PVP01_1451100",639,"UGUAAAAUA","5' UTR"
"PVP01_1468000",300,"UGUAAAAUA","5' UTR"
"PVP01_1472600",14,"UGUAAAAUA","5' UTR"
"PVP01_API01200",257,"UGUAAAAUA","5' UTR"
"PVP01_API01300",715,"UGUAAAAUA","5' UTR"
"PVP01_API01400",494,"UGUAAAAUA","5' UTR"
"PVP01_API01400",698,"UGUAAAAUA","5' UTR"
"PVP01_API04500",158,"UGUAAAAUA","5' UTR"
"PVP01_MIT03300",36,"UGUAAAAUA","5' UTR"
"PVP01_0000220",1008,"UGUAAAAUA","CDS"
"PVP01_0000810",379,"UGUAAAAUA","CDS"
"PVP01_0001620",777,"UGUAAAAUA","CDS"
"PVP01_0001630",166,"UGUAAAAUA","CDS"
"PVP01_0002090",720,"UGUAAAAUA","CDS"
"PVP01_0002200",1329,"UGUAAAAUA","CDS"
"PVP01_0003330",127,"UGUAAAAUA","CDS"
"PVP01_0003670",174,"UGUAAAAUA","CDS"
"PVP01_0003840",124,"UGUAAAAUA","CDS"
"PVP01_0003840",888,"UGUAAAAUA","CDS"
"PVP01_0004160",123,"UGUAAAAUA","CDS"
"PVP01_0004190",282,"UGUAAAAUA","CDS"
"PVP01_0004400",240,"UGUAAAAUA","CDS"
"PVP01_0004670",198,"UGUAAAAUA","CDS"
"PVP01_0004690",550,"UGUAAAAUA","CDS"
"PVP01_0004850",786,"UGUAAAAUA","CDS"
"PVP01_0004870",681,"UGUAAAAUA","CDS"
"PVP01_0004980",663,"UGUAAAAUA","CDS"
"PVP01_0005440",768,"UGUAAAAUA","CDS"
"PVP01_0005610",711,"UGUAAAAUA","CDS"
"PVP01_0005710",2047,"UGUAAAAUA","CDS"
"PVP01_0005780",867,"UGUAAAAUA","CDS"
"PVP01_0006010",192,"UGUAAAAUA","CDS"
"PVP01_0006160",663,"UGUAAAAUA","CDS"
"PVP01_0006790",606,"UGUAAAAUA","CDS"
"PVP01_0006900",1021,"UGUAAAAUA","CDS"
"PVP01_0007140",156,"UGUAAAAUA","CDS"
"PVP01_0007840",666,"UGUAAAAUA","CDS"
"PVP01_0007840",840,"UGUAAAAUA","CDS"
"PVP01_0007840",1317,"UGUAAAAUA","CDS"
"PVP01_0007990",621,"UGUAAAAUA","CDS"
"PVP01_0008400",174,"UGUAAAAUA","CDS"
"PVP01_0008450",532,"UGUAAAAUA","CDS"
"PVP01_0008550",156,"UGUAAAAUA","CDS"
"PVP01_0008800",732,"UGUAAAAUA","CDS"
"PVP01_0009070",112,"UGUAAAAUA","CDS"
"PVP01_0009140",771,"UGUAAAAUA","CDS"
"PVP01_0009760",174,"UGUAAAAUA","CDS"
"PVP01_0009810",130,"UGUAAAAUA","CDS"
"PVP01_0009810",1441,"UGUAAAAUA","CDS"
"PVP01_0010010",415,"UGUAAAAUA","CDS"
"PVP01_0010190",231,"UGUAAAAUA","CDS"
"PVP01_0010390",588,"UGUAAAAUA","CDS"
"PVP01_0011070",178,"UGUAAAAUA","CDS"
"PVP01_0100500",550,"UGUAAAAUA","CDS"
"PVP01_0104100",4104,"UGUAAAAUA","CDS"
"PVP01_0104800",1119,"UGUAAAAUA","CDS"
"PVP01_0106300",943,"UGUAAAAUA","CDS"
"PVP01_0122200",97,"UGUAAAAUA","CDS"
"PVP01_0200400",292,"UGUAAAAUA","CDS"
"PVP01_0202300",357,"UGUAAAAUA","CDS"
"PVP01_0212100",3267,"UGUAAAAUA","CDS"
"PVP01_0220300",942,"UGUAAAAUA","CDS"
"PVP01_0221000",54,"UGUAAAAUA","CDS"
"PVP01_0301800",558,"UGUAAAAUA","CDS"
"PVP01_0401600",681,"UGUAAAAUA","CDS"
"PVP01_0407800",1822,"UGUAAAAUA","CDS"
"PVP01_0420500",1254,"UGUAAAAUA","CDS"
"PVP01_0501600",792,"UGUAAAAUA","CDS"
"PVP01_0505000",726,"UGUAAAAUA","CDS"
"PVP01_0509400",670,"UGUAAAAUA","CDS"
"PVP01_0512300",795,"UGUAAAAUA","CDS"
"PVP01_0524700",430,"UGUAAAAUA","CDS"
"PVP01_0528100",192,"UGUAAAAUA","CDS"
"PVP01_0623800",1129,"UGUAAAAUA","CDS"
"PVP01_0700300",1179,"UGUAAAAUA","CDS"
"PVP01_0707500",2356,"UGUAAAAUA","CDS"
"PVP01_0708200",250,"UGUAAAAUA","CDS"
"PVP01_0709300",411,"UGUAAAAUA","CDS"
"PVP01_0720700",624,"UGUAAAAUA","CDS"
"PVP01_0720900",310,"UGUAAAAUA","CDS"
"PVP01_0737400",750,"UGUAAAAUA","CDS"
"PVP01_0739100",762,"UGUAAAAUA","CDS"
"PVP01_0800700",5034,"UGUAAAAUA","CDS"
"PVP01_0809500",24,"UGUAAAAUA","CDS"
"PVP01_0811000",322,"UGUAAAAUA","CDS"
"PVP01_0830300",3981,"UGUAAAAUA","CDS"
"PVP01_0922400",4287,"UGUAAAAUA","CDS"
"PVP01_0929600",543,"UGUAAAAUA","CDS"
"PVP01_0932700",1870,"UGUAAAAUA","CDS"
"PVP01_0933200",472,"UGUAAAAUA","CDS"
"PVP01_0934400",1590,"UGUAAAAUA","CDS"
"PVP01_0936900",7407,"UGUAAAAUA","CDS"
"PVP01_1002600",343,"UGUAAAAUA","CDS"
"PVP01_1032400",844,"UGUAAAAUA","CDS"
"PVP01_1033300",243,"UGUAAAAUA","CDS"
"PVP01_1107400",1149,"UGUAAAAUA","CDS"
"PVP01_1118200",586,"UGUAAAAUA","CDS"
"PVP01_1119800",18588,"UGUAAAAUA","CDS"
"PVP01_1121800",1072,"UGUAAAAUA","CDS"
"PVP01_1124900",214,"UGUAAAAUA","CDS"
"PVP01_1128100",597,"UGUAAAAUA","CDS"
"PVP01_1129000",658,"UGUAAAAUA","CDS"
"PVP01_1130200",6847,"UGUAAAAUA","CDS"
"PVP01_1201900",720,"UGUAAAAUA","CDS"
"PVP01_1206400",7767,"UGUAAAAUA","CDS"
"PVP01_1214200",687,"UGUAAAAUA","CDS"
"PVP01_1216900",1210,"UGUAAAAUA","CDS"
"PVP01_1236500",169,"UGUAAAAUA","CDS"
"PVP01_1237200",3408,"UGUAAAAUA","CDS"
"PVP01_1242300",2422,"UGUAAAAUA","CDS"
"PVP01_1242300",8139,"UGUAAAAUA","CDS"
"PVP01_1250400",2715,"UGUAAAAUA","CDS"
"PVP01_1253800",2544,"UGUAAAAUA","CDS"
"PVP01_1253900",1624,"UGUAAAAUA","CDS"
"PVP01_1254400",7959,"UGUAAAAUA","CDS"
"PVP01_1254800",207,"UGUAAAAUA","CDS"
"PVP01_1259100",1674,"UGUAAAAUA","CDS"
"PVP01_1261100",1284,"UGUAAAAUA","CDS"
"PVP01_1261600",1827,"UGUAAAAUA","CDS"
"PVP01_1266000",441,"UGUAAAAUA","CDS"
"PVP01_1272200",75,"UGUAAAAUA","CDS"
"PVP01_1272900",574,"UGUAAAAUA","CDS"
"PVP01_1304600",1711,"UGUAAAAUA","CDS"
"PVP01_1311800",958,"UGUAAAAUA","CDS"
"PVP01_1315800",1095,"UGUAAAAUA","CDS"
"PVP01_1315800",3234,"UGUAAAAUA","CDS"
"PVP01_1315800",3990,"UGUAAAAUA","CDS"
"PVP01_1321900",802,"UGUAAAAUA","CDS"
"PVP01_1322600",2451,"UGUAAAAUA","CDS"
"PVP01_1331500",1791,"UGUAAAAUA","CDS"
"PVP01_1340100",457,"UGUAAAAUA","CDS"
"PVP01_1340300",2088,"UGUAAAAUA","CDS"
"PVP01_1344000",216,"UGUAAAAUA","CDS"
"PVP01_1404700",18009,"UGUAAAAUA","CDS"
"PVP01_1412400",1089,"UGUAAAAUA","CDS"
"PVP01_1414000",1095,"UGUAAAAUA","CDS"
"PVP01_1430700",10731,"UGUAAAAUA","CDS"
"PVP01_1435000",210,"UGUAAAAUA","CDS"
"PVP01_1435700",186,"UGUAAAAUA","CDS"
"PVP01_1435700",1041,"UGUAAAAUA","CDS"
"PVP01_1437700",1326,"UGUAAAAUA","CDS"
"PVP01_1438600",6382,"UGUAAAAUA","CDS"
"PVP01_1441100",1122,"UGUAAAAUA","CDS"
"PVP01_1452500",372,"UGUAAAAUA","CDS"
"PVP01_API01200",523,"UGUAAAAUA","CDS"
"PVP01_API01300",111,"UGUAAAAUA","CDS"
"PVP01_API04600",756,"UGUAAAAUA","CDS"
"PVP01_0528300",650,"UGUAAACUA","3' UTR"
"PVP01_0603700",280,"UGUAAACUA","3' UTR"
"PVP01_0815800",402,"UGUAAACUA","3' UTR"
"PVP01_1131700",955,"UGUAAACUA","3' UTR"
"PVP01_1240800",605,"UGUAAACUA","3' UTR"
"PVP01_1271600",77,"UGUAAACUA","3' UTR"
"PVP01_0003300",312,"UGUAAACUA","3' UTR"
"PVP01_0003460",62,"UGUAAACUA","3' UTR"
"PVP01_0003760",479,"UGUAAACUA","3' UTR"
"PVP01_0005480",409,"UGUAAACUA","3' UTR"
"PVP01_0006530",676,"UGUAAACUA","3' UTR"
"PVP01_0008660",605,"UGUAAACUA","3' UTR"
"PVP01_0009330",557,"UGUAAACUA","3' UTR"
"PVP01_0010090",408,"UGUAAACUA","3' UTR"
"PVP01_0624900",56,"UGUAAACUA","3' UTR"
"PVP01_0735600",473,"UGUAAACUA","3' UTR"
"PVP01_0949100",440,"UGUAAACUA","3' UTR"
"PVP01_1256100",342,"UGUAAACUA","3' UTR"
"PVP01_1472100",56,"UGUAAACUA","3' UTR"
"PVP01_0504200",1034,"UGUAAACUA","5' UTR"
"PVP01_0701700",599,"UGUAAACUA","5' UTR"
"PVP01_0710800",778,"UGUAAACUA","5' UTR"
"PVP01_1007800",553,"UGUAAACUA","5' UTR"
"PVP01_1111300",1321,"UGUAAACUA","5' UTR"
"PVP01_1206100",181,"UGUAAACUA","5' UTR"
"PVP01_1251000",2458,"UGUAAACUA","5' UTR"
"PVP01_1437800",450,"UGUAAACUA","5' UTR"
"PVP01_0000230",165,"UGUAAACUA","5' UTR"
"PVP01_0000550",94,"UGUAAACUA","5' UTR"
"PVP01_0001740",26,"UGUAAACUA","5' UTR"
"PVP01_0002770",28,"UGUAAACUA","5' UTR"
"PVP01_0002930",710,"UGUAAACUA","5' UTR"
"PVP01_0007920",357,"UGUAAACUA","5' UTR"
"PVP01_0008390",736,"UGUAAACUA","5' UTR"
"PVP01_0101600",92,"UGUAAACUA","5' UTR"
"PVP01_0506300",278,"UGUAAACUA","5' UTR"
"PVP01_0617000",471,"UGUAAACUA","5' UTR"
"PVP01_0903700",271,"UGUAAACUA","5' UTR"
"PVP01_0001700",580,"UGUAAACUA","CDS"
"PVP01_0001850",580,"UGUAAACUA","CDS"
"PVP01_0006080",145,"UGUAAACUA","CDS"
"PVP01_0008730",181,"UGUAAACUA","CDS"
"PVP01_0101900",889,"UGUAAACUA","CDS"
"PVP01_0513600",690,"UGUAAACUA","CDS"
"PVP01_0513700",213,"UGUAAACUA","CDS"
"PVP01_0608300",612,"UGUAAACUA","CDS"
"PVP01_0617100",2016,"UGUAAACUA","CDS"
"PVP01_0705600",2688,"UGUAAACUA","CDS"
"PVP01_0821300",819,"UGUAAACUA","CDS"
"PVP01_1018900",1221,"UGUAAACUA","CDS"
"PVP01_1027500",7134,"UGUAAACUA","CDS"
"PVP01_1030800",702,"UGUAAACUA","CDS"
"PVP01_1111200",1002,"UGUAAACUA","CDS"
"PVP01_1139400",2352,"UGUAAACUA","CDS"
"PVP01_1251300",5145,"UGUAAACUA","CDS"
"PVP01_1254800",1125,"UGUAAACUA","CDS"
"PVP01_1300800",1455,"UGUAAACUA","CDS"
"PVP01_1331600",264,"UGUAAACUA","CDS"
"PVP01_1343400",3339,"UGUAAACUA","CDS"
"PVP01_1420000",129,"UGUAAACUA","CDS"
"PVP01_1420800",1314,"UGUAAACUA","CDS"
"PVP01_1429700",336,"UGUAAACUA","CDS"
"PVP01_0316800",440,"UGUAAAGUA","3' UTR"
"PVP01_0422300",863,"UGUAAAGUA","3' UTR"
"PVP01_0701400",566,"UGUAAAGUA","3' UTR"
"PVP01_0706900",1200,"UGUAAAGUA","3' UTR"
"PVP01_0801000",345,"UGUAAAGUA","3' UTR"
"PVP01_1122400",735,"UGUAAAGUA","3' UTR"
"PVP01_1226200",1193,"UGUAAAGUA","3' UTR"
"PVP01_1333200",696,"UGUAAAGUA","3' UTR"
"PVP01_1408700",338,"UGUAAAGUA","3' UTR"
"PVP01_1439000",41,"UGUAAAGUA","3' UTR"
"PVP01_1462200",136,"UGUAAAGUA","3' UTR"
"PVP01_0001230",441,"UGUAAAGUA","3' UTR"
"PVP01_0002790",120,"UGUAAAGUA","3' UTR"
"PVP01_0003200",415,"UGUAAAGUA","3' UTR"
"PVP01_0219200",184,"UGUAAAGUA","3' UTR"
"PVP01_0739050",431,"UGUAAAGUA","3' UTR"
"PVP01_1100700",232,"UGUAAAGUA","3' UTR"
"PVP01_1400200",555,"UGUAAAGUA","3' UTR"
"PVP01_1401500",138,"UGUAAAGUA","3' UTR"
"PVP01_1402900",333,"UGUAAAGUA","3' UTR"
"PVP01_0106800",874,"UGUAAAGUA","5' UTR"
"PVP01_0418700",1950,"UGUAAAGUA","5' UTR"
"PVP01_0421800",457,"UGUAAAGUA","5' UTR"
"PVP01_0522000",658,"UGUAAAGUA","5' UTR"
"PVP01_0807000",755,"UGUAAAGUA","5' UTR"
"PVP01_0929600",142,"UGUAAAGUA","5' UTR"
"PVP01_1111300",1803,"UGUAAAGUA","5' UTR"
"PVP01_1121700",300,"UGUAAAGUA","5' UTR"
"PVP01_1147200",107,"UGUAAAGUA","5' UTR"
"PVP01_1201500",155,"UGUAAAGUA","5' UTR"
"PVP01_1263900",901,"UGUAAAGUA","5' UTR"
"PVP01_1264100",283,"UGUAAAGUA","5' UTR"
"PVP01_1265800",177,"UGUAAAGUA","5' UTR"
"PVP01_1334300",2220,"UGUAAAGUA","5' UTR"
"PVP01_1404700",98,"UGUAAAGUA","5' UTR"
"PVP01_1414700",258,"UGUAAAGUA","5' UTR"
"PVP01_1435100",338,"UGUAAAGUA","5' UTR"
"PVP01_1465600",1454,"UGUAAAGUA","5' UTR"
"PVP01_0001460",655,"UGUAAAGUA","5' UTR"
"PVP01_0002600",15,"UGUAAAGUA","5' UTR"
"PVP01_0002750",165,"UGUAAAGUA","5' UTR"
"PVP01_0004520",46,"UGUAAAGUA","5' UTR"
"PVP01_0008370",261,"UGUAAAGUA","5' UTR"
"PVP01_0121500",340,"UGUAAAGUA","5' UTR"
"PVP01_0300400",47,"UGUAAAGUA","5' UTR"
"PVP01_0737800",615,"UGUAAAGUA","5' UTR"
"PVP01_0739050",425,"UGUAAAGUA","5' UTR"
"PVP01_1454300",96,"UGUAAAGUA","5' UTR"
"PVP01_1471000",525,"UGUAAAGUA","5' UTR"
"PVP01_0000060",304,"UGUAAAGUA","CDS"
"PVP01_0001900",112,"UGUAAAGUA","CDS"
"PVP01_0002620",709,"UGUAAAGUA","CDS"
"PVP01_0003010",496,"UGUAAAGUA","CDS"
"PVP01_0003850",319,"UGUAAAGUA","CDS"
"PVP01_0004080",256,"UGUAAAGUA","CDS"
"PVP01_0006290",586,"UGUAAAGUA","CDS"
"PVP01_0006930",112,"UGUAAAGUA","CDS"
"PVP01_0008050",349,"UGUAAAGUA","CDS"
"PVP01_0008770",478,"UGUAAAGUA","CDS"
"PVP01_0100100",112,"UGUAAAGUA","CDS"
"PVP01_0105600",864,"UGUAAAGUA","CDS"
"PVP01_0202300",399,"UGUAAAGUA","CDS"
"PVP01_0215100",1227,"UGUAAAGUA","CDS"
"PVP01_0217600",40,"UGUAAAGUA","CDS"
"PVP01_0309100",654,"UGUAAAGUA","CDS"
"PVP01_0414600",150,"UGUAAAGUA","CDS"
"PVP01_0515100",537,"UGUAAAGUA","CDS"
"PVP01_0520100",402,"UGUAAAGUA","CDS"
"PVP01_0522300",946,"UGUAAAGUA","CDS"
"PVP01_0524200",246,"UGUAAAGUA","CDS"
"PVP01_0600700",118,"UGUAAAGUA","CDS"
"PVP01_0616600",2343,"UGUAAAGUA","CDS"
"PVP01_0738100",672,"UGUAAAGUA","CDS"
"PVP01_0829900",939,"UGUAAAGUA","CDS"
"PVP01_0914300",1158,"UGUAAAGUA","CDS"
"PVP01_0923900",1827,"UGUAAAGUA","CDS"
"PVP01_0939400",1164,"UGUAAAGUA","CDS"
"PVP01_0949800",160,"UGUAAAGUA","CDS"
"PVP01_1011500",2007,"UGUAAAGUA","CDS"
"PVP01_1026900",688,"UGUAAAGUA","CDS"
"PVP01_1102800",5817,"UGUAAAGUA","CDS"
"PVP01_1109500",699,"UGUAAAGUA","CDS"
"PVP01_1119800",18538,"UGUAAAGUA","CDS"
"PVP01_1142200",1614,"UGUAAAGUA","CDS"
"PVP01_1214300",3147,"UGUAAAGUA","CDS"
"PVP01_1219700",774,"UGUAAAGUA","CDS"
"PVP01_1226200",7833,"UGUAAAGUA","CDS"
"PVP01_1227800",4164,"UGUAAAGUA","CDS"
"PVP01_1232400",9114,"UGUAAAGUA","CDS"
"PVP01_1233500",1233,"UGUAAAGUA","CDS"
"PVP01_1241000",1611,"UGUAAAGUA","CDS"
"PVP01_1243900",255,"UGUAAAGUA","CDS"
"PVP01_1246100",213,"UGUAAAGUA","CDS"
"PVP01_1261400",1245,"UGUAAAGUA","CDS"
"PVP01_1267700",3678,"UGUAAAGUA","CDS"
"PVP01_1268500",1083,"UGUAAAGUA","CDS"
"PVP01_1328700",1119,"UGUAAAGUA","CDS"
"PVP01_1345400",211,"UGUAAAGUA","CDS"
"PVP01_1404600",633,"UGUAAAGUA","CDS"
"PVP01_1405700",1014,"UGUAAAGUA","CDS"
"PVP01_1409400",5320,"UGUAAAGUA","CDS"
"PVP01_1414500",1975,"UGUAAAGUA","CDS"
"PVP01_1417600",537,"UGUAAAGUA","CDS"
"PVP01_1423000",7692,"UGUAAAGUA","CDS"
"PVP01_1460200",397,"UGUAAAGUA","CDS"
"PVP01_0004250",61,"UGUAAAUUA","3' UTR"
"PVP01_0119500",331,"UGUAAAUUA","3' UTR"
"PVP01_0204700",731,"UGUAAAUUA","3' UTR"
"PVP01_0205600",129,"UGUAAAUUA","3' UTR"
"PVP01_0217200",479,"UGUAAAUUA","3' UTR"
"PVP01_0313300",364,"UGUAAAUUA","3' UTR"
"PVP01_0414000",678,"UGUAAAUUA","3' UTR"
"PVP01_0416000",48,"UGUAAAUUA","3' UTR"
"PVP01_0509200",118,"UGUAAAUUA","3' UTR"
"PVP01_0515400",488,"UGUAAAUUA","3' UTR"
"PVP01_0524000",705,"UGUAAAUUA","3' UTR"
"PVP01_0616100",347,"UGUAAAUUA","3' UTR"
"PVP01_0619000",1602,"UGUAAAUUA","3' UTR"
"PVP01_0621600",2135,"UGUAAAUUA","3' UTR"
"PVP01_0713000",238,"UGUAAAUUA","3' UTR"
"PVP01_0713500",460,"UGUAAAUUA","3' UTR"
"PVP01_0729600",635,"UGUAAAUUA","3' UTR"
"PVP01_0801800",439,"UGUAAAUUA","3' UTR"
"PVP01_0821600",2415,"UGUAAAUUA","3' UTR"
"PVP01_0832100",617,"UGUAAAUUA","3' UTR"
"PVP01_0905800",1435,"UGUAAAUUA","3' UTR"
"PVP01_0944400",355,"UGUAAAUUA","3' UTR"
"PVP01_1003200",184,"UGUAAAUUA","3' UTR"
"PVP01_1011300",280,"UGUAAAUUA","3' UTR"
"PVP01_1101300",420,"UGUAAAUUA","3' UTR"
"PVP01_1103100",235,"UGUAAAUUA","3' UTR"
"PVP01_1107200",575,"UGUAAAUUA","3' UTR"
"PVP01_1124900",2399,"UGUAAAUUA","3' UTR"
"PVP01_1133600",522,"UGUAAAUUA","3' UTR"
"PVP01_1143000",625,"UGUAAAUUA","3' UTR"
"PVP01_1213900",2140,"UGUAAAUUA","3' UTR"
"PVP01_1220600",234,"UGUAAAUUA","3' UTR"
"PVP01_1228500",378,"UGUAAAUUA","3' UTR"
"PVP01_1237400",456,"UGUAAAUUA","3' UTR"
"PVP01_1243800",35,"UGUAAAUUA","3' UTR"
"PVP01_1244400",184,"UGUAAAUUA","3' UTR"
"PVP01_1261100",388,"UGUAAAUUA","3' UTR"
"PVP01_1265200",362,"UGUAAAUUA","3' UTR"
"PVP01_1266900",330,"UGUAAAUUA","3' UTR"
"PVP01_1301400",54,"UGUAAAUUA","3' UTR"
"PVP01_1302900",519,"UGUAAAUUA","3' UTR"
"PVP01_1314900",334,"UGUAAAUUA","3' UTR"
"PVP01_1334400",693,"UGUAAAUUA","3' UTR"
"PVP01_1338700",841,"UGUAAAUUA","3' UTR"
"PVP01_1402100",681,"UGUAAAUUA","3' UTR"
"PVP01_1432600",178,"UGUAAAUUA","3' UTR"
"PVP01_1434200",328,"UGUAAAUUA","3' UTR"
"PVP01_1436300",660,"UGUAAAUUA","3' UTR"
"PVP01_1441000",230,"UGUAAAUUA","3' UTR"
"PVP01_1457600",522,"UGUAAAUUA","3' UTR"
"PVP01_0000230",586,"UGUAAAUUA","3' UTR"
"PVP01_0001340",118,"UGUAAAUUA","3' UTR"
"PVP01_0001500",566,"UGUAAAUUA","3' UTR"
"PVP01_0001770",172,"UGUAAAUUA","3' UTR"
"PVP01_0001780",405,"UGUAAAUUA","3' UTR"
"PVP01_0001800",662,"UGUAAAUUA","3' UTR"
"PVP01_0001900",571,"UGUAAAUUA","3' UTR"
"PVP01_0002110",151,"UGUAAAUUA","3' UTR"
"PVP01_0002140",61,"UGUAAAUUA","3' UTR"
"PVP01_0002330",562,"UGUAAAUUA","3' UTR"
"PVP01_0002450",362,"UGUAAAUUA","3' UTR"
"PVP01_0002630",359,"UGUAAAUUA","3' UTR"
"PVP01_0002670",102,"UGUAAAUUA","3' UTR"
"PVP01_0002670",128,"UGUAAAUUA","3' UTR"
"PVP01_0002850",548,"UGUAAAUUA","3' UTR"
"PVP01_0002950",350,"UGUAAAUUA","3' UTR"
"PVP01_0003090",219,"UGUAAAUUA","3' UTR"
"PVP01_0003150",558,"UGUAAAUUA","3' UTR"
"PVP01_0003550",324,"UGUAAAUUA","3' UTR"
"PVP01_0004010",565,"UGUAAAUUA","3' UTR"
"PVP01_0004510",41,"UGUAAAUUA","3' UTR"
"PVP01_0004590",146,"UGUAAAUUA","3' UTR"
"PVP01_0004970",307,"UGUAAAUUA","3' UTR"
"PVP01_0005010",339,"UGUAAAUUA","3' UTR"
"PVP01_0005070",429,"UGUAAAUUA","3' UTR"
"PVP01_0005170",117,"UGUAAAUUA","3' UTR"
"PVP01_0005220",526,"UGUAAAUUA","3' UTR"
"PVP01_0005290",579,"UGUAAAUUA","3' UTR"
"PVP01_0005350",565,"UGUAAAUUA","3' UTR"
"PVP01_0005370",353,"UGUAAAUUA","3' UTR"
"PVP01_0006110",557,"UGUAAAUUA","3' UTR"
"PVP01_0006240",361,"UGUAAAUUA","3' UTR"
"PVP01_0006370",547,"UGUAAAUUA","3' UTR"
"PVP01_0006480",41,"UGUAAAUUA","3' UTR"
"PVP01_0006510",624,"UGUAAAUUA","3' UTR"
"PVP01_0006560",678,"UGUAAAUUA","3' UTR"
"PVP01_0006570",642,"UGUAAAUUA","3' UTR"
"PVP01_0006620",342,"UGUAAAUUA","3' UTR"
"PVP01_0007020",320,"UGUAAAUUA","3' UTR"
"PVP01_0007660",581,"UGUAAAUUA","3' UTR"
"PVP01_0007770",50,"UGUAAAUUA","3' UTR"
"PVP01_0007990",458,"UGUAAAUUA","3' UTR"
"PVP01_0008090",576,"UGUAAAUUA","3' UTR"
"PVP01_0008140",368,"UGUAAAUUA","3' UTR"
"PVP01_0008190",158,"UGUAAAUUA","3' UTR"
"PVP01_0008240",631,"UGUAAAUUA","3' UTR"
"PVP01_0008350",470,"UGUAAAUUA","3' UTR"
"PVP01_0008520",530,"UGUAAAUUA","3' UTR"
"PVP01_0008610",585,"UGUAAAUUA","3' UTR"
"PVP01_0008680",643,"UGUAAAUUA","3' UTR"
"PVP01_0008890",67,"UGUAAAUUA","3' UTR"
"PVP01_0008960",335,"UGUAAAUUA","3' UTR"
"PVP01_0009640",153,"UGUAAAUUA","3' UTR"
"PVP01_0009700",315,"UGUAAAUUA","3' UTR"
"PVP01_0009720",323,"UGUAAAUUA","3' UTR"
"PVP01_0010590",569,"UGUAAAUUA","3' UTR"
"PVP01_0011140",158,"UGUAAAUUA","3' UTR"
"PVP01_0101800",58,"UGUAAAUUA","3' UTR"
"PVP01_0101800",326,"UGUAAAUUA","3' UTR"
"PVP01_0120100",291,"UGUAAAUUA","3' UTR"
"PVP01_0200900",241,"UGUAAAUUA","3' UTR"
"PVP01_0207100",636,"UGUAAAUUA","3' UTR"
"PVP01_0218600",234,"UGUAAAUUA","3' UTR"
"PVP01_0218900",320,"UGUAAAUUA","3' UTR"
"PVP01_0218900",680,"UGUAAAUUA","3' UTR"
"PVP01_0220800",578,"UGUAAAUUA","3' UTR"
"PVP01_0220900",579,"UGUAAAUUA","3' UTR"
"PVP01_0402500",554,"UGUAAAUUA","3' UTR"
"PVP01_0402900",366,"UGUAAAUUA","3' UTR"
"PVP01_0500800",273,"UGUAAAUUA","3' UTR"
"PVP01_0502200",138,"UGUAAAUUA","3' UTR"
"PVP01_0534500",543,"UGUAAAUUA","3' UTR"
"PVP01_0607500",6,"UGUAAAUUA","3' UTR"
"PVP01_0623200",202,"UGUAAAUUA","3' UTR"
"PVP01_0737500",261,"UGUAAAUUA","3' UTR"
"PVP01_0738100",231,"UGUAAAUUA","3' UTR"
"PVP01_0901000",347,"UGUAAAUUA","3' UTR"
"PVP01_0935400",292,"UGUAAAUUA","3' UTR"
"PVP01_0949700",580,"UGUAAAUUA","3' UTR"
"PVP01_0950000",556,"UGUAAAUUA","3' UTR"
"PVP01_1000100",526,"UGUAAAUUA","3' UTR"
"PVP01_1004600",295,"UGUAAAUUA","3' UTR"
"PVP01_1036000",323,"UGUAAAUUA","3' UTR"
"PVP01_1101000",62,"UGUAAAUUA","3' UTR"
"PVP01_1124700",264,"UGUAAAUUA","3' UTR"
"PVP01_1253700",114,"UGUAAAUUA","3' UTR"
"PVP01_1272900",360,"UGUAAAUUA","3' UTR"
"PVP01_1400300",174,"UGUAAAUUA","3' UTR"
"PVP01_1400800",622,"UGUAAAUUA","3' UTR"
"PVP01_1472600",505,"UGUAAAUUA","3' UTR"
"PVP01_API01200",586,"UGUAAAUUA","3' UTR"
"PVP01_API01300",354,"UGUAAAUUA","3' UTR"
"PVP01_API02200",282,"UGUAAAUUA","3' UTR"
"PVP01_API02300",36,"UGUAAAUUA","3' UTR"
"PVP01_0211500",418,"UGUAAAUUA","5' UTR"
"PVP01_0405900",883,"UGUAAAUUA","5' UTR"
"PVP01_0413400",775,"UGUAAAUUA","5' UTR"
"PVP01_0508100",978,"UGUAAAUUA","5' UTR"
"PVP01_0618200",1478,"UGUAAAUUA","5' UTR"
"PVP01_0624500",489,"UGUAAAUUA","5' UTR"
"PVP01_0701700",1525,"UGUAAAUUA","5' UTR"
"PVP01_0824800",308,"UGUAAAUUA","5' UTR"
"PVP01_0835700",947,"UGUAAAUUA","5' UTR"
"PVP01_0900700",51,"UGUAAAUUA","5' UTR"
"PVP01_0911700",321,"UGUAAAUUA","5' UTR"
"PVP01_0924100",1232,"UGUAAAUUA","5' UTR"
"PVP01_0934800",363,"UGUAAAUUA","5' UTR"
"PVP01_0935200",269,"UGUAAAUUA","5' UTR"
"PVP01_0941500",2551,"UGUAAAUUA","5' UTR"
"PVP01_1021700",283,"UGUAAAUUA","5' UTR"
"PVP01_1023900",1204,"UGUAAAUUA","5' UTR"
"PVP01_1106200",650,"UGUAAAUUA","5' UTR"
"PVP01_1121800",1109,"UGUAAAUUA","5' UTR"
"PVP01_1122000",9,"UGUAAAUUA","5' UTR"
"PVP01_1122200",1686,"UGUAAAUUA","5' UTR"
"PVP01_1125500",497,"UGUAAAUUA","5' UTR"
"PVP01_1143200",1068,"UGUAAAUUA","5' UTR"
"PVP01_1208400",637,"UGUAAAUUA","5' UTR"
"PVP01_1235400",137,"UGUAAAUUA","5' UTR"
"PVP01_1249700",1078,"UGUAAAUUA","5' UTR"
"PVP01_1255300",3096,"UGUAAAUUA","5' UTR"
"PVP01_1269400",1062,"UGUAAAUUA","5' UTR"
"PVP01_1309400",309,"UGUAAAUUA","5' UTR"
"PVP01_1309500",1043,"UGUAAAUUA","5' UTR"
"PVP01_1342200",47,"UGUAAAUUA","5' UTR"
"PVP01_1410400",1855,"UGUAAAUUA","5' UTR"
"PVP01_1417300",347,"UGUAAAUUA","5' UTR"
"PVP01_1424900",310,"UGUAAAUUA","5' UTR"
"PVP01_1457900",1102,"UGUAAAUUA","5' UTR"
"PVP01_1462000",130,"UGUAAAUUA","5' UTR"
"PVP01_1464900",110,"UGUAAAUUA","5' UTR"
"PVP01_1468700",734,"UGUAAAUUA","5' UTR"
"PVP01_0000380",148,"UGUAAAUUA","5' UTR"
"PVP01_0000960",188,"UGUAAAUUA","5' UTR"
"PVP01_0000960",436,"UGUAAAUUA","5' UTR"
"PVP01_0001000",423,"UGUAAAUUA","5' UTR"
"PVP01_0001060",345,"UGUAAAUUA","5' UTR"
"PVP01_0001090",422,"UGUAAAUUA","5' UTR"
"PVP01_0001130",441,"UGUAAAUUA","5' UTR"
"PVP01_0001160",76,"UGUAAAUUA","5' UTR"
"PVP01_0001220",74,"UGUAAAUUA","5' UTR"
"PVP01_0001660",266,"UGUAAAUUA","5' UTR"
"PVP01_0001920",507,"UGUAAAUUA","5' UTR"
"PVP01_0002120",625,"UGUAAAUUA","5' UTR"
"PVP01_0002610",644,"UGUAAAUUA","5' UTR"
"PVP01_0002840",664,"UGUAAAUUA","5' UTR"
"PVP01_0002850",151,"UGUAAAUUA","5' UTR"
"PVP01_0002960",504,"UGUAAAUUA","5' UTR"
"PVP01_0003020",267,"UGUAAAUUA","5' UTR"
"PVP01_0003110",594,"UGUAAAUUA","5' UTR"
"PVP01_0003120",596,"UGUAAAUUA","5' UTR"
"PVP01_0003190",648,"UGUAAAUUA","5' UTR"
"PVP01_0003230",486,"UGUAAAUUA","5' UTR"
"PVP01_0003930",278,"UGUAAAUUA","5' UTR"
"PVP01_0004330",171,"UGUAAAUUA","5' UTR"
"PVP01_0004360",497,"UGUAAAUUA","5' UTR"
"PVP01_0004480",410,"UGUAAAUUA","5' UTR"
"PVP01_0004830",169,"UGUAAAUUA","5' UTR"
"PVP01_0005020",271,"UGUAAAUUA","5' UTR"
"PVP01_0005120",590,"UGUAAAUUA","5' UTR"
"PVP01_0005160",207,"UGUAAAUUA","5' UTR"
"PVP01_0005180",161,"UGUAAAUUA","5' UTR"
"PVP01_0005530",256,"UGUAAAUUA","5' UTR"
"PVP01_0005560",207,"UGUAAAUUA","5' UTR"
"PVP01_0005590",360,"UGUAAAUUA","5' UTR"
"PVP01_0005650",281,"UGUAAAUUA","5' UTR"
"PVP01_0005740",397,"UGUAAAUUA","5' UTR"
"PVP01_0005800",279,"UGUAAAUUA","5' UTR"
"PVP01_0005950",643,"UGUAAAUUA","5' UTR"
"PVP01_0006050",260,"UGUAAAUUA","5' UTR"
"PVP01_0006120",285,"UGUAAAUUA","5' UTR"
"PVP01_0006410",273,"UGUAAAUUA","5' UTR"
"PVP01_0006550",311,"UGUAAAUUA","5' UTR"
"PVP01_0006620",136,"UGUAAAUUA","5' UTR"
"PVP01_0006680",262,"UGUAAAUUA","5' UTR"
"PVP01_0006760",717,"UGUAAAUUA","5' UTR"
"PVP01_0006770",717,"UGUAAAUUA","5' UTR"
"PVP01_0006990",262,"UGUAAAUUA","5' UTR"
"PVP01_0006990",514,"UGUAAAUUA","5' UTR"
"PVP01_0007160",378,"UGUAAAUUA","5' UTR"
"PVP01_0007450",265,"UGUAAAUUA","5' UTR"
"PVP01_0007600",789,"UGUAAAUUA","5' UTR"
"PVP01_0007680",306,"UGUAAAUUA","5' UTR"
"PVP01_0007740",260,"UGUAAAUUA","5' UTR"
"PVP01_0007950",249,"UGUAAAUUA","5' UTR"
"PVP01_0008560",267,"UGUAAAUUA","5' UTR"
"PVP01_0008830",84,"UGUAAAUUA","5' UTR"
"PVP01_0009140",314,"UGUAAAUUA","5' UTR"
"PVP01_0009500",263,"UGUAAAUUA","5' UTR"
"PVP01_0009820",244,"UGUAAAUUA","5' UTR"
"PVP01_0010370",181,"UGUAAAUUA","5' UTR"
"PVP01_0010480",145,"UGUAAAUUA","5' UTR"
"PVP01_0011110",185,"UGUAAAUUA","5' UTR"
"PVP01_0101100",134,"UGUAAAUUA","5' UTR"
"PVP01_0121500",244,"UGUAAAUUA","5' UTR"
"PVP01_0121800",275,"UGUAAAUUA","5' UTR"
"PVP01_0217300",253,"UGUAAAUUA","5' UTR"
"PVP01_0221300",345,"UGUAAAUUA","5' UTR"
"PVP01_0301400",158,"UGUAAAUUA","5' UTR"
"PVP01_0301800",279,"UGUAAAUUA","5' UTR"
"PVP01_0401800",413,"UGUAAAUUA","5' UTR"
"PVP01_0404600",368,"UGUAAAUUA","5' UTR"
"PVP01_0423800",397,"UGUAAAUUA","5' UTR"
"PVP01_0424400",262,"UGUAAAUUA","5' UTR"
"PVP01_0500300",717,"UGUAAAUUA","5' UTR"
"PVP01_0502200",402,"UGUAAAUUA","5' UTR"
"PVP01_0535200",147,"UGUAAAUUA","5' UTR"
"PVP01_0623400",343,"UGUAAAUUA","5' UTR"
"PVP01_0625000",483,"UGUAAAUUA","5' UTR"
"PVP01_0738600",345,"UGUAAAUUA","5' UTR"
"PVP01_0840800",264,"UGUAAAUUA","5' UTR"
"PVP01_0901000",365,"UGUAAAUUA","5' UTR"
"PVP01_0950100",405,"UGUAAAUUA","5' UTR"
"PVP01_1000500",423,"UGUAAAUUA","5' UTR"
"PVP01_1001400",392,"UGUAAAUUA","5' UTR"
"PVP01_1001500",407,"UGUAAAUUA","5' UTR"
"PVP01_1001700",119,"UGUAAAUUA","5' UTR"
"PVP01_1002200",645,"UGUAAAUUA","5' UTR"
"PVP01_1002300",157,"UGUAAAUUA","5' UTR"
"PVP01_1100100",427,"UGUAAAUUA","5' UTR"
"PVP01_1149300",440,"UGUAAAUUA","5' UTR"
"PVP01_1253600",381,"UGUAAAUUA","5' UTR"
"PVP01_1271500",302,"UGUAAAUUA","5' UTR"
"PVP01_1272600",334,"UGUAAAUUA","5' UTR"
"PVP01_1305700",233,"UGUAAAUUA","5' UTR"
"PVP01_1402900",299,"UGUAAAUUA","5' UTR"
"PVP01_1471200",444,"UGUAAAUUA","5' UTR"
"PVP01_1472500",414,"UGUAAAUUA","5' UTR"
"PVP01_1473000",264,"UGUAAAUUA","5' UTR"
"PVP01_API01500",402,"UGUAAAUUA","5' UTR"
"PVP01_API01600",129,"UGUAAAUUA","5' UTR"
"PVP01_API02500",741,"UGUAAAUUA","5' UTR"
"PVP01_API02600",349,"UGUAAAUUA","5' UTR"
"PVP01_0000310",151,"UGUAAAUUA","CDS"
"PVP01_0000410",939,"UGUAAAUUA","CDS"
"PVP01_0000650",546,"UGUAAAUUA","CDS"
"PVP01_0000910",379,"UGUAAAUUA","CDS"
"PVP01_0001140",681,"UGUAAAUUA","CDS"
"PVP01_0001530",117,"UGUAAAUUA","CDS"
"PVP01_0001700",468,"UGUAAAUUA","CDS"
"PVP01_0001850",468,"UGUAAAUUA","CDS"
"PVP01_0002710",112,"UGUAAAUUA","CDS"
"PVP01_0002710",1246,"UGUAAAUUA","CDS"
"PVP01_0004390",244,"UGUAAAUUA","CDS"
"PVP01_0004600",628,"UGUAAAUUA","CDS"
"PVP01_0004700",661,"UGUAAAUUA","CDS"
"PVP01_0005630",361,"UGUAAAUUA","CDS"
"PVP01_0005720",1038,"UGUAAAUUA","CDS"
"PVP01_0006000",925,"UGUAAAUUA","CDS"
"PVP01_0006320",610,"UGUAAAUUA","CDS"
"PVP01_0006490",198,"UGUAAAUUA","CDS"
"PVP01_0006570",622,"UGUAAAUUA","CDS"
"PVP01_0007110",130,"UGUAAAUUA","CDS"
"PVP01_0007900",801,"UGUAAAUUA","CDS"
"PVP01_0007990",490,"UGUAAAUUA","CDS"
"PVP01_0008050",622,"UGUAAAUUA","CDS"
"PVP01_0009350",619,"UGUAAAUUA","CDS"
"PVP01_0009670",622,"UGUAAAUUA","CDS"
"PVP01_0009780",153,"UGUAAAUUA","CDS"
"PVP01_0010390",111,"UGUAAAUUA","CDS"
"PVP01_0010450",195,"UGUAAAUUA","CDS"
"PVP01_0011070",468,"UGUAAAUUA","CDS"
"PVP01_0101200",744,"UGUAAAUUA","CDS"
"PVP01_0101800",166,"UGUAAAUUA","CDS"
"PVP01_0107400",633,"UGUAAAUUA","CDS"
"PVP01_0115700",483,"UGUAAAUUA","CDS"
"PVP01_0118400",2217,"UGUAAAUUA","CDS"
"PVP01_0120700",198,"UGUAAAUUA","CDS"
"PVP01_0121000",243,"UGUAAAUUA","CDS"
"PVP01_0201800",550,"UGUAAAUUA","CDS"
"PVP01_0203000",1731,"UGUAAAUUA","CDS"
"PVP01_0213400",259,"UGUAAAUUA","CDS"
"PVP01_0221100",628,"UGUAAAUUA","CDS"
"PVP01_0301400",2155,"UGUAAAUUA","CDS"
"PVP01_0307900",1434,"UGUAAAUUA","CDS"
"PVP01_0402300",93,"UGUAAAUUA","CDS"
"PVP01_0410600",420,"UGUAAAUUA","CDS"
"PVP01_0412000",553,"UGUAAAUUA","CDS"
"PVP01_0413900",1125,"UGUAAAUUA","CDS"
"PVP01_0508200",13332,"UGUAAAUUA","CDS"
"PVP01_0510200",873,"UGUAAAUUA","CDS"
"PVP01_0511000",2556,"UGUAAAUUA","CDS"
"PVP01_0513400",777,"UGUAAAUUA","CDS"
"PVP01_0526300",4788,"UGUAAAUUA","CDS"
"PVP01_0533500",346,"UGUAAAUUA","CDS"
"PVP01_0600600",1354,"UGUAAAUUA","CDS"
"PVP01_0618700",2550,"UGUAAAUUA","CDS"
"PVP01_0619800",165,"UGUAAAUUA","CDS"
"PVP01_0702500",412,"UGUAAAUUA","CDS"
"PVP01_0702700",4392,"UGUAAAUUA","CDS"
"PVP01_0704400",1248,"UGUAAAUUA","CDS"
"PVP01_0710100",151,"UGUAAAUUA","CDS"
"PVP01_0720000",831,"UGUAAAUUA","CDS"
"PVP01_0731500",702,"UGUAAAUUA","CDS"
"PVP01_0735800",204,"UGUAAAUUA","CDS"
"PVP01_0808200",2778,"UGUAAAUUA","CDS"
"PVP01_0813200",2436,"UGUAAAUUA","CDS"
"PVP01_0823000",426,"UGUAAAUUA","CDS"
"PVP01_0825400",2034,"UGUAAAUUA","CDS"
"PVP01_0838100",258,"UGUAAAUUA","CDS"
"PVP01_0901000",106,"UGUAAAUUA","CDS"
"PVP01_0902600",361,"UGUAAAUUA","CDS"
"PVP01_0918000",987,"UGUAAAUUA","CDS"
"PVP01_0931700",330,"UGUAAAUUA","CDS"
"PVP01_0931900",1305,"UGUAAAUUA","CDS"
"PVP01_0936500",1999,"UGUAAAUUA","CDS"
"PVP01_0940500",4887,"UGUAAAUUA","CDS"
"PVP01_1009900",1494,"UGUAAAUUA","CDS"
"PVP01_1022500",11685,"UGUAAAUUA","CDS"
"PVP01_1100300",456,"UGUAAAUUA","CDS"
"PVP01_1102800",1758,"UGUAAAUUA","CDS"
"PVP01_1103100",915,"UGUAAAUUA","CDS"
"PVP01_1108600",1906,"UGUAAAUUA","CDS"
"PVP01_1118900",621,"UGUAAAUUA","CDS"
"PVP01_1121300",3633,"UGUAAAUUA","CDS"
"PVP01_1130000",2037,"UGUAAAUUA","CDS"
"PVP01_1140200",1288,"UGUAAAUUA","CDS"
"PVP01_1206900",1779,"UGUAAAUUA","CDS"
"PVP01_1237900",981,"UGUAAAUUA","CDS"
"PVP01_1243700",12255,"UGUAAAUUA","CDS"
"PVP01_1246700",1629,"UGUAAAUUA","CDS"
"PVP01_1248500",339,"UGUAAAUUA","CDS"
"PVP01_1251300",726,"UGUAAAUUA","CDS"
"PVP01_1252700",129,"UGUAAAUUA","CDS"
"PVP01_1253400",927,"UGUAAAUUA","CDS"
"PVP01_1255000",2838,"UGUAAAUUA","CDS"
"PVP01_1264400",966,"UGUAAAUUA","CDS"
"PVP01_1265400",519,"UGUAAAUUA","CDS"
"PVP01_1270300",10429,"UGUAAAUUA","CDS"
"PVP01_1274300",130,"UGUAAAUUA","CDS"
"PVP01_1309700",762,"UGUAAAUUA","CDS"
"PVP01_1317300",4470,"UGUAAAUUA","CDS"
"PVP01_1322200",3645,"UGUAAAUUA","CDS"
"PVP01_1338600",4989,"UGUAAAUUA","CDS"
"PVP01_1338600",11209,"UGUAAAUUA","CDS"
"PVP01_1342900",867,"UGUAAAUUA","CDS"
"PVP01_1406400",987,"UGUAAAUUA","CDS"
"PVP01_1413100",1650,"UGUAAAUUA","CDS"
"PVP01_1415000",441,"UGUAAAUUA","CDS"
"PVP01_1430500",687,"UGUAAAUUA","CDS"
"PVP01_1430900",1024,"UGUAAAUUA","CDS"
"PVP01_1430900",1197,"UGUAAAUUA","CDS"
"PVP01_1431600",1053,"UGUAAAUUA","CDS"
"PVP01_1435200",219,"UGUAAAUUA","CDS"
"PVP01_1439000",60,"UGUAAAUUA","CDS"
"PVP01_1458000",435,"UGUAAAUUA","CDS"
"PVP01_1458000",1719,"UGUAAAUUA","CDS"
"PVP01_1468700",1071,"UGUAAAUUA","CDS"
"PVP01_1469200",1701,"UGUAAAUUA","CDS"
"PVP01_API01400",358,"UGUAAAUUA","CDS"
"PVP01_API02400",40,"UGUAAAUUA","CDS"
"PVP01_0000160",364,"UGUAACAUA","3' UTR"
"PVP01_0103800",293,"UGUAACAUA","3' UTR"
"PVP01_0304900",498,"UGUAACAUA","3' UTR"
"PVP01_0510600",169,"UGUAACAUA","3' UTR"
"PVP01_0710000",112,"UGUAACAUA","3' UTR"
"PVP01_0800400",106,"UGUAACAUA","3' UTR"
"PVP01_0838100",2160,"UGUAACAUA","3' UTR"
"PVP01_0939100",286,"UGUAACAUA","3' UTR"
"PVP01_1002700",714,"UGUAACAUA","3' UTR"
"PVP01_1003700",1225,"UGUAACAUA","3' UTR"
"PVP01_1113400",737,"UGUAACAUA","3' UTR"
"PVP01_1119200",535,"UGUAACAUA","3' UTR"
"PVP01_1137900",190,"UGUAACAUA","3' UTR"
"PVP01_1205100",101,"UGUAACAUA","3' UTR"
"PVP01_1242600",249,"UGUAACAUA","3' UTR"
"PVP01_1304300",831,"UGUAACAUA","3' UTR"
"PVP01_1310700",62,"UGUAACAUA","3' UTR"
"PVP01_1423000",349,"UGUAACAUA","3' UTR"
"PVP01_1429000",2034,"UGUAACAUA","3' UTR"
"PVP01_1440800",3900,"UGUAACAUA","3' UTR"
"PVP01_1469700",505,"UGUAACAUA","3' UTR"
"PVP01_0000140",494,"UGUAACAUA","3' UTR"
"PVP01_0000260",87,"UGUAACAUA","3' UTR"
"PVP01_0000580",389,"UGUAACAUA","3' UTR"
"PVP01_0000600",469,"UGUAACAUA","3' UTR"
"PVP01_0000670",384,"UGUAACAUA","3' UTR"
"PVP01_0000720",80,"UGUAACAUA","3' UTR"
"PVP01_0000730",462,"UGUAACAUA","3' UTR"
"PVP01_0000890",449,"UGUAACAUA","3' UTR"
"PVP01_0000950",87,"UGUAACAUA","3' UTR"
"PVP01_0001110",4,"UGUAACAUA","3' UTR"
"PVP01_0001150",528,"UGUAACAUA","3' UTR"
"PVP01_0001180",526,"UGUAACAUA","3' UTR"
"PVP01_0001210",4,"UGUAACAUA","3' UTR"
"PVP01_0001610",467,"UGUAACAUA","3' UTR"
"PVP01_0001960",200,"UGUAACAUA","3' UTR"
"PVP01_0002140",623,"UGUAACAUA","3' UTR"
"PVP01_0002420",212,"UGUAACAUA","3' UTR"
"PVP01_0002670",524,"UGUAACAUA","3' UTR"
"PVP01_0002680",212,"UGUAACAUA","3' UTR"
"PVP01_0004230",551,"UGUAACAUA","3' UTR"
"PVP01_0004730",384,"UGUAACAUA","3' UTR"
"PVP01_0004790",37,"UGUAACAUA","3' UTR"
"PVP01_0004870",462,"UGUAACAUA","3' UTR"
"PVP01_0005770",537,"UGUAACAUA","3' UTR"
"PVP01_0005880",572,"UGUAACAUA","3' UTR"
"PVP01_0006980",460,"UGUAACAUA","3' UTR"
"PVP01_0007010",73,"UGUAACAUA","3' UTR"
"PVP01_0007150",199,"UGUAACAUA","3' UTR"
"PVP01_0007520",213,"UGUAACAUA","3' UTR"
"PVP01_0009690",73,"UGUAACAUA","3' UTR"
"PVP01_0010240",220,"UGUAACAUA","3' UTR"
"PVP01_0010580",96,"UGUAACAUA","3' UTR"
"PVP01_0217900",225,"UGUAACAUA","3' UTR"
"PVP01_0218700",465,"UGUAACAUA","3' UTR"
"PVP01_0301100",554,"UGUAACAUA","3' UTR"
"PVP01_0301600",52,"UGUAACAUA","3' UTR"
"PVP01_0502200",517,"UGUAACAUA","3' UTR"
"PVP01_0533600",245,"UGUAACAUA","3' UTR"
"PVP01_0600350",603,"UGUAACAUA","3' UTR"
"PVP01_0837100",192,"UGUAACAUA","3' UTR"
"PVP01_0841000",226,"UGUAACAUA","3' UTR"
"PVP01_0902200",611,"UGUAACAUA","3' UTR"
"PVP01_0902500",612,"UGUAACAUA","3' UTR"
"PVP01_0910200",66,"UGUAACAUA","3' UTR"
"PVP01_1001200",4,"UGUAACAUA","3' UTR"
"PVP01_1200500",117,"UGUAACAUA","3' UTR"
"PVP01_1201300",290,"UGUAACAUA","3' UTR"
"PVP01_1300500",89,"UGUAACAUA","3' UTR"
"PVP01_1347400",3,"UGUAACAUA","3' UTR"
"PVP01_1401100",542,"UGUAACAUA","3' UTR"
"PVP01_0004390",201,"UGUAACAUA","5' UTR"
"PVP01_0106700",1632,"UGUAACAUA","5' UTR"
"PVP01_0111000",453,"UGUAACAUA","5' UTR"
"PVP01_0216000",378,"UGUAACAUA","5' UTR"
"PVP01_0420500",356,"UGUAACAUA","5' UTR"
"PVP01_0701100",987,"UGUAACAUA","5' UTR"
"PVP01_0701900",1845,"UGUAACAUA","5' UTR"
"PVP01_0730600",1100,"UGUAACAUA","5' UTR"
"PVP01_0815400",1265,"UGUAACAUA","5' UTR"
"PVP01_0837200",81,"UGUAACAUA","5' UTR"
"PVP01_1106100",544,"UGUAACAUA","5' UTR"
"PVP01_1121300",2135,"UGUAACAUA","5' UTR"
"PVP01_1131700",657,"UGUAACAUA","5' UTR"
"PVP01_1338200",1626,"UGUAACAUA","5' UTR"
"PVP01_1402600",188,"UGUAACAUA","5' UTR"
"PVP01_1409900",367,"UGUAACAUA","5' UTR"
"PVP01_1427800",989,"UGUAACAUA","5' UTR"
"PVP01_1428400",275,"UGUAACAUA","5' UTR"
"PVP01_1435100",17,"UGUAACAUA","5' UTR"
"PVP01_1436800",350,"UGUAACAUA","5' UTR"
"PVP01_1452700",311,"UGUAACAUA","5' UTR"
"PVP01_1461800",1203,"UGUAACAUA","5' UTR"
"PVP01_0000320",560,"UGUAACAUA","5' UTR"
"PVP01_0000430",147,"UGUAACAUA","5' UTR"
"PVP01_0000500",588,"UGUAACAUA","5' UTR"
"PVP01_0000770",64,"UGUAACAUA","5' UTR"
"PVP01_0000770",145,"UGUAACAUA","5' UTR"
"PVP01_0001070",416,"UGUAACAUA","5' UTR"
"PVP01_0001560",129,"UGUAACAUA","5' UTR"
"PVP01_0001820",611,"UGUAACAUA","5' UTR"
"PVP01_0002180",229,"UGUAACAUA","5' UTR"
"PVP01_0002280",769,"UGUAACAUA","5' UTR"
"PVP01_0002750",692,"UGUAACAUA","5' UTR"
"PVP01_0002950",589,"UGUAACAUA","5' UTR"
"PVP01_0003290",570,"UGUAACAUA","5' UTR"
"PVP01_0003560",132,"UGUAACAUA","5' UTR"
"PVP01_0003760",518,"UGUAACAUA","5' UTR"
"PVP01_0004010",595,"UGUAACAUA","5' UTR"
"PVP01_0004160",92,"UGUAACAUA","5' UTR"
"PVP01_0004160",554,"UGUAACAUA","5' UTR"
"PVP01_0004340",568,"UGUAACAUA","5' UTR"
"PVP01_0004460",396,"UGUAACAUA","5' UTR"
"PVP01_0005500",223,"UGUAACAUA","5' UTR"
"PVP01_0005620",462,"UGUAACAUA","5' UTR"
"PVP01_0006070",468,"UGUAACAUA","5' UTR"
"PVP01_0006160",457,"UGUAACAUA","5' UTR"
"PVP01_0006670",774,"UGUAACAUA","5' UTR"
"PVP01_0006810",362,"UGUAACAUA","5' UTR"
"PVP01_0008240",455,"UGUAACAUA","5' UTR"
"PVP01_0008320",149,"UGUAACAUA","5' UTR"
"PVP01_0008710",460,"UGUAACAUA","5' UTR"
"PVP01_0008810",730,"UGUAACAUA","5' UTR"
"PVP01_0009580",499,"UGUAACAUA","5' UTR"
"PVP01_0009840",516,"UGUAACAUA","5' UTR"
"PVP01_0009990",230,"UGUAACAUA","5' UTR"
"PVP01_0221000",567,"UGUAACAUA","5' UTR"
"PVP01_0400800",500,"UGUAACAUA","5' UTR"
"PVP01_0502200",443,"UGUAACAUA","5' UTR"
"PVP01_0508200",28,"UGUAACAUA","5' UTR"
"PVP01_0800100",742,"UGUAACAUA","5' UTR"
"PVP01_0939200",287,"UGUAACAUA","5' UTR"
"PVP01_1227100",539,"UGUAACAUA","5' UTR"
"PVP01_1270800",480,"UGUAACAUA","5' UTR"
"PVP01_1347400",740,"UGUAACAUA","5' UTR"
"PVP01_0001310",259,"UGUAACAUA","CDS"
"PVP01_0004550",622,"UGUAACAUA","CDS"
"PVP01_0004630",1128,"UGUAACAUA","CDS"
"PVP01_0010720",133,"UGUAACAUA","CDS"
"PVP01_0208900",1273,"UGUAACAUA","CDS"
"PVP01_0313400",325,"UGUAACAUA","CDS"
"PVP01_0400800",87,"UGUAACAUA","CDS"
"PVP01_0415900",4384,"UGUAACAUA","CDS"
"PVP01_0621600",1372,"UGUAACAUA","CDS"
"PVP01_0723700",901,"UGUAACAUA","CDS"
"PVP01_0802100",822,"UGUAACAUA","CDS"
"PVP01_0815700",1513,"UGUAACAUA","CDS"
"PVP01_0822800",5416,"UGUAACAUA","CDS"
"PVP01_0913500",2548,"UGUAACAUA","CDS"
"PVP01_0940100",6202,"UGUAACAUA","CDS"
"PVP01_1035000",916,"UGUAACAUA","CDS"
"PVP01_1119900",273,"UGUAACAUA","CDS"
"PVP01_1124800",427,"UGUAACAUA","CDS"
"PVP01_1145800",1381,"UGUAACAUA","CDS"
"PVP01_1202100",6253,"UGUAACAUA","CDS"
"PVP01_1265300",220,"UGUAACAUA","CDS"
"PVP01_1265400",274,"UGUAACAUA","CDS"
"PVP01_1266900",307,"UGUAACAUA","CDS"
"PVP01_1274800",622,"UGUAACAUA","CDS"
"PVP01_1321800",259,"UGUAACAUA","CDS"
"PVP01_1423400",427,"UGUAACAUA","CDS"
"PVP01_1430300",127,"UGUAACAUA","CDS"
"PVP01_0836400",1466,"UGUAACCUA","3' UTR"
"PVP01_1243900",80,"UGUAACCUA","3' UTR"
"PVP01_1253100",103,"UGUAACCUA","3' UTR"
"PVP01_1326700",255,"UGUAACCUA","3' UTR"
"PVP01_1440900",648,"UGUAACCUA","3' UTR"
"PVP01_1455600",531,"UGUAACCUA","3' UTR"
"PVP01_0210800",129,"UGUAACCUA","5' UTR"
"PVP01_0216500",479,"UGUAACCUA","5' UTR"
"PVP01_0710500",91,"UGUAACCUA","5' UTR"
"PVP01_1007500",724,"UGUAACCUA","5' UTR"
"PVP01_1344800",725,"UGUAACCUA","5' UTR"
"PVP01_1430100",127,"UGUAACCUA","5' UTR"
"PVP01_0005860",668,"UGUAACCUA","5' UTR"
"PVP01_0005910",505,"UGUAACCUA","5' UTR"
"PVP01_0006450",453,"UGUAACCUA","5' UTR"
"PVP01_0008970",556,"UGUAACCUA","5' UTR"
"PVP01_1272800",184,"UGUAACCUA","5' UTR"
"PVP01_0707400",987,"UGUAACCUA","CDS"
"PVP01_0724900",144,"UGUAACCUA","CDS"
"PVP01_0737500",19,"UGUAACCUA","CDS"
"PVP01_0935500",4348,"UGUAACCUA","CDS"
"PVP01_0937400",744,"UGUAACCUA","CDS"
"PVP01_1218900",4072,"UGUAACCUA","CDS"
"PVP01_1222900",1329,"UGUAACCUA","CDS"
"PVP01_1308400",4348,"UGUAACCUA","CDS"
"PVP01_1404700",22582,"UGUAACCUA","CDS"
"PVP01_1430700",11992,"UGUAACCUA","CDS"
"PVP01_1440600",7000,"UGUAACCUA","CDS"
"PVP01_1452300",729,"UGUAACCUA","CDS"
"PVP01_0508300",439,"UGUAACGUA","3' UTR"
"PVP01_0523000",643,"UGUAACGUA","3' UTR"
"PVP01_0806500",390,"UGUAACGUA","3' UTR"
"PVP01_0818900",95,"UGUAACGUA","3' UTR"
"PVP01_0913900",157,"UGUAACGUA","3' UTR"
"PVP01_0935500",2706,"UGUAACGUA","3' UTR"
"PVP01_1033500",861,"UGUAACGUA","3' UTR"
"PVP01_1133000",151,"UGUAACGUA","3' UTR"
"PVP01_1207300",1345,"UGUAACGUA","3' UTR"
"PVP01_1248900",307,"UGUAACGUA","3' UTR"
"PVP01_1332100",2278,"UGUAACGUA","3' UTR"
"PVP01_1336600",792,"UGUAACGUA","3' UTR"
"PVP01_0001040",593,"UGUAACGUA","3' UTR"
"PVP01_0004360",114,"UGUAACGUA","3' UTR"
"PVP01_0005770",262,"UGUAACGUA","3' UTR"
"PVP01_0738500",227,"UGUAACGUA","3' UTR"
"PVP01_0902100",304,"UGUAACGUA","3' UTR"
"PVP01_1137300",297,"UGUAACGUA","3' UTR"
"PVP01_1328200",650,"UGUAACGUA","3' UTR"
"PVP01_1402300",550,"UGUAACGUA","3' UTR"
"PVP01_1470500",11,"UGUAACGUA","3' UTR"
"PVP01_0316800",164,"UGUAACGUA","5' UTR"
"PVP01_0801200",1485,"UGUAACGUA","5' UTR"
"PVP01_0811900",2300,"UGUAACGUA","5' UTR"
"PVP01_0814700",358,"UGUAACGUA","5' UTR"
"PVP01_0814700",1025,"UGUAACGUA","5' UTR"
"PVP01_0822500",287,"UGUAACGUA","5' UTR"
"PVP01_0932400",338,"UGUAACGUA","5' UTR"
"PVP01_1006500",639,"UGUAACGUA","5' UTR"
"PVP01_1017100",390,"UGUAACGUA","5' UTR"
"PVP01_1114800",182,"UGUAACGUA","5' UTR"
"PVP01_1210600",880,"UGUAACGUA","5' UTR"
"PVP01_1248600",676,"UGUAACGUA","5' UTR"
"PVP01_1313600",523,"UGUAACGUA","5' UTR"
"PVP01_1313900",65,"UGUAACGUA","5' UTR"
"PVP01_1313900",94,"UGUAACGUA","5' UTR"
"PVP01_1346800",124,"UGUAACGUA","5' UTR"
"PVP01_1417000",111,"UGUAACGUA","5' UTR"
"PVP01_1422500",799,"UGUAACGUA","5' UTR"
"PVP01_1422500",813,"UGUAACGUA","5' UTR"
"PVP01_1427300",694,"UGUAACGUA","5' UTR"
"PVP01_1429700",658,"UGUAACGUA","5' UTR"
"PVP01_1464500",2627,"UGUAACGUA","5' UTR"
"PVP01_0002170",111,"UGUAACGUA","5' UTR"
"PVP01_0004070",322,"UGUAACGUA","5' UTR"
"PVP01_0004230",555,"UGUAACGUA","5' UTR"
"PVP01_0402500",56,"UGUAACGUA","5' UTR"
"PVP01_1450000",69,"UGUAACGUA","5' UTR"
"PVP01_1450000",81,"UGUAACGUA","5' UTR"
"PVP01_0000170",448,"UGUAACGUA","CDS"
"PVP01_0000420",433,"UGUAACGUA","CDS"
"PVP01_0000470",439,"UGUAACGUA","CDS"
"PVP01_0000660",427,"UGUAACGUA","CDS"
"PVP01_0105300",1969,"UGUAACGUA","CDS"
"PVP01_0113000",159,"UGUAACGUA","CDS"
"PVP01_0116700",1566,"UGUAACGUA","CDS"
"PVP01_0217100",145,"UGUAACGUA","CDS"
"PVP01_0729100",406,"UGUAACGUA","CDS"
"PVP01_0730700",265,"UGUAACGUA","CDS"
"PVP01_0808500",324,"UGUAACGUA","CDS"
"PVP01_0914100",336,"UGUAACGUA","CDS"
"PVP01_0926000",3817,"UGUAACGUA","CDS"
"PVP01_0930000",3300,"UGUAACGUA","CDS"
"PVP01_0937100",1440,"UGUAACGUA","CDS"
"PVP01_0942800",4303,"UGUAACGUA","CDS"
"PVP01_0948400",1299,"UGUAACGUA","CDS"
"PVP01_1018800",510,"UGUAACGUA","CDS"
"PVP01_1035000",1609,"UGUAACGUA","CDS"
"PVP01_1253400",291,"UGUAACGUA","CDS"
"PVP01_1269600",825,"UGUAACGUA","CDS"
"PVP01_1309200",8118,"UGUAACGUA","CDS"
"PVP01_1326600",2569,"UGUAACGUA","CDS"
"PVP01_1406200",577,"UGUAACGUA","CDS"
"PVP01_0420000",111,"UGUAACUUA","3' UTR"
"PVP01_0514400",546,"UGUAACUUA","3' UTR"
"PVP01_0523000",629,"UGUAACUUA","3' UTR"
"PVP01_0523000",657,"UGUAACUUA","3' UTR"
"PVP01_0523000",671,"UGUAACUUA","3' UTR"
"PVP01_0523000",685,"UGUAACUUA","3' UTR"
"PVP01_0710400",598,"UGUAACUUA","3' UTR"
"PVP01_0939600",565,"UGUAACUUA","3' UTR"
"PVP01_1203700",59,"UGUAACUUA","3' UTR"
"PVP01_1234400",335,"UGUAACUUA","3' UTR"
"PVP01_1237700",1105,"UGUAACUUA","3' UTR"
"PVP01_1248900",316,"UGUAACUUA","3' UTR"
"PVP01_1268500",439,"UGUAACUUA","3' UTR"
"PVP01_1270400",1070,"UGUAACUUA","3' UTR"
"PVP01_1311000",129,"UGUAACUUA","3' UTR"
"PVP01_1415500",293,"UGUAACUUA","3' UTR"
"PVP01_1443000",178,"UGUAACUUA","3' UTR"
"PVP01_0001180",402,"UGUAACUUA","3' UTR"
"PVP01_0001260",656,"UGUAACUUA","3' UTR"
"PVP01_0001760",115,"UGUAACUUA","3' UTR"
"PVP01_0002000",70,"UGUAACUUA","3' UTR"
"PVP01_0003370",244,"UGUAACUUA","3' UTR"
"PVP01_0004750",59,"UGUAACUUA","3' UTR"
"PVP01_0004900",49,"UGUAACUUA","3' UTR"
"PVP01_0005500",57,"UGUAACUUA","3' UTR"
"PVP01_0005580",441,"UGUAACUUA","3' UTR"
"PVP01_0005880",224,"UGUAACUUA","3' UTR"
"PVP01_0314400",269,"UGUAACUUA","3' UTR"
"PVP01_0514500",232,"UGUAACUUA","3' UTR"
"PVP01_0738000",172,"UGUAACUUA","3' UTR"
"PVP01_0901200",639,"UGUAACUUA","3' UTR"
"PVP01_0901600",147,"UGUAACUUA","3' UTR"
"PVP01_0901700",149,"UGUAACUUA","3' UTR"
"PVP01_1100300",259,"UGUAACUUA","3' UTR"
"PVP01_1250800",35,"UGUAACUUA","3' UTR"
"PVP01_1274700",57,"UGUAACUUA","3' UTR"
"PVP01_0003380",231,"UGUAACUUA","5' UTR"
"PVP01_0801600",610,"UGUAACUUA","5' UTR"
"PVP01_0810500",583,"UGUAACUUA","5' UTR"
"PVP01_0815400",1237,"UGUAACUUA","5' UTR"
"PVP01_0815400",1292,"UGUAACUUA","5' UTR"
"PVP01_0816500",505,"UGUAACUUA","5' UTR"
"PVP01_0929000",165,"UGUAACUUA","5' UTR"
"PVP01_1033200",1827,"UGUAACUUA","5' UTR"
"PVP01_1243100",25,"UGUAACUUA","5' UTR"
"PVP01_1265700",299,"UGUAACUUA","5' UTR"
"PVP01_1431000",934,"UGUAACUUA","5' UTR"
"PVP01_0000050",202,"UGUAACUUA","5' UTR"
"PVP01_0001300",419,"UGUAACUUA","5' UTR"
"PVP01_0002310",114,"UGUAACUUA","5' UTR"
"PVP01_0003370",205,"UGUAACUUA","5' UTR"
"PVP01_0006020",427,"UGUAACUUA","5' UTR"
"PVP01_0008950",327,"UGUAACUUA","5' UTR"
"PVP01_0420100",348,"UGUAACUUA","5' UTR"
"PVP01_0514500",459,"UGUAACUUA","5' UTR"
"PVP01_0600400",521,"UGUAACUUA","5' UTR"
"PVP01_1310300",469,"UGUAACUUA","5' UTR"
"PVP01_1401500",501,"UGUAACUUA","5' UTR"
"PVP01_0003360",75,"UGUAACUUA","CDS"
"PVP01_0006870",619,"UGUAACUUA","CDS"
"PVP01_0006980",765,"UGUAACUUA","CDS"
"PVP01_0007400",622,"UGUAACUUA","CDS"
"PVP01_0007710",19,"UGUAACUUA","CDS"
"PVP01_0008720",619,"UGUAACUUA","CDS"
"PVP01_0212200",4942,"UGUAACUUA","CDS"
"PVP01_0216200",3636,"UGUAACUUA","CDS"
"PVP01_0303700",211,"UGUAACUUA","CDS"
"PVP01_0316400",4173,"UGUAACUUA","CDS"
"PVP01_0408200",1425,"UGUAACUUA","CDS"
"PVP01_0721300",397,"UGUAACUUA","CDS"
"PVP01_0813100",280,"UGUAACUUA","CDS"
"PVP01_0907300",171,"UGUAACUUA","CDS"
"PVP01_1114100",859,"UGUAACUUA","CDS"
"PVP01_1256100",721,"UGUAACUUA","CDS"
"PVP01_1306600",262,"UGUAACUUA","CDS"
"PVP01_1320400",442,"UGUAACUUA","CDS"
"PVP01_1321300",762,"UGUAACUUA","CDS"
"PVP01_1403400",5020,"UGUAACUUA","CDS"
"PVP01_0834000",378,"UGUAAGAUA","3' UTR"
"PVP01_1008700",174,"UGUAAGAUA","3' UTR"
"PVP01_1246100",141,"UGUAAGAUA","3' UTR"
"PVP01_1250000",264,"UGUAAGAUA","3' UTR"
"PVP01_1266600",1099,"UGUAAGAUA","3' UTR"
"PVP01_0005280",76,"UGUAAGAUA","3' UTR"
"PVP01_0006080",659,"UGUAAGAUA","3' UTR"
"PVP01_0007650",188,"UGUAAGAUA","3' UTR"
"PVP01_0008890",106,"UGUAAGAUA","3' UTR"
"PVP01_0009870",399,"UGUAAGAUA","3' UTR"
"PVP01_0902300",383,"UGUAAGAUA","3' UTR"
"PVP01_1270800",168,"UGUAAGAUA","3' UTR"
"PVP01_1323700",62,"UGUAAGAUA","3' UTR"
"PVP01_0311500",144,"UGUAAGAUA","5' UTR"
"PVP01_0619000",571,"UGUAAGAUA","5' UTR"
"PVP01_0623700",870,"UGUAAGAUA","5' UTR"
"PVP01_0801600",986,"UGUAAGAUA","5' UTR"
"PVP01_0933900",377,"UGUAAGAUA","5' UTR"
"PVP01_0948300",1257,"UGUAAGAUA","5' UTR"
"PVP01_1023500",241,"UGUAAGAUA","5' UTR"
"PVP01_1033200",1454,"UGUAAGAUA","5' UTR"
"PVP01_1219300",541,"UGUAAGAUA","5' UTR"
"PVP01_1263900",289,"UGUAAGAUA","5' UTR"
"PVP01_1314700",1305,"UGUAAGAUA","5' UTR"
"PVP01_1403700",795,"UGUAAGAUA","5' UTR"
"PVP01_0000420",18,"UGUAAGAUA","5' UTR"
"PVP01_0000710",749,"UGUAAGAUA","5' UTR"
"PVP01_0002650",741,"UGUAAGAUA","5' UTR"
"PVP01_0004160",463,"UGUAAGAUA","5' UTR"
"PVP01_0004190",256,"UGUAAGAUA","5' UTR"
"PVP01_0006560",597,"UGUAAGAUA","5' UTR"
"PVP01_0006630",19,"UGUAAGAUA","5' UTR"
"PVP01_0006640",374,"UGUAAGAUA","5' UTR"
"PVP01_0007190",63,"UGUAAGAUA","5' UTR"
"PVP01_0008150",693,"UGUAAGAUA","5' UTR"
"PVP01_0008520",248,"UGUAAGAUA","5' UTR"
"PVP01_0008640",442,"UGUAAGAUA","5' UTR"
"PVP01_0008800",782,"UGUAAGAUA","5' UTR"
"PVP01_0009360",12,"UGUAAGAUA","5' UTR"
"PVP01_0400400",188,"UGUAAGAUA","5' UTR"
"PVP01_0735300",562,"UGUAAGAUA","5' UTR"
"PVP01_0840700",646,"UGUAAGAUA","5' UTR"
"PVP01_1274500",306,"UGUAAGAUA","5' UTR"
"PVP01_1330800",716,"UGUAAGAUA","5' UTR"
"PVP01_0000990",660,"UGUAAGAUA","CDS"
"PVP01_0004000",19,"UGUAAGAUA","CDS"
"PVP01_0004830",177,"UGUAAGAUA","CDS"
"PVP01_0102600",303,"UGUAAGAUA","CDS"
"PVP01_0403300",175,"UGUAAGAUA","CDS"
"PVP01_0506000",1207,"UGUAAGAUA","CDS"
"PVP01_0524000",36,"UGUAAGAUA","CDS"
"PVP01_0703700",1897,"UGUAAGAUA","CDS"
"PVP01_1119800",6616,"UGUAAGAUA","CDS"
"PVP01_1143200",331,"UGUAAGAUA","CDS"
"PVP01_1145100",2685,"UGUAAGAUA","CDS"
"PVP01_1221600",2127,"UGUAAGAUA","CDS"
"PVP01_1333800",322,"UGUAAGAUA","CDS"
"PVP01_1437800",7120,"UGUAAGAUA","CDS"
"PVP01_0423400",307,"UGUAAGCUA","3' UTR"
"PVP01_0001410",635,"UGUAAGCUA","3' UTR"
"PVP01_0006620",609,"UGUAAGCUA","3' UTR"
"PVP01_0101600",7,"UGUAAGCUA","3' UTR"
"PVP01_0516200",677,"UGUAAGCUA","3' UTR"
"PVP01_0704100",648,"UGUAAGCUA","5' UTR"
"PVP01_1340400",243,"UGUAAGCUA","5' UTR"
"PVP01_1407800",554,"UGUAAGCUA","5' UTR"
"PVP01_1423200",1312,"UGUAAGCUA","5' UTR"
"PVP01_0004830",253,"UGUAAGCUA","5' UTR"
"PVP01_0422900",62,"UGUAAGCUA","5' UTR"
"PVP01_0902100",701,"UGUAAGCUA","5' UTR"
"PVP01_0310600",1660,"UGUAAGCUA","CDS"
"PVP01_0311200",4869,"UGUAAGCUA","CDS"
"PVP01_0941000",324,"UGUAAGCUA","CDS"
"PVP01_1116600",838,"UGUAAGCUA","CDS"
"PVP01_1122600",108,"UGUAAGCUA","CDS"
"PVP01_1249600",264,"UGUAAGCUA","CDS"
"PVP01_1262900",18189,"UGUAAGCUA","CDS"
"PVP01_1331700",3433,"UGUAAGCUA","CDS"
"PVP01_0730000",677,"UGUAAGGUA","3' UTR"
"PVP01_1218800",445,"UGUAAGGUA","3' UTR"
"PVP01_1456900",863,"UGUAAGGUA","3' UTR"
"PVP01_0002860",314,"UGUAAGGUA","3' UTR"
"PVP01_0006470",312,"UGUAAGGUA","3' UTR"
"PVP01_0008050",115,"UGUAAGGUA","3' UTR"
"PVP01_0800500",442,"UGUAAGGUA","3' UTR"
"PVP01_0610800",98,"UGUAAGGUA","5' UTR"
"PVP01_0933800",349,"UGUAAGGUA","5' UTR"
"PVP01_1113300",127,"UGUAAGGUA","5' UTR"
"PVP01_1310000",594,"UGUAAGGUA","5' UTR"
"PVP01_1442100",95,"UGUAAGGUA","5' UTR"
"PVP01_0003510",48,"UGUAAGGUA","5' UTR"
"PVP01_0218300",343,"UGUAAGGUA","5' UTR"
"PVP01_0401500",137,"UGUAAGGUA","5' UTR"
"PVP01_0002890",568,"UGUAAGGUA","CDS"
"PVP01_0005720",193,"UGUAAGGUA","CDS"
"PVP01_0207300",1150,"UGUAAGGUA","CDS"
"PVP01_0308700",1180,"UGUAAGGUA","CDS"
"PVP01_0313900",1465,"UGUAAGGUA","CDS"
"PVP01_0415800",5098,"UGUAAGGUA","CDS"
"PVP01_0623800",1279,"UGUAAGGUA","CDS"
"PVP01_0722600",1621,"UGUAAGGUA","CDS"
"PVP01_0930000",2853,"UGUAAGGUA","CDS"
"PVP01_0943000",952,"UGUAAGGUA","CDS"
"PVP01_1211400",1663,"UGUAAGGUA","CDS"
"PVP01_1211400",1696,"UGUAAGGUA","CDS"
"PVP01_1211400",1729,"UGUAAGGUA","CDS"
"PVP01_1211400",1795,"UGUAAGGUA","CDS"
"PVP01_1243100",777,"UGUAAGGUA","CDS"
"PVP01_1343800",258,"UGUAAGGUA","CDS"
"PVP01_1440600",5332,"UGUAAGGUA","CDS"
"PVP01_1441700",264,"UGUAAGGUA","CDS"
"PVP01_0306000",699,"UGUAAGUUA","3' UTR"
"PVP01_0928600",145,"UGUAAGUUA","3' UTR"
"PVP01_0949000",149,"UGUAAGUUA","3' UTR"
"PVP01_1456800",1049,"UGUAAGUUA","3' UTR"
"PVP01_0000540",312,"UGUAAGUUA","3' UTR"
"PVP01_0001540",100,"UGUAAGUUA","3' UTR"
"PVP01_0001590",486,"UGUAAGUUA","3' UTR"
"PVP01_0002500",375,"UGUAAGUUA","3' UTR"
"PVP01_0005420",492,"UGUAAGUUA","3' UTR"
"PVP01_0006210",116,"UGUAAGUUA","3' UTR"
"PVP01_0006790",437,"UGUAAGUUA","3' UTR"
"PVP01_0007230",489,"UGUAAGUUA","3' UTR"
"PVP01_0007470",296,"UGUAAGUUA","3' UTR"
"PVP01_0007820",482,"UGUAAGUUA","3' UTR"
"PVP01_0010060",490,"UGUAAGUUA","3' UTR"
"PVP01_0010060",568,"UGUAAGUUA","3' UTR"
"PVP01_0010490",490,"UGUAAGUUA","3' UTR"
"PVP01_0011100",300,"UGUAAGUUA","3' UTR"
"PVP01_0100200",584,"UGUAAGUUA","3' UTR"
"PVP01_0901800",61,"UGUAAGUUA","3' UTR"
"PVP01_1000100",122,"UGUAAGUUA","3' UTR"
"PVP01_1034500",612,"UGUAAGUUA","3' UTR"
"PVP01_1273300",553,"UGUAAGUUA","3' UTR"
"PVP01_1470800",294,"UGUAAGUUA","3' UTR"
"PVP01_1472300",495,"UGUAAGUUA","3' UTR"
"PVP01_0109300",781,"UGUAAGUUA","5' UTR"
"PVP01_0527900",214,"UGUAAGUUA","5' UTR"
"PVP01_0622700",433,"UGUAAGUUA","5' UTR"
"PVP01_0721200",67,"UGUAAGUUA","5' UTR"
"PVP01_0904800",195,"UGUAAGUUA","5' UTR"
"PVP01_0932700",408,"UGUAAGUUA","5' UTR"
"PVP01_1017100",859,"UGUAAGUUA","5' UTR"
"PVP01_1028200",84,"UGUAAGUUA","5' UTR"
"PVP01_1143800",190,"UGUAAGUUA","5' UTR"
"PVP01_1242800",577,"UGUAAGUUA","5' UTR"
"PVP01_1309300",693,"UGUAAGUUA","5' UTR"
"PVP01_1311100",107,"UGUAAGUUA","5' UTR"
"PVP01_1338200",476,"UGUAAGUUA","5' UTR"
"PVP01_1416400",289,"UGUAAGUUA","5' UTR"
"PVP01_0001200",394,"UGUAAGUUA","5' UTR"
"PVP01_0002170",26,"UGUAAGUUA","5' UTR"
"PVP01_0002420",640,"UGUAAGUUA","5' UTR"
"PVP01_0003320",566,"UGUAAGUUA","5' UTR"
"PVP01_0007510",460,"UGUAAGUUA","5' UTR"
"PVP01_0008370",70,"UGUAAGUUA","5' UTR"
"PVP01_0220500",788,"UGUAAGUUA","5' UTR"
"PVP01_0901200",374,"UGUAAGUUA","5' UTR"
"PVP01_0000620",574,"UGUAAGUUA","CDS"
"PVP01_0000650",580,"UGUAAGUUA","CDS"
"PVP01_0000750",571,"UGUAAGUUA","CDS"
"PVP01_0003110",409,"UGUAAGUUA","CDS"
"PVP01_0006150",586,"UGUAAGUUA","CDS"
"PVP01_0009900",619,"UGUAAGUUA","CDS"
"PVP01_0011080",31,"UGUAAGUUA","CDS"
"PVP01_0215400",2086,"UGUAAGUUA","CDS"
"PVP01_0300400",1122,"UGUAAGUUA","CDS"
"PVP01_0618800",220,"UGUAAGUUA","CDS"
"PVP01_0812800",46,"UGUAAGUUA","CDS"
"PVP01_0920000",159,"UGUAAGUUA","CDS"
"PVP01_0923400",3568,"UGUAAGUUA","CDS"
"PVP01_0947800",2403,"UGUAAGUUA","CDS"
"PVP01_0950000",133,"UGUAAGUUA","CDS"
"PVP01_1100800",340,"UGUAAGUUA","CDS"
"PVP01_1129600",118,"UGUAAGUUA","CDS"
"PVP01_1200600",532,"UGUAAGUUA","CDS"
"PVP01_1265700",5979,"UGUAAGUUA","CDS"
"PVP01_1308600",877,"UGUAAGUUA","CDS"
"PVP01_1313500",1221,"UGUAAGUUA","CDS"
"PVP01_1322800",1641,"UGUAAGUUA","CDS"
"PVP01_1333300",1869,"UGUAAGUUA","CDS"
"PVP01_1347400",507,"UGUAAGUUA","CDS"
"PVP01_1347700",84,"UGUAAGUUA","CDS"
"PVP01_1427400",112,"UGUAAGUUA","CDS"
"PVP01_1441800",2443,"UGUAAGUUA","CDS"
"PVP01_1457900",10479,"UGUAAGUUA","CDS"
"PVP01_1469500",8355,"UGUAAGUUA","CDS"
"PVP01_0300700",341,"UGUAAUAUA","3' UTR"
"PVP01_0405000",645,"UGUAAUAUA","3' UTR"
"PVP01_0405400",138,"UGUAAUAUA","3' UTR"
"PVP01_0422800",16,"UGUAAUAUA","3' UTR"
"PVP01_0422800",275,"UGUAAUAUA","3' UTR"
"PVP01_0523900",1661,"UGUAAUAUA","3' UTR"
"PVP01_0623500",205,"UGUAAUAUA","3' UTR"
"PVP01_0701700",350,"UGUAAUAUA","3' UTR"
"PVP01_0810400",57,"UGUAAUAUA","3' UTR"
"PVP01_0933600",603,"UGUAAUAUA","3' UTR"
"PVP01_1002700",85,"UGUAAUAUA","3' UTR"
"PVP01_1112500",1170,"UGUAAUAUA","3' UTR"
"PVP01_1137800",72,"UGUAAUAUA","3' UTR"
"PVP01_1208000",1533,"UGUAAUAUA","3' UTR"
"PVP01_1226600",161,"UGUAAUAUA","3' UTR"
"PVP01_1268100",293,"UGUAAUAUA","3' UTR"
"PVP01_1322300",988,"UGUAAUAUA","3' UTR"
"PVP01_1331800",575,"UGUAAUAUA","3' UTR"
"PVP01_1339100",2441,"UGUAAUAUA","3' UTR"
"PVP01_1416500",509,"UGUAAUAUA","3' UTR"
"PVP01_0000110",55,"UGUAAUAUA","3' UTR"
"PVP01_0000380",382,"UGUAAUAUA","3' UTR"
"PVP01_0000490",635,"UGUAAUAUA","3' UTR"
"PVP01_0000590",407,"UGUAAUAUA","3' UTR"
"PVP01_0000720",398,"UGUAAUAUA","3' UTR"
"PVP01_0000790",353,"UGUAAUAUA","3' UTR"
"PVP01_0000830",387,"UGUAAUAUA","3' UTR"
"PVP01_0000930",587,"UGUAAUAUA","3' UTR"
"PVP01_0000940",141,"UGUAAUAUA","3' UTR"
"PVP01_0000950",78,"UGUAAUAUA","3' UTR"
"PVP01_0001050",4,"UGUAAUAUA","3' UTR"
"PVP01_0001130",536,"UGUAAUAUA","3' UTR"
"PVP01_0001150",470,"UGUAAUAUA","3' UTR"
"PVP01_0001170",620,"UGUAAUAUA","3' UTR"
"PVP01_0001200",4,"UGUAAUAUA","3' UTR"
"PVP01_0001220",464,"UGUAAUAUA","3' UTR"
"PVP01_0001320",4,"UGUAAUAUA","3' UTR"
"PVP01_0001320",636,"UGUAAUAUA","3' UTR"
"PVP01_0001370",212,"UGUAAUAUA","3' UTR"
"PVP01_0001370",246,"UGUAAUAUA","3' UTR"
"PVP01_0001390",4,"UGUAAUAUA","3' UTR"
"PVP01_0001460",433,"UGUAAUAUA","3' UTR"
"PVP01_0001520",605,"UGUAAUAUA","3' UTR"
"PVP01_0001530",362,"UGUAAUAUA","3' UTR"
"PVP01_0001720",14,"UGUAAUAUA","3' UTR"
"PVP01_0001750",209,"UGUAAUAUA","3' UTR"
"PVP01_0001890",205,"UGUAAUAUA","3' UTR"
"PVP01_0001950",154,"UGUAAUAUA","3' UTR"
"PVP01_0002000",388,"UGUAAUAUA","3' UTR"
"PVP01_0002050",23,"UGUAAUAUA","3' UTR"
"PVP01_0002090",112,"UGUAAUAUA","3' UTR"
"PVP01_0002120",403,"UGUAAUAUA","3' UTR"
"PVP01_0002320",109,"UGUAAUAUA","3' UTR"
"PVP01_0002320",622,"UGUAAUAUA","3' UTR"
"PVP01_0002440",110,"UGUAAUAUA","3' UTR"
"PVP01_0002610",461,"UGUAAUAUA","3' UTR"
"PVP01_0002670",111,"UGUAAUAUA","3' UTR"
"PVP01_0002950",194,"UGUAAUAUA","3' UTR"
"PVP01_0002980",148,"UGUAAUAUA","3' UTR"
"PVP01_0003080",522,"UGUAAUAUA","3' UTR"
"PVP01_0003180",49,"UGUAAUAUA","3' UTR"
"PVP01_0003430",37,"UGUAAUAUA","3' UTR"
"PVP01_0003460",448,"UGUAAUAUA","3' UTR"
"PVP01_0003550",605,"UGUAAUAUA","3' UTR"
"PVP01_0003560",196,"UGUAAUAUA","3' UTR"
"PVP01_0003610",393,"UGUAAUAUA","3' UTR"
"PVP01_0003720",529,"UGUAAUAUA","3' UTR"
"PVP01_0003730",134,"UGUAAUAUA","3' UTR"
"PVP01_0003740",407,"UGUAAUAUA","3' UTR"
"PVP01_0003770",214,"UGUAAUAUA","3' UTR"
"PVP01_0003780",348,"UGUAAUAUA","3' UTR"
"PVP01_0004020",400,"UGUAAUAUA","3' UTR"
"PVP01_0004500",196,"UGUAAUAUA","3' UTR"
"PVP01_0004660",418,"UGUAAUAUA","3' UTR"
"PVP01_0004780",11,"UGUAAUAUA","3' UTR"
"PVP01_0004800",256,"UGUAAUAUA","3' UTR"
"PVP01_0005050",205,"UGUAAUAUA","3' UTR"
"PVP01_0005070",352,"UGUAAUAUA","3' UTR"
"PVP01_0005090",139,"UGUAAUAUA","3' UTR"
"PVP01_0005100",533,"UGUAAUAUA","3' UTR"
"PVP01_0005330",467,"UGUAAUAUA","3' UTR"
"PVP01_0005360",308,"UGUAAUAUA","3' UTR"
"PVP01_0005580",4,"UGUAAUAUA","3' UTR"
"PVP01_0005740",613,"UGUAAUAUA","3' UTR"
"PVP01_0005880",169,"UGUAAUAUA","3' UTR"
"PVP01_0005980",505,"UGUAAUAUA","3' UTR"
"PVP01_0006040",347,"UGUAAUAUA","3' UTR"
"PVP01_0006410",452,"UGUAAUAUA","3' UTR"
"PVP01_0006460",257,"UGUAAUAUA","3' UTR"
"PVP01_0006560",376,"UGUAAUAUA","3' UTR"
"PVP01_0006780",206,"UGUAAUAUA","3' UTR"
"PVP01_0006790",573,"UGUAAUAUA","3' UTR"
"PVP01_0006910",199,"UGUAAUAUA","3' UTR"
"PVP01_0006920",132,"UGUAAUAUA","3' UTR"
"PVP01_0007030",365,"UGUAAUAUA","3' UTR"
"PVP01_0007330",503,"UGUAAUAUA","3' UTR"
"PVP01_0007380",397,"UGUAAUAUA","3' UTR"
"PVP01_0007390",99,"UGUAAUAUA","3' UTR"
"PVP01_0007490",614,"UGUAAUAUA","3' UTR"
"PVP01_0007650",388,"UGUAAUAUA","3' UTR"
"PVP01_0007700",619,"UGUAAUAUA","3' UTR"
"PVP01_0007720",431,"UGUAAUAUA","3' UTR"
"PVP01_0007840",9,"UGUAAUAUA","3' UTR"
"PVP01_0007920",266,"UGUAAUAUA","3' UTR"
"PVP01_0008030",111,"UGUAAUAUA","3' UTR"
"PVP01_0008120",467,"UGUAAUAUA","3' UTR"
"PVP01_0008140",5,"UGUAAUAUA","3' UTR"
"PVP01_0008310",337,"UGUAAUAUA","3' UTR"
"PVP01_0008330",531,"UGUAAUAUA","3' UTR"
"PVP01_0008420",309,"UGUAAUAUA","3' UTR"
"PVP01_0008740",461,"UGUAAUAUA","3' UTR"
"PVP01_0008810",613,"UGUAAUAUA","3' UTR"
"PVP01_0008940",4,"UGUAAUAUA","3' UTR"
"PVP01_0009020",474,"UGUAAUAUA","3' UTR"
"PVP01_0009070",294,"UGUAAUAUA","3' UTR"
"PVP01_0009130",204,"UGUAAUAUA","3' UTR"
"PVP01_0009230",431,"UGUAAUAUA","3' UTR"
"PVP01_0009250",667,"UGUAAUAUA","3' UTR"
"PVP01_0009330",620,"UGUAAUAUA","3' UTR"
"PVP01_0009510",480,"UGUAAUAUA","3' UTR"
"PVP01_0009630",387,"UGUAAUAUA","3' UTR"
"PVP01_0009740",23,"UGUAAUAUA","3' UTR"
"PVP01_0009850",23,"UGUAAUAUA","3' UTR"
"PVP01_0009960",475,"UGUAAUAUA","3' UTR"
"PVP01_0009980",501,"UGUAAUAUA","3' UTR"
"PVP01_0010010",48,"UGUAAUAUA","3' UTR"
"PVP01_0010250",37,"UGUAAUAUA","3' UTR"
"PVP01_0010580",407,"UGUAAUAUA","3' UTR"
"PVP01_0011070",303,"UGUAAUAUA","3' UTR"
"PVP01_0100500",137,"UGUAAUAUA","3' UTR"
"PVP01_0100500",471,"UGUAAUAUA","3' UTR"
"PVP01_0200500",660,"UGUAAUAUA","3' UTR"
"PVP01_0218000",588,"UGUAAUAUA","3' UTR"
"PVP01_0218100",671,"UGUAAUAUA","3' UTR"
"PVP01_0219100",61,"UGUAAUAUA","3' UTR"
"PVP01_0219300",194,"UGUAAUAUA","3' UTR"
"PVP01_0401200",152,"UGUAAUAUA","3' UTR"
"PVP01_0401700",196,"UGUAAUAUA","3' UTR"
"PVP01_0402800",437,"UGUAAUAUA","3' UTR"
"PVP01_0402900",503,"UGUAAUAUA","3' UTR"
"PVP01_0535300",208,"UGUAAUAUA","3' UTR"
"PVP01_0738900",590,"UGUAAUAUA","3' UTR"
"PVP01_0839000",253,"UGUAAUAUA","3' UTR"
"PVP01_0839600",230,"UGUAAUAUA","3' UTR"
"PVP01_0840000",4,"UGUAAUAUA","3' UTR"
"PVP01_0840300",67,"UGUAAUAUA","3' UTR"
"PVP01_0902900",474,"UGUAAUAUA","3' UTR"
"PVP01_0903400",485,"UGUAAUAUA","3' UTR"
"PVP01_1000100",198,"UGUAAUAUA","3' UTR"
"PVP01_1000600",673,"UGUAAUAUA","3' UTR"
"PVP01_1000700",617,"UGUAAUAUA","3' UTR"
"PVP01_1000800",609,"UGUAAUAUA","3' UTR"
"PVP01_1001500",4,"UGUAAUAUA","3' UTR"
"PVP01_1002000",4,"UGUAAUAUA","3' UTR"
"PVP01_1002000",592,"UGUAAUAUA","3' UTR"
"PVP01_1036000",179,"UGUAAUAUA","3' UTR"
"PVP01_1100200",197,"UGUAAUAUA","3' UTR"
"PVP01_1101000",16,"UGUAAUAUA","3' UTR"
"PVP01_1200800",508,"UGUAAUAUA","3' UTR"
"PVP01_1254400",605,"UGUAAUAUA","3' UTR"
"PVP01_1272600",23,"UGUAAUAUA","3' UTR"
"PVP01_1272800",459,"UGUAAUAUA","3' UTR"
"PVP01_1273200",207,"UGUAAUAUA","3' UTR"
"PVP01_1274800",478,"UGUAAUAUA","3' UTR"
"PVP01_1300500",409,"UGUAAUAUA","3' UTR"
"PVP01_1471300",181,"UGUAAUAUA","3' UTR"
"PVP01_1471600",610,"UGUAAUAUA","3' UTR"
"PVP01_1473000",393,"UGUAAUAUA","3' UTR"
"PVP01_API00200",300,"UGUAAUAUA","3' UTR"
"PVP01_0109800",188,"UGUAAUAUA","5' UTR"
"PVP01_0526600",752,"UGUAAUAUA","5' UTR"
"PVP01_0705100",3178,"UGUAAUAUA","5' UTR"
"PVP01_0708400",376,"UGUAAUAUA","5' UTR"
"PVP01_0735200",163,"UGUAAUAUA","5' UTR"
"PVP01_0801600",1937,"UGUAAUAUA","5' UTR"
"PVP01_0818800",26,"UGUAAUAUA","5' UTR"
"PVP01_0826200",1407,"UGUAAUAUA","5' UTR"
"PVP01_1003800",191,"UGUAAUAUA","5' UTR"
"PVP01_1009900",2978,"UGUAAUAUA","5' UTR"
"PVP01_1033300",1100,"UGUAAUAUA","5' UTR"
"PVP01_1127700",907,"UGUAAUAUA","5' UTR"
"PVP01_1145500",231,"UGUAAUAUA","5' UTR"
"PVP01_1219200",328,"UGUAAUAUA","5' UTR"
"PVP01_1233700",60,"UGUAAUAUA","5' UTR"
"PVP01_1245500",431,"UGUAAUAUA","5' UTR"
"PVP01_1251200",99,"UGUAAUAUA","5' UTR"
"PVP01_1254300",142,"UGUAAUAUA","5' UTR"
"PVP01_1260500",782,"UGUAAUAUA","5' UTR"
"PVP01_1261400",243,"UGUAAUAUA","5' UTR"
"PVP01_1261400",1138,"UGUAAUAUA","5' UTR"
"PVP01_1265900",4218,"UGUAAUAUA","5' UTR"
"PVP01_1302200",679,"UGUAAUAUA","5' UTR"
"PVP01_1309000",204,"UGUAAUAUA","5' UTR"
"PVP01_1322000",591,"UGUAAUAUA","5' UTR"
"PVP01_1323300",74,"UGUAAUAUA","5' UTR"
"PVP01_1401400",126,"UGUAAUAUA","5' UTR"
"PVP01_1423300",262,"UGUAAUAUA","5' UTR"
"PVP01_1461800",1858,"UGUAAUAUA","5' UTR"
"PVP01_1465600",1741,"UGUAAUAUA","5' UTR"
"PVP01_0000050",710,"UGUAAUAUA","5' UTR"
"PVP01_0000060",381,"UGUAAUAUA","5' UTR"
"PVP01_0000250",364,"UGUAAUAUA","5' UTR"
"PVP01_0000320",182,"UGUAAUAUA","5' UTR"
"PVP01_0000510",457,"UGUAAUAUA","5' UTR"
"PVP01_0000520",475,"UGUAAUAUA","5' UTR"
"PVP01_0001010",487,"UGUAAUAUA","5' UTR"
"PVP01_0001050",159,"UGUAAUAUA","5' UTR"
"PVP01_0001140",644,"UGUAAUAUA","5' UTR"
"PVP01_0001170",780,"UGUAAUAUA","5' UTR"
"PVP01_0001200",614,"UGUAAUAUA","5' UTR"
"PVP01_0001280",229,"UGUAAUAUA","5' UTR"
"PVP01_0001690",240,"UGUAAUAUA","5' UTR"
"PVP01_0001740",352,"UGUAAUAUA","5' UTR"
"PVP01_0002050",772,"UGUAAUAUA","5' UTR"
"PVP01_0002080",80,"UGUAAUAUA","5' UTR"
"PVP01_0002170",466,"UGUAAUAUA","5' UTR"
"PVP01_0002280",652,"UGUAAUAUA","5' UTR"
"PVP01_0002540",407,"UGUAAUAUA","5' UTR"
"PVP01_0002550",678,"UGUAAUAUA","5' UTR"
"PVP01_0002760",585,"UGUAAUAUA","5' UTR"
"PVP01_0002860",441,"UGUAAUAUA","5' UTR"
"PVP01_0002900",628,"UGUAAUAUA","5' UTR"
"PVP01_0002960",6,"UGUAAUAUA","5' UTR"
"PVP01_0002970",500,"UGUAAUAUA","5' UTR"
"PVP01_0003010",315,"UGUAAUAUA","5' UTR"
"PVP01_0003060",21,"UGUAAUAUA","5' UTR"
"PVP01_0003190",727,"UGUAAUAUA","5' UTR"
"PVP01_0003220",649,"UGUAAUAUA","5' UTR"
"PVP01_0003520",99,"UGUAAUAUA","5' UTR"
"PVP01_0003520",758,"UGUAAUAUA","5' UTR"
"PVP01_0003550",254,"UGUAAUAUA","5' UTR"
"PVP01_0003720",581,"UGUAAUAUA","5' UTR"
"PVP01_0003840",628,"UGUAAUAUA","5' UTR"
"PVP01_0004130",313,"UGUAAUAUA","5' UTR"
"PVP01_0004460",671,"UGUAAUAUA","5' UTR"
"PVP01_0004590",515,"UGUAAUAUA","5' UTR"
"PVP01_0004600",313,"UGUAAUAUA","5' UTR"
"PVP01_0004620",99,"UGUAAUAUA","5' UTR"
"PVP01_0004670",769,"UGUAAUAUA","5' UTR"
"PVP01_0004800",521,"UGUAAUAUA","5' UTR"
"PVP01_0004860",207,"UGUAAUAUA","5' UTR"
"PVP01_0005000",3,"UGUAAUAUA","5' UTR"
"PVP01_0005250",346,"UGUAAUAUA","5' UTR"
"PVP01_0005960",95,"UGUAAUAUA","5' UTR"
"PVP01_0006010",769,"UGUAAUAUA","5' UTR"
"PVP01_0006040",17,"UGUAAUAUA","5' UTR"
"PVP01_0006050",92,"UGUAAUAUA","5' UTR"
"PVP01_0006500",409,"UGUAAUAUA","5' UTR"
"PVP01_0006840",495,"UGUAAUAUA","5' UTR"
"PVP01_0007000",293,"UGUAAUAUA","5' UTR"
"PVP01_0007240",223,"UGUAAUAUA","5' UTR"
"PVP01_0007440",219,"UGUAAUAUA","5' UTR"
"PVP01_0007450",315,"UGUAAUAUA","5' UTR"
"PVP01_0007700",709,"UGUAAUAUA","5' UTR"
"PVP01_0007760",760,"UGUAAUAUA","5' UTR"
"PVP01_0007840",370,"UGUAAUAUA","5' UTR"
"PVP01_0007970",116,"UGUAAUAUA","5' UTR"
"PVP01_0008040",500,"UGUAAUAUA","5' UTR"
"PVP01_0008230",732,"UGUAAUAUA","5' UTR"
"PVP01_0008270",717,"UGUAAUAUA","5' UTR"
"PVP01_0008370",93,"UGUAAUAUA","5' UTR"
"PVP01_0008420",518,"UGUAAUAUA","5' UTR"
"PVP01_0008470",800,"UGUAAUAUA","5' UTR"
"PVP01_0008850",454,"UGUAAUAUA","5' UTR"
"PVP01_0008910",354,"UGUAAUAUA","5' UTR"
"PVP01_0009470",366,"UGUAAUAUA","5' UTR"
"PVP01_0009500",439,"UGUAAUAUA","5' UTR"
"PVP01_0009630",58,"UGUAAUAUA","5' UTR"
"PVP01_0009680",303,"UGUAAUAUA","5' UTR"
"PVP01_0009710",438,"UGUAAUAUA","5' UTR"
"PVP01_0009720",41,"UGUAAUAUA","5' UTR"
"PVP01_0009990",349,"UGUAAUAUA","5' UTR"
"PVP01_0010570",253,"UGUAAUAUA","5' UTR"
"PVP01_0010620",53,"UGUAAUAUA","5' UTR"
"PVP01_0010710",77,"UGUAAUAUA","5' UTR"
"PVP01_0010950",174,"UGUAAUAUA","5' UTR"
"PVP01_0011100",154,"UGUAAUAUA","5' UTR"
"PVP01_0011150",318,"UGUAAUAUA","5' UTR"
"PVP01_0120900",481,"UGUAAUAUA","5' UTR"
"PVP01_0120900",595,"UGUAAUAUA","5' UTR"
"PVP01_0121100",497,"UGUAAUAUA","5' UTR"
"PVP01_0121800",46,"UGUAAUAUA","5' UTR"
"PVP01_0200600",712,"UGUAAUAUA","5' UTR"
"PVP01_0218000",505,"UGUAAUAUA","5' UTR"
"PVP01_0218200",381,"UGUAAUAUA","5' UTR"
"PVP01_0218900",130,"UGUAAUAUA","5' UTR"
"PVP01_0220000",2,"UGUAAUAUA","5' UTR"
"PVP01_0221100",314,"UGUAAUAUA","5' UTR"
"PVP01_0301000",375,"UGUAAUAUA","5' UTR"
"PVP01_0301000",388,"UGUAAUAUA","5' UTR"
"PVP01_0301900",799,"UGUAAUAUA","5' UTR"
"PVP01_0401000",172,"UGUAAUAUA","5' UTR"
"PVP01_0402600",141,"UGUAAUAUA","5' UTR"
"PVP01_0402600",205,"UGUAAUAUA","5' UTR"
"PVP01_0404100",27,"UGUAAUAUA","5' UTR"
"PVP01_0404100",320,"UGUAAUAUA","5' UTR"
"PVP01_0500900",497,"UGUAAUAUA","5' UTR"
"PVP01_0501700",240,"UGUAAUAUA","5' UTR"
"PVP01_0502100",386,"UGUAAUAUA","5' UTR"
"PVP01_0503400",99,"UGUAAUAUA","5' UTR"
"PVP01_0534500",171,"UGUAAUAUA","5' UTR"
"PVP01_0534600",213,"UGUAAUAUA","5' UTR"
"PVP01_0535400",221,"UGUAAUAUA","5' UTR"
"PVP01_0600200",277,"UGUAAUAUA","5' UTR"
"PVP01_0735500",101,"UGUAAUAUA","5' UTR"
"PVP01_0737600",38,"UGUAAUAUA","5' UTR"
"PVP01_0738100",135,"UGUAAUAUA","5' UTR"
"PVP01_0738100",198,"UGUAAUAUA","5' UTR"
"PVP01_0839000",749,"UGUAAUAUA","5' UTR"
"PVP01_0839200",457,"UGUAAUAUA","5' UTR"
"PVP01_0840300",458,"UGUAAUAUA","5' UTR"
"PVP01_0840600",114,"UGUAAUAUA","5' UTR"
"PVP01_0840800",97,"UGUAAUAUA","5' UTR"
"PVP01_0840800",285,"UGUAAUAUA","5' UTR"
"PVP01_0900100",679,"UGUAAUAUA","5' UTR"
"PVP01_0900300",521,"UGUAAUAUA","5' UTR"
"PVP01_0900400",459,"UGUAAUAUA","5' UTR"
"PVP01_0902600",638,"UGUAAUAUA","5' UTR"
"PVP01_1001400",748,"UGUAAUAUA","5' UTR"
"PVP01_1034900",482,"UGUAAUAUA","5' UTR"
"PVP01_1035900",459,"UGUAAUAUA","5' UTR"
"PVP01_1036000",150,"UGUAAUAUA","5' UTR"
"PVP01_1036100",352,"UGUAAUAUA","5' UTR"
"PVP01_1148900",148,"UGUAAUAUA","5' UTR"
"PVP01_1200400",20,"UGUAAUAUA","5' UTR"
"PVP01_1274700",316,"UGUAAUAUA","5' UTR"
"PVP01_1300200",61,"UGUAAUAUA","5' UTR"
"PVP01_1401000",20,"UGUAAUAUA","5' UTR"
"PVP01_1472900",32,"UGUAAUAUA","5' UTR"
"PVP01_API01200",53,"UGUAAUAUA","5' UTR"
"PVP01_0000240",802,"UGUAAUAUA","CDS"
"PVP01_0000570",430,"UGUAAUAUA","CDS"
"PVP01_0001000",220,"UGUAAUAUA","CDS"
"PVP01_0001180",694,"UGUAAUAUA","CDS"
"PVP01_0001330",763,"UGUAAUAUA","CDS"
"PVP01_0001950",385,"UGUAAUAUA","CDS"
"PVP01_0002530",2655,"UGUAAUAUA","CDS"
"PVP01_0003180",729,"UGUAAUAUA","CDS"
"PVP01_0003570",112,"UGUAAUAUA","CDS"
"PVP01_0003810",205,"UGUAAUAUA","CDS"
"PVP01_0004630",391,"UGUAAUAUA","CDS"
"PVP01_0004750",391,"UGUAAUAUA","CDS"
"PVP01_0007860",792,"UGUAAUAUA","CDS"
"PVP01_0010350",352,"UGUAAUAUA","CDS"
"PVP01_0011030",571,"UGUAAUAUA","CDS"
"PVP01_0301700",537,"UGUAAUAUA","CDS"
"PVP01_0413800",298,"UGUAAUAUA","CDS"
"PVP01_0520000",510,"UGUAAUAUA","CDS"
"PVP01_0616000",406,"UGUAAUAUA","CDS"
"PVP01_0624300",574,"UGUAAUAUA","CDS"
"PVP01_0735300",1119,"UGUAAUAUA","CDS"
"PVP01_0944500",1171,"UGUAAUAUA","CDS"
"PVP01_0949800",580,"UGUAAUAUA","CDS"
"PVP01_1009100",1519,"UGUAAUAUA","CDS"
"PVP01_1011500",17119,"UGUAAUAUA","CDS"
"PVP01_1029500",792,"UGUAAUAUA","CDS"
"PVP01_1122200",39,"UGUAAUAUA","CDS"
"PVP01_1211600",685,"UGUAAUAUA","CDS"
"PVP01_1250600",57,"UGUAAUAUA","CDS"
"PVP01_1269200",2026,"UGUAAUAUA","CDS"
"PVP01_1270000",585,"UGUAAUAUA","CDS"
"PVP01_1321100",2065,"UGUAAUAUA","CDS"
"PVP01_1328500",1842,"UGUAAUAUA","CDS"
"PVP01_1401400",1018,"UGUAAUAUA","CDS"
"PVP01_1401400",1174,"UGUAAUAUA","CDS"
"PVP01_1421800",597,"UGUAAUAUA","CDS"
"PVP01_API04100",862,"UGUAAUAUA","CDS"
"PVP01_1122400",1361,"UGUAAUCUA","3' UTR"
"PVP01_1239400",831,"UGUAAUCUA","3' UTR"
"PVP01_1253600",202,"UGUAAUCUA","3' UTR"
"PVP01_1267200",436,"UGUAAUCUA","3' UTR"
"PVP01_0000460",170,"UGUAAUCUA","3' UTR"
"PVP01_0000680",410,"UGUAAUCUA","3' UTR"
"PVP01_0001700",305,"UGUAAUCUA","3' UTR"
"PVP01_0002700",187,"UGUAAUCUA","3' UTR"
"PVP01_0003020",680,"UGUAAUCUA","3' UTR"
"PVP01_0003090",388,"UGUAAUCUA","3' UTR"
"PVP01_0003570",207,"UGUAAUCUA","3' UTR"
"PVP01_0004490",200,"UGUAAUCUA","3' UTR"
"PVP01_0004970",273,"UGUAAUCUA","3' UTR"
"PVP01_0006020",577,"UGUAAUCUA","3' UTR"
"PVP01_0006520",174,"UGUAAUCUA","3' UTR"
"PVP01_0006810",671,"UGUAAUCUA","3' UTR"
"PVP01_0007180",251,"UGUAAUCUA","3' UTR"
"PVP01_0008300",384,"UGUAAUCUA","3' UTR"
"PVP01_0009980",112,"UGUAAUCUA","3' UTR"
"PVP01_0010460",679,"UGUAAUCUA","3' UTR"
"PVP01_0300300",270,"UGUAAUCUA","3' UTR"
"PVP01_0736200",112,"UGUAAUCUA","3' UTR"
"PVP01_0737700",678,"UGUAAUCUA","3' UTR"
"PVP01_1300200",162,"UGUAAUCUA","3' UTR"
"PVP01_0801700",1246,"UGUAAUCUA","5' UTR"
"PVP01_1115100",283,"UGUAAUCUA","5' UTR"
"PVP01_0001120",230,"UGUAAUCUA","5' UTR"
"PVP01_0001140",7,"UGUAAUCUA","5' UTR"
"PVP01_0001410",510,"UGUAAUCUA","5' UTR"
"PVP01_0004890",760,"UGUAAUCUA","5' UTR"
"PVP01_0005860",789,"UGUAAUCUA","5' UTR"
"PVP01_0006090",305,"UGUAAUCUA","5' UTR"
"PVP01_0007940",624,"UGUAAUCUA","5' UTR"
"PVP01_0403800",550,"UGUAAUCUA","5' UTR"
"PVP01_1001100",180,"UGUAAUCUA","5' UTR"
"PVP01_0218100",178,"UGUAAUCUA","CDS"
"PVP01_0727200",1839,"UGUAAUCUA","CDS"
"PVP01_1001400",109,"UGUAAUCUA","CDS"
"PVP01_1016600",714,"UGUAAUCUA","CDS"
"PVP01_1335300",76,"UGUAAUCUA","CDS"
"PVP01_0003400",1112,"UGUAAUGUA","3' UTR"
"PVP01_0509000",305,"UGUAAUGUA","3' UTR"
"PVP01_0521000",305,"UGUAAUGUA","3' UTR"
"PVP01_0603700",275,"UGUAAUGUA","3' UTR"
"PVP01_0610000",526,"UGUAAUGUA","3' UTR"
"PVP01_1142900",3241,"UGUAAUGUA","3' UTR"
"PVP01_1214000",2327,"UGUAAUGUA","3' UTR"
"PVP01_1225800",445,"UGUAAUGUA","3' UTR"
"PVP01_1271100",543,"UGUAAUGUA","3' UTR"
"PVP01_1331800",570,"UGUAAUGUA","3' UTR"
"PVP01_1424500",526,"UGUAAUGUA","3' UTR"
"PVP01_1429000",1807,"UGUAAUGUA","3' UTR"
"PVP01_0000600",464,"UGUAAUGUA","3' UTR"
"PVP01_0000730",457,"UGUAAUGUA","3' UTR"
"PVP01_0001380",418,"UGUAAUGUA","3' UTR"
"PVP01_0001590",278,"UGUAAUGUA","3' UTR"
"PVP01_0002040",514,"UGUAAUGUA","3' UTR"
"PVP01_0002620",417,"UGUAAUGUA","3' UTR"
"PVP01_0002700",403,"UGUAAUGUA","3' UTR"
"PVP01_0003040",419,"UGUAAUGUA","3' UTR"
"PVP01_0003200",352,"UGUAAUGUA","3' UTR"
"PVP01_0003680",419,"UGUAAUGUA","3' UTR"
"PVP01_0004620",377,"UGUAAUGUA","3' UTR"
"PVP01_0004770",183,"UGUAAUGUA","3' UTR"
"PVP01_0005610",139,"UGUAAUGUA","3' UTR"
"PVP01_0005700",264,"UGUAAUGUA","3' UTR"
"PVP01_0006600",429,"UGUAAUGUA","3' UTR"
"PVP01_0006710",272,"UGUAAUGUA","3' UTR"
"PVP01_0006780",409,"UGUAAUGUA","3' UTR"
"PVP01_0007040",300,"UGUAAUGUA","3' UTR"
"PVP01_0007210",633,"UGUAAUGUA","3' UTR"
"PVP01_0007350",31,"UGUAAUGUA","3' UTR"
"PVP01_0007840",153,"UGUAAUGUA","3' UTR"
"PVP01_0008410",419,"UGUAAUGUA","3' UTR"
"PVP01_0008540",679,"UGUAAUGUA","3' UTR"
"PVP01_0009550",152,"UGUAAUGUA","3' UTR"
"PVP01_0009720",175,"UGUAAUGUA","3' UTR"
"PVP01_0010060",278,"UGUAAUGUA","3' UTR"
"PVP01_0011060",418,"UGUAAUGUA","3' UTR"
"PVP01_0100700",37,"UGUAAUGUA","3' UTR"
"PVP01_0200100",31,"UGUAAUGUA","3' UTR"
"PVP01_0218100",315,"UGUAAUGUA","3' UTR"
"PVP01_0219700",557,"UGUAAUGUA","3' UTR"
"PVP01_0503100",568,"UGUAAUGUA","3' UTR"
"PVP01_0840400",138,"UGUAAUGUA","3' UTR"
"PVP01_0902400",517,"UGUAAUGUA","3' UTR"
"PVP01_1002000",556,"UGUAAUGUA","3' UTR"
"PVP01_1273200",410,"UGUAAUGUA","3' UTR"
"PVP01_1304600",7,"UGUAAUGUA","3' UTR"
"PVP01_1347200",383,"UGUAAUGUA","3' UTR"
"PVP01_1403800",286,"UGUAAUGUA","3' UTR"
"PVP01_1469600",370,"UGUAAUGUA","3' UTR"
"PVP01_0103600",18,"UGUAAUGUA","5' UTR"
"PVP01_0212200",285,"UGUAAUGUA","5' UTR"
"PVP01_0421000",486,"UGUAAUGUA","5' UTR"
"PVP01_0508500",536,"UGUAAUGUA","5' UTR"
"PVP01_0517300",33,"UGUAAUGUA","5' UTR"
"PVP01_0527700",1473,"UGUAAUGUA","5' UTR"
"PVP01_0609100",6,"UGUAAUGUA","5' UTR"
"PVP01_0622300",227,"UGUAAUGUA","5' UTR"
"PVP01_0703900",30,"UGUAAUGUA","5' UTR"
"PVP01_0808400",340,"UGUAAUGUA","5' UTR"
"PVP01_0811900",835,"UGUAAUGUA","5' UTR"
"PVP01_0812200",241,"UGUAAUGUA","5' UTR"
"PVP01_0813100",1466,"UGUAAUGUA","5' UTR"
"PVP01_0825200",237,"UGUAAUGUA","5' UTR"
"PVP01_0945100",1015,"UGUAAUGUA","5' UTR"
"PVP01_1014000",54,"UGUAAUGUA","5' UTR"
"PVP01_1016700",243,"UGUAAUGUA","5' UTR"
"PVP01_1033500",392,"UGUAAUGUA","5' UTR"
"PVP01_1116600",176,"UGUAAUGUA","5' UTR"
"PVP01_1222800",682,"UGUAAUGUA","5' UTR"
"PVP01_1253300",411,"UGUAAUGUA","5' UTR"
"PVP01_1258700",559,"UGUAAUGUA","5' UTR"
"PVP01_1265800",449,"UGUAAUGUA","5' UTR"
"PVP01_1305000",361,"UGUAAUGUA","5' UTR"
"PVP01_1305000",370,"UGUAAUGUA","5' UTR"
"PVP01_1308000",3945,"UGUAAUGUA","5' UTR"
"PVP01_1313900",710,"UGUAAUGUA","5' UTR"
"PVP01_1329700",37,"UGUAAUGUA","5' UTR"
"PVP01_1337600",661,"UGUAAUGUA","5' UTR"
"PVP01_1341900",391,"UGUAAUGUA","5' UTR"
"PVP01_1346200",561,"UGUAAUGUA","5' UTR"
"PVP01_1427300",966,"UGUAAUGUA","5' UTR"
"PVP01_1437000",728,"UGUAAUGUA","5' UTR"
"PVP01_1446000",455,"UGUAAUGUA","5' UTR"
"PVP01_1454900",241,"UGUAAUGUA","5' UTR"
"PVP01_0001560",124,"UGUAAUGUA","5' UTR"
"PVP01_0001840",3,"UGUAAUGUA","5' UTR"
"PVP01_0001880",97,"UGUAAUGUA","5' UTR"
"PVP01_0001910",130,"UGUAAUGUA","5' UTR"
"PVP01_0002310",574,"UGUAAUGUA","5' UTR"
"PVP01_0002460",37,"UGUAAUGUA","5' UTR"
"PVP01_0003100",750,"UGUAAUGUA","5' UTR"
"PVP01_0003780",37,"UGUAAUGUA","5' UTR"
"PVP01_0003950",771,"UGUAAUGUA","5' UTR"
"PVP01_0004660",617,"UGUAAUGUA","5' UTR"
"PVP01_0005100",88,"UGUAAUGUA","5' UTR"
"PVP01_0005430",167,"UGUAAUGUA","5' UTR"
"PVP01_0005600",207,"UGUAAUGUA","5' UTR"
"PVP01_0005800",475,"UGUAAUGUA","5' UTR"
"PVP01_0006440",370,"UGUAAUGUA","5' UTR"
"PVP01_0007870",455,"UGUAAUGUA","5' UTR"
"PVP01_0007920",22,"UGUAAUGUA","5' UTR"
"PVP01_0008200",242,"UGUAAUGUA","5' UTR"
"PVP01_0008670",469,"UGUAAUGUA","5' UTR"
"PVP01_0008950",232,"UGUAAUGUA","5' UTR"
"PVP01_0009100",610,"UGUAAUGUA","5' UTR"
"PVP01_0009990",225,"UGUAAUGUA","5' UTR"
"PVP01_0219600",613,"UGUAAUGUA","5' UTR"
"PVP01_0221600",351,"UGUAAUGUA","5' UTR"
"PVP01_0404600",154,"UGUAAUGUA","5' UTR"
"PVP01_0534800",171,"UGUAAUGUA","5' UTR"
"PVP01_0838500",708,"UGUAAUGUA","5' UTR"
"PVP01_0838900",160,"UGUAAUGUA","5' UTR"
"PVP01_MIT02700",72,"UGUAAUGUA","5' UTR"
"PVP01_0000820",436,"UGUAAUGUA","CDS"
"PVP01_0001080",586,"UGUAAUGUA","CDS"
"PVP01_0004500",175,"UGUAAUGUA","CDS"
"PVP01_0006850",619,"UGUAAUGUA","CDS"
"PVP01_0007450",568,"UGUAAUGUA","CDS"
"PVP01_0008020",112,"UGUAAUGUA","CDS"
"PVP01_0009460",1027,"UGUAAUGUA","CDS"
"PVP01_0121100",619,"UGUAAUGUA","CDS"
"PVP01_0215600",4276,"UGUAAUGUA","CDS"
"PVP01_0500900",1005,"UGUAAUGUA","CDS"
"PVP01_0703300",5509,"UGUAAUGUA","CDS"
"PVP01_0737500",580,"UGUAAUGUA","CDS"
"PVP01_0832100",499,"UGUAAUGUA","CDS"
"PVP01_0839800",1180,"UGUAAUGUA","CDS"
"PVP01_1035200",370,"UGUAAUGUA","CDS"
"PVP01_1251100",3622,"UGUAAUGUA","CDS"
"PVP01_1252700",2269,"UGUAAUGUA","CDS"
"PVP01_1331600",2496,"UGUAAUGUA","CDS"
"PVP01_1401400",934,"UGUAAUGUA","CDS"
"PVP01_1419200",279,"UGUAAUGUA","CDS"
"PVP01_1449200",2680,"UGUAAUGUA","CDS"
"PVP01_0000170",316,"UGUAAUUUA","3' UTR"
"PVP01_0304100",1051,"UGUAAUUUA","3' UTR"
"PVP01_0306000",1548,"UGUAAUUUA","3' UTR"
"PVP01_0414300",347,"UGUAAUUUA","3' UTR"
"PVP01_0617600",298,"UGUAAUUUA","3' UTR"
"PVP01_0838100",2985,"UGUAAUUUA","3' UTR"
"PVP01_0903900",153,"UGUAAUUUA","3' UTR"
"PVP01_0916300",307,"UGUAAUUUA","3' UTR"
"PVP01_0934300",511,"UGUAAUUUA","3' UTR"
"PVP01_1008100",174,"UGUAAUUUA","3' UTR"
"PVP01_1109600",551,"UGUAAUUUA","3' UTR"
"PVP01_1110900",607,"UGUAAUUUA","3' UTR"
"PVP01_1119300",232,"UGUAAUUUA","3' UTR"
"PVP01_1138000",331,"UGUAAUUUA","3' UTR"
"PVP01_1141200",226,"UGUAAUUUA","3' UTR"
"PVP01_1207800",556,"UGUAAUUUA","3' UTR"
"PVP01_1252000",929,"UGUAAUUUA","3' UTR"
"PVP01_1266100",1160,"UGUAAUUUA","3' UTR"
"PVP01_1303000",1114,"UGUAAUUUA","3' UTR"
"PVP01_1317200",916,"UGUAAUUUA","3' UTR"
"PVP01_1317200",1159,"UGUAAUUUA","3' UTR"
"PVP01_1322400",191,"UGUAAUUUA","3' UTR"
"PVP01_1402600",1030,"UGUAAUUUA","3' UTR"
"PVP01_1410100",1817,"UGUAAUUUA","3' UTR"
"PVP01_1425000",98,"UGUAAUUUA","3' UTR"
"PVP01_0000010",174,"UGUAAUUUA","3' UTR"
"PVP01_0000410",509,"UGUAAUUUA","3' UTR"
"PVP01_0000570",433,"UGUAAUUUA","3' UTR"
"PVP01_0001070",383,"UGUAAUUUA","3' UTR"
"PVP01_0001130",592,"UGUAAUUUA","3' UTR"
"PVP01_0001130",619,"UGUAAUUUA","3' UTR"
"PVP01_0001640",313,"UGUAAUUUA","3' UTR"
"PVP01_0001890",223,"UGUAAUUUA","3' UTR"
"PVP01_0003080",438,"UGUAAUUUA","3' UTR"
"PVP01_0003490",532,"UGUAAUUUA","3' UTR"
"PVP01_0003630",127,"UGUAAUUUA","3' UTR"
"PVP01_0003690",559,"UGUAAUUUA","3' UTR"
"PVP01_0003740",514,"UGUAAUUUA","3' UTR"
"PVP01_0003760",313,"UGUAAUUUA","3' UTR"
"PVP01_0004160",160,"UGUAAUUUA","3' UTR"
"PVP01_0004240",56,"UGUAAUUUA","3' UTR"
"PVP01_0004980",466,"UGUAAUUUA","3' UTR"
"PVP01_0005090",226,"UGUAAUUUA","3' UTR"
"PVP01_0005100",590,"UGUAAUUUA","3' UTR"
"PVP01_0005250",304,"UGUAAUUUA","3' UTR"
"PVP01_0005640",480,"UGUAAUUUA","3' UTR"
"PVP01_0005720",80,"UGUAAUUUA","3' UTR"
"PVP01_0005720",175,"UGUAAUUUA","3' UTR"
"PVP01_0005970",431,"UGUAAUUUA","3' UTR"
"PVP01_0006190",18,"UGUAAUUUA","3' UTR"
"PVP01_0006560",124,"UGUAAUUUA","3' UTR"
"PVP01_0007010",422,"UGUAAUUUA","3' UTR"
"PVP01_0007250",614,"UGUAAUUUA","3' UTR"
"PVP01_0007290",537,"UGUAAUUUA","3' UTR"
"PVP01_0007360",544,"UGUAAUUUA","3' UTR"
"PVP01_0007400",556,"UGUAAUUUA","3' UTR"
"PVP01_0007620",309,"UGUAAUUUA","3' UTR"
"PVP01_0007630",118,"UGUAAUUUA","3' UTR"
"PVP01_0007670",217,"UGUAAUUUA","3' UTR"
"PVP01_0007720",142,"UGUAAUUUA","3' UTR"
"PVP01_0008070",553,"UGUAAUUUA","3' UTR"
"PVP01_0008360",203,"UGUAAUUUA","3' UTR"
"PVP01_0008820",135,"UGUAAUUUA","3' UTR"
"PVP01_0008870",77,"UGUAAUUUA","3' UTR"
"PVP01_0010240",561,"UGUAAUUUA","3' UTR"
"PVP01_0010700",567,"UGUAAUUUA","3' UTR"
"PVP01_0100800",252,"UGUAAUUUA","3' UTR"
"PVP01_0101000",529,"UGUAAUUUA","3' UTR"
"PVP01_0101100",120,"UGUAAUUUA","3' UTR"
"PVP01_0119800",178,"UGUAAUUUA","3' UTR"
"PVP01_0218700",391,"UGUAAUUUA","3' UTR"
"PVP01_0219900",164,"UGUAAUUUA","3' UTR"
"PVP01_0221300",309,"UGUAAUUUA","3' UTR"
"PVP01_0400400",173,"UGUAAUUUA","3' UTR"
"PVP01_0401100",226,"UGUAAUUUA","3' UTR"
"PVP01_0401200",209,"UGUAAUUUA","3' UTR"
"PVP01_0401200",551,"UGUAAUUUA","3' UTR"
"PVP01_0403300",115,"UGUAAUUUA","3' UTR"
"PVP01_0624200",374,"UGUAAUUUA","3' UTR"
"PVP01_0625000",567,"UGUAAUUUA","3' UTR"
"PVP01_0737400",238,"UGUAAUUUA","3' UTR"
"PVP01_0737400",462,"UGUAAUUUA","3' UTR"
"PVP01_0739050",514,"UGUAAUUUA","3' UTR"
"PVP01_0839600",609,"UGUAAUUUA","3' UTR"
"PVP01_0840000",446,"UGUAAUUUA","3' UTR"
"PVP01_0840100",287,"UGUAAUUUA","3' UTR"
"PVP01_0841000",565,"UGUAAUUUA","3' UTR"
"PVP01_0900400",370,"UGUAAUUUA","3' UTR"
"PVP01_0901000",580,"UGUAAUUUA","3' UTR"
"PVP01_1035200",137,"UGUAAUUUA","3' UTR"
"PVP01_1035200",591,"UGUAAUUUA","3' UTR"
"PVP01_1035800",509,"UGUAAUUUA","3' UTR"
"PVP01_1273500",106,"UGUAAUUUA","3' UTR"
"PVP01_1312000",332,"UGUAAUUUA","3' UTR"
"PVP01_API04100",260,"UGUAAUUUA","3' UTR"
"PVP01_0413800",129,"UGUAAUUUA","5' UTR"
"PVP01_0506500",1365,"UGUAAUUUA","5' UTR"
"PVP01_0620100",1532,"UGUAAUUUA","5' UTR"
"PVP01_0622700",2318,"UGUAAUUUA","5' UTR"
"PVP01_0623500",84,"UGUAAUUUA","5' UTR"
"PVP01_0712500",2021,"UGUAAUUUA","5' UTR"
"PVP01_0726000",925,"UGUAAUUUA","5' UTR"
"PVP01_0730900",339,"UGUAAUUUA","5' UTR"
"PVP01_0734700",49,"UGUAAUUUA","5' UTR"
"PVP01_0906100",467,"UGUAAUUUA","5' UTR"
"PVP01_0927100",132,"UGUAAUUUA","5' UTR"
"PVP01_0946100",2,"UGUAAUUUA","5' UTR"
"PVP01_0948600",51,"UGUAAUUUA","5' UTR"
"PVP01_1116200",1253,"UGUAAUUUA","5' UTR"
"PVP01_1137700",134,"UGUAAUUUA","5' UTR"
"PVP01_1137700",536,"UGUAAUUUA","5' UTR"
"PVP01_1202400",320,"UGUAAUUUA","5' UTR"
"PVP01_1235300",763,"UGUAAUUUA","5' UTR"
"PVP01_1249000",1772,"UGUAAUUUA","5' UTR"
"PVP01_1307100",362,"UGUAAUUUA","5' UTR"
"PVP01_1442500",3110,"UGUAAUUUA","5' UTR"
"PVP01_0000220",619,"UGUAAUUUA","5' UTR"
"PVP01_0000310",721,"UGUAAUUUA","5' UTR"
"PVP01_0000990",438,"UGUAAUUUA","5' UTR"
"PVP01_0001090",798,"UGUAAUUUA","5' UTR"
"PVP01_0001470",549,"UGUAAUUUA","5' UTR"
"PVP01_0002270",587,"UGUAAUUUA","5' UTR"
"PVP01_0002310",727,"UGUAAUUUA","5' UTR"
"PVP01_0002830",540,"UGUAAUUUA","5' UTR"
"PVP01_0002970",354,"UGUAAUUUA","5' UTR"
"PVP01_0003090",68,"UGUAAUUUA","5' UTR"
"PVP01_0003430",744,"UGUAAUUUA","5' UTR"
"PVP01_0003490",249,"UGUAAUUUA","5' UTR"
"PVP01_0003490",704,"UGUAAUUUA","5' UTR"
"PVP01_0003720",727,"UGUAAUUUA","5' UTR"
"PVP01_0003800",543,"UGUAAUUUA","5' UTR"
"PVP01_0003880",334,"UGUAAUUUA","5' UTR"
"PVP01_0004020",270,"UGUAAUUUA","5' UTR"
"PVP01_0004060",349,"UGUAAUUUA","5' UTR"
"PVP01_0004070",645,"UGUAAUUUA","5' UTR"
"PVP01_0004430",179,"UGUAAUUUA","5' UTR"
"PVP01_0004510",202,"UGUAAUUUA","5' UTR"
"PVP01_0004630",710,"UGUAAUUUA","5' UTR"
"PVP01_0004840",435,"UGUAAUUUA","5' UTR"
"PVP01_0005540",3,"UGUAAUUUA","5' UTR"
"PVP01_0005600",287,"UGUAAUUUA","5' UTR"
"PVP01_0005720",1,"UGUAAUUUA","5' UTR"
"PVP01_0005950",95,"UGUAAUUUA","5' UTR"
"PVP01_0006560",457,"UGUAAUUUA","5' UTR"
"PVP01_0006570",632,"UGUAAUUUA","5' UTR"
"PVP01_0006620",739,"UGUAAUUUA","5' UTR"
"PVP01_0006860",359,"UGUAAUUUA","5' UTR"
"PVP01_0007320",303,"UGUAAUUUA","5' UTR"
"PVP01_0007540",620,"UGUAAUUUA","5' UTR"
"PVP01_0007640",617,"UGUAAUUUA","5' UTR"
"PVP01_0007930",358,"UGUAAUUUA","5' UTR"
"PVP01_0008020",34,"UGUAAUUUA","5' UTR"
"PVP01_0008710",192,"UGUAAUUUA","5' UTR"
"PVP01_0009310",45,"UGUAAUUUA","5' UTR"
"PVP01_0009590",152,"UGUAAUUUA","5' UTR"
"PVP01_0101500",144,"UGUAAUUUA","5' UTR"
"PVP01_0102400",77,"UGUAAUUUA","5' UTR"
"PVP01_0102800",574,"UGUAAUUUA","5' UTR"
"PVP01_0116700",110,"UGUAAUUUA","5' UTR"
"PVP01_0217500",333,"UGUAAUUUA","5' UTR"
"PVP01_0218800",32,"UGUAAUUUA","5' UTR"
"PVP01_0219200",123,"UGUAAUUUA","5' UTR"
"PVP01_0219800",193,"UGUAAUUUA","5' UTR"
"PVP01_0219900",225,"UGUAAUUUA","5' UTR"
"PVP01_0220200",219,"UGUAAUUUA","5' UTR"
"PVP01_0300400",284,"UGUAAUUUA","5' UTR"
"PVP01_0300900",238,"UGUAAUUUA","5' UTR"
"PVP01_0301300",688,"UGUAAUUUA","5' UTR"
"PVP01_0400100",314,"UGUAAUUUA","5' UTR"
"PVP01_0400500",69,"UGUAAUUUA","5' UTR"
"PVP01_0401400",193,"UGUAAUUUA","5' UTR"
"PVP01_0516600",495,"UGUAAUUUA","5' UTR"
"PVP01_0533400",794,"UGUAAUUUA","5' UTR"
"PVP01_0730000",563,"UGUAAUUUA","5' UTR"
"PVP01_0800100",207,"UGUAAUUUA","5' UTR"
"PVP01_0902000",542,"UGUAAUUUA","5' UTR"
"PVP01_0902100",74,"UGUAAUUUA","5' UTR"
"PVP01_0902500",100,"UGUAAUUUA","5' UTR"
"PVP01_1000800",502,"UGUAAUUUA","5' UTR"
"PVP01_1034800",741,"UGUAAUUUA","5' UTR"
"PVP01_1122100",644,"UGUAAUUUA","5' UTR"
"PVP01_1148500",105,"UGUAAUUUA","5' UTR"
"PVP01_1271900",502,"UGUAAUUUA","5' UTR"
"PVP01_1419800",152,"UGUAAUUUA","5' UTR"
"PVP01_1438200",326,"UGUAAUUUA","5' UTR"
"PVP01_1472000",104,"UGUAAUUUA","5' UTR"
"PVP01_1473000",658,"UGUAAUUUA","5' UTR"
"PVP01_0001870",607,"UGUAAUUUA","CDS"
"PVP01_0003260",820,"UGUAAUUUA","CDS"
"PVP01_0003560",376,"UGUAAUUUA","CDS"
"PVP01_0004600",568,"UGUAAUUUA","CDS"
"PVP01_0004710",679,"UGUAAUUUA","CDS"
"PVP01_0004840",112,"UGUAAUUUA","CDS"
"PVP01_0005520",628,"UGUAAUUUA","CDS"
"PVP01_0005620",850,"UGUAAUUUA","CDS"
"PVP01_0007170",622,"UGUAAUUUA","CDS"
"PVP01_0010170",619,"UGUAAUUUA","CDS"
"PVP01_0010360",406,"UGUAAUUUA","CDS"
"PVP01_0401700",370,"UGUAAUUUA","CDS"
"PVP01_0510100",2943,"UGUAAUUUA","CDS"
"PVP01_0523400",352,"UGUAAUUUA","CDS"
"PVP01_0533800",379,"UGUAAUUUA","CDS"
"PVP01_0728700",540,"UGUAAUUUA","CDS"
"PVP01_0806400",1038,"UGUAAUUUA","CDS"
"PVP01_0923700",4749,"UGUAAUUUA","CDS"
"PVP01_1001300",466,"UGUAAUUUA","CDS"
"PVP01_1026900",783,"UGUAAUUUA","CDS"
"PVP01_1034500",231,"UGUAAUUUA","CDS"
"PVP01_1105300",787,"UGUAAUUUA","CDS"
"PVP01_1107300",949,"UGUAAUUUA","CDS"
"PVP01_1216700",918,"UGUAAUUUA","CDS"
"PVP01_1223500",2713,"UGUAAUUUA","CDS"
"PVP01_1242200",1567,"UGUAAUUUA","CDS"
"PVP01_1255100",396,"UGUAAUUUA","CDS"
"PVP01_1415500",262,"UGUAAUUUA","CDS"
"PVP01_1438500",1170,"UGUAAUUUA","CDS"
"PVP01_API04000",247,"UGUAAUUUA","CDS"
"PVP01_0102600",1232,"UGUACAAUA","3' UTR"
"PVP01_0201200",956,"UGUACAAUA","3' UTR"
"PVP01_0203300",412,"UGUACAAUA","3' UTR"
"PVP01_0422800",657,"UGUACAAUA","3' UTR"
"PVP01_0505000",149,"UGUACAAUA","3' UTR"
"PVP01_0601200",319,"UGUACAAUA","3' UTR"
"PVP01_0612700",230,"UGUACAAUA","3' UTR"
"PVP01_0616100",180,"UGUACAAUA","3' UTR"
"PVP01_0616700",1585,"UGUACAAUA","3' UTR"
"PVP01_0935100",1463,"UGUACAAUA","3' UTR"
"PVP01_0946300",2586,"UGUACAAUA","3' UTR"
"PVP01_1002700",638,"UGUACAAUA","3' UTR"
"PVP01_1010000",257,"UGUACAAUA","3' UTR"
"PVP01_1034200",1127,"UGUACAAUA","3' UTR"
"PVP01_1114900",43,"UGUACAAUA","3' UTR"
"PVP01_1255200",1371,"UGUACAAUA","3' UTR"
"PVP01_1262200",92,"UGUACAAUA","3' UTR"
"PVP01_1308000",206,"UGUACAAUA","3' UTR"
"PVP01_1339100",1452,"UGUACAAUA","3' UTR"
"PVP01_1402000",726,"UGUACAAUA","3' UTR"
"PVP01_1410200",404,"UGUACAAUA","3' UTR"
"PVP01_1426000",207,"UGUACAAUA","3' UTR"
"PVP01_1460700",1039,"UGUACAAUA","3' UTR"
"PVP01_0001190",611,"UGUACAAUA","3' UTR"
"PVP01_0002410",589,"UGUACAAUA","3' UTR"
"PVP01_0002490",302,"UGUACAAUA","3' UTR"
"PVP01_0002800",585,"UGUACAAUA","3' UTR"
"PVP01_0002910",413,"UGUACAAUA","3' UTR"
"PVP01_0003830",415,"UGUACAAUA","3' UTR"
"PVP01_0004720",589,"UGUACAAUA","3' UTR"
"PVP01_0005130",247,"UGUACAAUA","3' UTR"
"PVP01_0005220",426,"UGUACAAUA","3' UTR"
"PVP01_0005310",66,"UGUACAAUA","3' UTR"
"PVP01_0005825",409,"UGUACAAUA","3' UTR"
"PVP01_0007540",43,"UGUACAAUA","3' UTR"
"PVP01_0008060",634,"UGUACAAUA","3' UTR"
"PVP01_0008470",21,"UGUACAAUA","3' UTR"
"PVP01_0008520",430,"UGUACAAUA","3' UTR"
"PVP01_0009600",330,"UGUACAAUA","3' UTR"
"PVP01_0009930",503,"UGUACAAUA","3' UTR"
"PVP01_0010820",496,"UGUACAAUA","3' UTR"
"PVP01_0011050",497,"UGUACAAUA","3' UTR"
"PVP01_0301900",41,"UGUACAAUA","3' UTR"
"PVP01_0501400",577,"UGUACAAUA","3' UTR"
"PVP01_0704700",278,"UGUACAAUA","3' UTR"
"PVP01_0736300",17,"UGUACAAUA","3' UTR"
"PVP01_0736800",388,"UGUACAAUA","3' UTR"
"PVP01_0738600",444,"UGUACAAUA","3' UTR"
"PVP01_0809600",631,"UGUACAAUA","3' UTR"
"PVP01_0901200",320,"UGUACAAUA","3' UTR"
"PVP01_0949600",547,"UGUACAAUA","3' UTR"
"PVP01_0949800",324,"UGUACAAUA","3' UTR"
"PVP01_1122100",52,"UGUACAAUA","3' UTR"
"PVP01_1300400",14,"UGUACAAUA","3' UTR"
"PVP01_0308600",368,"UGUACAAUA","5' UTR"
"PVP01_0512900",1047,"UGUACAAUA","5' UTR"
"PVP01_0709000",1058,"UGUACAAUA","5' UTR"
"PVP01_0716400",218,"UGUACAAUA","5' UTR"
"PVP01_0722100",607,"UGUACAAUA","5' UTR"
"PVP01_0837700",418,"UGUACAAUA","5' UTR"
"PVP01_0838300",281,"UGUACAAUA","5' UTR"
"PVP01_0922800",180,"UGUACAAUA","5' UTR"
"PVP01_1109300",1142,"UGUACAAUA","5' UTR"
"PVP01_1121200",787,"UGUACAAUA","5' UTR"
"PVP01_1121800",1163,"UGUACAAUA","5' UTR"
"PVP01_1140300",181,"UGUACAAUA","5' UTR"
"PVP01_1143100",360,"UGUACAAUA","5' UTR"
"PVP01_1147700",1412,"UGUACAAUA","5' UTR"
"PVP01_1241400",837,"UGUACAAUA","5' UTR"
"PVP01_1241800",521,"UGUACAAUA","5' UTR"
"PVP01_1256000",1942,"UGUACAAUA","5' UTR"
"PVP01_1257000",685,"UGUACAAUA","5' UTR"
"PVP01_1257500",2217,"UGUACAAUA","5' UTR"
"PVP01_1336500",764,"UGUACAAUA","5' UTR"
"PVP01_1341400",1716,"UGUACAAUA","5' UTR"
"PVP01_1436300",867,"UGUACAAUA","5' UTR"
"PVP01_1436700",1206,"UGUACAAUA","5' UTR"
"PVP01_0000620",29,"UGUACAAUA","5' UTR"
"PVP01_0000700",722,"UGUACAAUA","5' UTR"
"PVP01_0001310",112,"UGUACAAUA","5' UTR"
"PVP01_0001310",284,"UGUACAAUA","5' UTR"
"PVP01_0001420",52,"UGUACAAUA","5' UTR"
"PVP01_0001470",196,"UGUACAAUA","5' UTR"
"PVP01_0002240",191,"UGUACAAUA","5' UTR"
"PVP01_0002430",398,"UGUACAAUA","5' UTR"
"PVP01_0003270",492,"UGUACAAUA","5' UTR"
"PVP01_0003490",152,"UGUACAAUA","5' UTR"
"PVP01_0004080",143,"UGUACAAUA","5' UTR"
"PVP01_0005090",225,"UGUACAAUA","5' UTR"
"PVP01_0005160",524,"UGUACAAUA","5' UTR"
"PVP01_0006280",131,"UGUACAAUA","5' UTR"
"PVP01_0007220",374,"UGUACAAUA","5' UTR"
"PVP01_0007530",239,"UGUACAAUA","5' UTR"
"PVP01_0007880",303,"UGUACAAUA","5' UTR"
"PVP01_0008360",722,"UGUACAAUA","5' UTR"
"PVP01_0008460",708,"UGUACAAUA","5' UTR"
"PVP01_0008830",508,"UGUACAAUA","5' UTR"
"PVP01_0009250",128,"UGUACAAUA","5' UTR"
"PVP01_0010520",515,"UGUACAAUA","5' UTR"
"PVP01_0010950",198,"UGUACAAUA","5' UTR"
"PVP01_0220800",660,"UGUACAAUA","5' UTR"
"PVP01_0401100",226,"UGUACAAUA","5' UTR"
"PVP01_0404000",280,"UGUACAAUA","5' UTR"
"PVP01_0503000",490,"UGUACAAUA","5' UTR"
"PVP01_0600200",235,"UGUACAAUA","5' UTR"
"PVP01_0838500",611,"UGUACAAUA","5' UTR"
"PVP01_0903500",263,"UGUACAAUA","5' UTR"
"PVP01_0903700",78,"UGUACAAUA","5' UTR"
"PVP01_1270600",116,"UGUACAAUA","5' UTR"
"PVP01_1271200",111,"UGUACAAUA","5' UTR"
"PVP01_1274900",242,"UGUACAAUA","5' UTR"
"PVP01_1471600",258,"UGUACAAUA","5' UTR"
"PVP01_1471600",721,"UGUACAAUA","5' UTR"
"PVP01_0000800",273,"UGUACAAUA","CDS"
"PVP01_0001220",569,"UGUACAAUA","CDS"
"PVP01_0001850",178,"UGUACAAUA","CDS"
"PVP01_0002310",969,"UGUACAAUA","CDS"
"PVP01_0002440",174,"UGUACAAUA","CDS"
"PVP01_0003530",992,"UGUACAAUA","CDS"
"PVP01_0004540",186,"UGUACAAUA","CDS"
"PVP01_0004620",658,"UGUACAAUA","CDS"
"PVP01_0005780",2,"UGUACAAUA","CDS"
"PVP01_0006150",287,"UGUACAAUA","CDS"
"PVP01_0006150",392,"UGUACAAUA","CDS"
"PVP01_0006800",260,"UGUACAAUA","CDS"
"PVP01_0007010",112,"UGUACAAUA","CDS"
"PVP01_0007100",103,"UGUACAAUA","CDS"
"PVP01_0007420",986,"UGUACAAUA","CDS"
"PVP01_0007440",392,"UGUACAAUA","CDS"
"PVP01_0007500",228,"UGUACAAUA","CDS"
"PVP01_0008770",929,"UGUACAAUA","CDS"
"PVP01_0009310",812,"UGUACAAUA","CDS"
"PVP01_0009450",490,"UGUACAAUA","CDS"
"PVP01_0009840",420,"UGUACAAUA","CDS"
"PVP01_0106700",1334,"UGUACAAUA","CDS"
"PVP01_0209600",320,"UGUACAAUA","CDS"
"PVP01_0214800",3347,"UGUACAAUA","CDS"
"PVP01_0221000",312,"UGUACAAUA","CDS"
"PVP01_0301900",5,"UGUACAAUA","CDS"
"PVP01_0313800",6011,"UGUACAAUA","CDS"
"PVP01_0402800",180,"UGUACAAUA","CDS"
"PVP01_0415800",1442,"UGUACAAUA","CDS"
"PVP01_0420900",497,"UGUACAAUA","CDS"
"PVP01_0421000",5672,"UGUACAAUA","CDS"
"PVP01_0422500",11,"UGUACAAUA","CDS"
"PVP01_0423800",1395,"UGUACAAUA","CDS"
"PVP01_0502100",180,"UGUACAAUA","CDS"
"PVP01_0509400",1907,"UGUACAAUA","CDS"
"PVP01_0510800",755,"UGUACAAUA","CDS"
"PVP01_0602500",521,"UGUACAAUA","CDS"
"PVP01_0702700",1322,"UGUACAAUA","CDS"
"PVP01_0709800",3740,"UGUACAAUA","CDS"
"PVP01_0709900",2846,"UGUACAAUA","CDS"
"PVP01_0723100",3737,"UGUACAAUA","CDS"
"PVP01_0803100",359,"UGUACAAUA","CDS"
"PVP01_0803200",4817,"UGUACAAUA","CDS"
"PVP01_0811200",848,"UGUACAAUA","CDS"
"PVP01_0820900",407,"UGUACAAUA","CDS"
"PVP01_0830000",10262,"UGUACAAUA","CDS"
"PVP01_0910200",818,"UGUACAAUA","CDS"
"PVP01_0936900",194,"UGUACAAUA","CDS"
"PVP01_0944300",584,"UGUACAAUA","CDS"
"PVP01_1001300",571,"UGUACAAUA","CDS"
"PVP01_1003500",2717,"UGUACAAUA","CDS"
"PVP01_1004100",5216,"UGUACAAUA","CDS"
"PVP01_1011500",4700,"UGUACAAUA","CDS"
"PVP01_1022500",17387,"UGUACAAUA","CDS"
"PVP01_1024600",7811,"UGUACAAUA","CDS"
"PVP01_1025100",8,"UGUACAAUA","CDS"
"PVP01_1102500",1181,"UGUACAAUA","CDS"
"PVP01_1105700",7550,"UGUACAAUA","CDS"
"PVP01_1108000",180,"UGUACAAUA","CDS"
"PVP01_1112200",5174,"UGUACAAUA","CDS"
"PVP01_1121400",1334,"UGUACAAUA","CDS"
"PVP01_1125100",908,"UGUACAAUA","CDS"
"PVP01_1125700",1859,"UGUACAAUA","CDS"
"PVP01_1127800",1463,"UGUACAAUA","CDS"
"PVP01_1127800",4757,"UGUACAAUA","CDS"
"PVP01_1128000",99,"UGUACAAUA","CDS"
"PVP01_1135200",5519,"UGUACAAUA","CDS"
"PVP01_1146300",125,"UGUACAAUA","CDS"
"PVP01_1202100",6560,"UGUACAAUA","CDS"
"PVP01_1203500",233,"UGUACAAUA","CDS"
"PVP01_1204100",1073,"UGUACAAUA","CDS"
"PVP01_1205900",287,"UGUACAAUA","CDS"
"PVP01_1206700",608,"UGUACAAUA","CDS"
"PVP01_1211000",2888,"UGUACAAUA","CDS"
"PVP01_1221100",533,"UGUACAAUA","CDS"
"PVP01_1240700",839,"UGUACAAUA","CDS"
"PVP01_1243300",350,"UGUACAAUA","CDS"
"PVP01_1251300",1892,"UGUACAAUA","CDS"
"PVP01_1261600",359,"UGUACAAUA","CDS"
"PVP01_1261600",704,"UGUACAAUA","CDS"
"PVP01_1261800",2351,"UGUACAAUA","CDS"
"PVP01_1301300",2378,"UGUACAAUA","CDS"
"PVP01_1301600",16197,"UGUACAAUA","CDS"
"PVP01_1304500",2432,"UGUACAAUA","CDS"
"PVP01_1322000",326,"UGUACAAUA","CDS"
"PVP01_1337500",2486,"UGUACAAUA","CDS"
"PVP01_1338600",8265,"UGUACAAUA","CDS"
"PVP01_1342100",2999,"UGUACAAUA","CDS"
"PVP01_1342200",4031,"UGUACAAUA","CDS"
"PVP01_1343500",1430,"UGUACAAUA","CDS"
"PVP01_1347000",458,"UGUACAAUA","CDS"
"PVP01_1401400",764,"UGUACAAUA","CDS"
"PVP01_1409400",10619,"UGUACAAUA","CDS"
"PVP01_1410000",623,"UGUACAAUA","CDS"
"PVP01_1410700",1958,"UGUACAAUA","CDS"
"PVP01_1417500",1319,"UGUACAAUA","CDS"
"PVP01_1429000",5063,"UGUACAAUA","CDS"
"PVP01_1430600",1463,"UGUACAAUA","CDS"
"PVP01_1436200",1895,"UGUACAAUA","CDS"
"PVP01_1446500",2660,"UGUACAAUA","CDS"
"PVP01_1450700",2384,"UGUACAAUA","CDS"
"PVP01_1457900",923,"UGUACAAUA","CDS"
"PVP01_1467700",1373,"UGUACAAUA","CDS"
"PVP01_1472900",812,"UGUACAAUA","CDS"
"PVP01_0000100",2463,"UGUACACUA","3' UTR"
"PVP01_0103500",167,"UGUACACUA","3' UTR"
"PVP01_0215900",423,"UGUACACUA","3' UTR"
"PVP01_0417800",774,"UGUACACUA","3' UTR"
"PVP01_0527700",349,"UGUACACUA","3' UTR"
"PVP01_0532700",309,"UGUACACUA","3' UTR"
"PVP01_0602400",2273,"UGUACACUA","3' UTR"
"PVP01_0722400",903,"UGUACACUA","3' UTR"
"PVP01_0802200",43,"UGUACACUA","3' UTR"
"PVP01_0935500",3145,"UGUACACUA","3' UTR"
"PVP01_0939700",759,"UGUACACUA","3' UTR"
"PVP01_1006700",258,"UGUACACUA","3' UTR"
"PVP01_1112500",3592,"UGUACACUA","3' UTR"
"PVP01_1117700",698,"UGUACACUA","3' UTR"
"PVP01_1262300",313,"UGUACACUA","3' UTR"
"PVP01_1265600",378,"UGUACACUA","3' UTR"
"PVP01_1308200",113,"UGUACACUA","3' UTR"
"PVP01_1310900",166,"UGUACACUA","3' UTR"
"PVP01_1326900",82,"UGUACACUA","3' UTR"
"PVP01_1331800",324,"UGUACACUA","3' UTR"
"PVP01_1420900",348,"UGUACACUA","3' UTR"
"PVP01_1430600",156,"UGUACACUA","3' UTR"
"PVP01_0000270",21,"UGUACACUA","3' UTR"
"PVP01_0001730",455,"UGUACACUA","3' UTR"
"PVP01_0002220",634,"UGUACACUA","3' UTR"
"PVP01_0111900",485,"UGUACACUA","3' UTR"
"PVP01_0301800",126,"UGUACACUA","3' UTR"
"PVP01_0701300",299,"UGUACACUA","3' UTR"
"PVP01_0901700",43,"UGUACACUA","3' UTR"
"PVP01_0947600",144,"UGUACACUA","3' UTR"
"PVP01_1004600",57,"UGUACACUA","3' UTR"
"PVP01_1146800",573,"UGUACACUA","3' UTR"
"PVP01_1401100",576,"UGUACACUA","3' UTR"
"PVP01_0000150",317,"UGUACACUA","5' UTR"
"PVP01_0213600",64,"UGUACACUA","5' UTR"
"PVP01_0516700",170,"UGUACACUA","5' UTR"
"PVP01_0601200",756,"UGUACACUA","5' UTR"
"PVP01_0621900",984,"UGUACACUA","5' UTR"
"PVP01_0623800",470,"UGUACACUA","5' UTR"
"PVP01_0701700",2603,"UGUACACUA","5' UTR"
"PVP01_0723100",986,"UGUACACUA","5' UTR"
"PVP01_0807800",503,"UGUACACUA","5' UTR"
"PVP01_0911800",333,"UGUACACUA","5' UTR"
"PVP01_1109200",569,"UGUACACUA","5' UTR"
"PVP01_1121300",1773,"UGUACACUA","5' UTR"
"PVP01_1146700",182,"UGUACACUA","5' UTR"
"PVP01_1210600",1037,"UGUACACUA","5' UTR"
"PVP01_1238600",1191,"UGUACACUA","5' UTR"
"PVP01_1331200",109,"UGUACACUA","5' UTR"
"PVP01_1341400",1663,"UGUACACUA","5' UTR"
"PVP01_1427300",192,"UGUACACUA","5' UTR"
"PVP01_1437600",124,"UGUACACUA","5' UTR"
"PVP01_0002230",40,"UGUACACUA","5' UTR"
"PVP01_0002340",753,"UGUACACUA","5' UTR"
"PVP01_0006010",681,"UGUACACUA","5' UTR"
"PVP01_0007970",612,"UGUACACUA","5' UTR"
"PVP01_0008150",500,"UGUACACUA","5' UTR"
"PVP01_0502100",496,"UGUACACUA","5' UTR"
"PVP01_1122100",407,"UGUACACUA","5' UTR"
"PVP01_1347200",188,"UGUACACUA","5' UTR"
"PVP01_0005380",112,"UGUACACUA","CDS"
"PVP01_0009690",7,"UGUACACUA","CDS"
"PVP01_0010160",622,"UGUACACUA","CDS"
"PVP01_0010420",403,"UGUACACUA","CDS"
"PVP01_0304800",5339,"UGUACACUA","CDS"
"PVP01_0313300",932,"UGUACACUA","CDS"
"PVP01_0932400",3222,"UGUACACUA","CDS"
"PVP01_0934700",4161,"UGUACACUA","CDS"
"PVP01_1030400",1030,"UGUACACUA","CDS"
"PVP01_1101600",362,"UGUACACUA","CDS"
"PVP01_1111400",2207,"UGUACACUA","CDS"
"PVP01_1138300",3407,"UGUACACUA","CDS"
"PVP01_1202000",1221,"UGUACACUA","CDS"
"PVP01_1203100",1190,"UGUACACUA","CDS"
"PVP01_1241000",1037,"UGUACACUA","CDS"
"PVP01_1420700",863,"UGUACACUA","CDS"
"PVP01_1420800",2911,"UGUACACUA","CDS"
"PVP01_1429200",1622,"UGUACACUA","CDS"
"PVP01_0004290",407,"UGUACAGUA","3' UTR"
"PVP01_0623700",343,"UGUACAGUA","3' UTR"
"PVP01_0701100",327,"UGUACAGUA","3' UTR"
"PVP01_0723600",95,"UGUACAGUA","3' UTR"
"PVP01_0801700",1041,"UGUACAGUA","3' UTR"
"PVP01_0809900",635,"UGUACAGUA","3' UTR"
"PVP01_0932800",740,"UGUACAGUA","3' UTR"
"PVP01_1106200",546,"UGUACAGUA","3' UTR"
"PVP01_1131700",109,"UGUACAGUA","3' UTR"
"PVP01_1244600",198,"UGUACAGUA","3' UTR"
"PVP01_1255200",365,"UGUACAGUA","3' UTR"
"PVP01_1308400",168,"UGUACAGUA","3' UTR"
"PVP01_1321600",1635,"UGUACAGUA","3' UTR"
"PVP01_1341600",282,"UGUACAGUA","3' UTR"
"PVP01_1420000",1056,"UGUACAGUA","3' UTR"
"PVP01_1427500",159,"UGUACAGUA","3' UTR"
"PVP01_1469500",421,"UGUACAGUA","3' UTR"
"PVP01_0000110",269,"UGUACAGUA","3' UTR"
"PVP01_0006790",650,"UGUACAGUA","3' UTR"
"PVP01_0007710",665,"UGUACAGUA","3' UTR"
"PVP01_0200200",85,"UGUACAGUA","3' UTR"
"PVP01_0219300",627,"UGUACAGUA","3' UTR"
"PVP01_0403300",20,"UGUACAGUA","3' UTR"
"PVP01_1270800",361,"UGUACAGUA","3' UTR"
"PVP01_0111900",881,"UGUACAGUA","5' UTR"
"PVP01_0203700",484,"UGUACAGUA","5' UTR"
"PVP01_0213500",616,"UGUACAGUA","5' UTR"
"PVP01_0512900",1183,"UGUACAGUA","5' UTR"
"PVP01_0512900",1274,"UGUACAGUA","5' UTR"
"PVP01_0512900",1300,"UGUACAGUA","5' UTR"
"PVP01_0803400",43,"UGUACAGUA","5' UTR"
"PVP01_0825600",1600,"UGUACAGUA","5' UTR"
"PVP01_0836000",1102,"UGUACAGUA","5' UTR"
"PVP01_0936800",1719,"UGUACAGUA","5' UTR"
"PVP01_1114100",441,"UGUACAGUA","5' UTR"
"PVP01_1129400",173,"UGUACAGUA","5' UTR"
"PVP01_1210600",670,"UGUACAGUA","5' UTR"
"PVP01_1234100",580,"UGUACAGUA","5' UTR"
"PVP01_1303000",1149,"UGUACAGUA","5' UTR"
"PVP01_1321800",1002,"UGUACAGUA","5' UTR"
"PVP01_1420500",116,"UGUACAGUA","5' UTR"
"PVP01_1425200",486,"UGUACAGUA","5' UTR"
"PVP01_1435200",287,"UGUACAGUA","5' UTR"
"PVP01_1439300",389,"UGUACAGUA","5' UTR"
"PVP01_1439300",408,"UGUACAGUA","5' UTR"
"PVP01_0003730",393,"UGUACAGUA","5' UTR"
"PVP01_0004910",615,"UGUACAGUA","5' UTR"
"PVP01_0103700",587,"UGUACAGUA","5' UTR"
"PVP01_0300100",365,"UGUACAGUA","5' UTR"
"PVP01_0840200",424,"UGUACAGUA","5' UTR"
"PVP01_1471100",196,"UGUACAGUA","5' UTR"
"PVP01_0000730",269,"UGUACAGUA","CDS"
"PVP01_0006300",197,"UGUACAGUA","CDS"
"PVP01_0009230",177,"UGUACAGUA","CDS"
"PVP01_0009600",197,"UGUACAGUA","CDS"
"PVP01_0010650",197,"UGUACAGUA","CDS"
"PVP01_0010660",177,"UGUACAGUA","CDS"
"PVP01_0204500",197,"UGUACAGUA","CDS"
"PVP01_0316100",257,"UGUACAGUA","CDS"
"PVP01_0529800",7757,"UGUACAGUA","CDS"
"PVP01_0608300",9452,"UGUACAGUA","CDS"
"PVP01_0610400",617,"UGUACAGUA","CDS"
"PVP01_0811200",1313,"UGUACAGUA","CDS"
"PVP01_0834300",335,"UGUACAGUA","CDS"
"PVP01_0900500",180,"UGUACAGUA","CDS"
"PVP01_0906800",359,"UGUACAGUA","CDS"
"PVP01_0908100",8909,"UGUACAGUA","CDS"
"PVP01_0924200",1205,"UGUACAGUA","CDS"
"PVP01_0939600",239,"UGUACAGUA","CDS"
"PVP01_1007700",603,"UGUACAGUA","CDS"
"PVP01_1010900",803,"UGUACAGUA","CDS"
"PVP01_1022500",8429,"UGUACAGUA","CDS"
"PVP01_1101400",447,"UGUACAGUA","CDS"
"PVP01_1104800",371,"UGUACAGUA","CDS"
"PVP01_1214800",4019,"UGUACAGUA","CDS"
"PVP01_1221500",1344,"UGUACAGUA","CDS"
"PVP01_1237600",551,"UGUACAGUA","CDS"
"PVP01_1265700",2610,"UGUACAGUA","CDS"
"PVP01_1270300",3205,"UGUACAGUA","CDS"
"PVP01_1304600",4679,"UGUACAGUA","CDS"
"PVP01_1413700",5915,"UGUACAGUA","CDS"
"PVP01_1428200",6224,"UGUACAGUA","CDS"
"PVP01_1432600",322,"UGUACAGUA","CDS"
"PVP01_1449100",2188,"UGUACAGUA","CDS"
"PVP01_0000070",297,"UGUACAUUA","3' UTR"
"PVP01_0102600",148,"UGUACAUUA","3' UTR"
"PVP01_0421700",150,"UGUACAUUA","3' UTR"
"PVP01_0423200",447,"UGUACAUUA","3' UTR"
"PVP01_0520900",345,"UGUACAUUA","3' UTR"
"PVP01_0705100",374,"UGUACAUUA","3' UTR"
"PVP01_0705100",434,"UGUACAUUA","3' UTR"
"PVP01_0903900",45,"UGUACAUUA","3' UTR"
"PVP01_0944200",424,"UGUACAUUA","3' UTR"
"PVP01_0948800",453,"UGUACAUUA","3' UTR"
"PVP01_1002700",444,"UGUACAUUA","3' UTR"
"PVP01_1003900",185,"UGUACAUUA","3' UTR"
"PVP01_1003900",244,"UGUACAUUA","3' UTR"
"PVP01_1006300",87,"UGUACAUUA","3' UTR"
"PVP01_1006500",256,"UGUACAUUA","3' UTR"
"PVP01_1008400",114,"UGUACAUUA","3' UTR"
"PVP01_1122400",1197,"UGUACAUUA","3' UTR"
"PVP01_1124900",1219,"UGUACAUUA","3' UTR"
"PVP01_1210400",1123,"UGUACAUUA","3' UTR"
"PVP01_1211700",1324,"UGUACAUUA","3' UTR"
"PVP01_1254300",8,"UGUACAUUA","3' UTR"
"PVP01_1259100",420,"UGUACAUUA","3' UTR"
"PVP01_1263300",152,"UGUACAUUA","3' UTR"
"PVP01_1265300",76,"UGUACAUUA","3' UTR"
"PVP01_1301800",414,"UGUACAUUA","3' UTR"
"PVP01_1306300",209,"UGUACAUUA","3' UTR"
"PVP01_1316100",452,"UGUACAUUA","3' UTR"
"PVP01_1328100",192,"UGUACAUUA","3' UTR"
"PVP01_1331800",303,"UGUACAUUA","3' UTR"
"PVP01_1337700",382,"UGUACAUUA","3' UTR"
"PVP01_1405400",81,"UGUACAUUA","3' UTR"
"PVP01_1425500",52,"UGUACAUUA","3' UTR"
"PVP01_1429000",847,"UGUACAUUA","3' UTR"
"PVP01_1437400",150,"UGUACAUUA","3' UTR"
"PVP01_1444100",421,"UGUACAUUA","3' UTR"
"PVP01_0000260",258,"UGUACAUUA","3' UTR"
"PVP01_0000390",264,"UGUACAUUA","3' UTR"
"PVP01_0001330",544,"UGUACAUUA","3' UTR"
"PVP01_0001530",543,"UGUACAUUA","3' UTR"
"PVP01_0001760",458,"UGUACAUUA","3' UTR"
"PVP01_0001980",498,"UGUACAUUA","3' UTR"
"PVP01_0002040",557,"UGUACAUUA","3' UTR"
"PVP01_0002170",278,"UGUACAUUA","3' UTR"
"PVP01_0002260",454,"UGUACAUUA","3' UTR"
"PVP01_0002280",280,"UGUACAUUA","3' UTR"
"PVP01_0002350",281,"UGUACAUUA","3' UTR"
"PVP01_0002550",282,"UGUACAUUA","3' UTR"
"PVP01_0002870",345,"UGUACAUUA","3' UTR"
"PVP01_0002990",274,"UGUACAUUA","3' UTR"
"PVP01_0003020",520,"UGUACAUUA","3' UTR"
"PVP01_0003070",652,"UGUACAUUA","3' UTR"
"PVP01_0003870",349,"UGUACAUUA","3' UTR"
"PVP01_0005110",462,"UGUACAUUA","3' UTR"
"PVP01_0006210",453,"UGUACAUUA","3' UTR"
"PVP01_0006800",496,"UGUACAUUA","3' UTR"
"PVP01_0006920",469,"UGUACAUUA","3' UTR"
"PVP01_0006970",519,"UGUACAUUA","3' UTR"
"PVP01_0007570",304,"UGUACAUUA","3' UTR"
"PVP01_0008160",298,"UGUACAUUA","3' UTR"
"PVP01_0008260",419,"UGUACAUUA","3' UTR"
"PVP01_0008730",505,"UGUACAUUA","3' UTR"
"PVP01_0009200",441,"UGUACAUUA","3' UTR"
"PVP01_0009440",525,"UGUACAUUA","3' UTR"
"PVP01_0011110",349,"UGUACAUUA","3' UTR"
"PVP01_0122000",201,"UGUACAUUA","3' UTR"
"PVP01_0400300",170,"UGUACAUUA","3' UTR"
"PVP01_0401100",352,"UGUACAUUA","3' UTR"
"PVP01_0500700",585,"UGUACAUUA","3' UTR"
"PVP01_0533800",4,"UGUACAUUA","3' UTR"
"PVP01_0808300",393,"UGUACAUUA","3' UTR"
"PVP01_0809600",573,"UGUACAUUA","3' UTR"
"PVP01_0932900",158,"UGUACAUUA","3' UTR"
"PVP01_0935400",410,"UGUACAUUA","3' UTR"
"PVP01_1000800",25,"UGUACAUUA","3' UTR"
"PVP01_1000800",559,"UGUACAUUA","3' UTR"
"PVP01_1200800",433,"UGUACAUUA","3' UTR"
"PVP01_1270700",353,"UGUACAUUA","3' UTR"
"PVP01_1274000",320,"UGUACAUUA","3' UTR"
"PVP01_0104400",1920,"UGUACAUUA","5' UTR"
"PVP01_0104500",1366,"UGUACAUUA","5' UTR"
"PVP01_0105700",102,"UGUACAUUA","5' UTR"
"PVP01_0201700",1829,"UGUACAUUA","5' UTR"
"PVP01_0311300",1109,"UGUACAUUA","5' UTR"
"PVP01_0513000",578,"UGUACAUUA","5' UTR"
"PVP01_0526800",380,"UGUACAUUA","5' UTR"
"PVP01_0529200",466,"UGUACAUUA","5' UTR"
"PVP01_0532100",98,"UGUACAUUA","5' UTR"
"PVP01_0607600",1382,"UGUACAUUA","5' UTR"
"PVP01_0622700",2371,"UGUACAUUA","5' UTR"
"PVP01_0701700",2633,"UGUACAUUA","5' UTR"
"PVP01_0703200",2271,"UGUACAUUA","5' UTR"
"PVP01_0709000",919,"UGUACAUUA","5' UTR"
"PVP01_0709000",958,"UGUACAUUA","5' UTR"
"PVP01_0710600",331,"UGUACAUUA","5' UTR"
"PVP01_0801700",2766,"UGUACAUUA","5' UTR"
"PVP01_0802200",535,"UGUACAUUA","5' UTR"
"PVP01_0905600",2607,"UGUACAUUA","5' UTR"
"PVP01_0905800",600,"UGUACAUUA","5' UTR"
"PVP01_0917300",3355,"UGUACAUUA","5' UTR"
"PVP01_0937700",499,"UGUACAUUA","5' UTR"
"PVP01_0945300",710,"UGUACAUUA","5' UTR"
"PVP01_1008700",120,"UGUACAUUA","5' UTR"
"PVP01_1013900",767,"UGUACAUUA","5' UTR"
"PVP01_1014700",1415,"UGUACAUUA","5' UTR"
"PVP01_1019300",144,"UGUACAUUA","5' UTR"
"PVP01_1020400",654,"UGUACAUUA","5' UTR"
"PVP01_1100400",274,"UGUACAUUA","5' UTR"
"PVP01_1121300",932,"UGUACAUUA","5' UTR"
"PVP01_1128200",244,"UGUACAUUA","5' UTR"
"PVP01_1140300",967,"UGUACAUUA","5' UTR"
"PVP01_1143800",397,"UGUACAUUA","5' UTR"
"PVP01_1210900",1909,"UGUACAUUA","5' UTR"
"PVP01_1222700",1151,"UGUACAUUA","5' UTR"
"PVP01_1235700",315,"UGUACAUUA","5' UTR"
"PVP01_1257500",1380,"UGUACAUUA","5' UTR"
"PVP01_1266900",372,"UGUACAUUA","5' UTR"
"PVP01_1305600",295,"UGUACAUUA","5' UTR"
"PVP01_1316000",2028,"UGUACAUUA","5' UTR"
"PVP01_1337600",1534,"UGUACAUUA","5' UTR"
"PVP01_1340900",752,"UGUACAUUA","5' UTR"
"PVP01_1346700",133,"UGUACAUUA","5' UTR"
"PVP01_1404300",529,"UGUACAUUA","5' UTR"
"PVP01_1416400",83,"UGUACAUUA","5' UTR"
"PVP01_1418900",515,"UGUACAUUA","5' UTR"
"PVP01_1429700",402,"UGUACAUUA","5' UTR"
"PVP01_1439700",29,"UGUACAUUA","5' UTR"
"PVP01_1453500",270,"UGUACAUUA","5' UTR"
"PVP01_1457900",1052,"UGUACAUUA","5' UTR"
"PVP01_1471700",196,"UGUACAUUA","5' UTR"
"PVP01_0000540",591,"UGUACAUUA","5' UTR"
"PVP01_0001750",602,"UGUACAUUA","5' UTR"
"PVP01_0002460",613,"UGUACAUUA","5' UTR"
"PVP01_0003040",758,"UGUACAUUA","5' UTR"
"PVP01_0003460",685,"UGUACAUUA","5' UTR"
"PVP01_0004590",728,"UGUACAUUA","5' UTR"
"PVP01_0005830",497,"UGUACAUUA","5' UTR"
"PVP01_0005870",575,"UGUACAUUA","5' UTR"
"PVP01_0007010",274,"UGUACAUUA","5' UTR"
"PVP01_0007670",35,"UGUACAUUA","5' UTR"
"PVP01_0008450",335,"UGUACAUUA","5' UTR"
"PVP01_0010560",324,"UGUACAUUA","5' UTR"
"PVP01_0101000",685,"UGUACAUUA","5' UTR"
"PVP01_0101300",278,"UGUACAUUA","5' UTR"
"PVP01_0217700",491,"UGUACAUUA","5' UTR"
"PVP01_0218700",500,"UGUACAUUA","5' UTR"
"PVP01_0219600",385,"UGUACAUUA","5' UTR"
"PVP01_0402200",275,"UGUACAUUA","5' UTR"
"PVP01_0501600",37,"UGUACAUUA","5' UTR"
"PVP01_0502200",272,"UGUACAUUA","5' UTR"
"PVP01_0700300",241,"UGUACAUUA","5' UTR"
"PVP01_0737400",538,"UGUACAUUA","5' UTR"
"PVP01_0839500",371,"UGUACAUUA","5' UTR"
"PVP01_0901000",557,"UGUACAUUA","5' UTR"
"PVP01_1015200",557,"UGUACAUUA","5' UTR"
"PVP01_1031100",512,"UGUACAUUA","5' UTR"
"PVP01_1100200",491,"UGUACAUUA","5' UTR"
"PVP01_1100200",659,"UGUACAUUA","5' UTR"
"PVP01_1101100",479,"UGUACAUUA","5' UTR"
"PVP01_1147900",261,"UGUACAUUA","5' UTR"
"PVP01_1260700",318,"UGUACAUUA","5' UTR"
"PVP01_1403100",458,"UGUACAUUA","5' UTR"
"PVP01_1409600",655,"UGUACAUUA","5' UTR"
"PVP01_1471100",538,"UGUACAUUA","5' UTR"
"PVP01_1471600",640,"UGUACAUUA","5' UTR"
"PVP01_0000100",146,"UGUACAUUA","CDS"
"PVP01_0002040",622,"UGUACAUUA","CDS"
"PVP01_0004430",486,"UGUACAUUA","CDS"
"PVP01_0005480",493,"UGUACAUUA","CDS"
"PVP01_0007360",613,"UGUACAUUA","CDS"
"PVP01_0007540",564,"UGUACAUUA","CDS"
"PVP01_0007660",373,"UGUACAUUA","CDS"
"PVP01_0104600",404,"UGUACAUUA","CDS"
"PVP01_0105700",5735,"UGUACAUUA","CDS"
"PVP01_0215600",1985,"UGUACAUUA","CDS"
"PVP01_0419100",1931,"UGUACAUUA","CDS"
"PVP01_0525300",362,"UGUACAUUA","CDS"
"PVP01_0606300",1361,"UGUACAUUA","CDS"
"PVP01_0606900",2552,"UGUACAUUA","CDS"
"PVP01_0609900",852,"UGUACAUUA","CDS"
"PVP01_0610700",1430,"UGUACAUUA","CDS"
"PVP01_0614200",3443,"UGUACAUUA","CDS"
"PVP01_0618300",230,"UGUACAUUA","CDS"
"PVP01_0618600",524,"UGUACAUUA","CDS"
"PVP01_0700400",43,"UGUACAUUA","CDS"
"PVP01_0701700",8107,"UGUACAUUA","CDS"
"PVP01_0703800",1829,"UGUACAUUA","CDS"
"PVP01_0729400",4343,"UGUACAUUA","CDS"
"PVP01_0739200",112,"UGUACAUUA","CDS"
"PVP01_0811200",1451,"UGUACAUUA","CDS"
"PVP01_0812800",878,"UGUACAUUA","CDS"
"PVP01_0906400",1640,"UGUACAUUA","CDS"
"PVP01_0908700",722,"UGUACAUUA","CDS"
"PVP01_0908700",3644,"UGUACAUUA","CDS"
"PVP01_0918500",2216,"UGUACAUUA","CDS"
"PVP01_0935000",2454,"UGUACAUUA","CDS"
"PVP01_0938000",626,"UGUACAUUA","CDS"
"PVP01_0949500",601,"UGUACAUUA","CDS"
"PVP01_1016600",1892,"UGUACAUUA","CDS"
"PVP01_1017200",428,"UGUACAUUA","CDS"
"PVP01_1029300",3511,"UGUACAUUA","CDS"
"PVP01_1114400",2018,"UGUACAUUA","CDS"
"PVP01_1119800",5483,"UGUACAUUA","CDS"
"PVP01_1134900",333,"UGUACAUUA","CDS"
"PVP01_1148000",613,"UGUACAUUA","CDS"
"PVP01_1148100",1297,"UGUACAUUA","CDS"
"PVP01_1148200",1739,"UGUACAUUA","CDS"
"PVP01_1200600",622,"UGUACAUUA","CDS"
"PVP01_1203600",1172,"UGUACAUUA","CDS"
"PVP01_1222800",107,"UGUACAUUA","CDS"
"PVP01_1232300",3629,"UGUACAUUA","CDS"
"PVP01_1251600",587,"UGUACAUUA","CDS"
"PVP01_1253600",3422,"UGUACAUUA","CDS"
"PVP01_1254400",5655,"UGUACAUUA","CDS"
"PVP01_1272500",869,"UGUACAUUA","CDS"
"PVP01_1301600",14417,"UGUACAUUA","CDS"
"PVP01_1308000",4013,"UGUACAUUA","CDS"
"PVP01_1311600",1001,"UGUACAUUA","CDS"
"PVP01_1312800",2027,"UGUACAUUA","CDS"
"PVP01_1333400",2144,"UGUACAUUA","CDS"
"PVP01_1336500",4130,"UGUACAUUA","CDS"
"PVP01_1341700",1379,"UGUACAUUA","CDS"
"PVP01_1345700",908,"UGUACAUUA","CDS"
"PVP01_1347700",1165,"UGUACAUUA","CDS"
"PVP01_1407400",7580,"UGUACAUUA","CDS"
"PVP01_1409100",170,"UGUACAUUA","CDS"
"PVP01_1411100",1100,"UGUACAUUA","CDS"
"PVP01_1420600",1588,"UGUACAUUA","CDS"
"PVP01_1421500",1748,"UGUACAUUA","CDS"
"PVP01_1429300",2177,"UGUACAUUA","CDS"
"PVP01_1429900",1790,"UGUACAUUA","CDS"
"PVP01_1430500",2294,"UGUACAUUA","CDS"
"PVP01_1431700",536,"UGUACAUUA","CDS"
"PVP01_1437400",1424,"UGUACAUUA","CDS"
"PVP01_1443200",4400,"UGUACAUUA","CDS"
"PVP01_1450200",1004,"UGUACAUUA","CDS"
"PVP01_1454100",569,"UGUACAUUA","CDS"
"PVP01_1458400",956,"UGUACAUUA","CDS"
"PVP01_0204200",167,"UGUACCAUA","3' UTR"
"PVP01_0312400",287,"UGUACCAUA","3' UTR"
"PVP01_0519300",173,"UGUACCAUA","3' UTR"
"PVP01_0702200",884,"UGUACCAUA","3' UTR"
"PVP01_0807600",400,"UGUACCAUA","3' UTR"
"PVP01_0826400",1003,"UGUACCAUA","3' UTR"
"PVP01_0837300",632,"UGUACCAUA","3' UTR"
"PVP01_0906400",271,"UGUACCAUA","3' UTR"
"PVP01_0940900",289,"UGUACCAUA","3' UTR"
"PVP01_1032100",50,"UGUACCAUA","3' UTR"
"PVP01_1103500",94,"UGUACCAUA","3' UTR"
"PVP01_1119200",298,"UGUACCAUA","3' UTR"
"PVP01_1121200",840,"UGUACCAUA","3' UTR"
"PVP01_1122000",1,"UGUACCAUA","3' UTR"
"PVP01_1208000",1542,"UGUACCAUA","3' UTR"
"PVP01_1210400",497,"UGUACCAUA","3' UTR"
"PVP01_1211100",355,"UGUACCAUA","3' UTR"
"PVP01_1246800",439,"UGUACCAUA","3' UTR"
"PVP01_1252500",572,"UGUACCAUA","3' UTR"
"PVP01_1301400",211,"UGUACCAUA","3' UTR"
"PVP01_1332000",28,"UGUACCAUA","3' UTR"
"PVP01_1338300",99,"UGUACCAUA","3' UTR"
"PVP01_1340900",1431,"UGUACCAUA","3' UTR"
"PVP01_1418000",195,"UGUACCAUA","3' UTR"
"PVP01_1421600",52,"UGUACCAUA","3' UTR"
"PVP01_1445100",173,"UGUACCAUA","3' UTR"
"PVP01_1456200",364,"UGUACCAUA","3' UTR"
"PVP01_0002540",285,"UGUACCAUA","3' UTR"
"PVP01_0006020",44,"UGUACCAUA","3' UTR"
"PVP01_0009370",44,"UGUACCAUA","3' UTR"
"PVP01_0200300",375,"UGUACCAUA","3' UTR"
"PVP01_0302100",119,"UGUACCAUA","3' UTR"
"PVP01_0603550",202,"UGUACCAUA","3' UTR"
"PVP01_0807200",44,"UGUACCAUA","3' UTR"
"PVP01_1007250",570,"UGUACCAUA","3' UTR"
"PVP01_1147800",57,"UGUACCAUA","3' UTR"
"PVP01_1272000",271,"UGUACCAUA","3' UTR"
"PVP01_0104300",127,"UGUACCAUA","5' UTR"
"PVP01_0304600",1129,"UGUACCAUA","5' UTR"
"PVP01_0412900",246,"UGUACCAUA","5' UTR"
"PVP01_0418700",1725,"UGUACCAUA","5' UTR"
"PVP01_0603600",21,"UGUACCAUA","5' UTR"
"PVP01_0615500",100,"UGUACCAUA","5' UTR"
"PVP01_0702100",283,"UGUACCAUA","5' UTR"
"PVP01_0804300",641,"UGUACCAUA","5' UTR"
"PVP01_0807900",210,"UGUACCAUA","5' UTR"
"PVP01_0915400",507,"UGUACCAUA","5' UTR"
"PVP01_0917300",629,"UGUACCAUA","5' UTR"
"PVP01_0948600",19,"UGUACCAUA","5' UTR"
"PVP01_1006400",963,"UGUACCAUA","5' UTR"
"PVP01_1134600",1134,"UGUACCAUA","5' UTR"
"PVP01_1249700",1019,"UGUACCAUA","5' UTR"
"PVP01_1341300",721,"UGUACCAUA","5' UTR"
"PVP01_1408600",250,"UGUACCAUA","5' UTR"
"PVP01_1411200",320,"UGUACCAUA","5' UTR"
"PVP01_1412400",413,"UGUACCAUA","5' UTR"
"PVP01_1427300",1927,"UGUACCAUA","5' UTR"
"PVP01_0003120",10,"UGUACCAUA","5' UTR"
"PVP01_0006390",460,"UGUACCAUA","5' UTR"
"PVP01_0006430",240,"UGUACCAUA","5' UTR"
"PVP01_0010160",653,"UGUACCAUA","5' UTR"
"PVP01_0010420",714,"UGUACCAUA","5' UTR"
"PVP01_0115100",238,"UGUACCAUA","5' UTR"
"PVP01_0312500",524,"UGUACCAUA","5' UTR"
"PVP01_0738300",143,"UGUACCAUA","5' UTR"
"PVP01_0807300",168,"UGUACCAUA","5' UTR"
"PVP01_0002000",440,"UGUACCAUA","CDS"
"PVP01_0004350",240,"UGUACCAUA","CDS"
"PVP01_0007830",523,"UGUACCAUA","CDS"
"PVP01_0106300",1241,"UGUACCAUA","CDS"
"PVP01_0115000",3436,"UGUACCAUA","CDS"
"PVP01_0202600",2637,"UGUACCAUA","CDS"
"PVP01_0212200",755,"UGUACCAUA","CDS"
"PVP01_0216600",32,"UGUACCAUA","CDS"
"PVP01_0309100",179,"UGUACCAUA","CDS"
"PVP01_0504900",5017,"UGUACCAUA","CDS"
"PVP01_0507400",2220,"UGUACCAUA","CDS"
"PVP01_0621200",314,"UGUACCAUA","CDS"
"PVP01_0805200",2354,"UGUACCAUA","CDS"
"PVP01_0828400",1146,"UGUACCAUA","CDS"
"PVP01_0922000",263,"UGUACCAUA","CDS"
"PVP01_1020200",874,"UGUACCAUA","CDS"
"PVP01_1125700",4349,"UGUACCAUA","CDS"
"PVP01_1135400",281,"UGUACCAUA","CDS"
"PVP01_1201900",845,"UGUACCAUA","CDS"
"PVP01_1233300",1733,"UGUACCAUA","CDS"
"PVP01_1268500",1958,"UGUACCAUA","CDS"
"PVP01_1270300",792,"UGUACCAUA","CDS"
"PVP01_1301300",1907,"UGUACCAUA","CDS"
"PVP01_1304900",4974,"UGUACCAUA","CDS"
"PVP01_1312100",1934,"UGUACCAUA","CDS"
"PVP01_1331500",3845,"UGUACCAUA","CDS"
"PVP01_1438700",4175,"UGUACCAUA","CDS"
"PVP01_1454000",1955,"UGUACCAUA","CDS"
"PVP01_1457300",275,"UGUACCAUA","CDS"
"PVP01_0504400",189,"UGUACCCUA","3' UTR"
"PVP01_0802200",802,"UGUACCCUA","3' UTR"
"PVP01_1402400",30,"UGUACCCUA","3' UTR"
"PVP01_0003480",456,"UGUACCCUA","3' UTR"
"PVP01_0523700",136,"UGUACCCUA","3' UTR"
"PVP01_1115500",417,"UGUACCCUA","3' UTR"
"PVP01_0623100",581,"UGUACCCUA","5' UTR"
"PVP01_0701700",2623,"UGUACCCUA","5' UTR"
"PVP01_0923700",1032,"UGUACCCUA","5' UTR"
"PVP01_0929400",1022,"UGUACCCUA","5' UTR"
"PVP01_1026100",126,"UGUACCCUA","5' UTR"
"PVP01_1105900",875,"UGUACCCUA","5' UTR"
"PVP01_1257000",703,"UGUACCCUA","5' UTR"
"PVP01_0001870",177,"UGUACCCUA","5' UTR"
"PVP01_0005120",433,"UGUACCCUA","5' UTR"
"PVP01_0010040",793,"UGUACCCUA","5' UTR"
"PVP01_0307000",353,"UGUACCCUA","5' UTR"
"PVP01_0414400",618,"UGUACCCUA","5' UTR"
"PVP01_1335800",15,"UGUACCCUA","5' UTR"
"PVP01_0417900",1135,"UGUACCCUA","CDS"
"PVP01_0501500",507,"UGUACCCUA","CDS"
"PVP01_0802800",544,"UGUACCCUA","CDS"
"PVP01_0807700",3658,"UGUACCCUA","CDS"
"PVP01_0909200",383,"UGUACCCUA","CDS"
"PVP01_0935600",883,"UGUACCCUA","CDS"
"PVP01_1008900",936,"UGUACCCUA","CDS"
"PVP01_1013400",754,"UGUACCCUA","CDS"
"PVP01_1023500",763,"UGUACCCUA","CDS"
"PVP01_1128800",777,"UGUACCCUA","CDS"
"PVP01_1208400",11555,"UGUACCCUA","CDS"
"PVP01_1211900",1610,"UGUACCCUA","CDS"
"PVP01_1234200",538,"UGUACCCUA","CDS"
"PVP01_1347300",1545,"UGUACCCUA","CDS"
"PVP01_1458200",137,"UGUACCCUA","CDS"
"PVP01_0505900",181,"UGUACCGUA","3' UTR"
"PVP01_0703800",964,"UGUACCGUA","3' UTR"
"PVP01_0939500",84,"UGUACCGUA","3' UTR"
"PVP01_1106200",388,"UGUACCGUA","3' UTR"
"PVP01_1210600",829,"UGUACCGUA","3' UTR"
"PVP01_1213900",2031,"UGUACCGUA","3' UTR"
"PVP01_1313700",924,"UGUACCGUA","3' UTR"
"PVP01_1421600",29,"UGUACCGUA","3' UTR"
"PVP01_0111600",363,"UGUACCGUA","5' UTR"
"PVP01_0201400",793,"UGUACCGUA","5' UTR"
"PVP01_0801200",294,"UGUACCGUA","5' UTR"
"PVP01_0807700",1118,"UGUACCGUA","5' UTR"
"PVP01_0829500",731,"UGUACCGUA","5' UTR"
"PVP01_0934800",248,"UGUACCGUA","5' UTR"
"PVP01_0943100",487,"UGUACCGUA","5' UTR"
"PVP01_1107700",993,"UGUACCGUA","5' UTR"
"PVP01_1207900",145,"UGUACCGUA","5' UTR"
"PVP01_1210100",597,"UGUACCGUA","5' UTR"
"PVP01_1212400",512,"UGUACCGUA","5' UTR"
"PVP01_1248900",732,"UGUACCGUA","5' UTR"
"PVP01_1334800",655,"UGUACCGUA","5' UTR"
"PVP01_1402600",666,"UGUACCGUA","5' UTR"
"PVP01_1411200",310,"UGUACCGUA","5' UTR"
"PVP01_0006690",251,"UGUACCGUA","5' UTR"
"PVP01_0307000",690,"UGUACCGUA","5' UTR"
"PVP01_0623200",550,"UGUACCGUA","5' UTR"
"PVP01_0703700",58,"UGUACCGUA","5' UTR"
"PVP01_0003110",558,"UGUACCGUA","CDS"
"PVP01_0213800",9915,"UGUACCGUA","CDS"
"PVP01_1006400",319,"UGUACCGUA","CDS"
"PVP01_1428700",2150,"UGUACCGUA","CDS"
"PVP01_1430500",818,"UGUACCGUA","CDS"
"PVP01_1456000",1001,"UGUACCGUA","CDS"
"PVP01_0617300",276,"UGUACCUUA","3' UTR"
"PVP01_1018000",359,"UGUACCUUA","3' UTR"
"PVP01_1027200",730,"UGUACCUUA","3' UTR"
"PVP01_1238100",818,"UGUACCUUA","3' UTR"
"PVP01_1266000",841,"UGUACCUUA","3' UTR"
"PVP01_1321300",335,"UGUACCUUA","3' UTR"
"PVP01_1432600",650,"UGUACCUUA","3' UTR"
"PVP01_0004440",551,"UGUACCUUA","3' UTR"
"PVP01_0006210",336,"UGUACCUUA","3' UTR"
"PVP01_0007450",436,"UGUACCUUA","3' UTR"
"PVP01_0009950",156,"UGUACCUUA","3' UTR"
"PVP01_0219800",548,"UGUACCUUA","3' UTR"
"PVP01_0504900",337,"UGUACCUUA","3' UTR"
"PVP01_1218700",269,"UGUACCUUA","3' UTR"
"PVP01_1274000",597,"UGUACCUUA","3' UTR"
"PVP01_0308900",192,"UGUACCUUA","5' UTR"
"PVP01_0733200",160,"UGUACCUUA","5' UTR"
"PVP01_0809400",117,"UGUACCUUA","5' UTR"
"PVP01_1026000",408,"UGUACCUUA","5' UTR"
"PVP01_1107700",352,"UGUACCUUA","5' UTR"
"PVP01_1124900",3490,"UGUACCUUA","5' UTR"
"PVP01_1211500",652,"UGUACCUUA","5' UTR"
"PVP01_1225900",366,"UGUACCUUA","5' UTR"
"PVP01_1434400",956,"UGUACCUUA","5' UTR"
"PVP01_1453700",155,"UGUACCUUA","5' UTR"
"PVP01_1456000",24,"UGUACCUUA","5' UTR"
"PVP01_0002430",448,"UGUACCUUA","5' UTR"
"PVP01_0005710",742,"UGUACCUUA","5' UTR"
"PVP01_0006840",562,"UGUACCUUA","5' UTR"
"PVP01_0006850",568,"UGUACCUUA","5' UTR"
"PVP01_0006980",249,"UGUACCUUA","5' UTR"
"PVP01_0009490",250,"UGUACCUUA","5' UTR"
"PVP01_0101900",782,"UGUACCUUA","5' UTR"
"PVP01_0121100",564,"UGUACCUUA","5' UTR"
"PVP01_0220600",294,"UGUACCUUA","5' UTR"
"PVP01_0416400",48,"UGUACCUUA","5' UTR"
"PVP01_0422900",88,"UGUACCUUA","5' UTR"
"PVP01_0500900",564,"UGUACCUUA","5' UTR"
"PVP01_1034500",57,"UGUACCUUA","5' UTR"
"PVP01_1132600",4,"UGUACCUUA","5' UTR"
"PVP01_0001520",106,"UGUACCUUA","CDS"
"PVP01_0103700",4819,"UGUACCUUA","CDS"
"PVP01_0104100",4787,"UGUACCUUA","CDS"
"PVP01_0302600",10238,"UGUACCUUA","CDS"
"PVP01_0417500",389,"UGUACCUUA","CDS"
"PVP01_0530900",260,"UGUACCUUA","CDS"
"PVP01_0614100",2135,"UGUACCUUA","CDS"
"PVP01_0619400",533,"UGUACCUUA","CDS"
"PVP01_0624400",391,"UGUACCUUA","CDS"
"PVP01_0708900",1199,"UGUACCUUA","CDS"
"PVP01_0800600",1217,"UGUACCUUA","CDS"
"PVP01_0800600",2532,"UGUACCUUA","CDS"
"PVP01_0837000",2963,"UGUACCUUA","CDS"
"PVP01_0945800",188,"UGUACCUUA","CDS"
"PVP01_1018600",3284,"UGUACCUUA","CDS"
"PVP01_1102600",3920,"UGUACCUUA","CDS"
"PVP01_1127800",1571,"UGUACCUUA","CDS"
"PVP01_1141100",2306,"UGUACCUUA","CDS"
"PVP01_1261200",3269,"UGUACCUUA","CDS"
"PVP01_1270300",2867,"UGUACCUUA","CDS"
"PVP01_1304500",692,"UGUACCUUA","CDS"
"PVP01_1309200",10889,"UGUACCUUA","CDS"
"PVP01_1317100",3314,"UGUACCUUA","CDS"
"PVP01_1318300",582,"UGUACCUUA","CDS"
"PVP01_1342500",7364,"UGUACCUUA","CDS"
"PVP01_1416100",692,"UGUACCUUA","CDS"
"PVP01_1422100",4268,"UGUACCUUA","CDS"
"PVP01_1428200",6389,"UGUACCUUA","CDS"
"PVP01_1451600",170,"UGUACCUUA","CDS"
"PVP01_1451700",7572,"UGUACCUUA","CDS"
"PVP01_1456500",894,"UGUACCUUA","CDS"
"PVP01_0107900",39,"UGUACGAUA","3' UTR"
"PVP01_0614600",146,"UGUACGAUA","3' UTR"
"PVP01_1110900",527,"UGUACGAUA","3' UTR"
"PVP01_1214100",699,"UGUACGAUA","3' UTR"
"PVP01_1440800",4725,"UGUACGAUA","3' UTR"
"PVP01_1440800",4759,"UGUACGAUA","3' UTR"
"PVP01_0003300",540,"UGUACGAUA","3' UTR"
"PVP01_0004950",125,"UGUACGAUA","3' UTR"
"PVP01_1100200",130,"UGUACGAUA","3' UTR"
"PVP01_1201000",125,"UGUACGAUA","3' UTR"
"PVP01_0801600",1456,"UGUACGAUA","5' UTR"
"PVP01_0832100",175,"UGUACGAUA","5' UTR"
"PVP01_0904400",750,"UGUACGAUA","5' UTR"
"PVP01_1010400",117,"UGUACGAUA","5' UTR"
"PVP01_1025000",745,"UGUACGAUA","5' UTR"
"PVP01_0002150",527,"UGUACGAUA","5' UTR"
"PVP01_0004940",60,"UGUACGAUA","5' UTR"
"PVP01_0005550",469,"UGUACGAUA","5' UTR"
"PVP01_0002330",548,"UGUACGAUA","CDS"
"PVP01_0007740",446,"UGUACGAUA","CDS"
"PVP01_0007860",608,"UGUACGAUA","CDS"
"PVP01_0008530",32,"UGUACGAUA","CDS"
"PVP01_0105200",3104,"UGUACGAUA","CDS"
"PVP01_0112900",23,"UGUACGAUA","CDS"
"PVP01_0214500",893,"UGUACGAUA","CDS"
"PVP01_0309000",401,"UGUACGAUA","CDS"
"PVP01_0310000",2069,"UGUACGAUA","CDS"
"PVP01_0424100",83,"UGUACGAUA","CDS"
"PVP01_0505000",182,"UGUACGAUA","CDS"
"PVP01_0514800",1052,"UGUACGAUA","CDS"
"PVP01_0529800",185,"UGUACGAUA","CDS"
"PVP01_0608300",6245,"UGUACGAUA","CDS"
"PVP01_0615200",191,"UGUACGAUA","CDS"
"PVP01_0621900",1532,"UGUACGAUA","CDS"
"PVP01_0622700",533,"UGUACGAUA","CDS"
"PVP01_0703700",16766,"UGUACGAUA","CDS"
"PVP01_0704700",788,"UGUACGAUA","CDS"
"PVP01_0729400",4910,"UGUACGAUA","CDS"
"PVP01_0730300",242,"UGUACGAUA","CDS"
"PVP01_0814600",227,"UGUACGAUA","CDS"
"PVP01_0829700",2327,"UGUACGAUA","CDS"
"PVP01_0832300",11117,"UGUACGAUA","CDS"
"PVP01_0923100",3806,"UGUACGAUA","CDS"
"PVP01_0935100",2123,"UGUACGAUA","CDS"
"PVP01_1021200",419,"UGUACGAUA","CDS"
"PVP01_1102400",1862,"UGUACGAUA","CDS"
"PVP01_1106400",539,"UGUACGAUA","CDS"
"PVP01_1119800",2123,"UGUACGAUA","CDS"
"PVP01_1120400",146,"UGUACGAUA","CDS"
"PVP01_1120500",281,"UGUACGAUA","CDS"
"PVP01_1121300",3608,"UGUACGAUA","CDS"
"PVP01_1122800",815,"UGUACGAUA","CDS"
"PVP01_1125400",521,"UGUACGAUA","CDS"
"PVP01_1142100",608,"UGUACGAUA","CDS"
"PVP01_1147900",623,"UGUACGAUA","CDS"
"PVP01_1201500",260,"UGUACGAUA","CDS"
"PVP01_1202800",1700,"UGUACGAUA","CDS"
"PVP01_1208000",931,"UGUACGAUA","CDS"
"PVP01_1214700",623,"UGUACGAUA","CDS"
"PVP01_1217200",4502,"UGUACGAUA","CDS"
"PVP01_1218500",128,"UGUACGAUA","CDS"
"PVP01_1238100",455,"UGUACGAUA","CDS"
"PVP01_1240700",1520,"UGUACGAUA","CDS"
"PVP01_1241000",9413,"UGUACGAUA","CDS"
"PVP01_1244400",8687,"UGUACGAUA","CDS"
"PVP01_1251400",920,"UGUACGAUA","CDS"
"PVP01_1267700",3773,"UGUACGAUA","CDS"
"PVP01_1301600",5075,"UGUACGAUA","CDS"
"PVP01_1313400",1448,"UGUACGAUA","CDS"
"PVP01_1319200",1391,"UGUACGAUA","CDS"
"PVP01_1330800",6917,"UGUACGAUA","CDS"
"PVP01_1340300",12788,"UGUACGAUA","CDS"
"PVP01_1340600",1406,"UGUACGAUA","CDS"
"PVP01_1404700",3449,"UGUACGAUA","CDS"
"PVP01_1404700",21413,"UGUACGAUA","CDS"
"PVP01_1406200",1703,"UGUACGAUA","CDS"
"PVP01_1412800",2310,"UGUACGAUA","CDS"
"PVP01_1414700",6986,"UGUACGAUA","CDS"
"PVP01_1423000",6359,"UGUACGAUA","CDS"
"PVP01_1426600",3662,"UGUACGAUA","CDS"
"PVP01_1428400",1661,"UGUACGAUA","CDS"
"PVP01_1428500",1040,"UGUACGAUA","CDS"
"PVP01_1429000",557,"UGUACGAUA","CDS"
"PVP01_1432900",1055,"UGUACGAUA","CDS"
"PVP01_1437000",464,"UGUACGAUA","CDS"
"PVP01_1128100",332,"UGUACGCUA","3' UTR"
"PVP01_1143900",1023,"UGUACGCUA","3' UTR"
"PVP01_1211500",499,"UGUACGCUA","3' UTR"
"PVP01_1420400",2004,"UGUACGCUA","3' UTR"
"PVP01_1424800",1344,"UGUACGCUA","3' UTR"
"PVP01_1009800",613,"UGUACGCUA","3' UTR"
"PVP01_0108300",433,"UGUACGCUA","5' UTR"
"PVP01_0303100",805,"UGUACGCUA","5' UTR"
"PVP01_1407300",632,"UGUACGCUA","5' UTR"
"PVP01_0006570",478,"UGUACGCUA","5' UTR"
"PVP01_0210400",550,"UGUACGCUA","5' UTR"
"PVP01_1401500",166,"UGUACGCUA","5' UTR"
"PVP01_1434900",730,"UGUACGCUA","5' UTR"
"PVP01_0001560",571,"UGUACGCUA","CDS"
"PVP01_0009990",577,"UGUACGCUA","CDS"
"PVP01_0213800",5,"UGUACGCUA","CDS"
"PVP01_0803200",3218,"UGUACGCUA","CDS"
"PVP01_0815000",1676,"UGUACGCUA","CDS"
"PVP01_1003700",104,"UGUACGCUA","CDS"
"PVP01_1108700",224,"UGUACGCUA","CDS"
"PVP01_1121400",16541,"UGUACGCUA","CDS"
"PVP01_1124900",5085,"UGUACGCUA","CDS"
"PVP01_1241000",16937,"UGUACGCUA","CDS"
"PVP01_1315200",887,"UGUACGCUA","CDS"
"PVP01_1331400",715,"UGUACGCUA","CDS"
"PVP01_1341700",206,"UGUACGCUA","CDS"
"PVP01_1427900",1119,"UGUACGCUA","CDS"
"PVP01_1430900",1566,"UGUACGCUA","CDS"
"PVP01_1120100",1087,"UGUACGGUA","3' UTR"
"PVP01_1446100",300,"UGUACGGUA","3' UTR"
"PVP01_0101000",437,"UGUACGGUA","3' UTR"
"PVP01_0103100",945,"UGUACGGUA","5' UTR"
"PVP01_0819500",1178,"UGUACGGUA","5' UTR"
"PVP01_0830400",62,"UGUACGGUA","5' UTR"
"PVP01_0915000",640,"UGUACGGUA","5' UTR"
"PVP01_0918800",1433,"UGUACGGUA","5' UTR"
"PVP01_1313200",2711,"UGUACGGUA","5' UTR"
"PVP01_1466100",563,"UGUACGGUA","5' UTR"
"PVP01_0000410",271,"UGUACGGUA","5' UTR"
"PVP01_0000810",271,"UGUACGGUA","5' UTR"
"PVP01_0120200",494,"UGUACGGUA","5' UTR"
"PVP01_0406700",239,"UGUACGGUA","CDS"
"PVP01_1013500",206,"UGUACGGUA","CDS"
"PVP01_1113100",11,"UGUACGGUA","CDS"
"PVP01_1253200",1883,"UGUACGGUA","CDS"
"PVP01_1262500",1599,"UGUACGGUA","CDS"
"PVP01_1331900",1082,"UGUACGGUA","CDS"
"PVP01_1455300",4359,"UGUACGGUA","CDS"
"PVP01_0108400",429,"UGUACGUUA","3' UTR"
"PVP01_0315300",588,"UGUACGUUA","3' UTR"
"PVP01_0905000",267,"UGUACGUUA","3' UTR"
"PVP01_1217800",359,"UGUACGUUA","3' UTR"
"PVP01_1304700",514,"UGUACGUUA","3' UTR"
"PVP01_1314400",865,"UGUACGUUA","3' UTR"
"PVP01_1419500",135,"UGUACGUUA","3' UTR"
"PVP01_0000880",478,"UGUACGUUA","3' UTR"
"PVP01_0001190",214,"UGUACGUUA","3' UTR"
"PVP01_0009870",270,"UGUACGUUA","3' UTR"
"PVP01_0932500",435,"UGUACGUUA","3' UTR"
"PVP01_0949600",270,"UGUACGUUA","3' UTR"
"PVP01_1270700",511,"UGUACGUUA","3' UTR"
"PVP01_1335300",497,"UGUACGUUA","3' UTR"
"PVP01_1473000",84,"UGUACGUUA","3' UTR"
"PVP01_0203400",290,"UGUACGUUA","5' UTR"
"PVP01_0306700",38,"UGUACGUUA","5' UTR"
"PVP01_0509900",40,"UGUACGUUA","5' UTR"
"PVP01_0810500",1002,"UGUACGUUA","5' UTR"
"PVP01_0810800",24,"UGUACGUUA","5' UTR"
"PVP01_0814400",1501,"UGUACGUUA","5' UTR"
"PVP01_0905800",227,"UGUACGUUA","5' UTR"
"PVP01_0925300",480,"UGUACGUUA","5' UTR"
"PVP01_0937400",4997,"UGUACGUUA","5' UTR"
"PVP01_0949400",159,"UGUACGUUA","5' UTR"
"PVP01_1023500",180,"UGUACGUUA","5' UTR"
"PVP01_1033300",786,"UGUACGUUA","5' UTR"
"PVP01_1124000",239,"UGUACGUUA","5' UTR"
"PVP01_1138000",368,"UGUACGUUA","5' UTR"
"PVP01_1211600",284,"UGUACGUUA","5' UTR"
"PVP01_1256000",479,"UGUACGUUA","5' UTR"
"PVP01_1311000",762,"UGUACGUUA","5' UTR"
"PVP01_1334800",3237,"UGUACGUUA","5' UTR"
"PVP01_1342900",178,"UGUACGUUA","5' UTR"
"PVP01_0004840",175,"UGUACGUUA","5' UTR"
"PVP01_0605100",475,"UGUACGUUA","5' UTR"
"PVP01_0935800",180,"UGUACGUUA","5' UTR"
"PVP01_0003530",129,"UGUACGUUA","CDS"
"PVP01_0004820",287,"UGUACGUUA","CDS"
"PVP01_0006000",380,"UGUACGUUA","CDS"
"PVP01_0104100",5663,"UGUACGUUA","CDS"
"PVP01_0108700",1154,"UGUACGUUA","CDS"
"PVP01_0215000",602,"UGUACGUUA","CDS"
"PVP01_0302800",1124,"UGUACGUUA","CDS"
"PVP01_0508200",8786,"UGUACGUUA","CDS"
"PVP01_0707200",263,"UGUACGUUA","CDS"
"PVP01_0730000",13,"UGUACGUUA","CDS"
"PVP01_0814200",2135,"UGUACGUUA","CDS"
"PVP01_0826700",1715,"UGUACGUUA","CDS"
"PVP01_0839600",246,"UGUACGUUA","CDS"
"PVP01_0932400",3689,"UGUACGUUA","CDS"
"PVP01_0935700",1940,"UGUACGUUA","CDS"
"PVP01_0937000",52,"UGUACGUUA","CDS"
"PVP01_1112000",1875,"UGUACGUUA","CDS"
"PVP01_1112100",311,"UGUACGUUA","CDS"
"PVP01_1212000",512,"UGUACGUUA","CDS"
"PVP01_1220500",1334,"UGUACGUUA","CDS"
"PVP01_1440200",830,"UGUACGUUA","CDS"
"PVP01_1461500",1043,"UGUACGUUA","CDS"
"PVP01_1472200",246,"UGUACGUUA","CDS"
"PVP01_0300700",76,"UGUACUAUA","3' UTR"
"PVP01_0418900",155,"UGUACUAUA","3' UTR"
"PVP01_0623500",320,"UGUACUAUA","3' UTR"
"PVP01_0719800",68,"UGUACUAUA","3' UTR"
"PVP01_0805300",1242,"UGUACUAUA","3' UTR"
"PVP01_0810200",409,"UGUACUAUA","3' UTR"
"PVP01_0810500",3304,"UGUACUAUA","3' UTR"
"PVP01_0935500",5007,"UGUACUAUA","3' UTR"
"PVP01_1214000",2388,"UGUACUAUA","3' UTR"
"PVP01_1252700",2060,"UGUACUAUA","3' UTR"
"PVP01_1264900",276,"UGUACUAUA","3' UTR"
"PVP01_1333500",1406,"UGUACUAUA","3' UTR"
"PVP01_1405400",71,"UGUACUAUA","3' UTR"
"PVP01_1413900",978,"UGUACUAUA","3' UTR"
"PVP01_1437400",468,"UGUACUAUA","3' UTR"
"PVP01_1465600",568,"UGUACUAUA","3' UTR"
"PVP01_0001500",611,"UGUACUAUA","3' UTR"
"PVP01_0002770",654,"UGUACUAUA","3' UTR"
"PVP01_0004010",612,"UGUACUAUA","3' UTR"
"PVP01_0004840",403,"UGUACUAUA","3' UTR"
"PVP01_0005130",659,"UGUACUAUA","3' UTR"
"PVP01_0006300",419,"UGUACUAUA","3' UTR"
"PVP01_0006600",90,"UGUACUAUA","3' UTR"
"PVP01_0007130",90,"UGUACUAUA","3' UTR"
"PVP01_0007540",265,"UGUACUAUA","3' UTR"
"PVP01_0008500",254,"UGUACUAUA","3' UTR"
"PVP01_0008500",504,"UGUACUAUA","3' UTR"
"PVP01_0010120",127,"UGUACUAUA","3' UTR"
"PVP01_0010590",616,"UGUACUAUA","3' UTR"
"PVP01_0011080",405,"UGUACUAUA","3' UTR"
"PVP01_0219600",244,"UGUACUAUA","3' UTR"
"PVP01_0533600",436,"UGUACUAUA","3' UTR"
"PVP01_0737300",393,"UGUACUAUA","3' UTR"
"PVP01_0737500",614,"UGUACUAUA","3' UTR"
"PVP01_0840500",409,"UGUACUAUA","3' UTR"
"PVP01_0901800",326,"UGUACUAUA","3' UTR"
"PVP01_1022700",317,"UGUACUAUA","3' UTR"
"PVP01_1272900",405,"UGUACUAUA","3' UTR"
"PVP01_1273500",667,"UGUACUAUA","3' UTR"
"PVP01_1347100",174,"UGUACUAUA","3' UTR"
"PVP01_1414000",660,"UGUACUAUA","3' UTR"
"PVP01_0837800",1245,"UGUACUAUA","5' UTR"
"PVP01_1009900",4026,"UGUACUAUA","5' UTR"
"PVP01_1230500",1546,"UGUACUAUA","5' UTR"
"PVP01_1244400",1032,"UGUACUAUA","5' UTR"
"PVP01_1252800",106,"UGUACUAUA","5' UTR"
"PVP01_1265200",24,"UGUACUAUA","5' UTR"
"PVP01_1331300",165,"UGUACUAUA","5' UTR"
"PVP01_1413800",2149,"UGUACUAUA","5' UTR"
"PVP01_1426100",711,"UGUACUAUA","5' UTR"
"PVP01_1431600",2066,"UGUACUAUA","5' UTR"
"PVP01_0000520",315,"UGUACUAUA","5' UTR"
"PVP01_0000580",225,"UGUACUAUA","5' UTR"
"PVP01_0000820",158,"UGUACUAUA","5' UTR"
"PVP01_0002040",652,"UGUACUAUA","5' UTR"
"PVP01_0002300",50,"UGUACUAUA","5' UTR"
"PVP01_0003010",404,"UGUACUAUA","5' UTR"
"PVP01_0003610",620,"UGUACUAUA","5' UTR"
"PVP01_0004080",243,"UGUACUAUA","5' UTR"
"PVP01_0004560",303,"UGUACUAUA","5' UTR"
"PVP01_0004910",374,"UGUACUAUA","5' UTR"
"PVP01_0005780",322,"UGUACUAUA","5' UTR"
"PVP01_0005990",773,"UGUACUAUA","5' UTR"
"PVP01_0007390",33,"UGUACUAUA","5' UTR"
"PVP01_0007410",298,"UGUACUAUA","5' UTR"
"PVP01_0007450",404,"UGUACUAUA","5' UTR"
"PVP01_0007530",461,"UGUACUAUA","5' UTR"
"PVP01_0007780",614,"UGUACUAUA","5' UTR"
"PVP01_0007960",363,"UGUACUAUA","5' UTR"
"PVP01_0007970",369,"UGUACUAUA","5' UTR"
"PVP01_0008010",185,"UGUACUAUA","5' UTR"
"PVP01_0008270",268,"UGUACUAUA","5' UTR"
"PVP01_0009730",614,"UGUACUAUA","5' UTR"
"PVP01_0219600",547,"UGUACUAUA","5' UTR"
"PVP01_0404100",157,"UGUACUAUA","5' UTR"
"PVP01_0839200",693,"UGUACUAUA","5' UTR"
"PVP01_1034600",442,"UGUACUAUA","5' UTR"
"PVP01_API01300",637,"UGUACUAUA","5' UTR"
"PVP01_API01400",416,"UGUACUAUA","5' UTR"
"PVP01_0000270",607,"UGUACUAUA","CDS"
"PVP01_0004450",217,"UGUACUAUA","CDS"
"PVP01_0004970",592,"UGUACUAUA","CDS"
"PVP01_0010880",184,"UGUACUAUA","CDS"
"PVP01_0101700",399,"UGUACUAUA","CDS"
"PVP01_0105400",3437,"UGUACUAUA","CDS"
"PVP01_0119900",1079,"UGUACUAUA","CDS"
"PVP01_0121000",1074,"UGUACUAUA","CDS"
"PVP01_0214000",410,"UGUACUAUA","CDS"
"PVP01_0314000",1800,"UGUACUAUA","CDS"
"PVP01_0417300",2531,"UGUACUAUA","CDS"
"PVP01_0507600",724,"UGUACUAUA","CDS"
"PVP01_0600700",379,"UGUACUAUA","CDS"
"PVP01_0705600",1705,"UGUACUAUA","CDS"
"PVP01_0718700",98,"UGUACUAUA","CDS"
"PVP01_0719100",1547,"UGUACUAUA","CDS"
"PVP01_0720100",137,"UGUACUAUA","CDS"
"PVP01_0729400",176,"UGUACUAUA","CDS"
"PVP01_1034800",1367,"UGUACUAUA","CDS"
"PVP01_1125500",35,"UGUACUAUA","CDS"
"PVP01_1139100",3287,"UGUACUAUA","CDS"
"PVP01_1221100",1329,"UGUACUAUA","CDS"
"PVP01_1241000",10853,"UGUACUAUA","CDS"
"PVP01_1259600",392,"UGUACUAUA","CDS"
"PVP01_1329200",1445,"UGUACUAUA","CDS"
"PVP01_1340300",1598,"UGUACUAUA","CDS"
"PVP01_1420800",782,"UGUACUAUA","CDS"
"PVP01_1426600",2072,"UGUACUAUA","CDS"
"PVP01_1457900",5831,"UGUACUAUA","CDS"
"PVP01_1461300",1136,"UGUACUAUA","CDS"
"PVP01_API01200",445,"UGUACUAUA","CDS"
"PVP01_0308900",138,"UGUACUCUA","3' UTR"
"PVP01_0532300",2921,"UGUACUCUA","3' UTR"
"PVP01_0717000",332,"UGUACUCUA","3' UTR"
"PVP01_1020800",1159,"UGUACUCUA","3' UTR"
"PVP01_1212900",497,"UGUACUCUA","3' UTR"
"PVP01_1268900",111,"UGUACUCUA","3' UTR"
"PVP01_1406200",229,"UGUACUCUA","3' UTR"
"PVP01_1436200",195,"UGUACUCUA","3' UTR"
"PVP01_1438600",1137,"UGUACUCUA","3' UTR"
"PVP01_0419600",218,"UGUACUCUA","5' UTR"
"PVP01_0713400",198,"UGUACUCUA","5' UTR"
"PVP01_1128500",632,"UGUACUCUA","5' UTR"
"PVP01_1266500",1577,"UGUACUCUA","5' UTR"
"PVP01_0009120",569,"UGUACUCUA","5' UTR"
"PVP01_1331500",618,"UGUACUCUA","5' UTR"
"PVP01_0008390",598,"UGUACUCUA","CDS"
"PVP01_0114200",314,"UGUACUCUA","CDS"
"PVP01_0210200",671,"UGUACUCUA","CDS"
"PVP01_0320000",953,"UGUACUCUA","CDS"
"PVP01_0515300",788,"UGUACUCUA","CDS"
"PVP01_0613000",80,"UGUACUCUA","CDS"
"PVP01_0618600",1796,"UGUACUCUA","CDS"
"PVP01_0712900",3281,"UGUACUCUA","CDS"
"PVP01_0735000",1188,"UGUACUCUA","CDS"
"PVP01_0920000",1409,"UGUACUCUA","CDS"
"PVP01_0923500",4358,"UGUACUCUA","CDS"
"PVP01_1010800",1148,"UGUACUCUA","CDS"
"PVP01_1016100",3281,"UGUACUCUA","CDS"
"PVP01_1017000",326,"UGUACUCUA","CDS"
"PVP01_1100300",104,"UGUACUCUA","CDS"
"PVP01_1109100",3725,"UGUACUCUA","CDS"
"PVP01_1130300",1145,"UGUACUCUA","CDS"
"PVP01_1206400",341,"UGUACUCUA","CDS"
"PVP01_1270300",13105,"UGUACUCUA","CDS"
"PVP01_1331700",11567,"UGUACUCUA","CDS"
"PVP01_1333200",1010,"UGUACUCUA","CDS"
"PVP01_1339200",549,"UGUACUCUA","CDS"
"PVP01_1347200",976,"UGUACUCUA","CDS"
"PVP01_1410400",2066,"UGUACUCUA","CDS"
"PVP01_1426600",2030,"UGUACUCUA","CDS"
"PVP01_1444000",137,"UGUACUCUA","CDS"
"PVP01_1467200",2750,"UGUACUCUA","CDS"
"PVP01_0422600",1873,"UGUACUGUA","3' UTR"
"PVP01_0504100",821,"UGUACUGUA","3' UTR"
"PVP01_0719100",1159,"UGUACUGUA","3' UTR"
"PVP01_0921900",233,"UGUACUGUA","3' UTR"
"PVP01_0942500",658,"UGUACUGUA","3' UTR"
"PVP01_1020300",2257,"UGUACUGUA","3' UTR"
"PVP01_1026900",698,"UGUACUGUA","3' UTR"
"PVP01_1113000",260,"UGUACUGUA","3' UTR"
"PVP01_1213900",1567,"UGUACUGUA","3' UTR"
"PVP01_1253300",395,"UGUACUGUA","3' UTR"
"PVP01_1459800",414,"UGUACUGUA","3' UTR"
"PVP01_1462100",1506,"UGUACUGUA","3' UTR"
"PVP01_1467300",358,"UGUACUGUA","3' UTR"
"PVP01_0000650",310,"UGUACUGUA","3' UTR"
"PVP01_0001300",455,"UGUACUGUA","3' UTR"
"PVP01_0001880",485,"UGUACUGUA","3' UTR"
"PVP01_0005450",490,"UGUACUGUA","3' UTR"
"PVP01_0007260",484,"UGUACUGUA","3' UTR"
"PVP01_0007750",66,"UGUACUGUA","3' UTR"
"PVP01_0007940",548,"UGUACUGUA","3' UTR"
"PVP01_0201500",592,"UGUACUGUA","3' UTR"
"PVP01_0949800",186,"UGUACUGUA","3' UTR"
"PVP01_1002200",487,"UGUACUGUA","3' UTR"
"PVP01_1137300",284,"UGUACUGUA","3' UTR"
"PVP01_1272700",484,"UGUACUGUA","3' UTR"
"PVP01_0000150",453,"UGUACUGUA","5' UTR"
"PVP01_0105200",1502,"UGUACUGUA","5' UTR"
"PVP01_0532000",194,"UGUACUGUA","5' UTR"
"PVP01_0622100",1260,"UGUACUGUA","5' UTR"
"PVP01_0704300",351,"UGUACUGUA","5' UTR"
"PVP01_0704900",7,"UGUACUGUA","5' UTR"
"PVP01_0911200",317,"UGUACUGUA","5' UTR"
"PVP01_0918300",331,"UGUACUGUA","5' UTR"
"PVP01_0918300",336,"UGUACUGUA","5' UTR"
"PVP01_0918300",341,"UGUACUGUA","5' UTR"
"PVP01_0918300",346,"UGUACUGUA","5' UTR"
"PVP01_1004500",526,"UGUACUGUA","5' UTR"
"PVP01_1106200",629,"UGUACUGUA","5' UTR"
"PVP01_1108100",1426,"UGUACUGUA","5' UTR"
"PVP01_1121700",295,"UGUACUGUA","5' UTR"
"PVP01_1124900",377,"UGUACUGUA","5' UTR"
"PVP01_1124900",404,"UGUACUGUA","5' UTR"
"PVP01_1135300",4068,"UGUACUGUA","5' UTR"
"PVP01_1211100",48,"UGUACUGUA","5' UTR"
"PVP01_1247500",415,"UGUACUGUA","5' UTR"
"PVP01_1247500",420,"UGUACUGUA","5' UTR"
"PVP01_1302200",124,"UGUACUGUA","5' UTR"
"PVP01_1311000",757,"UGUACUGUA","5' UTR"
"PVP01_1314200",2293,"UGUACUGUA","5' UTR"
"PVP01_1329200",1299,"UGUACUGUA","5' UTR"
"PVP01_1339100",892,"UGUACUGUA","5' UTR"
"PVP01_1343900",146,"UGUACUGUA","5' UTR"
"PVP01_1346000",1037,"UGUACUGUA","5' UTR"
"PVP01_1413800",1315,"UGUACUGUA","5' UTR"
"PVP01_1417400",902,"UGUACUGUA","5' UTR"
"PVP01_1451500",2990,"UGUACUGUA","5' UTR"
"PVP01_1457800",548,"UGUACUGUA","5' UTR"
"PVP01_0000580",586,"UGUACUGUA","5' UTR"
"PVP01_0005380",272,"UGUACUGUA","5' UTR"
"PVP01_0008850",444,"UGUACUGUA","5' UTR"
"PVP01_0010860",111,"UGUACUGUA","5' UTR"
"PVP01_0217700",486,"UGUACUGUA","5' UTR"
"PVP01_0533500",422,"UGUACUGUA","5' UTR"
"PVP01_0607500",716,"UGUACUGUA","5' UTR"
"PVP01_0736600",121,"UGUACUGUA","5' UTR"
"PVP01_0738300",117,"UGUACUGUA","5' UTR"
"PVP01_1035600",37,"UGUACUGUA","5' UTR"
"PVP01_1427700",75,"UGUACUGUA","5' UTR"
"PVP01_0004340",778,"UGUACUGUA","CDS"
"PVP01_0005180",213,"UGUACUGUA","CDS"
"PVP01_0007730",1270,"UGUACUGUA","CDS"
"PVP01_0008080",586,"UGUACUGUA","CDS"
"PVP01_0010050",439,"UGUACUGUA","CDS"
"PVP01_0403200",382,"UGUACUGUA","CDS"
"PVP01_0533300",365,"UGUACUGUA","CDS"
"PVP01_0721300",4058,"UGUACUGUA","CDS"
"PVP01_0819000",123,"UGUACUGUA","CDS"
"PVP01_0829600",219,"UGUACUGUA","CDS"
"PVP01_0829900",1772,"UGUACUGUA","CDS"
"PVP01_0838900",469,"UGUACUGUA","CDS"
"PVP01_0932700",1865,"UGUACUGUA","CDS"
"PVP01_1035500",565,"UGUACUGUA","CDS"
"PVP01_1112900",3119,"UGUACUGUA","CDS"
"PVP01_1116600",266,"UGUACUGUA","CDS"
"PVP01_1226100",525,"UGUACUGUA","CDS"
"PVP01_1263400",1628,"UGUACUGUA","CDS"
"PVP01_1268500",519,"UGUACUGUA","CDS"
"PVP01_1330800",1526,"UGUACUGUA","CDS"
"PVP01_1336500",2129,"UGUACUGUA","CDS"
"PVP01_1337000",483,"UGUACUGUA","CDS"
"PVP01_1426000",1059,"UGUACUGUA","CDS"
"PVP01_1440200",864,"UGUACUGUA","CDS"
"PVP01_0208600",22,"UGUACUUUA","3' UTR"
"PVP01_0520900",54,"UGUACUUUA","3' UTR"
"PVP01_0910900",381,"UGUACUUUA","3' UTR"
"PVP01_0932000",1270,"UGUACUUUA","3' UTR"
"PVP01_0935100",457,"UGUACUUUA","3' UTR"
"PVP01_1009100",304,"UGUACUUUA","3' UTR"
"PVP01_1138300",657,"UGUACUUUA","3' UTR"
"PVP01_1217800",349,"UGUACUUUA","3' UTR"
"PVP01_1222400",1085,"UGUACUUUA","3' UTR"
"PVP01_1251100",349,"UGUACUUUA","3' UTR"
"PVP01_1266100",1121,"UGUACUUUA","3' UTR"
"PVP01_1302900",957,"UGUACUUUA","3' UTR"
"PVP01_1311000",484,"UGUACUUUA","3' UTR"
"PVP01_1406900",507,"UGUACUUUA","3' UTR"
"PVP01_1411800",295,"UGUACUUUA","3' UTR"
"PVP01_1431800",1463,"UGUACUUUA","3' UTR"
"PVP01_1457100",1150,"UGUACUUUA","3' UTR"
"PVP01_0000570",293,"UGUACUUUA","3' UTR"
"PVP01_0001170",227,"UGUACUUUA","3' UTR"
"PVP01_0001760",338,"UGUACUUUA","3' UTR"
"PVP01_0005670",309,"UGUACUUUA","3' UTR"
"PVP01_0006540",525,"UGUACUUUA","3' UTR"
"PVP01_0006780",276,"UGUACUUUA","3' UTR"
"PVP01_0006920",356,"UGUACUUUA","3' UTR"
"PVP01_0007070",156,"UGUACUUUA","3' UTR"
"PVP01_0007680",205,"UGUACUUUA","3' UTR"
"PVP01_0008810",308,"UGUACUUUA","3' UTR"
"PVP01_0122000",287,"UGUACUUUA","3' UTR"
"PVP01_0219100",121,"UGUACUUUA","3' UTR"
"PVP01_0501700",274,"UGUACUUUA","3' UTR"
"PVP01_0840300",274,"UGUACUUUA","3' UTR"
"PVP01_1023200",72,"UGUACUUUA","3' UTR"
"PVP01_1273200",277,"UGUACUUUA","3' UTR"
"PVP01_1327400",373,"UGUACUUUA","3' UTR"
"PVP01_1411300",678,"UGUACUUUA","3' UTR"
"PVP01_0414500",2272,"UGUACUUUA","5' UTR"
"PVP01_0423400",1818,"UGUACUUUA","5' UTR"
"PVP01_0507600",1775,"UGUACUUUA","5' UTR"
"PVP01_0512900",1630,"UGUACUUUA","5' UTR"
"PVP01_0701700",2613,"UGUACUUUA","5' UTR"
"PVP01_0709700",511,"UGUACUUUA","5' UTR"
"PVP01_0819700",2008,"UGUACUUUA","5' UTR"
"PVP01_0837800",1876,"UGUACUUUA","5' UTR"
"PVP01_1006600",287,"UGUACUUUA","5' UTR"
"PVP01_1023500",1190,"UGUACUUUA","5' UTR"
"PVP01_1126900",160,"UGUACUUUA","5' UTR"
"PVP01_1147600",700,"UGUACUUUA","5' UTR"
"PVP01_1227700",1822,"UGUACUUUA","5' UTR"
"PVP01_1316100",1146,"UGUACUUUA","5' UTR"
"PVP01_1338200",341,"UGUACUUUA","5' UTR"
"PVP01_1346100",269,"UGUACUUUA","5' UTR"
"PVP01_1346500",479,"UGUACUUUA","5' UTR"
"PVP01_1410400",1449,"UGUACUUUA","5' UTR"
"PVP01_1420300",2181,"UGUACUUUA","5' UTR"
"PVP01_1425800",1405,"UGUACUUUA","5' UTR"
"PVP01_0000680",755,"UGUACUUUA","5' UTR"
"PVP01_0002100",4,"UGUACUUUA","5' UTR"
"PVP01_0003170",339,"UGUACUUUA","5' UTR"
"PVP01_0004580",5,"UGUACUUUA","5' UTR"
"PVP01_0005740",176,"UGUACUUUA","5' UTR"
"PVP01_0006900",510,"UGUACUUUA","5' UTR"
"PVP01_0007990",494,"UGUACUUUA","5' UTR"
"PVP01_0008590",61,"UGUACUUUA","5' UTR"
"PVP01_0009300",194,"UGUACUUUA","5' UTR"
"PVP01_0120200",235,"UGUACUUUA","5' UTR"
"PVP01_0220300",755,"UGUACUUUA","5' UTR"
"PVP01_0523700",242,"UGUACUUUA","5' UTR"
"PVP01_1001400",528,"UGUACUUUA","5' UTR"
"PVP01_1136700",367,"UGUACUUUA","5' UTR"
"PVP01_0001340",34,"UGUACUUUA","CDS"
"PVP01_0001500",382,"UGUACUUUA","CDS"
"PVP01_0002330",385,"UGUACUUUA","CDS"
"PVP01_0003330",391,"UGUACUUUA","CDS"
"PVP01_0004920",382,"UGUACUUUA","CDS"
"PVP01_0009070",373,"UGUACUUUA","CDS"
"PVP01_0106700",2018,"UGUACUUUA","CDS"
"PVP01_0109300",320,"UGUACUUUA","CDS"
"PVP01_0110100",815,"UGUACUUUA","CDS"
"PVP01_0116300",2465,"UGUACUUUA","CDS"
"PVP01_0122200",361,"UGUACUUUA","CDS"
"PVP01_0212800",2606,"UGUACUUUA","CDS"
"PVP01_0213500",3728,"UGUACUUUA","CDS"
"PVP01_0214300",5378,"UGUACUUUA","CDS"
"PVP01_0404100",616,"UGUACUUUA","CDS"
"PVP01_0501700",109,"UGUACUUUA","CDS"
"PVP01_0505900",548,"UGUACUUUA","CDS"
"PVP01_0517200",665,"UGUACUUUA","CDS"
"PVP01_0528700",263,"UGUACUUUA","CDS"
"PVP01_0607400",260,"UGUACUUUA","CDS"
"PVP01_0703000",3785,"UGUACUUUA","CDS"
"PVP01_0717900",215,"UGUACUUUA","CDS"
"PVP01_0730800",3425,"UGUACUUUA","CDS"
"PVP01_0732100",548,"UGUACUUUA","CDS"
"PVP01_0821600",6353,"UGUACUUUA","CDS"
"PVP01_0826800",1085,"UGUACUUUA","CDS"
"PVP01_0913800",560,"UGUACUUUA","CDS"
"PVP01_0923200",5162,"UGUACUUUA","CDS"
"PVP01_0923700",2034,"UGUACUUUA","CDS"
"PVP01_0927200",1157,"UGUACUUUA","CDS"
"PVP01_0937300",572,"UGUACUUUA","CDS"
"PVP01_1105700",272,"UGUACUUUA","CDS"
"PVP01_1107600",5285,"UGUACUUUA","CDS"
"PVP01_1112900",5639,"UGUACUUUA","CDS"
"PVP01_1113700",2534,"UGUACUUUA","CDS"
"PVP01_1115100",2633,"UGUACUUUA","CDS"
"PVP01_1119800",14714,"UGUACUUUA","CDS"
"PVP01_1129700",1952,"UGUACUUUA","CDS"
"PVP01_1130400",485,"UGUACUUUA","CDS"
"PVP01_1134200",2348,"UGUACUUUA","CDS"
"PVP01_1136800",177,"UGUACUUUA","CDS"
"PVP01_1202500",1413,"UGUACUUUA","CDS"
"PVP01_1203600",1910,"UGUACUUUA","CDS"
"PVP01_1225500",2446,"UGUACUUUA","CDS"
"PVP01_1230500",1277,"UGUACUUUA","CDS"
"PVP01_1243200",71,"UGUACUUUA","CDS"
"PVP01_1253200",635,"UGUACUUUA","CDS"
"PVP01_1315700",5447,"UGUACUUUA","CDS"
"PVP01_1317600",1112,"UGUACUUUA","CDS"
"PVP01_1327300",77,"UGUACUUUA","CDS"
"PVP01_1333400",2075,"UGUACUUUA","CDS"
"PVP01_1335000",668,"UGUACUUUA","CDS"
"PVP01_1336500",3299,"UGUACUUUA","CDS"
"PVP01_1406400",2537,"UGUACUUUA","CDS"
"PVP01_1420800",1199,"UGUACUUUA","CDS"
"PVP01_1421500",2934,"UGUACUUUA","CDS"
"PVP01_1428200",2753,"UGUACUUUA","CDS"
"PVP01_1434200",575,"UGUACUUUA","CDS"
"PVP01_1448800",83,"UGUACUUUA","CDS"
"PVP01_1455200",1391,"UGUACUUUA","CDS"
"PVP01_1466400",1592,"UGUACUUUA","CDS"
"PVP01_1467600",212,"UGUACUUUA","CDS"
"PVP01_0215300",736,"UGUAGAAUA","3' UTR"
"PVP01_0521600",1404,"UGUAGAAUA","3' UTR"
"PVP01_0532100",1079,"UGUAGAAUA","3' UTR"
"PVP01_0613700",682,"UGUAGAAUA","3' UTR"
"PVP01_0716300",2313,"UGUAGAAUA","3' UTR"
"PVP01_0832700",60,"UGUAGAAUA","3' UTR"
"PVP01_0834800",248,"UGUAGAAUA","3' UTR"
"PVP01_1010500",679,"UGUAGAAUA","3' UTR"
"PVP01_1239700",2174,"UGUAGAAUA","3' UTR"
"PVP01_1313300",2047,"UGUAGAAUA","3' UTR"
"PVP01_1333600",321,"UGUAGAAUA","3' UTR"
"PVP01_1429000",1639,"UGUAGAAUA","3' UTR"
"PVP01_1437400",178,"UGUAGAAUA","3' UTR"
"PVP01_0001140",130,"UGUAGAAUA","3' UTR"
"PVP01_0001470",130,"UGUAGAAUA","3' UTR"
"PVP01_0001520",209,"UGUAGAAUA","3' UTR"
"PVP01_0001760",183,"UGUAGAAUA","3' UTR"
"PVP01_0003980",506,"UGUAGAAUA","3' UTR"
"PVP01_0004170",424,"UGUAGAAUA","3' UTR"
"PVP01_0004850",669,"UGUAGAAUA","3' UTR"
"PVP01_0005010",470,"UGUAGAAUA","3' UTR"
"PVP01_0006190",176,"UGUAGAAUA","3' UTR"
"PVP01_0006800",185,"UGUAGAAUA","3' UTR"
"PVP01_0008880",589,"UGUAGAAUA","3' UTR"
"PVP01_0009260",202,"UGUAGAAUA","3' UTR"
"PVP01_0120100",186,"UGUAGAAUA","3' UTR"
"PVP01_0404100",492,"UGUAGAAUA","3' UTR"
"PVP01_0502100",196,"UGUAGAAUA","3' UTR"
"PVP01_0502700",324,"UGUAGAAUA","3' UTR"
"PVP01_0601400",428,"UGUAGAAUA","3' UTR"
"PVP01_0901000",673,"UGUAGAAUA","3' UTR"
"PVP01_1036100",424,"UGUAGAAUA","3' UTR"
"PVP01_1101100",629,"UGUAGAAUA","3' UTR"
"PVP01_0525500",73,"UGUAGAAUA","5' UTR"
"PVP01_0922800",848,"UGUAGAAUA","5' UTR"
"PVP01_1018200",1022,"UGUAGAAUA","5' UTR"
"PVP01_1116400",1452,"UGUAGAAUA","5' UTR"
"PVP01_1132400",1084,"UGUAGAAUA","5' UTR"
"PVP01_1306400",1,"UGUAGAAUA","5' UTR"
"PVP01_1332700",666,"UGUAGAAUA","5' UTR"
"PVP01_1339100",951,"UGUAGAAUA","5' UTR"
"PVP01_1339600",313,"UGUAGAAUA","5' UTR"
"PVP01_1419200",676,"UGUAGAAUA","5' UTR"
"PVP01_1436700",407,"UGUAGAAUA","5' UTR"
"PVP01_1439800",401,"UGUAGAAUA","5' UTR"
"PVP01_1440800",371,"UGUAGAAUA","5' UTR"
"PVP01_0000030",438,"UGUAGAAUA","5' UTR"
"PVP01_0000410",758,"UGUAGAAUA","5' UTR"
"PVP01_0000470",402,"UGUAGAAUA","5' UTR"
"PVP01_0000810",758,"UGUAGAAUA","5' UTR"
"PVP01_0000910",758,"UGUAGAAUA","5' UTR"
"PVP01_0001010",117,"UGUAGAAUA","5' UTR"
"PVP01_0002580",792,"UGUAGAAUA","5' UTR"
"PVP01_0002600",177,"UGUAGAAUA","5' UTR"
"PVP01_0002600",679,"UGUAGAAUA","5' UTR"
"PVP01_0002950",64,"UGUAGAAUA","5' UTR"
"PVP01_0003090",504,"UGUAGAAUA","5' UTR"
"PVP01_0004170",505,"UGUAGAAUA","5' UTR"
"PVP01_0004780",476,"UGUAGAAUA","5' UTR"
"PVP01_0005020",402,"UGUAGAAUA","5' UTR"
"PVP01_0005080",675,"UGUAGAAUA","5' UTR"
"PVP01_0005480",792,"UGUAGAAUA","5' UTR"
"PVP01_0005530",494,"UGUAGAAUA","5' UTR"
"PVP01_0006950",755,"UGUAGAAUA","5' UTR"
"PVP01_0007130",16,"UGUAGAAUA","5' UTR"
"PVP01_0007250",675,"UGUAGAAUA","5' UTR"
"PVP01_0007680",245,"UGUAGAAUA","5' UTR"
"PVP01_0008060",792,"UGUAGAAUA","5' UTR"
"PVP01_0009130",674,"UGUAGAAUA","5' UTR"
"PVP01_0009140",253,"UGUAGAAUA","5' UTR"
"PVP01_0009520",202,"UGUAGAAUA","5' UTR"
"PVP01_0217300",370,"UGUAGAAUA","5' UTR"
"PVP01_0217500",507,"UGUAGAAUA","5' UTR"
"PVP01_0401400",169,"UGUAGAAUA","5' UTR"
"PVP01_0401700",346,"UGUAGAAUA","5' UTR"
"PVP01_0402600",766,"UGUAGAAUA","5' UTR"
"PVP01_0500700",22,"UGUAGAAUA","5' UTR"
"PVP01_0534700",533,"UGUAGAAUA","5' UTR"
"PVP01_0535200",675,"UGUAGAAUA","5' UTR"
"PVP01_0708500",322,"UGUAGAAUA","5' UTR"
"PVP01_1002200",104,"UGUAGAAUA","5' UTR"
"PVP01_1035800",792,"UGUAGAAUA","5' UTR"
"PVP01_1101000",193,"UGUAGAAUA","5' UTR"
"PVP01_1272800",678,"UGUAGAAUA","5' UTR"
"PVP01_1273800",433,"UGUAGAAUA","5' UTR"
"PVP01_0000020",102,"UGUAGAAUA","CDS"
"PVP01_0000500",669,"UGUAGAAUA","CDS"
"PVP01_0000810",687,"UGUAGAAUA","CDS"
"PVP01_0001460",39,"UGUAGAAUA","CDS"
"PVP01_0003440",160,"UGUAGAAUA","CDS"
"PVP01_0003730",550,"UGUAGAAUA","CDS"
"PVP01_0004540",681,"UGUAGAAUA","CDS"
"PVP01_0004660",597,"UGUAGAAUA","CDS"
"PVP01_0005280",984,"UGUAGAAUA","CDS"
"PVP01_0005760",97,"UGUAGAAUA","CDS"
"PVP01_0007030",606,"UGUAGAAUA","CDS"
"PVP01_0008520",282,"UGUAGAAUA","CDS"
"PVP01_0009260",87,"UGUAGAAUA","CDS"
"PVP01_0009270",102,"UGUAGAAUA","CDS"
"PVP01_0009540",192,"UGUAGAAUA","CDS"
"PVP01_0010040",315,"UGUAGAAUA","CDS"
"PVP01_0010360",577,"UGUAGAAUA","CDS"
"PVP01_0104800",6679,"UGUAGAAUA","CDS"
"PVP01_0108000",2829,"UGUAGAAUA","CDS"
"PVP01_0308900",345,"UGUAGAAUA","CDS"
"PVP01_0320500",723,"UGUAGAAUA","CDS"
"PVP01_0403800",450,"UGUAGAAUA","CDS"
"PVP01_0409900",1506,"UGUAGAAUA","CDS"
"PVP01_0424100",2274,"UGUAGAAUA","CDS"
"PVP01_0522500",1434,"UGUAGAAUA","CDS"
"PVP01_0621500",1486,"UGUAGAAUA","CDS"
"PVP01_0709900",1497,"UGUAGAAUA","CDS"
"PVP01_0807700",1524,"UGUAGAAUA","CDS"
"PVP01_0814700",87,"UGUAGAAUA","CDS"
"PVP01_0825600",496,"UGUAGAAUA","CDS"
"PVP01_0929100",3426,"UGUAGAAUA","CDS"
"PVP01_0939400",5476,"UGUAGAAUA","CDS"
"PVP01_1009600",528,"UGUAGAAUA","CDS"
"PVP01_1035000",447,"UGUAGAAUA","CDS"
"PVP01_1108600",489,"UGUAGAAUA","CDS"
"PVP01_1130000",2545,"UGUAGAAUA","CDS"
"PVP01_1208100",1146,"UGUAGAAUA","CDS"
"PVP01_1259000",2670,"UGUAGAAUA","CDS"
"PVP01_1342500",5271,"UGUAGAAUA","CDS"
"PVP01_1401100",642,"UGUAGAAUA","CDS"
"PVP01_1402400",4248,"UGUAGAAUA","CDS"
"PVP01_1416800",456,"UGUAGAAUA","CDS"
"PVP01_1423000",921,"UGUAGAAUA","CDS"
"PVP01_1437800",1857,"UGUAGAAUA","CDS"
"PVP01_0422300",2724,"UGUAGACUA","3' UTR"
"PVP01_0423300",41,"UGUAGACUA","3' UTR"
"PVP01_0936700",85,"UGUAGACUA","3' UTR"
"PVP01_1147700",1842,"UGUAGACUA","3' UTR"
"PVP01_1219200",84,"UGUAGACUA","3' UTR"
"PVP01_0005490",10,"UGUAGACUA","5' UTR"
"PVP01_0200200",84,"UGUAGACUA","5' UTR"
"PVP01_0210200",702,"UGUAGACUA","CDS"
"PVP01_0405400",2028,"UGUAGACUA","CDS"
"PVP01_0423800",1702,"UGUAGACUA","CDS"
"PVP01_0501500",477,"UGUAGACUA","CDS"
"PVP01_0701200",6516,"UGUAGACUA","CDS"
"PVP01_0922700",660,"UGUAGACUA","CDS"
"PVP01_0947600",1266,"UGUAGACUA","CDS"
"PVP01_0948600",333,"UGUAGACUA","CDS"
"PVP01_1018600",540,"UGUAGACUA","CDS"
"PVP01_1029200",11619,"UGUAGACUA","CDS"
"PVP01_1033700",298,"UGUAGACUA","CDS"
"PVP01_1109500",783,"UGUAGACUA","CDS"
"PVP01_1111200",1497,"UGUAGACUA","CDS"
"PVP01_1147800",492,"UGUAGACUA","CDS"
"PVP01_1256200",255,"UGUAGACUA","CDS"
"PVP01_1266900",2121,"UGUAGACUA","CDS"
"PVP01_0419100",1221,"UGUAGAGUA","3' UTR"
"PVP01_0420500",87,"UGUAGAGUA","3' UTR"
"PVP01_0530600",335,"UGUAGAGUA","3' UTR"
"PVP01_0532300",452,"UGUAGAGUA","3' UTR"
"PVP01_0611000",213,"UGUAGAGUA","3' UTR"
"PVP01_0729000",1332,"UGUAGAGUA","3' UTR"
"PVP01_0828000",660,"UGUAGAGUA","3' UTR"
"PVP01_0940800",338,"UGUAGAGUA","3' UTR"
"PVP01_0942200",2328,"UGUAGAGUA","3' UTR"
"PVP01_1120100",768,"UGUAGAGUA","3' UTR"
"PVP01_1232700",1248,"UGUAGAGUA","3' UTR"
"PVP01_1259100",1233,"UGUAGAGUA","3' UTR"
"PVP01_1313200",1207,"UGUAGAGUA","3' UTR"
"PVP01_1410100",654,"UGUAGAGUA","3' UTR"
"PVP01_1436100",253,"UGUAGAGUA","3' UTR"
"PVP01_1444300",832,"UGUAGAGUA","3' UTR"
"PVP01_1455600",6,"UGUAGAGUA","3' UTR"
"PVP01_0200500",184,"UGUAGAGUA","3' UTR"
"PVP01_0401000",14,"UGUAGAGUA","3' UTR"
"PVP01_0925100",460,"UGUAGAGUA","3' UTR"
"PVP01_1004100",526,"UGUAGAGUA","3' UTR"
"PVP01_1300600",489,"UGUAGAGUA","3' UTR"
"PVP01_1301000",447,"UGUAGAGUA","3' UTR"
"PVP01_0410900",352,"UGUAGAGUA","5' UTR"
"PVP01_0504400",1365,"UGUAGAGUA","5' UTR"
"PVP01_0702500",381,"UGUAGAGUA","5' UTR"
"PVP01_0703400",13,"UGUAGAGUA","5' UTR"
"PVP01_0715600",473,"UGUAGAGUA","5' UTR"
"PVP01_0910200",1008,"UGUAGAGUA","5' UTR"
"PVP01_0927400",2175,"UGUAGAGUA","5' UTR"
"PVP01_0937400",3852,"UGUAGAGUA","5' UTR"
"PVP01_1115900",179,"UGUAGAGUA","5' UTR"
"PVP01_1304100",164,"UGUAGAGUA","5' UTR"
"PVP01_1313200",4142,"UGUAGAGUA","5' UTR"
"PVP01_1313200",4172,"UGUAGAGUA","5' UTR"
"PVP01_1415900",697,"UGUAGAGUA","5' UTR"
"PVP01_1448300",55,"UGUAGAGUA","5' UTR"
"PVP01_0002620",320,"UGUAGAGUA","5' UTR"
"PVP01_0003290",37,"UGUAGAGUA","5' UTR"
"PVP01_0004010",70,"UGUAGAGUA","5' UTR"
"PVP01_0006850",418,"UGUAGAGUA","5' UTR"
"PVP01_0008010",492,"UGUAGAGUA","5' UTR"
"PVP01_0104900",260,"UGUAGAGUA","5' UTR"
"PVP01_0600400",694,"UGUAGAGUA","5' UTR"
"PVP01_0610700",406,"UGUAGAGUA","5' UTR"
"PVP01_1100800",50,"UGUAGAGUA","5' UTR"
"PVP01_1101000",413,"UGUAGAGUA","5' UTR"
"PVP01_1313100",464,"UGUAGAGUA","5' UTR"
"PVP01_0008000",334,"UGUAGAGUA","CDS"
"PVP01_0412100",574,"UGUAGAGUA","CDS"
"PVP01_0412400",7962,"UGUAGAGUA","CDS"
"PVP01_0508200",25350,"UGUAGAGUA","CDS"
"PVP01_0703300",1416,"UGUAGAGUA","CDS"
"PVP01_0806500",195,"UGUAGAGUA","CDS"
"PVP01_0817500",3024,"UGUAGAGUA","CDS"
"PVP01_0939400",5202,"UGUAGAGUA","CDS"
"PVP01_1011000",762,"UGUAGAGUA","CDS"
"PVP01_1209900",30,"UGUAGAGUA","CDS"
"PVP01_1223900",381,"UGUAGAGUA","CDS"
"PVP01_1267900",5394,"UGUAGAGUA","CDS"
"PVP01_1304900",6219,"UGUAGAGUA","CDS"
"PVP01_1319100",6060,"UGUAGAGUA","CDS"
"PVP01_1321800",1798,"UGUAGAGUA","CDS"
"PVP01_1345900",1776,"UGUAGAGUA","CDS"
"PVP01_1408000",1419,"UGUAGAGUA","CDS"
"PVP01_1418000",621,"UGUAGAGUA","CDS"
"PVP01_1418100",2209,"UGUAGAGUA","CDS"
"PVP01_1425800",1491,"UGUAGAGUA","CDS"
"PVP01_1437800",2590,"UGUAGAGUA","CDS"
"PVP01_0422600",873,"UGUAGAUUA","3' UTR"
"PVP01_1230600",426,"UGUAGAUUA","3' UTR"
"PVP01_1343100",226,"UGUAGAUUA","3' UTR"
"PVP01_0001650",502,"UGUAGAUUA","3' UTR"
"PVP01_0006080",527,"UGUAGAUUA","3' UTR"
"PVP01_0006560",561,"UGUAGAUUA","3' UTR"
"PVP01_0007110",430,"UGUAGAUUA","3' UTR"
"PVP01_0008230",511,"UGUAGAUUA","3' UTR"
"PVP01_0009850",337,"UGUAGAUUA","3' UTR"
"PVP01_0903600",440,"UGUAGAUUA","3' UTR"
"PVP01_0210700",299,"UGUAGAUUA","5' UTR"
"PVP01_1018200",1194,"UGUAGAUUA","5' UTR"
"PVP01_1244400",148,"UGUAGAUUA","5' UTR"
"PVP01_1430400",371,"UGUAGAUUA","5' UTR"
"PVP01_0002800",603,"UGUAGAUUA","5' UTR"
"PVP01_0004080",384,"UGUAGAUUA","5' UTR"
"PVP01_0004520",178,"UGUAGAUUA","5' UTR"
"PVP01_0004660",622,"UGUAGAUUA","5' UTR"
"PVP01_0005140",357,"UGUAGAUUA","5' UTR"
"PVP01_0005310",155,"UGUAGAUUA","5' UTR"
"PVP01_0005590",398,"UGUAGAUUA","5' UTR"
"PVP01_0006220",368,"UGUAGAUUA","5' UTR"
"PVP01_0007360",390,"UGUAGAUUA","5' UTR"
"PVP01_0101400",158,"UGUAGAUUA","5' UTR"
"PVP01_1000100",249,"UGUAGAUUA","5' UTR"
"PVP01_1000900",249,"UGUAGAUUA","5' UTR"
"PVP01_1035800",206,"UGUAGAUUA","5' UTR"
"PVP01_1255400",528,"UGUAGAUUA","5' UTR"
"PVP01_0002370",622,"UGUAGAUUA","CDS"
"PVP01_0002540",394,"UGUAGAUUA","CDS"
"PVP01_0004360",102,"UGUAGAUUA","CDS"
"PVP01_0005250",474,"UGUAGAUUA","CDS"
"PVP01_0006110",471,"UGUAGAUUA","CDS"
"PVP01_0006160",139,"UGUAGAUUA","CDS"
"PVP01_0006600",276,"UGUAGAUUA","CDS"
"PVP01_0007130",69,"UGUAGAUUA","CDS"
"PVP01_0008540",372,"UGUAGAUUA","CDS"
"PVP01_0008900",234,"UGUAGAUUA","CDS"
"PVP01_0010180",276,"UGUAGAUUA","CDS"
"PVP01_0218000",810,"UGUAGAUUA","CDS"
"PVP01_0219700",604,"UGUAGAUUA","CDS"
"PVP01_0221300",450,"UGUAGAUUA","CDS"
"PVP01_0311200",2728,"UGUAGAUUA","CDS"
"PVP01_0400800",300,"UGUAGAUUA","CDS"
"PVP01_0402600",148,"UGUAGAUUA","CDS"
"PVP01_0409200",1647,"UGUAGAUUA","CDS"
"PVP01_0621300",1590,"UGUAGAUUA","CDS"
"PVP01_0738100",148,"UGUAGAUUA","CDS"
"PVP01_0901500",582,"UGUAGAUUA","CDS"
"PVP01_0902100",267,"UGUAGAUUA","CDS"
"PVP01_0902500",552,"UGUAGAUUA","CDS"
"PVP01_0902800",330,"UGUAGAUUA","CDS"
"PVP01_0924100",1416,"UGUAGAUUA","CDS"
"PVP01_0934900",771,"UGUAGAUUA","CDS"
"PVP01_0937200",1932,"UGUAGAUUA","CDS"
"PVP01_1200500",81,"UGUAGAUUA","CDS"
"PVP01_1210600",558,"UGUAGAUUA","CDS"
"PVP01_1256200",930,"UGUAGAUUA","CDS"
"PVP01_1267900",2955,"UGUAGAUUA","CDS"
"PVP01_1273800",139,"UGUAGAUUA","CDS"
"PVP01_1316000",2958,"UGUAGAUUA","CDS"
"PVP01_1330800",2997,"UGUAGAUUA","CDS"
"PVP01_1331100",2499,"UGUAGAUUA","CDS"
"PVP01_1334400",1296,"UGUAGAUUA","CDS"
"PVP01_1338600",2244,"UGUAGAUUA","CDS"
"PVP01_1407200",1485,"UGUAGAUUA","CDS"
"PVP01_1420500",2472,"UGUAGAUUA","CDS"
"PVP01_1438700",6858,"UGUAGAUUA","CDS"
"PVP01_0213700",138,"UGUAGCAUA","3' UTR"
"PVP01_0518600",1567,"UGUAGCAUA","3' UTR"
"PVP01_0705100",895,"UGUAGCAUA","3' UTR"
"PVP01_0809300",488,"UGUAGCAUA","3' UTR"
"PVP01_0814700",768,"UGUAGCAUA","3' UTR"
"PVP01_0921900",243,"UGUAGCAUA","3' UTR"
"PVP01_0936000",698,"UGUAGCAUA","3' UTR"
"PVP01_1112400",3981,"UGUAGCAUA","3' UTR"
"PVP01_1118100",1926,"UGUAGCAUA","3' UTR"
"PVP01_1138100",836,"UGUAGCAUA","3' UTR"
"PVP01_1240800",940,"UGUAGCAUA","3' UTR"
"PVP01_1254900",139,"UGUAGCAUA","3' UTR"
"PVP01_1265900",84,"UGUAGCAUA","3' UTR"
"PVP01_1271100",1103,"UGUAGCAUA","3' UTR"
"PVP01_1333500",249,"UGUAGCAUA","3' UTR"
"PVP01_1340600",22,"UGUAGCAUA","3' UTR"
"PVP01_1402500",195,"UGUAGCAUA","3' UTR"
"PVP01_1403000",194,"UGUAGCAUA","3' UTR"
"PVP01_1410100",350,"UGUAGCAUA","3' UTR"
"PVP01_1418500",380,"UGUAGCAUA","3' UTR"
"PVP01_1457100",360,"UGUAGCAUA","3' UTR"
"PVP01_0000300",195,"UGUAGCAUA","3' UTR"
"PVP01_0004020",260,"UGUAGCAUA","3' UTR"
"PVP01_0005940",350,"UGUAGCAUA","3' UTR"
"PVP01_0007530",44,"UGUAGCAUA","3' UTR"
"PVP01_0534700",123,"UGUAGCAUA","3' UTR"
"PVP01_0720900",187,"UGUAGCAUA","3' UTR"
"PVP01_1221600",539,"UGUAGCAUA","3' UTR"
"PVP01_1270700",134,"UGUAGCAUA","3' UTR"
"PVP01_1300600",410,"UGUAGCAUA","3' UTR"
"PVP01_1309000",408,"UGUAGCAUA","3' UTR"
"PVP01_1332300",546,"UGUAGCAUA","3' UTR"
"PVP01_0114300",33,"UGUAGCAUA","5' UTR"
"PVP01_0203200",130,"UGUAGCAUA","5' UTR"
"PVP01_0206200",224,"UGUAGCAUA","5' UTR"
"PVP01_0216000",1952,"UGUAGCAUA","5' UTR"
"PVP01_0308200",419,"UGUAGCAUA","5' UTR"
"PVP01_0515300",16,"UGUAGCAUA","5' UTR"
"PVP01_0527700",332,"UGUAGCAUA","5' UTR"
"PVP01_0610200",1881,"UGUAGCAUA","5' UTR"
"PVP01_0610300",619,"UGUAGCAUA","5' UTR"
"PVP01_0701600",1473,"UGUAGCAUA","5' UTR"
"PVP01_0702800",881,"UGUAGCAUA","5' UTR"
"PVP01_0706500",747,"UGUAGCAUA","5' UTR"
"PVP01_0712700",1,"UGUAGCAUA","5' UTR"
"PVP01_0811900",1358,"UGUAGCAUA","5' UTR"
"PVP01_0837800",1504,"UGUAGCAUA","5' UTR"
"PVP01_0914800",960,"UGUAGCAUA","5' UTR"
"PVP01_0926600",1425,"UGUAGCAUA","5' UTR"
"PVP01_0933600",125,"UGUAGCAUA","5' UTR"
"PVP01_1114000",24,"UGUAGCAUA","5' UTR"
"PVP01_1116400",1203,"UGUAGCAUA","5' UTR"
"PVP01_1128100",1691,"UGUAGCAUA","5' UTR"
"PVP01_1137700",506,"UGUAGCAUA","5' UTR"
"PVP01_1143200",1335,"UGUAGCAUA","5' UTR"
"PVP01_1204200",536,"UGUAGCAUA","5' UTR"
"PVP01_1211200",134,"UGUAGCAUA","5' UTR"
"PVP01_1235700",694,"UGUAGCAUA","5' UTR"
"PVP01_1247900",283,"UGUAGCAUA","5' UTR"
"PVP01_1248400",350,"UGUAGCAUA","5' UTR"
"PVP01_1257000",1237,"UGUAGCAUA","5' UTR"
"PVP01_1258700",35,"UGUAGCAUA","5' UTR"
"PVP01_1261600",1134,"UGUAGCAUA","5' UTR"
"PVP01_1266500",804,"UGUAGCAUA","5' UTR"
"PVP01_1415800",130,"UGUAGCAUA","5' UTR"
"PVP01_1426700",564,"UGUAGCAUA","5' UTR"
"PVP01_1436000",86,"UGUAGCAUA","5' UTR"
"PVP01_1464100",1551,"UGUAGCAUA","5' UTR"
"PVP01_1464100",1564,"UGUAGCAUA","5' UTR"
"PVP01_1470000",146,"UGUAGCAUA","5' UTR"
"PVP01_0000320",549,"UGUAGCAUA","5' UTR"
"PVP01_0001560",383,"UGUAGCAUA","5' UTR"
"PVP01_0002380",653,"UGUAGCAUA","5' UTR"
"PVP01_0003230",507,"UGUAGCAUA","5' UTR"
"PVP01_0003810",497,"UGUAGCAUA","5' UTR"
"PVP01_0005730",688,"UGUAGCAUA","5' UTR"
"PVP01_0005930",587,"UGUAGCAUA","5' UTR"
"PVP01_0006550",250,"UGUAGCAUA","5' UTR"
"PVP01_0009460",460,"UGUAGCAUA","5' UTR"
"PVP01_0009470",494,"UGUAGCAUA","5' UTR"
"PVP01_0009490",459,"UGUAGCAUA","5' UTR"
"PVP01_0508200",238,"UGUAGCAUA","5' UTR"
"PVP01_0600700",223,"UGUAGCAUA","5' UTR"
"PVP01_0903600",729,"UGUAGCAUA","5' UTR"
"PVP01_1002100",487,"UGUAGCAUA","5' UTR"
"PVP01_1274000",498,"UGUAGCAUA","5' UTR"
"PVP01_1300500",423,"UGUAGCAUA","5' UTR"
"PVP01_1308900",325,"UGUAGCAUA","5' UTR"
"PVP01_1452800",405,"UGUAGCAUA","5' UTR"
"PVP01_1471000",409,"UGUAGCAUA","5' UTR"
"PVP01_0001860",876,"UGUAGCAUA","CDS"
"PVP01_0002900",1686,"UGUAGCAUA","CDS"
"PVP01_0003840",1534,"UGUAGCAUA","CDS"
"PVP01_0004460",273,"UGUAGCAUA","CDS"
"PVP01_0004750",1188,"UGUAGCAUA","CDS"
"PVP01_0716300",1170,"UGUAGCAUA","CDS"
"PVP01_0716800",1479,"UGUAGCAUA","CDS"
"PVP01_0948900",273,"UGUAGCAUA","CDS"
"PVP01_1218300",376,"UGUAGCAUA","CDS"
"PVP01_1221500",229,"UGUAGCAUA","CDS"
"PVP01_1274700",885,"UGUAGCAUA","CDS"
"PVP01_0423000",30,"UGUAGCCUA","3' UTR"
"PVP01_0924200",380,"UGUAGCCUA","3' UTR"
"PVP01_0619500",1275,"UGUAGCCUA","5' UTR"
"PVP01_1248000",427,"UGUAGCCUA","5' UTR"
"PVP01_0007110",789,"UGUAGCCUA","5' UTR"
"PVP01_0422900",101,"UGUAGCCUA","5' UTR"
"PVP01_0735700",582,"UGUAGCCUA","5' UTR"
"PVP01_0924300",546,"UGUAGCCUA","5' UTR"
"PVP01_1032500",114,"UGUAGCCUA","5' UTR"
"PVP01_1272100",656,"UGUAGCCUA","5' UTR"
"PVP01_0308400",1090,"UGUAGCCUA","CDS"
"PVP01_0516400",582,"UGUAGCCUA","CDS"
"PVP01_0727800",1170,"UGUAGCCUA","CDS"
"PVP01_1205500",4489,"UGUAGCCUA","CDS"
"PVP01_1313300",2779,"UGUAGCCUA","CDS"
"PVP01_0201700",682,"UGUAGCGUA","3' UTR"
"PVP01_0206200",84,"UGUAGCGUA","3' UTR"
"PVP01_0307100",709,"UGUAGCGUA","3' UTR"
"PVP01_0522500",1284,"UGUAGCGUA","3' UTR"
"PVP01_0714600",19,"UGUAGCGUA","3' UTR"
"PVP01_1007600",73,"UGUAGCGUA","3' UTR"
"PVP01_1313200",1190,"UGUAGCGUA","3' UTR"
"PVP01_1333600",223,"UGUAGCGUA","3' UTR"
"PVP01_1427300",937,"UGUAGCGUA","3' UTR"
"PVP01_0002450",177,"UGUAGCGUA","3' UTR"
"PVP01_0007370",359,"UGUAGCGUA","3' UTR"
"PVP01_1305700",362,"UGUAGCGUA","3' UTR"
"PVP01_1347800",357,"UGUAGCGUA","3' UTR"
"PVP01_1472200",532,"UGUAGCGUA","3' UTR"
"PVP01_0514000",1128,"UGUAGCGUA","5' UTR"
"PVP01_0809900",739,"UGUAGCGUA","5' UTR"
"PVP01_0828800",778,"UGUAGCGUA","5' UTR"
"PVP01_0917300",717,"UGUAGCGUA","5' UTR"
"PVP01_0933000",459,"UGUAGCGUA","5' UTR"
"PVP01_0935300",895,"UGUAGCGUA","5' UTR"
"PVP01_0943800",385,"UGUAGCGUA","5' UTR"
"PVP01_1110900",861,"UGUAGCGUA","5' UTR"
"PVP01_1112500",394,"UGUAGCGUA","5' UTR"
"PVP01_1130900",512,"UGUAGCGUA","5' UTR"
"PVP01_1217300",147,"UGUAGCGUA","5' UTR"
"PVP01_1313600",680,"UGUAGCGUA","5' UTR"
"PVP01_1321000",1549,"UGUAGCGUA","5' UTR"
"PVP01_1331300",275,"UGUAGCGUA","5' UTR"
"PVP01_1332800",1197,"UGUAGCGUA","5' UTR"
"PVP01_1405000",58,"UGUAGCGUA","5' UTR"
"PVP01_1456800",1061,"UGUAGCGUA","5' UTR"
"PVP01_0003720",510,"UGUAGCGUA","5' UTR"
"PVP01_0008470",504,"UGUAGCGUA","5' UTR"
"PVP01_1313100",447,"UGUAGCGUA","5' UTR"
"PVP01_0000540",433,"UGUAGCGUA","CDS"
"PVP01_0000840",436,"UGUAGCGUA","CDS"
"PVP01_0002930",1284,"UGUAGCGUA","CDS"
"PVP01_0003990",39,"UGUAGCGUA","CDS"
"PVP01_0008290",88,"UGUAGCGUA","CDS"
"PVP01_0412500",6382,"UGUAGCGUA","CDS"
"PVP01_0941700",6372,"UGUAGCGUA","CDS"
"PVP01_1011700",112,"UGUAGCGUA","CDS"
"PVP01_1260500",5928,"UGUAGCGUA","CDS"
"PVP01_1269300",2110,"UGUAGCGUA","CDS"
"PVP01_1441600",1804,"UGUAGCGUA","CDS"
"PVP01_0824100",739,"UGUAGCUUA","3' UTR"
"PVP01_0922000",991,"UGUAGCUUA","3' UTR"
"PVP01_1009000",446,"UGUAGCUUA","3' UTR"
"PVP01_1010100",1125,"UGUAGCUUA","3' UTR"
"PVP01_1208500",816,"UGUAGCUUA","3' UTR"
"PVP01_1211700",1483,"UGUAGCUUA","3' UTR"
"PVP01_1265100",450,"UGUAGCUUA","3' UTR"
"PVP01_1271100",643,"UGUAGCUUA","3' UTR"
"PVP01_1414800",592,"UGUAGCUUA","3' UTR"
"PVP01_1428900",117,"UGUAGCUUA","3' UTR"
"PVP01_0000230",56,"UGUAGCUUA","3' UTR"
"PVP01_0002600",247,"UGUAGCUUA","3' UTR"
"PVP01_0002740",512,"UGUAGCUUA","3' UTR"
"PVP01_0006540",195,"UGUAGCUUA","3' UTR"
"PVP01_0119300",192,"UGUAGCUUA","3' UTR"
"PVP01_0736400",591,"UGUAGCUUA","3' UTR"
"PVP01_1144300",562,"UGUAGCUUA","3' UTR"
"PVP01_0516300",1689,"UGUAGCUUA","5' UTR"
"PVP01_0533200",552,"UGUAGCUUA","5' UTR"
"PVP01_0725800",132,"UGUAGCUUA","5' UTR"
"PVP01_0733300",193,"UGUAGCUUA","5' UTR"
"PVP01_1205700",577,"UGUAGCUUA","5' UTR"
"PVP01_1302100",45,"UGUAGCUUA","5' UTR"
"PVP01_1305500",521,"UGUAGCUUA","5' UTR"
"PVP01_1335000",117,"UGUAGCUUA","5' UTR"
"PVP01_0000980",320,"UGUAGCUUA","5' UTR"
"PVP01_0001810",497,"UGUAGCUUA","5' UTR"
"PVP01_0008740",239,"UGUAGCUUA","5' UTR"
"PVP01_0009930",785,"UGUAGCUUA","5' UTR"
"PVP01_0010430",57,"UGUAGCUUA","5' UTR"
"PVP01_0101100",576,"UGUAGCUUA","5' UTR"
"PVP01_0600600",439,"UGUAGCUUA","5' UTR"
"PVP01_0949800",453,"UGUAGCUUA","5' UTR"
"PVP01_0000050",1917,"UGUAGCUUA","CDS"
"PVP01_0418500",378,"UGUAGCUUA","CDS"
"PVP01_0528000",3679,"UGUAGCUUA","CDS"
"PVP01_0614000",684,"UGUAGCUUA","CDS"
"PVP01_1127300",2061,"UGUAGCUUA","CDS"
"PVP01_1141600",112,"UGUAGCUUA","CDS"
"PVP01_1244700",2221,"UGUAGCUUA","CDS"
"PVP01_1245000",5826,"UGUAGCUUA","CDS"
"PVP01_1256600",364,"UGUAGCUUA","CDS"
"PVP01_1270300",11394,"UGUAGCUUA","CDS"
"PVP01_1305200",1222,"UGUAGCUUA","CDS"
"PVP01_1424500",310,"UGUAGCUUA","CDS"
"PVP01_0308300",2362,"UGUAGGAUA","3' UTR"
"PVP01_0701100",217,"UGUAGGAUA","3' UTR"
"PVP01_1010400",136,"UGUAGGAUA","3' UTR"
"PVP01_1210400",1064,"UGUAGGAUA","3' UTR"
"PVP01_1310000",526,"UGUAGGAUA","3' UTR"
"PVP01_1332000",207,"UGUAGGAUA","3' UTR"
"PVP01_1332000",229,"UGUAGGAUA","3' UTR"
"PVP01_1416600",410,"UGUAGGAUA","3' UTR"
"PVP01_1433800",631,"UGUAGGAUA","3' UTR"
"PVP01_0000440",460,"UGUAGGAUA","3' UTR"
"PVP01_0003200",357,"UGUAGGAUA","3' UTR"
"PVP01_0120200",155,"UGUAGGAUA","3' UTR"
"PVP01_0502200",557,"UGUAGGAUA","3' UTR"
"PVP01_0901500",94,"UGUAGGAUA","3' UTR"
"PVP01_0902100",104,"UGUAGGAUA","3' UTR"
"PVP01_1014100",79,"UGUAGGAUA","3' UTR"
"PVP01_1468500",242,"UGUAGGAUA","3' UTR"
"PVP01_0104700",1073,"UGUAGGAUA","5' UTR"
"PVP01_0418700",1289,"UGUAGGAUA","5' UTR"
"PVP01_0818000",254,"UGUAGGAUA","5' UTR"
"PVP01_0823700",654,"UGUAGGAUA","5' UTR"
"PVP01_0922100",1022,"UGUAGGAUA","5' UTR"
"PVP01_1244400",1790,"UGUAGGAUA","5' UTR"
"PVP01_1248300",186,"UGUAGGAUA","5' UTR"
"PVP01_0000390",405,"UGUAGGAUA","5' UTR"
"PVP01_0001620",437,"UGUAGGAUA","5' UTR"
"PVP01_0002550",121,"UGUAGGAUA","5' UTR"
"PVP01_0002750",207,"UGUAGGAUA","5' UTR"
"PVP01_0002960",209,"UGUAGGAUA","5' UTR"
"PVP01_0003290",83,"UGUAGGAUA","5' UTR"
"PVP01_0009040",554,"UGUAGGAUA","5' UTR"
"PVP01_0402600",462,"UGUAGGAUA","5' UTR"
"PVP01_0403900",27,"UGUAGGAUA","5' UTR"
"PVP01_1270700",516,"UGUAGGAUA","5' UTR"
"PVP01_0001560",999,"UGUAGGAUA","CDS"
"PVP01_0003430",1158,"UGUAGGAUA","CDS"
"PVP01_0003970",1146,"UGUAGGAUA","CDS"
"PVP01_0004580",1146,"UGUAGGAUA","CDS"
"PVP01_0009990",957,"UGUAGGAUA","CDS"
"PVP01_0100700",1161,"UGUAGGAUA","CDS"
"PVP01_0102300",2217,"UGUAGGAUA","CDS"
"PVP01_0520700",166,"UGUAGGAUA","CDS"
"PVP01_0607600",414,"UGUAGGAUA","CDS"
"PVP01_0709300",639,"UGUAGGAUA","CDS"
"PVP01_0902000",1074,"UGUAGGAUA","CDS"
"PVP01_0902400",816,"UGUAGGAUA","CDS"
"PVP01_0902700",432,"UGUAGGAUA","CDS"
"PVP01_1104500",912,"UGUAGGAUA","CDS"
"PVP01_1409200",75,"UGUAGGAUA","CDS"
"PVP01_1409600",3931,"UGUAGGAUA","CDS"
"PVP01_1438000",2392,"UGUAGGAUA","CDS"
"PVP01_1469500",4093,"UGUAGGAUA","CDS"
"PVP01_0202200",2217,"UGUAGGCUA","3' UTR"
"PVP01_0308400",492,"UGUAGGCUA","3' UTR"
"PVP01_0930500",1976,"UGUAGGCUA","3' UTR"
"PVP01_0938000",959,"UGUAGGCUA","3' UTR"
"PVP01_0943800",116,"UGUAGGCUA","3' UTR"
"PVP01_1116000",289,"UGUAGGCUA","3' UTR"
"PVP01_1211800",1697,"UGUAGGCUA","3' UTR"
"PVP01_1426600",122,"UGUAGGCUA","3' UTR"
"PVP01_0002320",62,"UGUAGGCUA","3' UTR"
"PVP01_0009330",61,"UGUAGGCUA","3' UTR"
"PVP01_0212600",312,"UGUAGGCUA","5' UTR"
"PVP01_0719300",16,"UGUAGGCUA","5' UTR"
"PVP01_1134600",41,"UGUAGGCUA","5' UTR"
"PVP01_1257500",4256,"UGUAGGCUA","5' UTR"
"PVP01_1267600",342,"UGUAGGCUA","5' UTR"
"PVP01_1442200",184,"UGUAGGCUA","5' UTR"
"PVP01_0729000",736,"UGUAGGCUA","5' UTR"
"PVP01_0210400",4521,"UGUAGGCUA","CDS"
"PVP01_0703700",8097,"UGUAGGCUA","CDS"
"PVP01_0821600",7753,"UGUAGGCUA","CDS"
"PVP01_0828300",1126,"UGUAGGCUA","CDS"
"PVP01_1246700",204,"UGUAGGCUA","CDS"
"PVP01_0216600",89,"UGUAGGGUA","3' UTR"
"PVP01_0528700",2858,"UGUAGGGUA","3' UTR"
"PVP01_1106100",1106,"UGUAGGGUA","3' UTR"
"PVP01_1109300",11,"UGUAGGGUA","3' UTR"
"PVP01_1124900",3100,"UGUAGGGUA","3' UTR"
"PVP01_1209000",9,"UGUAGGGUA","3' UTR"
"PVP01_1420200",401,"UGUAGGGUA","3' UTR"
"PVP01_0004320",158,"UGUAGGGUA","3' UTR"
"PVP01_0600300",441,"UGUAGGGUA","3' UTR"
"PVP01_1269900",75,"UGUAGGGUA","3' UTR"
"PVP01_0812500",85,"UGUAGGGUA","5' UTR"
"PVP01_1314000",1364,"UGUAGGGUA","5' UTR"
"PVP01_1414500",1232,"UGUAGGGUA","5' UTR"
"PVP01_0311900",22,"UGUAGGGUA","5' UTR"
"PVP01_0703700",565,"UGUAGGGUA","5' UTR"
"PVP01_0930300",574,"UGUAGGGUA","5' UTR"
"PVP01_1270000",439,"UGUAGGGUA","5' UTR"
"PVP01_0518000",2224,"UGUAGGGUA","CDS"
"PVP01_0602500",1578,"UGUAGGGUA","CDS"
"PVP01_0711000",735,"UGUAGGGUA","CDS"
"PVP01_0941700",2113,"UGUAGGGUA","CDS"
"PVP01_1028500",1527,"UGUAGGGUA","CDS"
"PVP01_1242200",2337,"UGUAGGGUA","CDS"
"PVP01_1331300",7560,"UGUAGGGUA","CDS"
"PVP01_1345000",2361,"UGUAGGGUA","CDS"
"PVP01_1407600",483,"UGUAGGGUA","CDS"
"PVP01_0216000",1048,"UGUAGGUUA","3' UTR"
"PVP01_0522800",729,"UGUAGGUUA","3' UTR"
"PVP01_0612600",1653,"UGUAGGUUA","3' UTR"
"PVP01_0617500",453,"UGUAGGUUA","3' UTR"
"PVP01_0931400",687,"UGUAGGUUA","3' UTR"
"PVP01_1146100",506,"UGUAGGUUA","3' UTR"
"PVP01_0004000",462,"UGUAGGUUA","3' UTR"
"PVP01_0004810",385,"UGUAGGUUA","3' UTR"
"PVP01_0718700",8,"UGUAGGUUA","5' UTR"
"PVP01_0813300",687,"UGUAGGUUA","5' UTR"
"PVP01_1224100",215,"UGUAGGUUA","5' UTR"
"PVP01_1248900",689,"UGUAGGUUA","5' UTR"
"PVP01_1264400",654,"UGUAGGUUA","5' UTR"
"PVP01_1268000",117,"UGUAGGUUA","5' UTR"
"PVP01_1309100",493,"UGUAGGUUA","5' UTR"
"PVP01_1433500",274,"UGUAGGUUA","5' UTR"
"PVP01_1436200",234,"UGUAGGUUA","5' UTR"
"PVP01_0004450",115,"UGUAGGUUA","5' UTR"
"PVP01_0006050",574,"UGUAGGUUA","5' UTR"
"PVP01_0006350",226,"UGUAGGUUA","5' UTR"
"PVP01_0006370",640,"UGUAGGUUA","5' UTR"
"PVP01_0009800",677,"UGUAGGUUA","5' UTR"
"PVP01_0839300",489,"UGUAGGUUA","5' UTR"
"PVP01_1200200",737,"UGUAGGUUA","5' UTR"
"PVP01_0400400",24,"UGUAGGUUA","CDS"
"PVP01_0404100",1026,"UGUAGGUUA","CDS"
"PVP01_0825300",277,"UGUAGGUUA","CDS"
"PVP01_0903600",897,"UGUAGGUUA","CDS"
"PVP01_0939400",8301,"UGUAGGUUA","CDS"
"PVP01_1144400",6879,"UGUAGGUUA","CDS"
"PVP01_1211000",163,"UGUAGGUUA","CDS"
"PVP01_1342100",2766,"UGUAGGUUA","CDS"
"PVP01_1447000",6009,"UGUAGGUUA","CDS"
"PVP01_0511000",575,"UGUAGUAUA","3' UTR"
"PVP01_0612600",1780,"UGUAGUAUA","3' UTR"
"PVP01_0704600",681,"UGUAGUAUA","3' UTR"
"PVP01_0705100",1006,"UGUAGUAUA","3' UTR"
"PVP01_0705100",1096,"UGUAGUAUA","3' UTR"
"PVP01_0705100",1111,"UGUAGUAUA","3' UTR"
"PVP01_0817400",387,"UGUAGUAUA","3' UTR"
"PVP01_1263200",783,"UGUAGUAUA","3' UTR"
"PVP01_1420000",549,"UGUAGUAUA","3' UTR"
"PVP01_1421600",174,"UGUAGUAUA","3' UTR"
"PVP01_0000910",100,"UGUAGUAUA","3' UTR"
"PVP01_0002090",506,"UGUAGUAUA","3' UTR"
"PVP01_0002340",17,"UGUAGUAUA","3' UTR"
"PVP01_0002440",434,"UGUAGUAUA","3' UTR"
"PVP01_0004330",120,"UGUAGUAUA","3' UTR"
"PVP01_0004740",246,"UGUAGUAUA","3' UTR"
"PVP01_0004880",65,"UGUAGUAUA","3' UTR"
"PVP01_0005070",530,"UGUAGUAUA","3' UTR"
"PVP01_0005360",17,"UGUAGUAUA","3' UTR"
"PVP01_0005400",250,"UGUAGUAUA","3' UTR"
"PVP01_0006190",108,"UGUAGUAUA","3' UTR"
"PVP01_0006250",17,"UGUAGUAUA","3' UTR"
"PVP01_0006480",128,"UGUAGUAUA","3' UTR"
"PVP01_0009080",228,"UGUAGUAUA","3' UTR"
"PVP01_0009270",76,"UGUAGUAUA","3' UTR"
"PVP01_0010800",17,"UGUAGUAUA","3' UTR"
"PVP01_0011090",457,"UGUAGUAUA","3' UTR"
"PVP01_0011100",168,"UGUAGUAUA","3' UTR"
"PVP01_0301400",640,"UGUAGUAUA","3' UTR"
"PVP01_0401100",139,"UGUAGUAUA","3' UTR"
"PVP01_0736600",465,"UGUAGUAUA","3' UTR"
"PVP01_1008800",387,"UGUAGUAUA","3' UTR"
"PVP01_1035000",662,"UGUAGUAUA","3' UTR"
"PVP01_1035500",278,"UGUAGUAUA","3' UTR"
"PVP01_1274900",195,"UGUAGUAUA","3' UTR"
"PVP01_0003400",723,"UGUAGUAUA","5' UTR"
"PVP01_0114000",251,"UGUAGUAUA","5' UTR"
"PVP01_0201700",1598,"UGUAGUAUA","5' UTR"
"PVP01_0207400",551,"UGUAGUAUA","5' UTR"
"PVP01_0303100",192,"UGUAGUAUA","5' UTR"
"PVP01_0413400",349,"UGUAGUAUA","5' UTR"
"PVP01_0507600",619,"UGUAGUAUA","5' UTR"
"PVP01_0613900",768,"UGUAGUAUA","5' UTR"
"PVP01_0701600",981,"UGUAGUAUA","5' UTR"
"PVP01_1135300",2707,"UGUAGUAUA","5' UTR"
"PVP01_1135300",2717,"UGUAGUAUA","5' UTR"
"PVP01_1209700",367,"UGUAGUAUA","5' UTR"
"PVP01_1235700",279,"UGUAGUAUA","5' UTR"
"PVP01_1257700",880,"UGUAGUAUA","5' UTR"
"PVP01_1314000",1914,"UGUAGUAUA","5' UTR"
"PVP01_1329300",457,"UGUAGUAUA","5' UTR"
"PVP01_1409400",253,"UGUAGUAUA","5' UTR"
"PVP01_1436700",277,"UGUAGUAUA","5' UTR"
"PVP01_1437200",513,"UGUAGUAUA","5' UTR"
"PVP01_1445100",800,"UGUAGUAUA","5' UTR"
"PVP01_1464600",2474,"UGUAGUAUA","5' UTR"
"PVP01_0000600",136,"UGUAGUAUA","5' UTR"
"PVP01_0001620",774,"UGUAGUAUA","5' UTR"
"PVP01_0001780",669,"UGUAGUAUA","5' UTR"
"PVP01_0001890",450,"UGUAGUAUA","5' UTR"
"PVP01_0002310",579,"UGUAGUAUA","5' UTR"
"PVP01_0002690",432,"UGUAGUAUA","5' UTR"
"PVP01_0002700",768,"UGUAGUAUA","5' UTR"
"PVP01_0003060",160,"UGUAGUAUA","5' UTR"
"PVP01_0003430",166,"UGUAGUAUA","5' UTR"
"PVP01_0003750",576,"UGUAGUAUA","5' UTR"
"PVP01_0003780",629,"UGUAGUAUA","5' UTR"
"PVP01_0004440",524,"UGUAGUAUA","5' UTR"
"PVP01_0004770",438,"UGUAGUAUA","5' UTR"
"PVP01_0004780",250,"UGUAGUAUA","5' UTR"
"PVP01_0005070",416,"UGUAGUAUA","5' UTR"
"PVP01_0005580",490,"UGUAGUAUA","5' UTR"
"PVP01_0006040",610,"UGUAGUAUA","5' UTR"
"PVP01_0006430",14,"UGUAGUAUA","5' UTR"
"PVP01_0006530",19,"UGUAGUAUA","5' UTR"
"PVP01_0006560",351,"UGUAGUAUA","5' UTR"
"PVP01_0006910",170,"UGUAGUAUA","5' UTR"
"PVP01_0007010",770,"UGUAGUAUA","5' UTR"
"PVP01_0007020",62,"UGUAGUAUA","5' UTR"
"PVP01_0007210",633,"UGUAGUAUA","5' UTR"
"PVP01_0008080",533,"UGUAGUAUA","5' UTR"
"PVP01_0008260",574,"UGUAGUAUA","5' UTR"
"PVP01_0008670",190,"UGUAGUAUA","5' UTR"
"PVP01_0008680",431,"UGUAGUAUA","5' UTR"
"PVP01_0009130",416,"UGUAGUAUA","5' UTR"
"PVP01_0009550",506,"UGUAGUAUA","5' UTR"
"PVP01_0009870",196,"UGUAGUAUA","5' UTR"
"PVP01_0010790",545,"UGUAGUAUA","5' UTR"
"PVP01_0301300",190,"UGUAGUAUA","5' UTR"
"PVP01_0736100",115,"UGUAGUAUA","5' UTR"
"PVP01_0736400",687,"UGUAGUAUA","5' UTR"
"PVP01_0800600",438,"UGUAGUAUA","5' UTR"
"PVP01_1035600",512,"UGUAGUAUA","5' UTR"
"PVP01_1273700",18,"UGUAGUAUA","5' UTR"
"PVP01_1347800",618,"UGUAGUAUA","5' UTR"
"PVP01_0004260",645,"UGUAGUAUA","CDS"
"PVP01_0010630",127,"UGUAGUAUA","CDS"
"PVP01_0401300",604,"UGUAGUAUA","CDS"
"PVP01_0423700",181,"UGUAGUAUA","CDS"
"PVP01_0501900",19,"UGUAGUAUA","CDS"
"PVP01_0902300",82,"UGUAGUAUA","CDS"
"PVP01_1113700",3204,"UGUAGUAUA","CDS"
"PVP01_1450300",1843,"UGUAGUAUA","CDS"
"PVP01_API04300",1954,"UGUAGUAUA","CDS"
"PVP01_0418200",880,"UGUAGUCUA","3' UTR"
"PVP01_0506500",134,"UGUAGUCUA","3' UTR"
"PVP01_1024300",824,"UGUAGUCUA","3' UTR"
"PVP01_1222400",773,"UGUAGUCUA","3' UTR"
"PVP01_1426000",189,"UGUAGUCUA","3' UTR"
"PVP01_0705700",853,"UGUAGUCUA","5' UTR"
"PVP01_1261200",57,"UGUAGUCUA","5' UTR"
"PVP01_0905100",568,"UGUAGUCUA","5' UTR"
"PVP01_1269100",148,"UGUAGUCUA","5' UTR"
"PVP01_0828800",3253,"UGUAGUCUA","CDS"
"PVP01_1002400",3243,"UGUAGUCUA","CDS"
"PVP01_1404700",10357,"UGUAGUCUA","CDS"
"PVP01_1415700",90,"UGUAGUCUA","CDS"
"PVP01_0421300",696,"UGUAGUGUA","3' UTR"
"PVP01_0508500",1208,"UGUAGUGUA","3' UTR"
"PVP01_0716000",134,"UGUAGUGUA","3' UTR"
"PVP01_0812200",334,"UGUAGUGUA","3' UTR"
"PVP01_0816800",718,"UGUAGUGUA","3' UTR"
"PVP01_0921900",238,"UGUAGUGUA","3' UTR"
"PVP01_0943300",75,"UGUAGUGUA","3' UTR"
"PVP01_0948700",206,"UGUAGUGUA","3' UTR"
"PVP01_0949400",135,"UGUAGUGUA","3' UTR"
"PVP01_1003900",324,"UGUAGUGUA","3' UTR"
"PVP01_1011400",111,"UGUAGUGUA","3' UTR"
"PVP01_1121700",810,"UGUAGUGUA","3' UTR"
"PVP01_1147200",183,"UGUAGUGUA","3' UTR"
"PVP01_1231500",34,"UGUAGUGUA","3' UTR"
"PVP01_1232900",1964,"UGUAGUGUA","3' UTR"
"PVP01_1243300",32,"UGUAGUGUA","3' UTR"
"PVP01_1251600",627,"UGUAGUGUA","3' UTR"
"PVP01_1341600",487,"UGUAGUGUA","3' UTR"
"PVP01_1346400",196,"UGUAGUGUA","3' UTR"
"PVP01_1469500",1398,"UGUAGUGUA","3' UTR"
"PVP01_0001580",560,"UGUAGUGUA","3' UTR"
"PVP01_0001940",567,"UGUAGUGUA","3' UTR"
"PVP01_0002510",586,"UGUAGUGUA","3' UTR"
"PVP01_0003080",517,"UGUAGUGUA","3' UTR"
"PVP01_0003950",558,"UGUAGUGUA","3' UTR"
"PVP01_0005380",493,"UGUAGUGUA","3' UTR"
"PVP01_0007010",492,"UGUAGUGUA","3' UTR"
"PVP01_0008070",240,"UGUAGUGUA","3' UTR"
"PVP01_0009690",492,"UGUAGUGUA","3' UTR"
"PVP01_0010090",494,"UGUAGUGUA","3' UTR"
"PVP01_0610100",31,"UGUAGUGUA","3' UTR"
"PVP01_0900100",194,"UGUAGUGUA","3' UTR"
"PVP01_1100300",534,"UGUAGUGUA","3' UTR"
"PVP01_1200600",560,"UGUAGUGUA","3' UTR"
"PVP01_1323700",127,"UGUAGUGUA","3' UTR"
"PVP01_0204700",134,"UGUAGUGUA","5' UTR"
"PVP01_0527500",424,"UGUAGUGUA","5' UTR"
"PVP01_0708100",663,"UGUAGUGUA","5' UTR"
"PVP01_0708800",373,"UGUAGUGUA","5' UTR"
"PVP01_0721200",150,"UGUAGUGUA","5' UTR"
"PVP01_0911400",553,"UGUAGUGUA","5' UTR"
"PVP01_1003100",701,"UGUAGUGUA","5' UTR"
"PVP01_1227700",1668,"UGUAGUGUA","5' UTR"
"PVP01_1258500",561,"UGUAGUGUA","5' UTR"
"PVP01_1260000",656,"UGUAGUGUA","5' UTR"
"PVP01_1266300",1703,"UGUAGUGUA","5' UTR"
"PVP01_1301100",476,"UGUAGUGUA","5' UTR"
"PVP01_1304900",93,"UGUAGUGUA","5' UTR"
"PVP01_1310500",2048,"UGUAGUGUA","5' UTR"
"PVP01_1410300",1776,"UGUAGUGUA","5' UTR"
"PVP01_1426900",3365,"UGUAGUGUA","5' UTR"
"PVP01_1428000",172,"UGUAGUGUA","5' UTR"
"PVP01_1451500",369,"UGUAGUGUA","5' UTR"
"PVP01_0002220",699,"UGUAGUGUA","5' UTR"
"PVP01_0003610",505,"UGUAGUGUA","5' UTR"
"PVP01_0007300",40,"UGUAGUGUA","5' UTR"
"PVP01_0009040",508,"UGUAGUGUA","5' UTR"
"PVP01_0101100",129,"UGUAGUGUA","5' UTR"
"PVP01_0402500",175,"UGUAGUGUA","5' UTR"
"PVP01_1471000",352,"UGUAGUGUA","5' UTR"
"PVP01_0000140",370,"UGUAGUGUA","CDS"
"PVP01_0000550",652,"UGUAGUGUA","CDS"
"PVP01_0504900",5275,"UGUAGUGUA","CDS"
"PVP01_0606900",13635,"UGUAGUGUA","CDS"
"PVP01_0704500",1305,"UGUAGUGUA","CDS"
"PVP01_1111400",894,"UGUAGUGUA","CDS"
"PVP01_1116600",261,"UGUAGUGUA","CDS"
"PVP01_1126100",951,"UGUAGUGUA","CDS"
"PVP01_1251700",85,"UGUAGUGUA","CDS"
"PVP01_1463300",2682,"UGUAGUGUA","CDS"
"PVP01_0213300",260,"UGUAGUUUA","3' UTR"
"PVP01_0624300",1013,"UGUAGUUUA","3' UTR"
"PVP01_0801400",130,"UGUAGUUUA","3' UTR"
"PVP01_1032600",481,"UGUAGUUUA","3' UTR"
"PVP01_1114000",417,"UGUAGUUUA","3' UTR"
"PVP01_1270000",462,"UGUAGUUUA","3' UTR"
"PVP01_1323800",775,"UGUAGUUUA","3' UTR"
"PVP01_1424800",1824,"UGUAGUUUA","3' UTR"
"PVP01_1446000",509,"UGUAGUUUA","3' UTR"
"PVP01_0000630",474,"UGUAGUUUA","3' UTR"
"PVP01_0001520",141,"UGUAGUUUA","3' UTR"
"PVP01_0002680",469,"UGUAGUUUA","3' UTR"
"PVP01_0003780",60,"UGUAGUUUA","3' UTR"
"PVP01_0006040",60,"UGUAGUUUA","3' UTR"
"PVP01_0006800",117,"UGUAGUUUA","3' UTR"
"PVP01_0008810",224,"UGUAGUUUA","3' UTR"
"PVP01_0220700",653,"UGUAGUUUA","3' UTR"
"PVP01_0624400",394,"UGUAGUUUA","3' UTR"
"PVP01_0822200",231,"UGUAGUUUA","3' UTR"
"PVP01_1036000",152,"UGUAGUUUA","3' UTR"
"PVP01_1116700",374,"UGUAGUUUA","3' UTR"
"PVP01_1318200",323,"UGUAGUUUA","3' UTR"
"PVP01_0507400",430,"UGUAGUUUA","5' UTR"
"PVP01_0601200",1548,"UGUAGUUUA","5' UTR"
"PVP01_0701800",231,"UGUAGUUUA","5' UTR"
"PVP01_0816300",386,"UGUAGUUUA","5' UTR"
"PVP01_0819700",873,"UGUAGUUUA","5' UTR"
"PVP01_0822100",136,"UGUAGUUUA","5' UTR"
"PVP01_1443200",29,"UGUAGUUUA","5' UTR"
"PVP01_1461300",1422,"UGUAGUUUA","5' UTR"
"PVP01_0002510",406,"UGUAGUUUA","5' UTR"
"PVP01_0002580",213,"UGUAGUUUA","5' UTR"
"PVP01_0002830",521,"UGUAGUUUA","5' UTR"
"PVP01_0003430",208,"UGUAGUUUA","5' UTR"
"PVP01_0003800",524,"UGUAGUUUA","5' UTR"
"PVP01_0004320",122,"UGUAGUUUA","5' UTR"
"PVP01_0004520",715,"UGUAGUUUA","5' UTR"
"PVP01_0005070",225,"UGUAGUUUA","5' UTR"
"PVP01_0008060",210,"UGUAGUUUA","5' UTR"
"PVP01_0008420",743,"UGUAGUUUA","5' UTR"
"PVP01_0009840",567,"UGUAGUUUA","5' UTR"
"PVP01_0424500",79,"UGUAGUUUA","5' UTR"
"PVP01_0738800",196,"UGUAGUUUA","5' UTR"
"PVP01_1017200",70,"UGUAGUUUA","5' UTR"
"PVP01_API01200",461,"UGUAGUUUA","5' UTR"
"PVP01_0002900",832,"UGUAGUUUA","CDS"
"PVP01_0003840",820,"UGUAGUUUA","CDS"
"PVP01_0006420",111,"UGUAGUUUA","CDS"
"PVP01_0007670",628,"UGUAGUUUA","CDS"
"PVP01_0008500",1116,"UGUAGUUUA","CDS"
"PVP01_0011030",397,"UGUAGUUUA","CDS"
"PVP01_0120900",622,"UGUAGUUUA","CDS"
"PVP01_0418200",378,"UGUAGUUUA","CDS"
"PVP01_0704400",3609,"UGUAGUUUA","CDS"
"PVP01_1101100",2125,"UGUAGUUUA","CDS"
"PVP01_1115000",48,"UGUAGUUUA","CDS"
"PVP01_1125800",1197,"UGUAGUUUA","CDS"
"PVP01_1331700",13072,"UGUAGUUUA","CDS"
"PVP01_1431400",1135,"UGUAGUUUA","CDS"
"PVP01_1461000",2593,"UGUAGUUUA","CDS"
"PVP01_0203400",762,"UGUAUAAUA","3' UTR"
"PVP01_0421000",462,"UGUAUAAUA","3' UTR"
"PVP01_0423100",1416,"UGUAUAAUA","3' UTR"
"PVP01_0624500",678,"UGUAUAAUA","3' UTR"
"PVP01_0708700",2064,"UGUAUAAUA","3' UTR"
"PVP01_0801200",341,"UGUAUAAUA","3' UTR"
"PVP01_0929800",553,"UGUAUAAUA","3' UTR"
"PVP01_0936700",1076,"UGUAUAAUA","3' UTR"
"PVP01_1002900",579,"UGUAUAAUA","3' UTR"
"PVP01_1006700",145,"UGUAUAAUA","3' UTR"
"PVP01_1007600",402,"UGUAUAAUA","3' UTR"
"PVP01_1010900",481,"UGUAUAAUA","3' UTR"
"PVP01_1023000",57,"UGUAUAAUA","3' UTR"
"PVP01_1147400",175,"UGUAUAAUA","3' UTR"
"PVP01_1147700",1759,"UGUAUAAUA","3' UTR"
"PVP01_1207100",61,"UGUAUAAUA","3' UTR"
"PVP01_1211400",633,"UGUAUAAUA","3' UTR"
"PVP01_1215000",228,"UGUAUAAUA","3' UTR"
"PVP01_1233000",343,"UGUAUAAUA","3' UTR"
"PVP01_1243900",484,"UGUAUAAUA","3' UTR"
"PVP01_1266000",370,"UGUAUAAUA","3' UTR"
"PVP01_1338000",107,"UGUAUAAUA","3' UTR"
"PVP01_1344600",899,"UGUAUAAUA","3' UTR"
"PVP01_1402100",53,"UGUAUAAUA","3' UTR"
"PVP01_1402200",798,"UGUAUAAUA","3' UTR"
"PVP01_1402700",97,"UGUAUAAUA","3' UTR"
"PVP01_1411200",1890,"UGUAUAAUA","3' UTR"
"PVP01_1412100",634,"UGUAUAAUA","3' UTR"
"PVP01_1416800",370,"UGUAUAAUA","3' UTR"
"PVP01_1429000",2081,"UGUAUAAUA","3' UTR"
"PVP01_1459100",529,"UGUAUAAUA","3' UTR"
"PVP01_0000020",47,"UGUAUAAUA","3' UTR"
"PVP01_0000440",5,"UGUAUAAUA","3' UTR"
"PVP01_0000510",203,"UGUAUAAUA","3' UTR"
"PVP01_0000570",228,"UGUAUAAUA","3' UTR"
"PVP01_0000580",617,"UGUAUAAUA","3' UTR"
"PVP01_0000600",166,"UGUAUAAUA","3' UTR"
"PVP01_0000670",597,"UGUAUAAUA","3' UTR"
"PVP01_0000670",663,"UGUAUAAUA","3' UTR"
"PVP01_0000830",403,"UGUAUAAUA","3' UTR"
"PVP01_0000930",291,"UGUAUAAUA","3' UTR"
"PVP01_0001370",399,"UGUAUAAUA","3' UTR"
"PVP01_0001610",324,"UGUAUAAUA","3' UTR"
"PVP01_0001710",51,"UGUAUAAUA","3' UTR"
"PVP01_0001780",13,"UGUAUAAUA","3' UTR"
"PVP01_0001870",275,"UGUAUAAUA","3' UTR"
"PVP01_0002080",457,"UGUAUAAUA","3' UTR"
"PVP01_0002230",454,"UGUAUAAUA","3' UTR"
"PVP01_0002260",185,"UGUAUAAUA","3' UTR"
"PVP01_0002270",74,"UGUAUAAUA","3' UTR"
"PVP01_0002450",496,"UGUAUAAUA","3' UTR"
"PVP01_0002460",241,"UGUAUAAUA","3' UTR"
"PVP01_0002690",423,"UGUAUAAUA","3' UTR"
"PVP01_0002930",425,"UGUAUAAUA","3' UTR"
"PVP01_0002950",278,"UGUAUAAUA","3' UTR"
"PVP01_0003030",314,"UGUAUAAUA","3' UTR"
"PVP01_0003170",448,"UGUAUAAUA","3' UTR"
"PVP01_0003530",165,"UGUAUAAUA","3' UTR"
"PVP01_0003550",519,"UGUAUAAUA","3' UTR"
"PVP01_0003670",314,"UGUAUAAUA","3' UTR"
"PVP01_0003720",582,"UGUAUAAUA","3' UTR"
"PVP01_0003940",360,"UGUAUAAUA","3' UTR"
"PVP01_0003990",458,"UGUAUAAUA","3' UTR"
"PVP01_0004310",67,"UGUAUAAUA","3' UTR"
"PVP01_0004510",615,"UGUAUAAUA","3' UTR"
"PVP01_0004630",69,"UGUAUAAUA","3' UTR"
"PVP01_0005170",268,"UGUAUAAUA","3' UTR"
"PVP01_0005280",245,"UGUAUAAUA","3' UTR"
"PVP01_0005310",432,"UGUAUAAUA","3' UTR"
"PVP01_0005490",667,"UGUAUAAUA","3' UTR"
"PVP01_0005510",619,"UGUAUAAUA","3' UTR"
"PVP01_0005720",422,"UGUAUAAUA","3' UTR"
"PVP01_0005970",220,"UGUAUAAUA","3' UTR"
"PVP01_0006170",593,"UGUAUAAUA","3' UTR"
"PVP01_0006200",74,"UGUAUAAUA","3' UTR"
"PVP01_0006230",200,"UGUAUAAUA","3' UTR"
"PVP01_0006820",602,"UGUAUAAUA","3' UTR"
"PVP01_0006840",497,"UGUAUAAUA","3' UTR"
"PVP01_0007140",315,"UGUAUAAUA","3' UTR"
"PVP01_0007420",166,"UGUAUAAUA","3' UTR"
"PVP01_0007720",583,"UGUAUAAUA","3' UTR"
"PVP01_0007960",389,"UGUAUAAUA","3' UTR"
"PVP01_0008040",16,"UGUAUAAUA","3' UTR"
"PVP01_0008050",161,"UGUAUAAUA","3' UTR"
"PVP01_0008140",276,"UGUAUAAUA","3' UTR"
"PVP01_0008140",502,"UGUAUAAUA","3' UTR"
"PVP01_0008170",454,"UGUAUAAUA","3' UTR"
"PVP01_0008270",496,"UGUAUAAUA","3' UTR"
"PVP01_0008330",543,"UGUAUAAUA","3' UTR"
"PVP01_0008400",312,"UGUAUAAUA","3' UTR"
"PVP01_0008420",554,"UGUAUAAUA","3' UTR"
"PVP01_0008590",101,"UGUAUAAUA","3' UTR"
"PVP01_0008610",640,"UGUAUAAUA","3' UTR"
"PVP01_0008680",236,"UGUAUAAUA","3' UTR"
"PVP01_0008770",166,"UGUAUAAUA","3' UTR"
"PVP01_0008820",574,"UGUAUAAUA","3' UTR"
"PVP01_0008950",313,"UGUAUAAUA","3' UTR"
"PVP01_0008950",459,"UGUAUAAUA","3' UTR"
"PVP01_0008970",643,"UGUAUAAUA","3' UTR"
"PVP01_0009240",276,"UGUAUAAUA","3' UTR"
"PVP01_0009240",502,"UGUAUAAUA","3' UTR"
"PVP01_0009600",668,"UGUAUAAUA","3' UTR"
"PVP01_0010150",437,"UGUAUAAUA","3' UTR"
"PVP01_0010450",312,"UGUAUAAUA","3' UTR"
"PVP01_0100100",486,"UGUAUAAUA","3' UTR"
"PVP01_0120800",187,"UGUAUAAUA","3' UTR"
"PVP01_0121100",496,"UGUAUAAUA","3' UTR"
"PVP01_0200500",21,"UGUAUAAUA","3' UTR"
"PVP01_0218800",554,"UGUAUAAUA","3' UTR"
"PVP01_0219200",453,"UGUAUAAUA","3' UTR"
"PVP01_0301400",268,"UGUAUAAUA","3' UTR"
"PVP01_0400500",428,"UGUAUAAUA","3' UTR"
"PVP01_0401000",278,"UGUAUAAUA","3' UTR"
"PVP01_0533600",53,"UGUAUAAUA","3' UTR"
"PVP01_0735700",497,"UGUAUAAUA","3' UTR"
"PVP01_0808300",61,"UGUAUAAUA","3' UTR"
"PVP01_0838700",177,"UGUAUAAUA","3' UTR"
"PVP01_0838700",243,"UGUAUAAUA","3' UTR"
"PVP01_0838800",571,"UGUAUAAUA","3' UTR"
"PVP01_0838900",243,"UGUAUAAUA","3' UTR"
"PVP01_0839400",1,"UGUAUAAUA","3' UTR"
"PVP01_0839800",297,"UGUAUAAUA","3' UTR"
"PVP01_0840400",518,"UGUAUAAUA","3' UTR"
"PVP01_0902200",520,"UGUAUAAUA","3' UTR"
"PVP01_0949700",511,"UGUAUAAUA","3' UTR"
"PVP01_1001700",203,"UGUAUAAUA","3' UTR"
"PVP01_1200500",482,"UGUAUAAUA","3' UTR"
"PVP01_1200900",252,"UGUAUAAUA","3' UTR"
"PVP01_1265400",26,"UGUAUAAUA","3' UTR"
"PVP01_1272100",357,"UGUAUAAUA","3' UTR"
"PVP01_1274600",663,"UGUAUAAUA","3' UTR"
"PVP01_1300400",630,"UGUAUAAUA","3' UTR"
"PVP01_1300500",538,"UGUAUAAUA","3' UTR"
"PVP01_1301000",662,"UGUAUAAUA","3' UTR"
"PVP01_1306500",180,"UGUAUAAUA","3' UTR"
"PVP01_1401200",236,"UGUAUAAUA","3' UTR"
"PVP01_1472200",387,"UGUAUAAUA","3' UTR"
"PVP01_1472600",253,"UGUAUAAUA","3' UTR"
"PVP01_API01400",223,"UGUAUAAUA","3' UTR"
"PVP01_API03500",80,"UGUAUAAUA","3' UTR"
"PVP01_API04300",234,"UGUAUAAUA","3' UTR"
"PVP01_0000100",82,"UGUAUAAUA","5' UTR"
"PVP01_0004300",49,"UGUAUAAUA","5' UTR"
"PVP01_0103400",212,"UGUAUAAUA","5' UTR"
"PVP01_0106800",1466,"UGUAUAAUA","5' UTR"
"PVP01_0305100",168,"UGUAUAAUA","5' UTR"
"PVP01_0305200",943,"UGUAUAAUA","5' UTR"
"PVP01_0307400",689,"UGUAUAAUA","5' UTR"
"PVP01_0504100",102,"UGUAUAAUA","5' UTR"
"PVP01_0515400",613,"UGUAUAAUA","5' UTR"
"PVP01_0527700",220,"UGUAUAAUA","5' UTR"
"PVP01_0600900",186,"UGUAUAAUA","5' UTR"
"PVP01_0621300",344,"UGUAUAAUA","5' UTR"
"PVP01_0701900",2254,"UGUAUAAUA","5' UTR"
"PVP01_0702100",340,"UGUAUAAUA","5' UTR"
"PVP01_0801200",411,"UGUAUAAUA","5' UTR"
"PVP01_0806300",46,"UGUAUAAUA","5' UTR"
"PVP01_0808900",1127,"UGUAUAAUA","5' UTR"
"PVP01_0812700",647,"UGUAUAAUA","5' UTR"
"PVP01_0813000",409,"UGUAUAAUA","5' UTR"
"PVP01_0834900",264,"UGUAUAAUA","5' UTR"
"PVP01_0912100",207,"UGUAUAAUA","5' UTR"
"PVP01_0913100",175,"UGUAUAAUA","5' UTR"
"PVP01_0915000",887,"UGUAUAAUA","5' UTR"
"PVP01_0922200",399,"UGUAUAAUA","5' UTR"
"PVP01_0927500",499,"UGUAUAAUA","5' UTR"
"PVP01_0936900",191,"UGUAUAAUA","5' UTR"
"PVP01_1006400",434,"UGUAUAAUA","5' UTR"
"PVP01_1011100",1016,"UGUAUAAUA","5' UTR"
"PVP01_1023900",73,"UGUAUAAUA","5' UTR"
"PVP01_1030600",472,"UGUAUAAUA","5' UTR"
"PVP01_1121700",49,"UGUAUAAUA","5' UTR"
"PVP01_1122700",1448,"UGUAUAAUA","5' UTR"
"PVP01_1126500",385,"UGUAUAAUA","5' UTR"
"PVP01_1127700",1787,"UGUAUAAUA","5' UTR"
"PVP01_1211800",1512,"UGUAUAAUA","5' UTR"
"PVP01_1226300",203,"UGUAUAAUA","5' UTR"
"PVP01_1240500",944,"UGUAUAAUA","5' UTR"
"PVP01_1241300",56,"UGUAUAAUA","5' UTR"
"PVP01_1244500",1663,"UGUAUAAUA","5' UTR"
"PVP01_1257100",198,"UGUAUAAUA","5' UTR"
"PVP01_1265900",3739,"UGUAUAAUA","5' UTR"
"PVP01_1333600",1641,"UGUAUAAUA","5' UTR"
"PVP01_1337600",541,"UGUAUAAUA","5' UTR"
"PVP01_1338400",361,"UGUAUAAUA","5' UTR"
"PVP01_1407500",120,"UGUAUAAUA","5' UTR"
"PVP01_1426700",288,"UGUAUAAUA","5' UTR"
"PVP01_1437100",757,"UGUAUAAUA","5' UTR"
"PVP01_1465600",72,"UGUAUAAUA","5' UTR"
"PVP01_1469300",189,"UGUAUAAUA","5' UTR"
"PVP01_0000880",59,"UGUAUAAUA","5' UTR"
"PVP01_0000940",481,"UGUAUAAUA","5' UTR"
"PVP01_0001040",201,"UGUAUAAUA","5' UTR"
"PVP01_0001070",476,"UGUAUAAUA","5' UTR"
"PVP01_0001200",334,"UGUAUAAUA","5' UTR"
"PVP01_0001240",50,"UGUAUAAUA","5' UTR"
"PVP01_0001300",303,"UGUAUAAUA","5' UTR"
"PVP01_0001330",799,"UGUAUAAUA","5' UTR"
"PVP01_0001660",160,"UGUAUAAUA","5' UTR"
"PVP01_0001780",797,"UGUAUAAUA","5' UTR"
"PVP01_0001790",182,"UGUAUAAUA","5' UTR"
"PVP01_0002020",135,"UGUAUAAUA","5' UTR"
"PVP01_0002100",403,"UGUAUAAUA","5' UTR"
"PVP01_0002120",114,"UGUAUAAUA","5' UTR"
"PVP01_0002270",181,"UGUAUAAUA","5' UTR"
"PVP01_0002280",312,"UGUAUAAUA","5' UTR"
"PVP01_0002300",486,"UGUAUAAUA","5' UTR"
"PVP01_0002550",330,"UGUAUAAUA","5' UTR"
"PVP01_0002580",425,"UGUAUAAUA","5' UTR"
"PVP01_0003290",154,"UGUAUAAUA","5' UTR"
"PVP01_0003650",514,"UGUAUAAUA","5' UTR"
"PVP01_0003660",383,"UGUAUAAUA","5' UTR"
"PVP01_0003750",154,"UGUAUAAUA","5' UTR"
"PVP01_0003750",389,"UGUAUAAUA","5' UTR"
"PVP01_0003780",332,"UGUAUAAUA","5' UTR"
"PVP01_0003810",267,"UGUAUAAUA","5' UTR"
"PVP01_0003970",405,"UGUAUAAUA","5' UTR"
"PVP01_0004020",233,"UGUAUAAUA","5' UTR"
"PVP01_0004170",98,"UGUAUAAUA","5' UTR"
"PVP01_0004430",597,"UGUAUAAUA","5' UTR"
"PVP01_0004440",295,"UGUAUAAUA","5' UTR"
"PVP01_0004580",403,"UGUAUAAUA","5' UTR"
"PVP01_0004740",512,"UGUAUAAUA","5' UTR"
"PVP01_0004900",143,"UGUAUAAUA","5' UTR"
"PVP01_0005100",93,"UGUAUAAUA","5' UTR"
"PVP01_0005130",435,"UGUAUAAUA","5' UTR"
"PVP01_0005190",575,"UGUAUAAUA","5' UTR"
"PVP01_0005330",84,"UGUAUAAUA","5' UTR"
"PVP01_0005600",455,"UGUAUAAUA","5' UTR"
"PVP01_0005640",158,"UGUAUAAUA","5' UTR"
"PVP01_0005860",142,"UGUAUAAUA","5' UTR"
"PVP01_0005880",133,"UGUAUAAUA","5' UTR"
"PVP01_0005950",255,"UGUAUAAUA","5' UTR"
"PVP01_0006040",313,"UGUAUAAUA","5' UTR"
"PVP01_0006090",58,"UGUAUAAUA","5' UTR"
"PVP01_0006090",384,"UGUAUAAUA","5' UTR"
"PVP01_0006130",475,"UGUAUAAUA","5' UTR"
"PVP01_0006320",700,"UGUAUAAUA","5' UTR"
"PVP01_0006560",578,"UGUAUAAUA","5' UTR"
"PVP01_0006780",682,"UGUAUAAUA","5' UTR"
"PVP01_0006820",705,"UGUAUAAUA","5' UTR"
"PVP01_0006890",435,"UGUAUAAUA","5' UTR"
"PVP01_0007020",315,"UGUAUAAUA","5' UTR"
"PVP01_0007190",678,"UGUAUAAUA","5' UTR"
"PVP01_0007380",236,"UGUAUAAUA","5' UTR"
"PVP01_0007670",677,"UGUAUAAUA","5' UTR"
"PVP01_0007680",326,"UGUAUAAUA","5' UTR"
"PVP01_0007760",531,"UGUAUAAUA","5' UTR"
"PVP01_0007840",736,"UGUAUAAUA","5' UTR"
"PVP01_0008000",133,"UGUAUAAUA","5' UTR"
"PVP01_0008020",404,"UGUAUAAUA","5' UTR"
"PVP01_0008190",119,"UGUAUAAUA","5' UTR"
"PVP01_0008240",47,"UGUAUAAUA","5' UTR"
"PVP01_0008370",340,"UGUAUAAUA","5' UTR"
"PVP01_0008390",386,"UGUAUAAUA","5' UTR"
"PVP01_0008880",463,"UGUAUAAUA","5' UTR"
"PVP01_0008910",573,"UGUAUAAUA","5' UTR"
"PVP01_0008960",758,"UGUAUAAUA","5' UTR"
"PVP01_0008970",433,"UGUAUAAUA","5' UTR"
"PVP01_0008980",543,"UGUAUAAUA","5' UTR"
"PVP01_0009040",625,"UGUAUAAUA","5' UTR"
"PVP01_0009120",317,"UGUAUAAUA","5' UTR"
"PVP01_0009330",249,"UGUAUAAUA","5' UTR"
"PVP01_0009500",169,"UGUAUAAUA","5' UTR"
"PVP01_0009510",115,"UGUAUAAUA","5' UTR"
"PVP01_0010080",46,"UGUAUAAUA","5' UTR"
"PVP01_0010560",467,"UGUAUAAUA","5' UTR"
"PVP01_0011090",629,"UGUAUAAUA","5' UTR"
"PVP01_0100700",403,"UGUAUAAUA","5' UTR"
"PVP01_0101200",396,"UGUAUAAUA","5' UTR"
"PVP01_0101700",349,"UGUAUAAUA","5' UTR"
"PVP01_0120100",627,"UGUAUAAUA","5' UTR"
"PVP01_0121800",372,"UGUAUAAUA","5' UTR"
"PVP01_0200200",761,"UGUAUAAUA","5' UTR"
"PVP01_0218300",668,"UGUAUAAUA","5' UTR"
"PVP01_0218900",683,"UGUAUAAUA","5' UTR"
"PVP01_0220500",665,"UGUAUAAUA","5' UTR"
"PVP01_0221600",376,"UGUAUAAUA","5' UTR"
"PVP01_0401500",436,"UGUAUAAUA","5' UTR"
"PVP01_0401600",201,"UGUAUAAUA","5' UTR"
"PVP01_0423800",285,"UGUAUAAUA","5' UTR"
"PVP01_0525000",590,"UGUAUAAUA","5' UTR"
"PVP01_0534000",34,"UGUAUAAUA","5' UTR"
"PVP01_0534200",417,"UGUAUAAUA","5' UTR"
"PVP01_0600400",601,"UGUAUAAUA","5' UTR"
"PVP01_0735800",373,"UGUAUAAUA","5' UTR"
"PVP01_0736100",717,"UGUAUAAUA","5' UTR"
"PVP01_0736800",758,"UGUAUAAUA","5' UTR"
"PVP01_0736900",509,"UGUAUAAUA","5' UTR"
"PVP01_0737500",704,"UGUAUAAUA","5' UTR"
"PVP01_0738700",747,"UGUAUAAUA","5' UTR"
"PVP01_0739200",531,"UGUAUAAUA","5' UTR"
"PVP01_0838500",507,"UGUAUAAUA","5' UTR"
"PVP01_0840300",678,"UGUAUAAUA","5' UTR"
"PVP01_0900100",331,"UGUAUAAUA","5' UTR"
"PVP01_0900800",742,"UGUAUAAUA","5' UTR"
"PVP01_0901300",288,"UGUAUAAUA","5' UTR"
"PVP01_0902500",324,"UGUAUAAUA","5' UTR"
"PVP01_0902600",67,"UGUAUAAUA","5' UTR"
"PVP01_0902700",732,"UGUAUAAUA","5' UTR"
"PVP01_0902800",190,"UGUAUAAUA","5' UTR"
"PVP01_1001500",347,"UGUAUAAUA","5' UTR"
"PVP01_1035800",419,"UGUAUAAUA","5' UTR"
"PVP01_1035900",678,"UGUAUAAUA","5' UTR"
"PVP01_1100100",201,"UGUAUAAUA","5' UTR"
"PVP01_1101100",377,"UGUAUAAUA","5' UTR"
"PVP01_1101500",118,"UGUAUAAUA","5' UTR"
"PVP01_1120700",324,"UGUAUAAUA","5' UTR"
"PVP01_1148300",616,"UGUAUAAUA","5' UTR"
"PVP01_1148700",185,"UGUAUAAUA","5' UTR"
"PVP01_1273000",677,"UGUAUAAUA","5' UTR"
"PVP01_1273200",682,"UGUAUAAUA","5' UTR"
"PVP01_1273900",385,"UGUAUAAUA","5' UTR"
"PVP01_1337900",58,"UGUAUAAUA","5' UTR"
"PVP01_1344500",166,"UGUAUAAUA","5' UTR"
"PVP01_1347600",760,"UGUAUAAUA","5' UTR"
"PVP01_1400300",664,"UGUAUAAUA","5' UTR"
"PVP01_1401100",104,"UGUAUAAUA","5' UTR"
"PVP01_1470400",653,"UGUAUAAUA","5' UTR"
"PVP01_1472900",501,"UGUAUAAUA","5' UTR"
"PVP01_API01600",732,"UGUAUAAUA","5' UTR"
"PVP01_API01700",73,"UGUAUAAUA","5' UTR"
"PVP01_API03700",787,"UGUAUAAUA","5' UTR"
"PVP01_API03900",486,"UGUAUAAUA","5' UTR"
"PVP01_0000260",293,"UGUAUAAUA","CDS"
"PVP01_0000510",200,"UGUAUAAUA","CDS"
"PVP01_0000980",914,"UGUAUAAUA","CDS"
"PVP01_0001300",749,"UGUAUAAUA","CDS"
"PVP01_0001320",56,"UGUAUAAUA","CDS"
"PVP01_0002660",44,"UGUAUAAUA","CDS"
"PVP01_0003090",440,"UGUAUAAUA","CDS"
"PVP01_0003940",359,"UGUAUAAUA","CDS"
"PVP01_0004430",1004,"UGUAUAAUA","CDS"
"PVP01_0004510",188,"UGUAUAAUA","CDS"
"PVP01_0004840",1082,"UGUAUAAUA","CDS"
"PVP01_0005600",2,"UGUAUAAUA","CDS"
"PVP01_0005640",980,"UGUAUAAUA","CDS"
"PVP01_0006420",974,"UGUAUAAUA","CDS"
"PVP01_0006470",485,"UGUAUAAUA","CDS"
"PVP01_0007100",2,"UGUAUAAUA","CDS"
"PVP01_0007660",503,"UGUAUAAUA","CDS"
"PVP01_0007920",872,"UGUAUAAUA","CDS"
"PVP01_0008130",86,"UGUAUAAUA","CDS"
"PVP01_0008880",2,"UGUAUAAUA","CDS"
"PVP01_0009510",989,"UGUAUAAUA","CDS"
"PVP01_0111600",1937,"UGUAUAAUA","CDS"
"PVP01_0203000",2081,"UGUAUAAUA","CDS"
"PVP01_0206700",2030,"UGUAUAAUA","CDS"
"PVP01_0215900",517,"UGUAUAAUA","CDS"
"PVP01_0218000",329,"UGUAUAAUA","CDS"
"PVP01_0219700",371,"UGUAUAAUA","CDS"
"PVP01_0304800",1931,"UGUAUAAUA","CDS"
"PVP01_0305200",206,"UGUAUAAUA","CDS"
"PVP01_0307200",1286,"UGUAUAAUA","CDS"
"PVP01_0317900",1544,"UGUAUAAUA","CDS"
"PVP01_0400200",425,"UGUAUAAUA","CDS"
"PVP01_0400500",443,"UGUAUAAUA","CDS"
"PVP01_0402300",995,"UGUAUAAUA","CDS"
"PVP01_0412500",6731,"UGUAUAAUA","CDS"
"PVP01_0508200",15974,"UGUAUAAUA","CDS"
"PVP01_0515200",326,"UGUAUAAUA","CDS"
"PVP01_0517000",1148,"UGUAUAAUA","CDS"
"PVP01_0531000",3977,"UGUAUAAUA","CDS"
"PVP01_0603800",2144,"UGUAUAAUA","CDS"
"PVP01_0606500",407,"UGUAUAAUA","CDS"
"PVP01_0609100",1688,"UGUAUAAUA","CDS"
"PVP01_0613100",1187,"UGUAUAAUA","CDS"
"PVP01_0618800",1190,"UGUAUAAUA","CDS"
"PVP01_0623600",1190,"UGUAUAAUA","CDS"
"PVP01_0624700",356,"UGUAUAAUA","CDS"
"PVP01_0624700",532,"UGUAUAAUA","CDS"
"PVP01_0723100",1997,"UGUAUAAUA","CDS"
"PVP01_0736000",422,"UGUAUAAUA","CDS"
"PVP01_0737500",455,"UGUAUAAUA","CDS"
"PVP01_0813700",3212,"UGUAUAAUA","CDS"
"PVP01_0815500",668,"UGUAUAAUA","CDS"
"PVP01_0832900",223,"UGUAUAAUA","CDS"
"PVP01_0834900",260,"UGUAUAAUA","CDS"
"PVP01_0902400",206,"UGUAUAAUA","CDS"
"PVP01_0905100",1949,"UGUAUAAUA","CDS"
"PVP01_0907900",1451,"UGUAUAAUA","CDS"
"PVP01_0908100",10079,"UGUAUAAUA","CDS"
"PVP01_0913800",9734,"UGUAUAAUA","CDS"
"PVP01_0931500",3059,"UGUAUAAUA","CDS"
"PVP01_0937500",2785,"UGUAUAAUA","CDS"
"PVP01_0939400",5921,"UGUAUAAUA","CDS"
"PVP01_0947800",7298,"UGUAUAAUA","CDS"
"PVP01_1001500",638,"UGUAUAAUA","CDS"
"PVP01_1002300",647,"UGUAUAAUA","CDS"
"PVP01_1002700",6040,"UGUAUAAUA","CDS"
"PVP01_1005000",1388,"UGUAUAAUA","CDS"
"PVP01_1010900",689,"UGUAUAAUA","CDS"
"PVP01_1020200",890,"UGUAUAAUA","CDS"
"PVP01_1100200",545,"UGUAUAAUA","CDS"
"PVP01_1109600",3161,"UGUAUAAUA","CDS"
"PVP01_1112200",3611,"UGUAUAAUA","CDS"
"PVP01_1119700",1781,"UGUAUAAUA","CDS"
"PVP01_1119800",9032,"UGUAUAAUA","CDS"
"PVP01_1137700",125,"UGUAUAAUA","CDS"
"PVP01_1148000",935,"UGUAUAAUA","CDS"
"PVP01_1202100",992,"UGUAUAAUA","CDS"
"PVP01_1204700",1142,"UGUAUAAUA","CDS"
"PVP01_1209100",629,"UGUAUAAUA","CDS"
"PVP01_1211900",2087,"UGUAUAAUA","CDS"
"PVP01_1218900",968,"UGUAUAAUA","CDS"
"PVP01_1244400",11120,"UGUAUAAUA","CDS"
"PVP01_1270400",2942,"UGUAUAAUA","CDS"
"PVP01_1270800",1574,"UGUAUAAUA","CDS"
"PVP01_1272100",587,"UGUAUAAUA","CDS"
"PVP01_1273500",2,"UGUAUAAUA","CDS"
"PVP01_1304900",5075,"UGUAUAAUA","CDS"
"PVP01_1331300",13070,"UGUAUAAUA","CDS"
"PVP01_1337200",326,"UGUAUAAUA","CDS"
"PVP01_1342200",1667,"UGUAUAAUA","CDS"
"PVP01_1344000",665,"UGUAUAAUA","CDS"
"PVP01_1347700",980,"UGUAUAAUA","CDS"
"PVP01_1405200",503,"UGUAUAAUA","CDS"
"PVP01_1406200",9556,"UGUAUAAUA","CDS"
"PVP01_1414700",2636,"UGUAUAAUA","CDS"
"PVP01_1417400",443,"UGUAUAAUA","CDS"
"PVP01_1420500",4724,"UGUAUAAUA","CDS"
"PVP01_1425000",118,"UGUAUAAUA","CDS"
"PVP01_1429200",1370,"UGUAUAAUA","CDS"
"PVP01_1430700",12842,"UGUAUAAUA","CDS"
"PVP01_1434700",803,"UGUAUAAUA","CDS"
"PVP01_1439600",1898,"UGUAUAAUA","CDS"
"PVP01_1440600",6938,"UGUAUAAUA","CDS"
"PVP01_1441800",4061,"UGUAUAAUA","CDS"
"PVP01_1442400",1217,"UGUAUAAUA","CDS"
"PVP01_1456500",608,"UGUAUAAUA","CDS"
"PVP01_1467200",4448,"UGUAUAAUA","CDS"
"PVP01_API01500",197,"UGUAUAAUA","CDS"
"PVP01_API04200",230,"UGUAUAAUA","CDS"
"PVP01_0300800",292,"UGUAUACUA","3' UTR"
"PVP01_0405000",313,"UGUAUACUA","3' UTR"
"PVP01_0532300",308,"UGUAUACUA","3' UTR"
"PVP01_0703200",528,"UGUAUACUA","3' UTR"
"PVP01_0705100",444,"UGUAUACUA","3' UTR"
"PVP01_0705100",1275,"UGUAUACUA","3' UTR"
"PVP01_0729200",199,"UGUAUACUA","3' UTR"
"PVP01_0830700",458,"UGUAUACUA","3' UTR"
"PVP01_1122800",291,"UGUAUACUA","3' UTR"
"PVP01_1263900",944,"UGUAUACUA","3' UTR"
"PVP01_1310000",1052,"UGUAUACUA","3' UTR"
"PVP01_1338300",368,"UGUAUACUA","3' UTR"
"PVP01_1347000",863,"UGUAUACUA","3' UTR"
"PVP01_1427300",325,"UGUAUACUA","3' UTR"
"PVP01_1440800",1854,"UGUAUACUA","3' UTR"
"PVP01_0002100",543,"UGUAUACUA","3' UTR"
"PVP01_0003480",273,"UGUAUACUA","3' UTR"
"PVP01_0004110",294,"UGUAUACUA","3' UTR"
"PVP01_0005600",571,"UGUAUACUA","3' UTR"
"PVP01_0006060",300,"UGUAUACUA","3' UTR"
"PVP01_0006170",322,"UGUAUACUA","3' UTR"
"PVP01_0006940",301,"UGUAUACUA","3' UTR"
"PVP01_0006950",301,"UGUAUACUA","3' UTR"
"PVP01_0006980",299,"UGUAUACUA","3' UTR"
"PVP01_0007250",565,"UGUAUACUA","3' UTR"
"PVP01_0007730",298,"UGUAUACUA","3' UTR"
"PVP01_0008020",543,"UGUAUACUA","3' UTR"
"PVP01_0008380",309,"UGUAUACUA","3' UTR"
"PVP01_0008500",64,"UGUAUACUA","3' UTR"
"PVP01_0009800",302,"UGUAUACUA","3' UTR"
"PVP01_0220500",152,"UGUAUACUA","3' UTR"
"PVP01_0300400",521,"UGUAUACUA","3' UTR"
"PVP01_0520600",289,"UGUAUACUA","3' UTR"
"PVP01_0736100",441,"UGUAUACUA","3' UTR"
"PVP01_0736100",541,"UGUAUACUA","3' UTR"
"PVP01_1035300",313,"UGUAUACUA","3' UTR"
"PVP01_1148700",304,"UGUAUACUA","3' UTR"
"PVP01_1271200",143,"UGUAUACUA","3' UTR"
"PVP01_1273300",185,"UGUAUACUA","3' UTR"
"PVP01_1273400",152,"UGUAUACUA","3' UTR"
"PVP01_1273600",38,"UGUAUACUA","3' UTR"
"PVP01_1401100",272,"UGUAUACUA","3' UTR"
"PVP01_0729400",368,"UGUAUACUA","5' UTR"
"PVP01_0819700",127,"UGUAUACUA","5' UTR"
"PVP01_1006500",405,"UGUAUACUA","5' UTR"
"PVP01_1007000",56,"UGUAUACUA","5' UTR"
"PVP01_1034200",212,"UGUAUACUA","5' UTR"
"PVP01_1125500",447,"UGUAUACUA","5' UTR"
"PVP01_1140100",851,"UGUAUACUA","5' UTR"
"PVP01_1245600",139,"UGUAUACUA","5' UTR"
"PVP01_1329200",1304,"UGUAUACUA","5' UTR"
"PVP01_1449300",844,"UGUAUACUA","5' UTR"
"PVP01_1457900",847,"UGUAUACUA","5' UTR"
"PVP01_0000410",437,"UGUAUACUA","5' UTR"
"PVP01_0000810",437,"UGUAUACUA","5' UTR"
"PVP01_0001080",752,"UGUAUACUA","5' UTR"
"PVP01_0001650",582,"UGUAUACUA","5' UTR"
"PVP01_0002170",422,"UGUAUACUA","5' UTR"
"PVP01_0002600",416,"UGUAUACUA","5' UTR"
"PVP01_0002620",331,"UGUAUACUA","5' UTR"
"PVP01_0004700",385,"UGUAUACUA","5' UTR"
"PVP01_0005990",409,"UGUAUACUA","5' UTR"
"PVP01_0006630",417,"UGUAUACUA","5' UTR"
"PVP01_0006920",765,"UGUAUACUA","5' UTR"
"PVP01_0006950",210,"UGUAUACUA","5' UTR"
"PVP01_0007020",410,"UGUAUACUA","5' UTR"
"PVP01_0008940",50,"UGUAUACUA","5' UTR"
"PVP01_0008980",279,"UGUAUACUA","5' UTR"
"PVP01_0009130",320,"UGUAUACUA","5' UTR"
"PVP01_0009830",613,"UGUAUACUA","5' UTR"
"PVP01_0300300",648,"UGUAUACUA","5' UTR"
"PVP01_0401900",107,"UGUAUACUA","5' UTR"
"PVP01_0502200",755,"UGUAUACUA","5' UTR"
"PVP01_0738700",423,"UGUAUACUA","5' UTR"
"PVP01_0840300",414,"UGUAUACUA","5' UTR"
"PVP01_0900400",415,"UGUAUACUA","5' UTR"
"PVP01_0900800",555,"UGUAUACUA","5' UTR"
"PVP01_1002800",689,"UGUAUACUA","5' UTR"
"PVP01_1272000",70,"UGUAUACUA","5' UTR"
"PVP01_1272900",415,"UGUAUACUA","5' UTR"
"PVP01_1273500",129,"UGUAUACUA","5' UTR"
"PVP01_1274600",663,"UGUAUACUA","5' UTR"
"PVP01_MIT03400",246,"UGUAUACUA","5' UTR"
"PVP01_0001550",419,"UGUAUACUA","CDS"
"PVP01_0002200",1436,"UGUAUACUA","CDS"
"PVP01_0004360",543,"UGUAUACUA","CDS"
"PVP01_0203400",1503,"UGUAUACUA","CDS"
"PVP01_0530200",895,"UGUAUACUA","CDS"
"PVP01_0701700",3902,"UGUAUACUA","CDS"
"PVP01_0701800",2297,"UGUAUACUA","CDS"
"PVP01_1002800",1333,"UGUAUACUA","CDS"
"PVP01_1007300",2244,"UGUAUACUA","CDS"
"PVP01_1100200",512,"UGUAUACUA","CDS"
"PVP01_1124900",990,"UGUAUACUA","CDS"
"PVP01_1208100",875,"UGUAUACUA","CDS"
"PVP01_1245200",828,"UGUAUACUA","CDS"
"PVP01_1321900",1111,"UGUAUACUA","CDS"
"PVP01_1323100",838,"UGUAUACUA","CDS"
"PVP01_1422500",821,"UGUAUACUA","CDS"
"PVP01_MIT03300",953,"UGUAUACUA","CDS"
"PVP01_0203700",227,"UGUAUAGUA","3' UTR"
"PVP01_0423400",690,"UGUAUAGUA","3' UTR"
"PVP01_0522500",593,"UGUAUAGUA","3' UTR"
"PVP01_0600900",1748,"UGUAUAGUA","3' UTR"
"PVP01_0801100",880,"UGUAUAGUA","3' UTR"
"PVP01_0804900",226,"UGUAUAGUA","3' UTR"
"PVP01_0817200",513,"UGUAUAGUA","3' UTR"
"PVP01_0831200",124,"UGUAUAGUA","3' UTR"
"PVP01_0940200",1828,"UGUAUAGUA","3' UTR"
"PVP01_1104300",87,"UGUAUAGUA","3' UTR"
"PVP01_1104800",183,"UGUAUAGUA","3' UTR"
"PVP01_1105000",402,"UGUAUAGUA","3' UTR"
"PVP01_1112500",207,"UGUAUAGUA","3' UTR"
"PVP01_1120100",5086,"UGUAUAGUA","3' UTR"
"PVP01_1213400",190,"UGUAUAGUA","3' UTR"
"PVP01_1339100",1087,"UGUAUAGUA","3' UTR"
"PVP01_1402600",237,"UGUAUAGUA","3' UTR"
"PVP01_1402700",260,"UGUAUAGUA","3' UTR"
"PVP01_1413800",608,"UGUAUAGUA","3' UTR"
"PVP01_1436300",742,"UGUAUAGUA","3' UTR"
"PVP01_1444000",1472,"UGUAUAGUA","3' UTR"
"PVP01_1464000",504,"UGUAUAGUA","3' UTR"
"PVP01_0002310",643,"UGUAUAGUA","3' UTR"
"PVP01_0003340",252,"UGUAUAGUA","3' UTR"
"PVP01_0006330",565,"UGUAUAGUA","3' UTR"
"PVP01_0009580",596,"UGUAUAGUA","3' UTR"
"PVP01_0217900",186,"UGUAUAGUA","3' UTR"
"PVP01_1200900",537,"UGUAUAGUA","3' UTR"
"PVP01_1400200",515,"UGUAUAGUA","3' UTR"
"PVP01_0209700",736,"UGUAUAGUA","5' UTR"
"PVP01_0216800",471,"UGUAUAGUA","5' UTR"
"PVP01_0512900",1196,"UGUAUAGUA","5' UTR"
"PVP01_0512900",1222,"UGUAUAGUA","5' UTR"
"PVP01_0512900",1235,"UGUAUAGUA","5' UTR"
"PVP01_0512900",1248,"UGUAUAGUA","5' UTR"
"PVP01_0512900",1261,"UGUAUAGUA","5' UTR"
"PVP01_0512900",1287,"UGUAUAGUA","5' UTR"
"PVP01_0512900",1313,"UGUAUAGUA","5' UTR"
"PVP01_0528600",626,"UGUAUAGUA","5' UTR"
"PVP01_0701200",87,"UGUAUAGUA","5' UTR"
"PVP01_0837400",814,"UGUAUAGUA","5' UTR"
"PVP01_0838000",2,"UGUAUAGUA","5' UTR"
"PVP01_0838100",863,"UGUAUAGUA","5' UTR"
"PVP01_0930700",505,"UGUAUAGUA","5' UTR"
"PVP01_0930700",1083,"UGUAUAGUA","5' UTR"
"PVP01_0945100",1510,"UGUAUAGUA","5' UTR"
"PVP01_1023900",21,"UGUAUAGUA","5' UTR"
"PVP01_1023900",1676,"UGUAUAGUA","5' UTR"
"PVP01_1203300",651,"UGUAUAGUA","5' UTR"
"PVP01_1217000",648,"UGUAUAGUA","5' UTR"
"PVP01_1265900",4585,"UGUAUAGUA","5' UTR"
"PVP01_1310500",1459,"UGUAUAGUA","5' UTR"
"PVP01_1324700",2021,"UGUAUAGUA","5' UTR"
"PVP01_1404200",534,"UGUAUAGUA","5' UTR"
"PVP01_1455100",41,"UGUAUAGUA","5' UTR"
"PVP01_0000020",737,"UGUAUAGUA","5' UTR"
"PVP01_0000030",265,"UGUAUAGUA","5' UTR"
"PVP01_0000030",737,"UGUAUAGUA","5' UTR"
"PVP01_0001810",95,"UGUAUAGUA","5' UTR"
"PVP01_0002080",393,"UGUAUAGUA","5' UTR"
"PVP01_0002610",412,"UGUAUAGUA","5' UTR"
"PVP01_0002670",395,"UGUAUAGUA","5' UTR"
"PVP01_0002990",415,"UGUAUAGUA","5' UTR"
"PVP01_0003020",495,"UGUAUAGUA","5' UTR"
"PVP01_0003190",415,"UGUAUAGUA","5' UTR"
"PVP01_0003200",430,"UGUAUAGUA","5' UTR"
"PVP01_0003240",513,"UGUAUAGUA","5' UTR"
"PVP01_0003990",374,"UGUAUAGUA","5' UTR"
"PVP01_0004860",426,"UGUAUAGUA","5' UTR"
"PVP01_0005360",379,"UGUAUAGUA","5' UTR"
"PVP01_0005380",691,"UGUAUAGUA","5' UTR"
"PVP01_0005720",491,"UGUAUAGUA","5' UTR"
"PVP01_0006550",773,"UGUAUAGUA","5' UTR"
"PVP01_0006640",398,"UGUAUAGUA","5' UTR"
"PVP01_0006750",234,"UGUAUAGUA","5' UTR"
"PVP01_0006750",409,"UGUAUAGUA","5' UTR"
"PVP01_0007140",47,"UGUAUAGUA","5' UTR"
"PVP01_0007660",748,"UGUAUAGUA","5' UTR"
"PVP01_0007810",404,"UGUAUAGUA","5' UTR"
"PVP01_0008100",239,"UGUAUAGUA","5' UTR"
"PVP01_0008740",760,"UGUAUAGUA","5' UTR"
"PVP01_0009100",211,"UGUAUAGUA","5' UTR"
"PVP01_0009120",411,"UGUAUAGUA","5' UTR"
"PVP01_0009690",277,"UGUAUAGUA","5' UTR"
"PVP01_0121100",415,"UGUAUAGUA","5' UTR"
"PVP01_0218900",419,"UGUAUAGUA","5' UTR"
"PVP01_0221200",495,"UGUAUAGUA","5' UTR"
"PVP01_0423800",237,"UGUAUAGUA","5' UTR"
"PVP01_0500400",404,"UGUAUAGUA","5' UTR"
"PVP01_0624100",421,"UGUAUAGUA","5' UTR"
"PVP01_0840900",545,"UGUAUAGUA","5' UTR"
"PVP01_0900300",422,"UGUAUAGUA","5' UTR"
"PVP01_0948400",691,"UGUAUAGUA","5' UTR"
"PVP01_1272000",281,"UGUAUAGUA","5' UTR"
"PVP01_1273700",402,"UGUAUAGUA","5' UTR"
"PVP01_1472700",181,"UGUAUAGUA","5' UTR"
"PVP01_1473000",497,"UGUAUAGUA","5' UTR"
"PVP01_0002820",446,"UGUAUAGUA","CDS"
"PVP01_0003440",419,"UGUAUAGUA","CDS"
"PVP01_0003760",689,"UGUAUAGUA","CDS"
"PVP01_0005640",347,"UGUAUAGUA","CDS"
"PVP01_0009910",434,"UGUAUAGUA","CDS"
"PVP01_0010160",532,"UGUAUAGUA","CDS"
"PVP01_0010420",313,"UGUAUAGUA","CDS"
"PVP01_0100800",419,"UGUAUAGUA","CDS"
"PVP01_0215600",13772,"UGUAUAGUA","CDS"
"PVP01_0305500",1217,"UGUAUAGUA","CDS"
"PVP01_0424000",566,"UGUAUAGUA","CDS"
"PVP01_0529300",2588,"UGUAUAGUA","CDS"
"PVP01_0601300",620,"UGUAUAGUA","CDS"
"PVP01_0615000",1463,"UGUAUAGUA","CDS"
"PVP01_0906000",227,"UGUAUAGUA","CDS"
"PVP01_0946200",1214,"UGUAUAGUA","CDS"
"PVP01_0950000",560,"UGUAUAGUA","CDS"
"PVP01_1004500",2633,"UGUAUAGUA","CDS"
"PVP01_1030400",866,"UGUAUAGUA","CDS"
"PVP01_1147600",350,"UGUAUAGUA","CDS"
"PVP01_1212700",322,"UGUAUAGUA","CDS"
"PVP01_1212800",298,"UGUAUAGUA","CDS"
"PVP01_1268600",1448,"UGUAUAGUA","CDS"
"PVP01_1270300",8684,"UGUAUAGUA","CDS"
"PVP01_1333500",710,"UGUAUAGUA","CDS"
"PVP01_1333500",755,"UGUAUAGUA","CDS"
"PVP01_1335200",3457,"UGUAUAGUA","CDS"
"PVP01_1404700",10070,"UGUAUAGUA","CDS"
"PVP01_1422100",6584,"UGUAUAGUA","CDS"
"PVP01_1423000",7112,"UGUAUAGUA","CDS"
"PVP01_1425800",806,"UGUAUAGUA","CDS"
"PVP01_1440600",161,"UGUAUAGUA","CDS"
"PVP01_0003400",406,"UGUAUAUUA","3' UTR"
"PVP01_0004390",563,"UGUAUAUUA","3' UTR"
"PVP01_0102700",483,"UGUAUAUUA","3' UTR"
"PVP01_0105700",339,"UGUAUAUUA","3' UTR"
"PVP01_0306700",866,"UGUAUAUUA","3' UTR"
"PVP01_0318000",1003,"UGUAUAUUA","3' UTR"
"PVP01_0408800",79,"UGUAUAUUA","3' UTR"
"PVP01_0414000",134,"UGUAUAUUA","3' UTR"
"PVP01_0503800",683,"UGUAUAUUA","3' UTR"
"PVP01_0515600",213,"UGUAUAUUA","3' UTR"
"PVP01_0617200",956,"UGUAUAUUA","3' UTR"
"PVP01_0713200",1488,"UGUAUAUUA","3' UTR"
"PVP01_0714900",1211,"UGUAUAUUA","3' UTR"
"PVP01_0729600",857,"UGUAUAUUA","3' UTR"
"PVP01_0810400",178,"UGUAUAUUA","3' UTR"
"PVP01_0939800",218,"UGUAUAUUA","3' UTR"
"PVP01_0942500",298,"UGUAUAUUA","3' UTR"
"PVP01_0948700",232,"UGUAUAUUA","3' UTR"
"PVP01_0948700",434,"UGUAUAUUA","3' UTR"
"PVP01_1010500",87,"UGUAUAUUA","3' UTR"
"PVP01_1108900",401,"UGUAUAUUA","3' UTR"
"PVP01_1119400",244,"UGUAUAUUA","3' UTR"
"PVP01_1120800",682,"UGUAUAUUA","3' UTR"
"PVP01_1124900",589,"UGUAUAUUA","3' UTR"
"PVP01_1124900",1961,"UGUAUAUUA","3' UTR"
"PVP01_1131600",839,"UGUAUAUUA","3' UTR"
"PVP01_1208700",714,"UGUAUAUUA","3' UTR"
"PVP01_1232600",1493,"UGUAUAUUA","3' UTR"
"PVP01_1244000",492,"UGUAUAUUA","3' UTR"
"PVP01_1244000",583,"UGUAUAUUA","3' UTR"
"PVP01_1265900",186,"UGUAUAUUA","3' UTR"
"PVP01_1267100",130,"UGUAUAUUA","3' UTR"
"PVP01_1267200",650,"UGUAUAUUA","3' UTR"
"PVP01_1272400",755,"UGUAUAUUA","3' UTR"
"PVP01_1331300",641,"UGUAUAUUA","3' UTR"
"PVP01_1331300",660,"UGUAUAUUA","3' UTR"
"PVP01_1333800",481,"UGUAUAUUA","3' UTR"
"PVP01_1402600",1181,"UGUAUAUUA","3' UTR"
"PVP01_1420800",290,"UGUAUAUUA","3' UTR"
"PVP01_1431800",387,"UGUAUAUUA","3' UTR"
"PVP01_1449300",318,"UGUAUAUUA","3' UTR"
"PVP01_1469300",1023,"UGUAUAUUA","3' UTR"
"PVP01_0000310",156,"UGUAUAUUA","3' UTR"
"PVP01_0000420",264,"UGUAUAUUA","3' UTR"
"PVP01_0000440",171,"UGUAUAUUA","3' UTR"
"PVP01_0000470",263,"UGUAUAUUA","3' UTR"
"PVP01_0000660",263,"UGUAUAUUA","3' UTR"
"PVP01_0000790",491,"UGUAUAUUA","3' UTR"
"PVP01_0000870",264,"UGUAUAUUA","3' UTR"
"PVP01_0001020",246,"UGUAUAUUA","3' UTR"
"PVP01_0001520",484,"UGUAUAUUA","3' UTR"
"PVP01_0001550",75,"UGUAUAUUA","3' UTR"
"PVP01_0001740",102,"UGUAUAUUA","3' UTR"
"PVP01_0001750",235,"UGUAUAUUA","3' UTR"
"PVP01_0001900",495,"UGUAUAUUA","3' UTR"
"PVP01_0001910",298,"UGUAUAUUA","3' UTR"
"PVP01_0002050",406,"UGUAUAUUA","3' UTR"
"PVP01_0002280",323,"UGUAUAUUA","3' UTR"
"PVP01_0002350",324,"UGUAUAUUA","3' UTR"
"PVP01_0002360",498,"UGUAUAUUA","3' UTR"
"PVP01_0002460",391,"UGUAUAUUA","3' UTR"
"PVP01_0002530",381,"UGUAUAUUA","3' UTR"
"PVP01_0002760",622,"UGUAUAUUA","3' UTR"
"PVP01_0003340",103,"UGUAUAUUA","3' UTR"
"PVP01_0003360",135,"UGUAUAUUA","3' UTR"
"PVP01_0003380",499,"UGUAUAUUA","3' UTR"
"PVP01_0003390",515,"UGUAUAUUA","3' UTR"
"PVP01_0003470",357,"UGUAUAUUA","3' UTR"
"PVP01_0004420",631,"UGUAUAUUA","3' UTR"
"PVP01_0004780",314,"UGUAUAUUA","3' UTR"
"PVP01_0004850",115,"UGUAUAUUA","3' UTR"
"PVP01_0004970",196,"UGUAUAUUA","3' UTR"
"PVP01_0005480",460,"UGUAUAUUA","3' UTR"
"PVP01_0005870",415,"UGUAUAUUA","3' UTR"
"PVP01_0006070",512,"UGUAUAUUA","3' UTR"
"PVP01_0006160",201,"UGUAUAUUA","3' UTR"
"PVP01_0006190",331,"UGUAUAUUA","3' UTR"
"PVP01_0006200",102,"UGUAUAUUA","3' UTR"
"PVP01_0006220",102,"UGUAUAUUA","3' UTR"
"PVP01_0006390",561,"UGUAUAUUA","3' UTR"
"PVP01_0006390",671,"UGUAUAUUA","3' UTR"
"PVP01_0006570",163,"UGUAUAUUA","3' UTR"
"PVP01_0006840",631,"UGUAUAUUA","3' UTR"
"PVP01_0006870",173,"UGUAUAUUA","3' UTR"
"PVP01_0007020",100,"UGUAUAUUA","3' UTR"
"PVP01_0007190",323,"UGUAUAUUA","3' UTR"
"PVP01_0007300",135,"UGUAUAUUA","3' UTR"
"PVP01_0007610",545,"UGUAUAUUA","3' UTR"
"PVP01_0007650",305,"UGUAUAUUA","3' UTR"
"PVP01_0007930",152,"UGUAUAUUA","3' UTR"
"PVP01_0007970",622,"UGUAUAUUA","3' UTR"
"PVP01_0007990",179,"UGUAUAUUA","3' UTR"
"PVP01_0008000",20,"UGUAUAUUA","3' UTR"
"PVP01_0008010",629,"UGUAUAUUA","3' UTR"
"PVP01_0008280",262,"UGUAUAUUA","3' UTR"
"PVP01_0008290",260,"UGUAUAUUA","3' UTR"
"PVP01_0008330",263,"UGUAUAUUA","3' UTR"
"PVP01_0008430",451,"UGUAUAUUA","3' UTR"
"PVP01_0008590",75,"UGUAUAUUA","3' UTR"
"PVP01_0008900",72,"UGUAUAUUA","3' UTR"
"PVP01_0009240",156,"UGUAUAUUA","3' UTR"
"PVP01_0009310",659,"UGUAUAUUA","3' UTR"
"PVP01_0009720",291,"UGUAUAUUA","3' UTR"
"PVP01_0009730",621,"UGUAUAUUA","3' UTR"
"PVP01_0009740",401,"UGUAUAUUA","3' UTR"
"PVP01_0009780",340,"UGUAUAUUA","3' UTR"
"PVP01_0009870",368,"UGUAUAUUA","3' UTR"
"PVP01_0009950",23,"UGUAUAUUA","3' UTR"
"PVP01_0010320",527,"UGUAUAUUA","3' UTR"
"PVP01_0010390",556,"UGUAUAUUA","3' UTR"
"PVP01_0010410",135,"UGUAUAUUA","3' UTR"
"PVP01_0100800",75,"UGUAUAUUA","3' UTR"
"PVP01_0101400",431,"UGUAUAUUA","3' UTR"
"PVP01_0219200",329,"UGUAUAUUA","3' UTR"
"PVP01_0220300",455,"UGUAUAUUA","3' UTR"
"PVP01_0220500",95,"UGUAUAUUA","3' UTR"
"PVP01_0301700",203,"UGUAUAUUA","3' UTR"
"PVP01_0401000",500,"UGUAUAUUA","3' UTR"
"PVP01_0401300",102,"UGUAUAUUA","3' UTR"
"PVP01_0534500",387,"UGUAUAUUA","3' UTR"
"PVP01_0535100",196,"UGUAUAUUA","3' UTR"
"PVP01_0623400",426,"UGUAUAUUA","3' UTR"
"PVP01_0624200",605,"UGUAUAUUA","3' UTR"
"PVP01_0736400",161,"UGUAUAUUA","3' UTR"
"PVP01_0736500",334,"UGUAUAUUA","3' UTR"
"PVP01_0736800",191,"UGUAUAUUA","3' UTR"
"PVP01_0840700",642,"UGUAUAUUA","3' UTR"
"PVP01_0900100",322,"UGUAUAUUA","3' UTR"
"PVP01_0900200",101,"UGUAUAUUA","3' UTR"
"PVP01_0900900",615,"UGUAUAUUA","3' UTR"
"PVP01_0902400",565,"UGUAUAUUA","3' UTR"
"PVP01_0948900",603,"UGUAUAUUA","3' UTR"
"PVP01_1001300",331,"UGUAUAUUA","3' UTR"
"PVP01_1004600",69,"UGUAUAUUA","3' UTR"
"PVP01_1035500",150,"UGUAUAUUA","3' UTR"
"PVP01_1035500",504,"UGUAUAUUA","3' UTR"
"PVP01_1120600",255,"UGUAUAUUA","3' UTR"
"PVP01_1200300",508,"UGUAUAUUA","3' UTR"
"PVP01_1200900",103,"UGUAUAUUA","3' UTR"
"PVP01_1270700",171,"UGUAUAUUA","3' UTR"
"PVP01_1270700",343,"UGUAUAUUA","3' UTR"
"PVP01_1273400",95,"UGUAUAUUA","3' UTR"
"PVP01_1273700",475,"UGUAUAUUA","3' UTR"
"PVP01_1301000",38,"UGUAUAUUA","3' UTR"
"PVP01_1347600",342,"UGUAUAUUA","3' UTR"
"PVP01_1434000",245,"UGUAUAUUA","3' UTR"
"PVP01_1454300",313,"UGUAUAUUA","3' UTR"
"PVP01_1472900",645,"UGUAUAUUA","3' UTR"
"PVP01_0000090",317,"UGUAUAUUA","5' UTR"
"PVP01_0201400",1060,"UGUAUAUUA","5' UTR"
"PVP01_0216000",283,"UGUAUAUUA","5' UTR"
"PVP01_0216000",292,"UGUAUAUUA","5' UTR"
"PVP01_0509500",648,"UGUAUAUUA","5' UTR"
"PVP01_0516700",132,"UGUAUAUUA","5' UTR"
"PVP01_0621300",218,"UGUAUAUUA","5' UTR"
"PVP01_0701200",66,"UGUAUAUUA","5' UTR"
"PVP01_0701600",890,"UGUAUAUUA","5' UTR"
"PVP01_0705100",1510,"UGUAUAUUA","5' UTR"
"PVP01_0722900",186,"UGUAUAUUA","5' UTR"
"PVP01_0801200",454,"UGUAUAUUA","5' UTR"
"PVP01_0808800",1122,"UGUAUAUUA","5' UTR"
"PVP01_0836000",1165,"UGUAUAUUA","5' UTR"
"PVP01_0838100",369,"UGUAUAUUA","5' UTR"
"PVP01_0943300",1090,"UGUAUAUUA","5' UTR"
"PVP01_0943300",1103,"UGUAUAUUA","5' UTR"
"PVP01_1009500",771,"UGUAUAUUA","5' UTR"
"PVP01_1028200",136,"UGUAUAUUA","5' UTR"
"PVP01_1113300",393,"UGUAUAUUA","5' UTR"
"PVP01_1121200",246,"UGUAUAUUA","5' UTR"
"PVP01_1121300",1408,"UGUAUAUUA","5' UTR"
"PVP01_1121400",48,"UGUAUAUUA","5' UTR"
"PVP01_1208700",609,"UGUAUAUUA","5' UTR"
"PVP01_1227700",1032,"UGUAUAUUA","5' UTR"
"PVP01_1240500",932,"UGUAUAUUA","5' UTR"
"PVP01_1241400",822,"UGUAUAUUA","5' UTR"
"PVP01_1243600",723,"UGUAUAUUA","5' UTR"
"PVP01_1251200",49,"UGUAUAUUA","5' UTR"
"PVP01_1264100",178,"UGUAUAUUA","5' UTR"
"PVP01_1313600",796,"UGUAUAUUA","5' UTR"
"PVP01_1333500",1289,"UGUAUAUUA","5' UTR"
"PVP01_1334400",1096,"UGUAUAUUA","5' UTR"
"PVP01_1334800",2311,"UGUAUAUUA","5' UTR"
"PVP01_1404300",558,"UGUAUAUUA","5' UTR"
"PVP01_1409700",442,"UGUAUAUUA","5' UTR"
"PVP01_1416400",581,"UGUAUAUUA","5' UTR"
"PVP01_1432900",381,"UGUAUAUUA","5' UTR"
"PVP01_1461800",224,"UGUAUAUUA","5' UTR"
"PVP01_1461800",737,"UGUAUAUUA","5' UTR"
"PVP01_1469300",169,"UGUAUAUUA","5' UTR"
"PVP01_0000180",683,"UGUAUAUUA","5' UTR"
"PVP01_0000440",94,"UGUAUAUUA","5' UTR"
"PVP01_0000580",264,"UGUAUAUUA","5' UTR"
"PVP01_0001120",560,"UGUAUAUUA","5' UTR"
"PVP01_0001370",103,"UGUAUAUUA","5' UTR"
"PVP01_0001420",581,"UGUAUAUUA","5' UTR"
"PVP01_0001680",275,"UGUAUAUUA","5' UTR"
"PVP01_0001740",561,"UGUAUAUUA","5' UTR"
"PVP01_0001800",583,"UGUAUAUUA","5' UTR"
"PVP01_0001860",566,"UGUAUAUUA","5' UTR"
"PVP01_0002020",481,"UGUAUAUUA","5' UTR"
"PVP01_0002040",54,"UGUAUAUUA","5' UTR"
"PVP01_0002090",514,"UGUAUAUUA","5' UTR"
"PVP01_0002130",507,"UGUAUAUUA","5' UTR"
"PVP01_0002510",306,"UGUAUAUUA","5' UTR"
"PVP01_0002550",285,"UGUAUAUUA","5' UTR"
"PVP01_0002620",370,"UGUAUAUUA","5' UTR"
"PVP01_0002660",260,"UGUAUAUUA","5' UTR"
"PVP01_0002750",761,"UGUAUAUUA","5' UTR"
"PVP01_0002900",27,"UGUAUAUUA","5' UTR"
"PVP01_0002910",431,"UGUAUAUUA","5' UTR"
"PVP01_0003080",59,"UGUAUAUUA","5' UTR"
"PVP01_0003110",407,"UGUAUAUUA","5' UTR"
"PVP01_0003240",338,"UGUAUAUUA","5' UTR"
"PVP01_0003240",647,"UGUAUAUUA","5' UTR"
"PVP01_0003260",386,"UGUAUAUUA","5' UTR"
"PVP01_0003370",577,"UGUAUAUUA","5' UTR"
"PVP01_0003390",577,"UGUAUAUUA","5' UTR"
"PVP01_0003810",376,"UGUAUAUUA","5' UTR"
"PVP01_0003830",432,"UGUAUAUUA","5' UTR"
"PVP01_0003980",515,"UGUAUAUUA","5' UTR"
"PVP01_0004140",355,"UGUAUAUUA","5' UTR"
"PVP01_0004180",633,"UGUAUAUUA","5' UTR"
"PVP01_0004420",60,"UGUAUAUUA","5' UTR"
"PVP01_0004540",484,"UGUAUAUUA","5' UTR"
"PVP01_0004730",341,"UGUAUAUUA","5' UTR"
"PVP01_0004870",90,"UGUAUAUUA","5' UTR"
"PVP01_0004900",405,"UGUAUAUUA","5' UTR"
"PVP01_0005190",633,"UGUAUAUUA","5' UTR"
"PVP01_0005540",655,"UGUAUAUUA","5' UTR"
"PVP01_0005630",70,"UGUAUAUUA","5' UTR"
"PVP01_0005760",271,"UGUAUAUUA","5' UTR"
"PVP01_0005820",625,"UGUAUAUUA","5' UTR"
"PVP01_0005900",480,"UGUAUAUUA","5' UTR"
"PVP01_0006010",748,"UGUAUAUUA","5' UTR"
"PVP01_0006060",42,"UGUAUAUUA","5' UTR"
"PVP01_0006270",283,"UGUAUAUUA","5' UTR"
"PVP01_0006350",125,"UGUAUAUUA","5' UTR"
"PVP01_0006420",575,"UGUAUAUUA","5' UTR"
"PVP01_0006690",48,"UGUAUAUUA","5' UTR"
"PVP01_0006830",128,"UGUAUAUUA","5' UTR"
"PVP01_0006880",185,"UGUAUAUUA","5' UTR"
"PVP01_0006880",510,"UGUAUAUUA","5' UTR"
"PVP01_0006980",44,"UGUAUAUUA","5' UTR"
"PVP01_0007390",481,"UGUAUAUUA","5' UTR"
"PVP01_0007570",260,"UGUAUAUUA","5' UTR"
"PVP01_0007680",773,"UGUAUAUUA","5' UTR"
"PVP01_0007700",497,"UGUAUAUUA","5' UTR"
"PVP01_0007940",188,"UGUAUAUUA","5' UTR"
"PVP01_0007990",785,"UGUAUAUUA","5' UTR"
"PVP01_0008010",736,"UGUAUAUUA","5' UTR"
"PVP01_0008080",405,"UGUAUAUUA","5' UTR"
"PVP01_0008080",759,"UGUAUAUUA","5' UTR"
"PVP01_0008140",55,"UGUAUAUUA","5' UTR"
"PVP01_0008230",624,"UGUAUAUUA","5' UTR"
"PVP01_0008290",229,"UGUAUAUUA","5' UTR"
"PVP01_0008410",758,"UGUAUAUUA","5' UTR"
"PVP01_0008530",301,"UGUAUAUUA","5' UTR"
"PVP01_0008580",456,"UGUAUAUUA","5' UTR"
"PVP01_0008710",371,"UGUAUAUUA","5' UTR"
"PVP01_0009020",175,"UGUAUAUUA","5' UTR"
"PVP01_0009080",621,"UGUAUAUUA","5' UTR"
"PVP01_0009080",748,"UGUAUAUUA","5' UTR"
"PVP01_0009100",62,"UGUAUAUUA","5' UTR"
"PVP01_0009110",141,"UGUAUAUUA","5' UTR"
"PVP01_0009240",132,"UGUAUAUUA","5' UTR"
"PVP01_0009450",109,"UGUAUAUUA","5' UTR"
"PVP01_0009450",769,"UGUAUAUUA","5' UTR"
"PVP01_0009460",47,"UGUAUAUUA","5' UTR"
"PVP01_0009520",65,"UGUAUAUUA","5' UTR"
"PVP01_0009650",445,"UGUAUAUUA","5' UTR"
"PVP01_0009710",419,"UGUAUAUUA","5' UTR"
"PVP01_0009920",125,"UGUAUAUUA","5' UTR"
"PVP01_0009930",422,"UGUAUAUUA","5' UTR"
"PVP01_0010430",418,"UGUAUAUUA","5' UTR"
"PVP01_0011090",509,"UGUAUAUUA","5' UTR"
"PVP01_0011100",145,"UGUAUAUUA","5' UTR"
"PVP01_0100600",599,"UGUAUAUUA","5' UTR"
"PVP01_0101500",428,"UGUAUAUUA","5' UTR"
"PVP01_0121700",341,"UGUAUAUUA","5' UTR"
"PVP01_0121700",605,"UGUAUAUUA","5' UTR"
"PVP01_0122000",112,"UGUAUAUUA","5' UTR"
"PVP01_0200200",321,"UGUAUAUUA","5' UTR"
"PVP01_0200300",310,"UGUAUAUUA","5' UTR"
"PVP01_0201000",243,"UGUAUAUUA","5' UTR"
"PVP01_0201800",61,"UGUAUAUUA","5' UTR"
"PVP01_0217400",464,"UGUAUAUUA","5' UTR"
"PVP01_0218300",378,"UGUAUAUUA","5' UTR"
"PVP01_0219100",594,"UGUAUAUUA","5' UTR"
"PVP01_0220600",483,"UGUAUAUUA","5' UTR"
"PVP01_0300300",394,"UGUAUAUUA","5' UTR"
"PVP01_0300300",617,"UGUAUAUUA","5' UTR"
"PVP01_0300500",150,"UGUAUAUUA","5' UTR"
"PVP01_0301300",578,"UGUAUAUUA","5' UTR"
"PVP01_0400100",264,"UGUAUAUUA","5' UTR"
"PVP01_0400200",355,"UGUAUAUUA","5' UTR"
"PVP01_0401800",25,"UGUAUAUUA","5' UTR"
"PVP01_0408900",289,"UGUAUAUUA","5' UTR"
"PVP01_0500800",341,"UGUAUAUUA","5' UTR"
"PVP01_0501700",671,"UGUAUAUUA","5' UTR"
"PVP01_0515800",587,"UGUAUAUUA","5' UTR"
"PVP01_0523700",732,"UGUAUAUUA","5' UTR"
"PVP01_0533400",734,"UGUAUAUUA","5' UTR"
"PVP01_0535000",402,"UGUAUAUUA","5' UTR"
"PVP01_0735600",306,"UGUAUAUUA","5' UTR"
"PVP01_0736800",612,"UGUAUAUUA","5' UTR"
"PVP01_0737100",507,"UGUAUAUUA","5' UTR"
"PVP01_0801300",535,"UGUAUAUUA","5' UTR"
"PVP01_0840100",465,"UGUAUAUUA","5' UTR"
"PVP01_0901400",51,"UGUAUAUUA","5' UTR"
"PVP01_0902200",589,"UGUAUAUUA","5' UTR"
"PVP01_0902400",334,"UGUAUAUUA","5' UTR"
"PVP01_0903600",664,"UGUAUAUUA","5' UTR"
"PVP01_1035500",739,"UGUAUAUUA","5' UTR"
"PVP01_1035600",384,"UGUAUAUUA","5' UTR"
"PVP01_1035600",738,"UGUAUAUUA","5' UTR"
"PVP01_1100700",626,"UGUAUAUUA","5' UTR"
"PVP01_1201300",276,"UGUAUAUUA","5' UTR"
"PVP01_1272000",737,"UGUAUAUUA","5' UTR"
"PVP01_1273500",72,"UGUAUAUUA","5' UTR"
"PVP01_1274000",268,"UGUAUAUUA","5' UTR"
"PVP01_1274000",377,"UGUAUAUUA","5' UTR"
"PVP01_1347500",309,"UGUAUAUUA","5' UTR"
"PVP01_1400400",749,"UGUAUAUUA","5' UTR"
"PVP01_1470700",51,"UGUAUAUUA","5' UTR"
"PVP01_1471600",582,"UGUAUAUUA","5' UTR"
"PVP01_1472800",308,"UGUAUAUUA","5' UTR"
"PVP01_0000410",421,"UGUAUAUUA","CDS"
"PVP01_0000410",684,"UGUAUAUUA","CDS"
"PVP01_0000810",421,"UGUAUAUUA","CDS"
"PVP01_0000910",421,"UGUAUAUUA","CDS"
"PVP01_0001910",1587,"UGUAUAUUA","CDS"
"PVP01_0002510",236,"UGUAUAUUA","CDS"
"PVP01_0002530",1697,"UGUAUAUUA","CDS"
"PVP01_0002580",108,"UGUAUAUUA","CDS"
"PVP01_0003910",350,"UGUAUAUUA","CDS"
"PVP01_0004520",688,"UGUAUAUUA","CDS"
"PVP01_0004610",242,"UGUAUAUUA","CDS"
"PVP01_0004980",1,"UGUAUAUUA","CDS"
"PVP01_0005440",106,"UGUAUAUUA","CDS"
"PVP01_0005460",1410,"UGUAUAUUA","CDS"
"PVP01_0006060",1470,"UGUAUAUUA","CDS"
"PVP01_0006940",1302,"UGUAUAUUA","CDS"
"PVP01_0006950",162,"UGUAUAUUA","CDS"
"PVP01_0006980",1200,"UGUAUAUUA","CDS"
"PVP01_0009800",1458,"UGUAUAUUA","CDS"
"PVP01_0101800",1292,"UGUAUAUUA","CDS"
"PVP01_0200900",513,"UGUAUAUUA","CDS"
"PVP01_0203000",315,"UGUAUAUUA","CDS"
"PVP01_0213500",614,"UGUAUAUUA","CDS"
"PVP01_0220300",106,"UGUAUAUUA","CDS"
"PVP01_0305100",4431,"UGUAUAUUA","CDS"
"PVP01_0305800",317,"UGUAUAUUA","CDS"
"PVP01_0403500",1754,"UGUAUAUUA","CDS"
"PVP01_0406400",1145,"UGUAUAUUA","CDS"
"PVP01_0408500",4439,"UGUAUAUUA","CDS"
"PVP01_0529300",4475,"UGUAUAUUA","CDS"
"PVP01_0535300",165,"UGUAUAUUA","CDS"
"PVP01_0600200",540,"UGUAUAUUA","CDS"
"PVP01_0610700",13476,"UGUAUAUUA","CDS"
"PVP01_0614500",669,"UGUAUAUUA","CDS"
"PVP01_0701800",248,"UGUAUAUUA","CDS"
"PVP01_0719900",338,"UGUAUAUUA","CDS"
"PVP01_0736500",87,"UGUAUAUUA","CDS"
"PVP01_0737100",939,"UGUAUAUUA","CDS"
"PVP01_0800400",85,"UGUAUAUUA","CDS"
"PVP01_0808200",1035,"UGUAUAUUA","CDS"
"PVP01_0810500",1124,"UGUAUAUUA","CDS"
"PVP01_0838100",528,"UGUAUAUUA","CDS"
"PVP01_0839400",1817,"UGUAUAUUA","CDS"
"PVP01_0935100",6089,"UGUAUAUUA","CDS"
"PVP01_1001700",621,"UGUAUAUUA","CDS"
"PVP01_1012800",1991,"UGUAUAUUA","CDS"
"PVP01_1034800",770,"UGUAUAUUA","CDS"
"PVP01_1034900",1175,"UGUAUAUUA","CDS"
"PVP01_1115100",3403,"UGUAUAUUA","CDS"
"PVP01_1218400",197,"UGUAUAUUA","CDS"
"PVP01_1235600",268,"UGUAUAUUA","CDS"
"PVP01_1241300",1325,"UGUAUAUUA","CDS"
"PVP01_1249500",1110,"UGUAUAUUA","CDS"
"PVP01_1254800",1529,"UGUAUAUUA","CDS"
"PVP01_1272600",1631,"UGUAUAUUA","CDS"
"PVP01_1273700",652,"UGUAUAUUA","CDS"
"PVP01_1301600",8203,"UGUAUAUUA","CDS"
"PVP01_1301600",9470,"UGUAUAUUA","CDS"
"PVP01_1307600",1064,"UGUAUAUUA","CDS"
"PVP01_1315800",5156,"UGUAUAUUA","CDS"
"PVP01_1340300",8205,"UGUAUAUUA","CDS"
"PVP01_1401400",3231,"UGUAUAUUA","CDS"
"PVP01_1412200",1179,"UGUAUAUUA","CDS"
"PVP01_1422100",8285,"UGUAUAUUA","CDS"
"PVP01_1447000",200,"UGUAUAUUA","CDS"
"PVP01_1462300",2447,"UGUAUAUUA","CDS"
"PVP01_API04200",776,"UGUAUAUUA","CDS"
"PVP01_API04300",1197,"UGUAUAUUA","CDS"
"PVP01_0000190",291,"UGUAUCAUA","3' UTR"
"PVP01_0216700",727,"UGUAUCAUA","3' UTR"
"PVP01_0508100",293,"UGUAUCAUA","3' UTR"
"PVP01_0702100",215,"UGUAUCAUA","3' UTR"
"PVP01_0705100",916,"UGUAUCAUA","3' UTR"
"PVP01_0710400",118,"UGUAUCAUA","3' UTR"
"PVP01_0735000",530,"UGUAUCAUA","3' UTR"
"PVP01_0832900",501,"UGUAUCAUA","3' UTR"
"PVP01_1114900",85,"UGUAUCAUA","3' UTR"
"PVP01_1147600",82,"UGUAUCAUA","3' UTR"
"PVP01_1201900",346,"UGUAUCAUA","3' UTR"
"PVP01_1208500",658,"UGUAUCAUA","3' UTR"
"PVP01_1255200",918,"UGUAUCAUA","3' UTR"
"PVP01_1271300",543,"UGUAUCAUA","3' UTR"
"PVP01_1401600",287,"UGUAUCAUA","3' UTR"
"PVP01_1427000",523,"UGUAUCAUA","3' UTR"
"PVP01_1429700",1111,"UGUAUCAUA","3' UTR"
"PVP01_1467300",493,"UGUAUCAUA","3' UTR"
"PVP01_0000390",351,"UGUAUCAUA","3' UTR"
"PVP01_0000400",395,"UGUAUCAUA","3' UTR"
"PVP01_0000410",664,"UGUAUCAUA","3' UTR"
"PVP01_0000730",246,"UGUAUCAUA","3' UTR"
"PVP01_0001530",499,"UGUAUCAUA","3' UTR"
"PVP01_0001650",486,"UGUAUCAUA","3' UTR"
"PVP01_0002080",145,"UGUAUCAUA","3' UTR"
"PVP01_0002580",503,"UGUAUCAUA","3' UTR"
"PVP01_0004060",144,"UGUAUCAUA","3' UTR"
"PVP01_0004650",461,"UGUAUCAUA","3' UTR"
"PVP01_0006150",442,"UGUAUCAUA","3' UTR"
"PVP01_0006330",196,"UGUAUCAUA","3' UTR"
"PVP01_0006670",449,"UGUAUCAUA","3' UTR"
"PVP01_0006920",615,"UGUAUCAUA","3' UTR"
"PVP01_0007280",190,"UGUAUCAUA","3' UTR"
"PVP01_0007880",7,"UGUAUCAUA","3' UTR"
"PVP01_0007890",7,"UGUAUCAUA","3' UTR"
"PVP01_0007900",7,"UGUAUCAUA","3' UTR"
"PVP01_0007900",135,"UGUAUCAUA","3' UTR"
"PVP01_0007900",258,"UGUAUCAUA","3' UTR"
"PVP01_0007900",368,"UGUAUCAUA","3' UTR"
"PVP01_0007900",486,"UGUAUCAUA","3' UTR"
"PVP01_0007900",616,"UGUAUCAUA","3' UTR"
"PVP01_0009610",456,"UGUAUCAUA","3' UTR"
"PVP01_0009780",7,"UGUAUCAUA","3' UTR"
"PVP01_0009830",503,"UGUAUCAUA","3' UTR"
"PVP01_0010170",461,"UGUAUCAUA","3' UTR"
"PVP01_0010460",179,"UGUAUCAUA","3' UTR"
"PVP01_0217500",295,"UGUAUCAUA","3' UTR"
"PVP01_0218600",195,"UGUAUCAUA","3' UTR"
"PVP01_0219700",450,"UGUAUCAUA","3' UTR"
"PVP01_0503000",118,"UGUAUCAUA","3' UTR"
"PVP01_0738700",664,"UGUAUCAUA","3' UTR"
"PVP01_0738800",508,"UGUAUCAUA","3' UTR"
"PVP01_1347300",14,"UGUAUCAUA","3' UTR"
"PVP01_1347600",4,"UGUAUCAUA","3' UTR"
"PVP01_1408000",463,"UGUAUCAUA","3' UTR"
"PVP01_0004400",100,"UGUAUCAUA","5' UTR"
"PVP01_0313900",244,"UGUAUCAUA","5' UTR"
"PVP01_0708600",689,"UGUAUCAUA","5' UTR"
"PVP01_0811800",2,"UGUAUCAUA","5' UTR"
"PVP01_1009100",2494,"UGUAUCAUA","5' UTR"
"PVP01_1210900",1097,"UGUAUCAUA","5' UTR"
"PVP01_1303000",1379,"UGUAUCAUA","5' UTR"
"PVP01_1411200",330,"UGUAUCAUA","5' UTR"
"PVP01_1417600",425,"UGUAUCAUA","5' UTR"
"PVP01_1434100",802,"UGUAUCAUA","5' UTR"
"PVP01_0001400",382,"UGUAUCAUA","5' UTR"
"PVP01_0001470",632,"UGUAUCAUA","5' UTR"
"PVP01_0002490",520,"UGUAUCAUA","5' UTR"
"PVP01_0004970",629,"UGUAUCAUA","5' UTR"
"PVP01_0006460",217,"UGUAUCAUA","5' UTR"
"PVP01_0006680",496,"UGUAUCAUA","5' UTR"
"PVP01_0006890",797,"UGUAUCAUA","5' UTR"
"PVP01_0009120",440,"UGUAUCAUA","5' UTR"
"PVP01_0120800",95,"UGUAUCAUA","5' UTR"
"PVP01_0218000",299,"UGUAUCAUA","5' UTR"
"PVP01_0401300",764,"UGUAUCAUA","5' UTR"
"PVP01_0424400",496,"UGUAUCAUA","5' UTR"
"PVP01_0501500",515,"UGUAUCAUA","5' UTR"
"PVP01_0900100",145,"UGUAUCAUA","5' UTR"
"PVP01_0901300",649,"UGUAUCAUA","5' UTR"
"PVP01_1000100",202,"UGUAUCAUA","5' UTR"
"PVP01_1000900",202,"UGUAUCAUA","5' UTR"
"PVP01_API04400",203,"UGUAUCAUA","5' UTR"
"PVP01_API04500",406,"UGUAUCAUA","5' UTR"
"PVP01_0001430",770,"UGUAUCAUA","CDS"
"PVP01_0001470",486,"UGUAUCAUA","CDS"
"PVP01_0001960",1127,"UGUAUCAUA","CDS"
"PVP01_0002410",101,"UGUAUCAUA","CDS"
"PVP01_0003620",1011,"UGUAUCAUA","CDS"
"PVP01_0004870",26,"UGUAUCAUA","CDS"
"PVP01_0008590",780,"UGUAUCAUA","CDS"
"PVP01_0009080",607,"UGUAUCAUA","CDS"
"PVP01_0112400",1994,"UGUAUCAUA","CDS"
"PVP01_0408400",1157,"UGUAUCAUA","CDS"
"PVP01_0417900",1904,"UGUAUCAUA","CDS"
"PVP01_0500800",1139,"UGUAUCAUA","CDS"
"PVP01_0607000",2075,"UGUAUCAUA","CDS"
"PVP01_0712600",104,"UGUAUCAUA","CDS"
"PVP01_0727800",1926,"UGUAUCAUA","CDS"
"PVP01_0738500",464,"UGUAUCAUA","CDS"
"PVP01_0816000",587,"UGUAUCAUA","CDS"
"PVP01_0819800",1592,"UGUAUCAUA","CDS"
"PVP01_0937500",1210,"UGUAUCAUA","CDS"
"PVP01_1002500",611,"UGUAUCAUA","CDS"
"PVP01_1034200",1095,"UGUAUCAUA","CDS"
"PVP01_1109200",3731,"UGUAUCAUA","CDS"
"PVP01_1112100",128,"UGUAUCAUA","CDS"
"PVP01_1123100",1244,"UGUAUCAUA","CDS"
"PVP01_1200700",362,"UGUAUCAUA","CDS"
"PVP01_1205500",905,"UGUAUCAUA","CDS"
"PVP01_1250700",1928,"UGUAUCAUA","CDS"
"PVP01_1268200",2738,"UGUAUCAUA","CDS"
"PVP01_1272000",895,"UGUAUCAUA","CDS"
"PVP01_1302700",2051,"UGUAUCAUA","CDS"
"PVP01_1321300",225,"UGUAUCAUA","CDS"
"PVP01_1337000",488,"UGUAUCAUA","CDS"
"PVP01_1338800",406,"UGUAUCAUA","CDS"
"PVP01_1458500",2039,"UGUAUCAUA","CDS"
"PVP01_1471200",996,"UGUAUCAUA","CDS"
"PVP01_API04600",1004,"UGUAUCAUA","CDS"
"PVP01_1010500",799,"UGUAUCCUA","3' UTR"
"PVP01_1146900",1382,"UGUAUCCUA","3' UTR"
"PVP01_1264700",30,"UGUAUCCUA","3' UTR"
"PVP01_1416800",3990,"UGUAUCCUA","3' UTR"
"PVP01_0000700",12,"UGUAUCCUA","3' UTR"
"PVP01_0009070",546,"UGUAUCCUA","3' UTR"
"PVP01_0404500",583,"UGUAUCCUA","3' UTR"
"PVP01_0535100",325,"UGUAUCCUA","3' UTR"
"PVP01_1031600",254,"UGUAUCCUA","3' UTR"
"PVP01_0423200",212,"UGUAUCCUA","5' UTR"
"PVP01_1011000",497,"UGUAUCCUA","5' UTR"
"PVP01_0000980",686,"UGUAUCCUA","5' UTR"
"PVP01_0001330",676,"UGUAUCCUA","5' UTR"
"PVP01_0006200",455,"UGUAUCCUA","5' UTR"
"PVP01_0006670",67,"UGUAUCCUA","5' UTR"
"PVP01_0007170",780,"UGUAUCCUA","5' UTR"
"PVP01_0008520",239,"UGUAUCCUA","5' UTR"
"PVP01_0008720",780,"UGUAUCCUA","5' UTR"
"PVP01_0737400",430,"UGUAUCCUA","5' UTR"
"PVP01_1264500",303,"UGUAUCCUA","5' UTR"
"PVP01_0002010",131,"UGUAUCCUA","CDS"
"PVP01_0108500",1092,"UGUAUCCUA","CDS"
"PVP01_0308200",945,"UGUAUCCUA","CDS"
"PVP01_0707000",1359,"UGUAUCCUA","CDS"
"PVP01_0823600",816,"UGUAUCCUA","CDS"
"PVP01_0826400",519,"UGUAUCCUA","CDS"
"PVP01_0832500",2126,"UGUAUCCUA","CDS"
"PVP01_0837100",1860,"UGUAUCCUA","CDS"
"PVP01_0915600",1125,"UGUAUCCUA","CDS"
"PVP01_0924900",1195,"UGUAUCCUA","CDS"
"PVP01_1200100",129,"UGUAUCCUA","CDS"
"PVP01_1241300",148,"UGUAUCCUA","CDS"
"PVP01_1311900",606,"UGUAUCCUA","CDS"
"PVP01_1316000",1312,"UGUAUCCUA","CDS"
"PVP01_1335400",808,"UGUAUCCUA","CDS"
"PVP01_1412500",769,"UGUAUCCUA","CDS"
"PVP01_1414700",4522,"UGUAUCCUA","CDS"
"PVP01_0508500",1213,"UGUAUCGUA","3' UTR"
"PVP01_0941500",65,"UGUAUCGUA","3' UTR"
"PVP01_1418700",356,"UGUAUCGUA","3' UTR"
"PVP01_1420200",375,"UGUAUCGUA","3' UTR"
"PVP01_0001610",341,"UGUAUCGUA","3' UTR"
"PVP01_0004520",205,"UGUAUCGUA","3' UTR"
"PVP01_0218700",338,"UGUAUCGUA","3' UTR"
"PVP01_0810500",67,"UGUAUCGUA","5' UTR"
"PVP01_0821300",872,"UGUAUCGUA","5' UTR"
"PVP01_0944700",215,"UGUAUCGUA","5' UTR"
"PVP01_1020000",714,"UGUAUCGUA","5' UTR"
"PVP01_1243800",375,"UGUAUCGUA","5' UTR"
"PVP01_1404900",620,"UGUAUCGUA","5' UTR"
"PVP01_0002830",462,"UGUAUCGUA","5' UTR"
"PVP01_0003800",465,"UGUAUCGUA","5' UTR"
"PVP01_0007770",794,"UGUAUCGUA","5' UTR"
"PVP01_0840900",441,"UGUAUCGUA","5' UTR"
"PVP01_0002300",332,"UGUAUCGUA","CDS"
"PVP01_0003010",920,"UGUAUCGUA","CDS"
"PVP01_0003270",1305,"UGUAUCGUA","CDS"
"PVP01_0004840",479,"UGUAUCGUA","CDS"
"PVP01_0010940",413,"UGUAUCGUA","CDS"
"PVP01_0513400",572,"UGUAUCGUA","CDS"
"PVP01_0624300",878,"UGUAUCGUA","CDS"
"PVP01_1112600",2154,"UGUAUCGUA","CDS"
"PVP01_1301300",1434,"UGUAUCGUA","CDS"
"PVP01_0718200",477,"UGUAUCUUA","3' UTR"
"PVP01_0823500",283,"UGUAUCUUA","3' UTR"
"PVP01_0933800",730,"UGUAUCUUA","3' UTR"
"PVP01_1116100",299,"UGUAUCUUA","3' UTR"
"PVP01_1319800",635,"UGUAUCUUA","3' UTR"
"PVP01_1338000",60,"UGUAUCUUA","3' UTR"
"PVP01_0001320",585,"UGUAUCUUA","3' UTR"
"PVP01_0001390",577,"UGUAUCUUA","3' UTR"
"PVP01_0002700",655,"UGUAUCUUA","3' UTR"
"PVP01_0009930",270,"UGUAUCUUA","3' UTR"
"PVP01_0010070",85,"UGUAUCUUA","3' UTR"
"PVP01_0010080",475,"UGUAUCUUA","3' UTR"
"PVP01_0624200",193,"UGUAUCUUA","3' UTR"
"PVP01_0735900",639,"UGUAUCUUA","3' UTR"
"PVP01_0738300",72,"UGUAUCUUA","3' UTR"
"PVP01_0840000",492,"UGUAUCUUA","3' UTR"
"PVP01_1001300",584,"UGUAUCUUA","3' UTR"
"PVP01_0622400",1161,"UGUAUCUUA","5' UTR"
"PVP01_0701900",1027,"UGUAUCUUA","5' UTR"
"PVP01_0947500",1266,"UGUAUCUUA","5' UTR"
"PVP01_1255700",951,"UGUAUCUUA","5' UTR"
"PVP01_1471700",530,"UGUAUCUUA","5' UTR"
"PVP01_0002920",705,"UGUAUCUUA","5' UTR"
"PVP01_0003820",517,"UGUAUCUUA","5' UTR"
"PVP01_0004430",652,"UGUAUCUUA","5' UTR"
"PVP01_0004590",761,"UGUAUCUUA","5' UTR"
"PVP01_0004850",450,"UGUAUCUUA","5' UTR"
"PVP01_0005280",475,"UGUAUCUUA","5' UTR"
"PVP01_0006390",734,"UGUAUCUUA","5' UTR"
"PVP01_0007420",488,"UGUAUCUUA","5' UTR"
"PVP01_0007520",369,"UGUAUCUUA","5' UTR"
"PVP01_0009650",368,"UGUAUCUUA","5' UTR"
"PVP01_0010630",153,"UGUAUCUUA","5' UTR"
"PVP01_0011140",656,"UGUAUCUUA","5' UTR"
"PVP01_0220700",466,"UGUAUCUUA","5' UTR"
"PVP01_0301100",492,"UGUAUCUUA","5' UTR"
"PVP01_0400600",513,"UGUAUCUUA","5' UTR"
"PVP01_1272100",630,"UGUAUCUUA","5' UTR"
"PVP01_1272700",629,"UGUAUCUUA","5' UTR"
"PVP01_1337900",11,"UGUAUCUUA","5' UTR"
"PVP01_1401000",91,"UGUAUCUUA","5' UTR"
"PVP01_0007570",1377,"UGUAUCUUA","CDS"
"PVP01_0009500",26,"UGUAUCUUA","CDS"
"PVP01_0301700",421,"UGUAUCUUA","CDS"
"PVP01_0314000",5522,"UGUAUCUUA","CDS"
"PVP01_0409200",1665,"UGUAUCUUA","CDS"
"PVP01_0716400",362,"UGUAUCUUA","CDS"
"PVP01_1112800",203,"UGUAUCUUA","CDS"
"PVP01_1116300",1064,"UGUAUCUUA","CDS"
"PVP01_1139700",68,"UGUAUCUUA","CDS"
"PVP01_1261400",1529,"UGUAUCUUA","CDS"
"PVP01_1472500",1128,"UGUAUCUUA","CDS"
"PVP01_0422600",2172,"UGUAUGAUA","3' UTR"
"PVP01_0838300",1664,"UGUAUGAUA","3' UTR"
"PVP01_0934700",230,"UGUAUGAUA","3' UTR"
"PVP01_1108200",263,"UGUAUGAUA","3' UTR"
"PVP01_1110900",112,"UGUAUGAUA","3' UTR"
"PVP01_1147400",1350,"UGUAUGAUA","3' UTR"
"PVP01_1213200",45,"UGUAUGAUA","3' UTR"
"PVP01_1226400",556,"UGUAUGAUA","3' UTR"
"PVP01_1239700",562,"UGUAUGAUA","3' UTR"
"PVP01_1304300",976,"UGUAUGAUA","3' UTR"
"PVP01_1424800",1247,"UGUAUGAUA","3' UTR"
"PVP01_0000360",189,"UGUAUGAUA","3' UTR"
"PVP01_0000920",597,"UGUAUGAUA","3' UTR"
"PVP01_0001140",277,"UGUAUGAUA","3' UTR"
"PVP01_0001580",429,"UGUAUGAUA","3' UTR"
"PVP01_0002940",111,"UGUAUGAUA","3' UTR"
"PVP01_0003950",427,"UGUAUGAUA","3' UTR"
"PVP01_0003950",612,"UGUAUGAUA","3' UTR"
"PVP01_0005320",117,"UGUAUGAUA","3' UTR"
"PVP01_0005340",115,"UGUAUGAUA","3' UTR"
"PVP01_0005490",270,"UGUAUGAUA","3' UTR"
"PVP01_0006560",167,"UGUAUGAUA","3' UTR"
"PVP01_0007100",571,"UGUAUGAUA","3' UTR"
"PVP01_0007900",64,"UGUAUGAUA","3' UTR"
"PVP01_0008270",115,"UGUAUGAUA","3' UTR"
"PVP01_0008660",81,"UGUAUGAUA","3' UTR"
"PVP01_0009000",49,"UGUAUGAUA","3' UTR"
"PVP01_0301400",91,"UGUAUGAUA","3' UTR"
"PVP01_0729900",310,"UGUAUGAUA","3' UTR"
"PVP01_0738200",343,"UGUAUGAUA","3' UTR"
"PVP01_0840900",295,"UGUAUGAUA","3' UTR"
"PVP01_0901700",593,"UGUAUGAUA","3' UTR"
"PVP01_1247100",236,"UGUAUGAUA","3' UTR"
"PVP01_1470700",426,"UGUAUGAUA","3' UTR"
"PVP01_0004220",830,"UGUAUGAUA","5' UTR"
"PVP01_0106700",2581,"UGUAUGAUA","5' UTR"
"PVP01_0947500",1025,"UGUAUGAUA","5' UTR"
"PVP01_1016600",674,"UGUAUGAUA","5' UTR"
"PVP01_1124900",2573,"UGUAUGAUA","5' UTR"
"PVP01_1339300",1148,"UGUAUGAUA","5' UTR"
"PVP01_1416800",875,"UGUAUGAUA","5' UTR"
"PVP01_0001470",467,"UGUAUGAUA","5' UTR"
"PVP01_0001810",362,"UGUAUGAUA","5' UTR"
"PVP01_0002380",367,"UGUAUGAUA","5' UTR"
"PVP01_0002470",103,"UGUAUGAUA","5' UTR"
"PVP01_0002960",268,"UGUAUGAUA","5' UTR"
"PVP01_0003010",298,"UGUAUGAUA","5' UTR"
"PVP01_0003030",788,"UGUAUGAUA","5' UTR"
"PVP01_0003570",756,"UGUAUGAUA","5' UTR"
"PVP01_0003920",8,"UGUAUGAUA","5' UTR"
"PVP01_0003920",135,"UGUAUGAUA","5' UTR"
"PVP01_0003920",259,"UGUAUGAUA","5' UTR"
"PVP01_0005840",396,"UGUAUGAUA","5' UTR"
"PVP01_0005910",301,"UGUAUGAUA","5' UTR"
"PVP01_0006190",66,"UGUAUGAUA","5' UTR"
"PVP01_0006390",76,"UGUAUGAUA","5' UTR"
"PVP01_0008490",767,"UGUAUGAUA","5' UTR"
"PVP01_0008550",722,"UGUAUGAUA","5' UTR"
"PVP01_0008990",328,"UGUAUGAUA","5' UTR"
"PVP01_0010560",42,"UGUAUGAUA","5' UTR"
"PVP01_0011090",779,"UGUAUGAUA","5' UTR"
"PVP01_0219200",99,"UGUAUGAUA","5' UTR"
"PVP01_0221100",297,"UGUAUGAUA","5' UTR"
"PVP01_0401800",757,"UGUAUGAUA","5' UTR"
"PVP01_0624200",651,"UGUAUGAUA","5' UTR"
"PVP01_0902500",267,"UGUAUGAUA","5' UTR"
"PVP01_1100200",519,"UGUAUGAUA","5' UTR"
"PVP01_1247200",267,"UGUAUGAUA","5' UTR"
"PVP01_1270700",187,"UGUAUGAUA","5' UTR"
"PVP01_0000240",539,"UGUAUGAUA","CDS"
"PVP01_0000330",83,"UGUAUGAUA","CDS"
"PVP01_0001110",56,"UGUAUGAUA","CDS"
"PVP01_0001370",71,"UGUAUGAUA","CDS"
"PVP01_0001600",383,"UGUAUGAUA","CDS"
"PVP01_0001720",571,"UGUAUGAUA","CDS"
"PVP01_0001810",428,"UGUAUGAUA","CDS"
"PVP01_0002380",428,"UGUAUGAUA","CDS"
"PVP01_0002860",404,"UGUAUGAUA","CDS"
"PVP01_0002900",221,"UGUAUGAUA","CDS"
"PVP01_0003020",440,"UGUAUGAUA","CDS"
"PVP01_0003220",260,"UGUAUGAUA","CDS"
"PVP01_0003480",806,"UGUAUGAUA","CDS"
"PVP01_0003610",425,"UGUAUGAUA","CDS"
"PVP01_0004190",431,"UGUAUGAUA","CDS"
"PVP01_0004400",602,"UGUAUGAUA","CDS"
"PVP01_0004440",452,"UGUAUGAUA","CDS"
"PVP01_0004460",251,"UGUAUGAUA","CDS"
"PVP01_0005020",440,"UGUAUGAUA","CDS"
"PVP01_0005220",440,"UGUAUGAUA","CDS"
"PVP01_0005220",773,"UGUAUGAUA","CDS"
"PVP01_0005710",1853,"UGUAUGAUA","CDS"
"PVP01_0005710",2132,"UGUAUGAUA","CDS"
"PVP01_0005720",1238,"UGUAUGAUA","CDS"
"PVP01_0005840",506,"UGUAUGAUA","CDS"
"PVP01_0005850",506,"UGUAUGAUA","CDS"
"PVP01_0006590",437,"UGUAUGAUA","CDS"
"PVP01_0006810",437,"UGUAUGAUA","CDS"
"PVP01_0007190",650,"UGUAUGAUA","CDS"
"PVP01_0007410",434,"UGUAUGAUA","CDS"
"PVP01_0007630",410,"UGUAUGAUA","CDS"
"PVP01_0008590",224,"UGUAUGAUA","CDS"
"PVP01_0009310",512,"UGUAUGAUA","CDS"
"PVP01_0009500",434,"UGUAUGAUA","CDS"
"PVP01_0009570",577,"UGUAUGAUA","CDS"
"PVP01_0011030",377,"UGUAUGAUA","CDS"
"PVP01_0100300",440,"UGUAUGAUA","CDS"
"PVP01_0101400",2534,"UGUAUGAUA","CDS"
"PVP01_0204400",833,"UGUAUGAUA","CDS"
"PVP01_0207900",902,"UGUAUGAUA","CDS"
"PVP01_0212100",10256,"UGUAUGAUA","CDS"
"PVP01_0218000",1226,"UGUAUGAUA","CDS"
"PVP01_0221200",437,"UGUAUGAUA","CDS"
"PVP01_0221600",428,"UGUAUGAUA","CDS"
"PVP01_0300400",1043,"UGUAUGAUA","CDS"
"PVP01_0315000",1895,"UGUAUGAUA","CDS"
"PVP01_0321000",995,"UGUAUGAUA","CDS"
"PVP01_0402300",53,"UGUAUGAUA","CDS"
"PVP01_0403200",512,"UGUAUGAUA","CDS"
"PVP01_0405400",2558,"UGUAUGAUA","CDS"
"PVP01_0509300",704,"UGUAUGAUA","CDS"
"PVP01_0520600",3287,"UGUAUGAUA","CDS"
"PVP01_0525200",515,"UGUAUGAUA","CDS"
"PVP01_0534000",65,"UGUAUGAUA","CDS"
"PVP01_0534700",38,"UGUAUGAUA","CDS"
"PVP01_0600600",404,"UGUAUGAUA","CDS"
"PVP01_0604200",503,"UGUAUGAUA","CDS"
"PVP01_0713700",1801,"UGUAUGAUA","CDS"
"PVP01_0721300",10802,"UGUAUGAUA","CDS"
"PVP01_0803900",6311,"UGUAUGAUA","CDS"
"PVP01_0806900",935,"UGUAUGAUA","CDS"
"PVP01_0808400",620,"UGUAUGAUA","CDS"
"PVP01_0809600",1007,"UGUAUGAUA","CDS"
"PVP01_0828100",2072,"UGUAUGAUA","CDS"
"PVP01_0837500",413,"UGUAUGAUA","CDS"
"PVP01_0837700",2248,"UGUAUGAUA","CDS"
"PVP01_0839500",452,"UGUAUGAUA","CDS"
"PVP01_0918800",2330,"UGUAUGAUA","CDS"
"PVP01_0922700",836,"UGUAUGAUA","CDS"
"PVP01_0924700",3533,"UGUAUGAUA","CDS"
"PVP01_0943000",4325,"UGUAUGAUA","CDS"
"PVP01_1007250",349,"UGUAUGAUA","CDS"
"PVP01_1011500",20744,"UGUAUGAUA","CDS"
"PVP01_1012500",1172,"UGUAUGAUA","CDS"
"PVP01_1028900",5515,"UGUAUGAUA","CDS"
"PVP01_1100800",1175,"UGUAUGAUA","CDS"
"PVP01_1101100",290,"UGUAUGAUA","CDS"
"PVP01_1115100",5429,"UGUAUGAUA","CDS"
"PVP01_1119200",7574,"UGUAUGAUA","CDS"
"PVP01_1135300",3824,"UGUAUGAUA","CDS"
"PVP01_1142100",200,"UGUAUGAUA","CDS"
"PVP01_1206400",9134,"UGUAUGAUA","CDS"
"PVP01_1220400",974,"UGUAUGAUA","CDS"
"PVP01_1224200",311,"UGUAUGAUA","CDS"
"PVP01_1226800",602,"UGUAUGAUA","CDS"
"PVP01_1238800",5198,"UGUAUGAUA","CDS"
"PVP01_1242300",1025,"UGUAUGAUA","CDS"
"PVP01_1249000",7439,"UGUAUGAUA","CDS"
"PVP01_1253600",281,"UGUAUGAUA","CDS"
"PVP01_1257100",65,"UGUAUGAUA","CDS"
"PVP01_1262900",10934,"UGUAUGAUA","CDS"
"PVP01_1264300",4292,"UGUAUGAUA","CDS"
"PVP01_1268200",2567,"UGUAUGAUA","CDS"
"PVP01_1269100",11252,"UGUAUGAUA","CDS"
"PVP01_1272500",71,"UGUAUGAUA","CDS"
"PVP01_1274000",431,"UGUAUGAUA","CDS"
"PVP01_1303500",308,"UGUAUGAUA","CDS"
"PVP01_1313200",2129,"UGUAUGAUA","CDS"
"PVP01_1328700",3209,"UGUAUGAUA","CDS"
"PVP01_1331400",749,"UGUAUGAUA","CDS"
"PVP01_1338700",493,"UGUAUGAUA","CDS"
"PVP01_1340300",1640,"UGUAUGAUA","CDS"
"PVP01_1340600",1451,"UGUAUGAUA","CDS"
"PVP01_1406200",7139,"UGUAUGAUA","CDS"
"PVP01_1408300",623,"UGUAUGAUA","CDS"
"PVP01_1412800",1760,"UGUAUGAUA","CDS"
"PVP01_1414500",5018,"UGUAUGAUA","CDS"
"PVP01_1419600",2030,"UGUAUGAUA","CDS"
"PVP01_1430900",1529,"UGUAUGAUA","CDS"
"PVP01_1431200",2402,"UGUAUGAUA","CDS"
"PVP01_1436200",2078,"UGUAUGAUA","CDS"
"PVP01_1453200",173,"UGUAUGAUA","CDS"
"PVP01_1455200",3968,"UGUAUGAUA","CDS"
"PVP01_1472700",434,"UGUAUGAUA","CDS"
"PVP01_1473000",443,"UGUAUGAUA","CDS"
"PVP01_MIT02700",647,"UGUAUGAUA","CDS"
"PVP01_1124100",481,"UGUAUGCUA","3' UTR"
"PVP01_1137100",219,"UGUAUGCUA","3' UTR"
"PVP01_1143200",389,"UGUAUGCUA","3' UTR"
"PVP01_1240900",71,"UGUAUGCUA","3' UTR"
"PVP01_1265900",892,"UGUAUGCUA","3' UTR"
"PVP01_1412900",1949,"UGUAUGCUA","3' UTR"
"PVP01_1421600",19,"UGUAUGCUA","3' UTR"
"PVP01_1429600",517,"UGUAUGCUA","3' UTR"
"PVP01_1469300",2263,"UGUAUGCUA","3' UTR"
"PVP01_0000690",651,"UGUAUGCUA","3' UTR"
"PVP01_0000840",604,"UGUAUGCUA","3' UTR"
"PVP01_0002860",671,"UGUAUGCUA","3' UTR"
"PVP01_0005110",473,"UGUAUGCUA","3' UTR"
"PVP01_0007080",637,"UGUAUGCUA","3' UTR"
"PVP01_0008090",327,"UGUAUGCUA","3' UTR"
"PVP01_0825400",253,"UGUAUGCUA","3' UTR"
"PVP01_1273600",242,"UGUAUGCUA","3' UTR"
"PVP01_1471000",293,"UGUAUGCUA","3' UTR"
"PVP01_0113400",241,"UGUAUGCUA","5' UTR"
"PVP01_0613000",508,"UGUAUGCUA","5' UTR"
"PVP01_0622700",464,"UGUAUGCUA","5' UTR"
"PVP01_0710600",686,"UGUAUGCUA","5' UTR"
"PVP01_0735200",616,"UGUAUGCUA","5' UTR"
"PVP01_0835700",779,"UGUAUGCUA","5' UTR"
"PVP01_0911700",896,"UGUAUGCUA","5' UTR"
"PVP01_0913200",3,"UGUAUGCUA","5' UTR"
"PVP01_1002900",359,"UGUAUGCUA","5' UTR"
"PVP01_1121200",24,"UGUAUGCUA","5' UTR"
"PVP01_1233600",107,"UGUAUGCUA","5' UTR"
"PVP01_1244500",2272,"UGUAUGCUA","5' UTR"
"PVP01_1255100",1317,"UGUAUGCUA","5' UTR"
"PVP01_1267500",1545,"UGUAUGCUA","5' UTR"
"PVP01_1429000",473,"UGUAUGCUA","5' UTR"
"PVP01_1438400",708,"UGUAUGCUA","5' UTR"
"PVP01_1442300",857,"UGUAUGCUA","5' UTR"
"PVP01_0000910",436,"UGUAUGCUA","5' UTR"
"PVP01_0005760",115,"UGUAUGCUA","5' UTR"
"PVP01_0007660",203,"UGUAUGCUA","5' UTR"
"PVP01_0009260",356,"UGUAUGCUA","5' UTR"
"PVP01_0001010",56,"UGUAUGCUA","CDS"
"PVP01_0104200",5421,"UGUAUGCUA","CDS"
"PVP01_0530800",1193,"UGUAUGCUA","CDS"
"PVP01_0609600",549,"UGUAUGCUA","CDS"
"PVP01_0611500",2348,"UGUAUGCUA","CDS"
"PVP01_0702100",1193,"UGUAUGCUA","CDS"
"PVP01_0718300",2701,"UGUAUGCUA","CDS"
"PVP01_0734500",125,"UGUAUGCUA","CDS"
"PVP01_0829000",2011,"UGUAUGCUA","CDS"
"PVP01_1232400",4064,"UGUAUGCUA","CDS"
"PVP01_1266100",167,"UGUAUGCUA","CDS"
"PVP01_1270300",5703,"UGUAUGCUA","CDS"
"PVP01_1331100",2291,"UGUAUGCUA","CDS"
"PVP01_1404700",19096,"UGUAUGCUA","CDS"
"PVP01_1425200",806,"UGUAUGCUA","CDS"
"PVP01_0308700",1506,"UGUAUGGUA","3' UTR"
"PVP01_0423000",571,"UGUAUGGUA","3' UTR"
"PVP01_0706400",676,"UGUAUGGUA","3' UTR"
"PVP01_0810500",933,"UGUAUGGUA","3' UTR"
"PVP01_1029300",15,"UGUAUGGUA","3' UTR"
"PVP01_1119300",280,"UGUAUGGUA","3' UTR"
"PVP01_1219000",138,"UGUAUGGUA","3' UTR"
"PVP01_1302200",1431,"UGUAUGGUA","3' UTR"
"PVP01_1426600",841,"UGUAUGGUA","3' UTR"
"PVP01_1461700",329,"UGUAUGGUA","3' UTR"
"PVP01_1469200",232,"UGUAUGGUA","3' UTR"
"PVP01_0000960",352,"UGUAUGGUA","3' UTR"
"PVP01_0002460",573,"UGUAUGGUA","3' UTR"
"PVP01_0007280",560,"UGUAUGGUA","3' UTR"
"PVP01_0007680",2,"UGUAUGGUA","3' UTR"
"PVP01_0200900",7,"UGUAUGGUA","3' UTR"
"PVP01_0218600",568,"UGUAUGGUA","3' UTR"
"PVP01_1306800",589,"UGUAUGGUA","3' UTR"
"PVP01_API02200",31,"UGUAUGGUA","3' UTR"
"PVP01_0937400",4919,"UGUAUGGUA","5' UTR"
"PVP01_1017300",465,"UGUAUGGUA","5' UTR"
"PVP01_1208600",1927,"UGUAUGGUA","5' UTR"
"PVP01_1264700",828,"UGUAUGGUA","5' UTR"
"PVP01_0000600",612,"UGUAUGGUA","5' UTR"
"PVP01_0003290",380,"UGUAUGGUA","5' UTR"
"PVP01_0004010",7,"UGUAUGGUA","5' UTR"
"PVP01_0007720",545,"UGUAUGGUA","5' UTR"
"PVP01_0008670",29,"UGUAUGGUA","5' UTR"
"PVP01_1262800",484,"UGUAUGGUA","5' UTR"
"PVP01_1306700",684,"UGUAUGGUA","5' UTR"
"PVP01_1415000",358,"UGUAUGGUA","5' UTR"
"PVP01_API02400",597,"UGUAUGGUA","5' UTR"
"PVP01_API02500",490,"UGUAUGGUA","5' UTR"
"PVP01_API02600",98,"UGUAUGGUA","5' UTR"
"PVP01_MIT02700",485,"UGUAUGGUA","5' UTR"
"PVP01_0007460",152,"UGUAUGGUA","CDS"
"PVP01_0502500",263,"UGUAUGGUA","CDS"
"PVP01_0800600",833,"UGUAUGGUA","CDS"
"PVP01_0807800",2018,"UGUAUGGUA","CDS"
"PVP01_0935100",1262,"UGUAUGGUA","CDS"
"PVP01_1116200",2633,"UGUAUGGUA","CDS"
"PVP01_1135300",3842,"UGUAUGGUA","CDS"
"PVP01_1137400",6326,"UGUAUGGUA","CDS"
"PVP01_1218900",1841,"UGUAUGGUA","CDS"
"PVP01_1226300",452,"UGUAUGGUA","CDS"
"PVP01_1233300",1082,"UGUAUGGUA","CDS"
"PVP01_1243700",2003,"UGUAUGGUA","CDS"
"PVP01_1253600",386,"UGUAUGGUA","CDS"
"PVP01_1319000",227,"UGUAUGGUA","CDS"
"PVP01_1425200",1385,"UGUAUGGUA","CDS"
"PVP01_1438000",854,"UGUAUGGUA","CDS"
"PVP01_API02300",28,"UGUAUGGUA","CDS"
"PVP01_0414100",1240,"UGUAUGUUA","3' UTR"
"PVP01_0608100",570,"UGUAUGUUA","3' UTR"
"PVP01_0907900",995,"UGUAUGUUA","3' UTR"
"PVP01_0914200",394,"UGUAUGUUA","3' UTR"
"PVP01_1113200",308,"UGUAUGUUA","3' UTR"
"PVP01_1206400",246,"UGUAUGUUA","3' UTR"
"PVP01_1241800",185,"UGUAUGUUA","3' UTR"
"PVP01_1241900",585,"UGUAUGUUA","3' UTR"
"PVP01_1243300",37,"UGUAUGUUA","3' UTR"
"PVP01_1249200",308,"UGUAUGUUA","3' UTR"
"PVP01_1312100",138,"UGUAUGUUA","3' UTR"
"PVP01_1312100",163,"UGUAUGUUA","3' UTR"
"PVP01_1312100",188,"UGUAUGUUA","3' UTR"
"PVP01_1341800",800,"UGUAUGUUA","3' UTR"
"PVP01_1413500",903,"UGUAUGUUA","3' UTR"
"PVP01_1437300",445,"UGUAUGUUA","3' UTR"
"PVP01_0002050",668,"UGUAUGUUA","3' UTR"
"PVP01_0002100",572,"UGUAUGUUA","3' UTR"
"PVP01_0002640",86,"UGUAUGUUA","3' UTR"
"PVP01_0003130",331,"UGUAUGUUA","3' UTR"
"PVP01_0003970",544,"UGUAUGUUA","3' UTR"
"PVP01_0004580",543,"UGUAUGUUA","3' UTR"
"PVP01_0004980",215,"UGUAUGUUA","3' UTR"
"PVP01_0005070",567,"UGUAUGUUA","3' UTR"
"PVP01_0008020",572,"UGUAUGUUA","3' UTR"
"PVP01_0008070",146,"UGUAUGUUA","3' UTR"
"PVP01_0008070",197,"UGUAUGUUA","3' UTR"
"PVP01_0200200",143,"UGUAUGUUA","3' UTR"
"PVP01_0218100",320,"UGUAUGUUA","3' UTR"
"PVP01_0218400",309,"UGUAUGUUA","3' UTR"
"PVP01_0220300",216,"UGUAUGUUA","3' UTR"
"PVP01_0401100",285,"UGUAUGUUA","3' UTR"
"PVP01_0736100",570,"UGUAUGUUA","3' UTR"
"PVP01_0738600",666,"UGUAUGUUA","3' UTR"
"PVP01_0809600",152,"UGUAUGUUA","3' UTR"
"PVP01_0840000",467,"UGUAUGUUA","3' UTR"
"PVP01_0948900",447,"UGUAUGUUA","3' UTR"
"PVP01_1000300",668,"UGUAUGUUA","3' UTR"
"PVP01_1273000",240,"UGUAUGUUA","3' UTR"
"PVP01_1472300",537,"UGUAUGUUA","3' UTR"
"PVP01_0108100",666,"UGUAUGUUA","5' UTR"
"PVP01_0111600",764,"UGUAUGUUA","5' UTR"
"PVP01_0203500",499,"UGUAUGUUA","5' UTR"
"PVP01_0214500",775,"UGUAUGUUA","5' UTR"
"PVP01_0215400",644,"UGUAUGUUA","5' UTR"
"PVP01_0532000",398,"UGUAUGUUA","5' UTR"
"PVP01_0726000",860,"UGUAUGUUA","5' UTR"
"PVP01_0801200",835,"UGUAUGUUA","5' UTR"
"PVP01_0810800",1299,"UGUAUGUUA","5' UTR"
"PVP01_0906100",428,"UGUAUGUUA","5' UTR"
"PVP01_0947500",1254,"UGUAUGUUA","5' UTR"
"PVP01_0949400",88,"UGUAUGUUA","5' UTR"
"PVP01_1017300",487,"UGUAUGUUA","5' UTR"
"PVP01_1112400",2330,"UGUAUGUUA","5' UTR"
"PVP01_1119600",75,"UGUAUGUUA","5' UTR"
"PVP01_1121300",1882,"UGUAUGUUA","5' UTR"
"PVP01_1128200",530,"UGUAUGUUA","5' UTR"
"PVP01_1147000",1225,"UGUAUGUUA","5' UTR"
"PVP01_1210900",494,"UGUAUGUUA","5' UTR"
"PVP01_1220500",179,"UGUAUGUUA","5' UTR"
"PVP01_1250400",21,"UGUAUGUUA","5' UTR"
"PVP01_1304400",45,"UGUAUGUUA","5' UTR"
"PVP01_1406200",397,"UGUAUGUUA","5' UTR"
"PVP01_1414500",628,"UGUAUGUUA","5' UTR"
"PVP01_1416500",289,"UGUAUGUUA","5' UTR"
"PVP01_1420200",353,"UGUAUGUUA","5' UTR"
"PVP01_1435200",619,"UGUAUGUUA","5' UTR"
"PVP01_1442100",645,"UGUAUGUUA","5' UTR"
"PVP01_1449300",635,"UGUAUGUUA","5' UTR"
"PVP01_0000750",518,"UGUAUGUUA","5' UTR"
"PVP01_0001360",141,"UGUAUGUUA","5' UTR"
"PVP01_0001570",73,"UGUAUGUUA","5' UTR"
"PVP01_0001790",191,"UGUAUGUUA","5' UTR"
"PVP01_0002480",55,"UGUAUGUUA","5' UTR"
"PVP01_0002640",266,"UGUAUGUUA","5' UTR"
"PVP01_0003450",220,"UGUAUGUUA","5' UTR"
"PVP01_0003480",350,"UGUAUGUUA","5' UTR"
"PVP01_0003720",190,"UGUAUGUUA","5' UTR"
"PVP01_0003740",447,"UGUAUGUUA","5' UTR"
"PVP01_0003860",153,"UGUAUGUUA","5' UTR"
"PVP01_0004440",404,"UGUAUGUUA","5' UTR"
"PVP01_0004700",600,"UGUAUGUUA","5' UTR"
"PVP01_0005580",308,"UGUAUGUUA","5' UTR"
"PVP01_0006110",131,"UGUAUGUUA","5' UTR"
"PVP01_0007250",592,"UGUAUGUUA","5' UTR"
"PVP01_0008270",613,"UGUAUGUUA","5' UTR"
"PVP01_0008710",485,"UGUAUGUUA","5' UTR"
"PVP01_0008800",104,"UGUAUGUUA","5' UTR"
"PVP01_0008960",248,"UGUAUGUUA","5' UTR"
"PVP01_0009620",292,"UGUAUGUUA","5' UTR"
"PVP01_0200600",110,"UGUAUGUUA","5' UTR"
"PVP01_0301600",282,"UGUAUGUUA","5' UTR"
"PVP01_0423900",30,"UGUAUGUUA","5' UTR"
"PVP01_0500800",75,"UGUAUGUUA","5' UTR"
"PVP01_0800500",144,"UGUAUGUUA","5' UTR"
"PVP01_0838700",680,"UGUAUGUUA","5' UTR"
"PVP01_0838900",680,"UGUAUGUUA","5' UTR"
"PVP01_0902400",772,"UGUAUGUUA","5' UTR"
"PVP01_0949600",540,"UGUAUGUUA","5' UTR"
"PVP01_1201000",245,"UGUAUGUUA","5' UTR"
"PVP01_1309600",217,"UGUAUGUUA","5' UTR"
"PVP01_1413450",226,"UGUAUGUUA","5' UTR"
"PVP01_0004760",374,"UGUAUGUUA","CDS"
"PVP01_0005620",553,"UGUAUGUUA","CDS"
"PVP01_0006430",574,"UGUAUGUUA","CDS"
"PVP01_0008020",117,"UGUAUGUUA","CDS"
"PVP01_0008270",431,"UGUAUGUUA","CDS"
"PVP01_0009970",574,"UGUAUGUUA","CDS"
"PVP01_0011130",1195,"UGUAUGUUA","CDS"
"PVP01_0111600",1667,"UGUAUGUUA","CDS"
"PVP01_0212200",3377,"UGUAUGUUA","CDS"
"PVP01_0306200",1854,"UGUAUGUUA","CDS"
"PVP01_0412400",3251,"UGUAUGUUA","CDS"
"PVP01_0604300",581,"UGUAUGUUA","CDS"
"PVP01_0606400",779,"UGUAUGUUA","CDS"
"PVP01_0709800",7454,"UGUAUGUUA","CDS"
"PVP01_0711000",1190,"UGUAUGUUA","CDS"
"PVP01_0724300",3614,"UGUAUGUUA","CDS"
"PVP01_0727800",1181,"UGUAUGUUA","CDS"
"PVP01_0819200",36,"UGUAUGUUA","CDS"
"PVP01_0903600",240,"UGUAUGUUA","CDS"
"PVP01_0909700",734,"UGUAUGUUA","CDS"
"PVP01_0930300",341,"UGUAUGUUA","CDS"
"PVP01_0939000",2831,"UGUAUGUUA","CDS"
"PVP01_0942700",1673,"UGUAUGUUA","CDS"
"PVP01_1024600",3386,"UGUAUGUUA","CDS"
"PVP01_1130600",949,"UGUAUGUUA","CDS"
"PVP01_1205300",7557,"UGUAUGUUA","CDS"
"PVP01_1225100",1484,"UGUAUGUUA","CDS"
"PVP01_1254700",802,"UGUAUGUUA","CDS"
"PVP01_1312000",447,"UGUAUGUUA","CDS"
"PVP01_1320200",1481,"UGUAUGUUA","CDS"
"PVP01_1322300",1178,"UGUAUGUUA","CDS"
"PVP01_1327100",239,"UGUAUGUUA","CDS"
"PVP01_1345000",881,"UGUAUGUUA","CDS"
"PVP01_1401700",287,"UGUAUGUUA","CDS"
"PVP01_1414400",998,"UGUAUGUUA","CDS"
"PVP01_1431000",3530,"UGUAUGUUA","CDS"
"PVP01_1441800",374,"UGUAUGUUA","CDS"
"PVP01_1469200",5762,"UGUAUGUUA","CDS"
"PVP01_0000090",78,"UGUAUUAUA","3' UTR"
"PVP01_0102700",547,"UGUAUUAUA","3' UTR"
"PVP01_0303100",976,"UGUAUUAUA","3' UTR"
"PVP01_0508500",1377,"UGUAUUAUA","3' UTR"
"PVP01_0517400",276,"UGUAUUAUA","3' UTR"
"PVP01_0623000",401,"UGUAUUAUA","3' UTR"
"PVP01_0623300",342,"UGUAUUAUA","3' UTR"
"PVP01_0702300",37,"UGUAUUAUA","3' UTR"
"PVP01_0708700",1115,"UGUAUUAUA","3' UTR"
"PVP01_0800700",330,"UGUAUUAUA","3' UTR"
"PVP01_0936800",408,"UGUAUUAUA","3' UTR"
"PVP01_0937700",1230,"UGUAUUAUA","3' UTR"
"PVP01_0949200",393,"UGUAUUAUA","3' UTR"
"PVP01_1014400",286,"UGUAUUAUA","3' UTR"
"PVP01_1114000",359,"UGUAUUAUA","3' UTR"
"PVP01_1142100",704,"UGUAUUAUA","3' UTR"
"PVP01_1144500",1538,"UGUAUUAUA","3' UTR"
"PVP01_1147700",185,"UGUAUUAUA","3' UTR"
"PVP01_1219200",738,"UGUAUUAUA","3' UTR"
"PVP01_1269500",232,"UGUAUUAUA","3' UTR"
"PVP01_1402800",817,"UGUAUUAUA","3' UTR"
"PVP01_1405000",592,"UGUAUUAUA","3' UTR"
"PVP01_0000180",470,"UGUAUUAUA","3' UTR"
"PVP01_0000290",633,"UGUAUUAUA","3' UTR"
"PVP01_0000310",209,"UGUAUUAUA","3' UTR"
"PVP01_0000540",430,"UGUAUUAUA","3' UTR"
"PVP01_0000600",255,"UGUAUUAUA","3' UTR"
"PVP01_0000600",377,"UGUAUUAUA","3' UTR"
"PVP01_0000730",519,"UGUAUUAUA","3' UTR"
"PVP01_0000940",608,"UGUAUUAUA","3' UTR"
"PVP01_0001170",405,"UGUAUUAUA","3' UTR"
"PVP01_0001170",655,"UGUAUUAUA","3' UTR"
"PVP01_0001250",644,"UGUAUUAUA","3' UTR"
"PVP01_0001260",244,"UGUAUUAUA","3' UTR"
"PVP01_0001640",515,"UGUAUUAUA","3' UTR"
"PVP01_0001870",503,"UGUAUUAUA","3' UTR"
"PVP01_0001900",161,"UGUAUUAUA","3' UTR"
"PVP01_0002130",620,"UGUAUUAUA","3' UTR"
"PVP01_0002270",522,"UGUAUUAUA","3' UTR"
"PVP01_0002550",227,"UGUAUUAUA","3' UTR"
"PVP01_0002550",312,"UGUAUUAUA","3' UTR"
"PVP01_0002630",238,"UGUAUUAUA","3' UTR"
"PVP01_0003210",420,"UGUAUUAUA","3' UTR"
"PVP01_0003260",652,"UGUAUUAUA","3' UTR"
"PVP01_0003980",112,"UGUAUUAUA","3' UTR"
"PVP01_0004030",443,"UGUAUUAUA","3' UTR"
"PVP01_0004180",467,"UGUAUUAUA","3' UTR"
"PVP01_0004710",652,"UGUAUUAUA","3' UTR"
"PVP01_0004740",679,"UGUAUUAUA","3' UTR"
"PVP01_0004900",210,"UGUAUUAUA","3' UTR"
"PVP01_0004910",326,"UGUAUUAUA","3' UTR"
"PVP01_0004980",189,"UGUAUUAUA","3' UTR"
"PVP01_0005100",198,"UGUAUUAUA","3' UTR"
"PVP01_0005130",83,"UGUAUUAUA","3' UTR"
"PVP01_0005370",232,"UGUAUUAUA","3' UTR"
"PVP01_0005580",626,"UGUAUUAUA","3' UTR"
"PVP01_0005960",184,"UGUAUUAUA","3' UTR"
"PVP01_0006290",20,"UGUAUUAUA","3' UTR"
"PVP01_0006480",391,"UGUAUUAUA","3' UTR"
"PVP01_0006560",295,"UGUAUUAUA","3' UTR"
"PVP01_0006930",161,"UGUAUUAUA","3' UTR"
"PVP01_0007000",391,"UGUAUUAUA","3' UTR"
"PVP01_0007110",454,"UGUAUUAUA","3' UTR"
"PVP01_0007640",443,"UGUAUUAUA","3' UTR"
"PVP01_0007710",210,"UGUAUUAUA","3' UTR"
"PVP01_0007740",621,"UGUAUUAUA","3' UTR"
"PVP01_0007770",211,"UGUAUUAUA","3' UTR"
"PVP01_0007780",326,"UGUAUUAUA","3' UTR"
"PVP01_0008150",614,"UGUAUUAUA","3' UTR"
"PVP01_0008450",209,"UGUAUUAUA","3' UTR"
"PVP01_0008450",346,"UGUAUUAUA","3' UTR"
"PVP01_0008560",169,"UGUAUUAUA","3' UTR"
"PVP01_0008880",424,"UGUAUUAUA","3' UTR"
"PVP01_0009030",467,"UGUAUUAUA","3' UTR"
"PVP01_0009130",460,"UGUAUUAUA","3' UTR"
"PVP01_0009230",613,"UGUAUUAUA","3' UTR"
"PVP01_0009370",249,"UGUAUUAUA","3' UTR"
"PVP01_0009500",631,"UGUAUUAUA","3' UTR"
"PVP01_0010010",676,"UGUAUUAUA","3' UTR"
"PVP01_0100500",50,"UGUAUUAUA","3' UTR"
"PVP01_0103700",196,"UGUAUUAUA","3' UTR"
"PVP01_0217900",73,"UGUAUUAUA","3' UTR"
"PVP01_0218700",581,"UGUAUUAUA","3' UTR"
"PVP01_0218900",538,"UGUAUUAUA","3' UTR"
"PVP01_0219200",599,"UGUAUUAUA","3' UTR"
"PVP01_0220300",190,"UGUAUUAUA","3' UTR"
"PVP01_0300600",246,"UGUAUUAUA","3' UTR"
"PVP01_0401500",525,"UGUAUUAUA","3' UTR"
"PVP01_0402800",178,"UGUAUUAUA","3' UTR"
"PVP01_0424100",250,"UGUAUUAUA","3' UTR"
"PVP01_0500900",472,"UGUAUUAUA","3' UTR"
"PVP01_0502200",169,"UGUAUUAUA","3' UTR"
"PVP01_0533800",650,"UGUAUUAUA","3' UTR"
"PVP01_0533800",673,"UGUAUUAUA","3' UTR"
"PVP01_0704700",188,"UGUAUUAUA","3' UTR"
"PVP01_0728900",675,"UGUAUUAUA","3' UTR"
"PVP01_0736300",293,"UGUAUUAUA","3' UTR"
"PVP01_0736800",96,"UGUAUUAUA","3' UTR"
"PVP01_0835600",404,"UGUAUUAUA","3' UTR"
"PVP01_0839300",139,"UGUAUUAUA","3' UTR"
"PVP01_0840400",31,"UGUAUUAUA","3' UTR"
"PVP01_0900500",614,"UGUAUUAUA","3' UTR"
"PVP01_1001700",657,"UGUAUUAUA","3' UTR"
"PVP01_1008800",196,"UGUAUUAUA","3' UTR"
"PVP01_1031700",489,"UGUAUUAUA","3' UTR"
"PVP01_1034800",469,"UGUAUUAUA","3' UTR"
"PVP01_1226500",150,"UGUAUUAUA","3' UTR"
"PVP01_1272900",239,"UGUAUUAUA","3' UTR"
"PVP01_1273000",598,"UGUAUUAUA","3' UTR"
"PVP01_1273500",156,"UGUAUUAUA","3' UTR"
"PVP01_1332300",258,"UGUAUUAUA","3' UTR"
"PVP01_1347600",401,"UGUAUUAUA","3' UTR"
"PVP01_1404800",166,"UGUAUUAUA","3' UTR"
"PVP01_1472800",267,"UGUAUUAUA","3' UTR"
"PVP01_API01200",448,"UGUAUUAUA","3' UTR"
"PVP01_API01300",216,"UGUAUUAUA","3' UTR"
"PVP01_0114900",792,"UGUAUUAUA","5' UTR"
"PVP01_0405100",508,"UGUAUUAUA","5' UTR"
"PVP01_0414100",172,"UGUAUUAUA","5' UTR"
"PVP01_0522400",544,"UGUAUUAUA","5' UTR"
"PVP01_0525200",410,"UGUAUUAUA","5' UTR"
"PVP01_0612400",1913,"UGUAUUAUA","5' UTR"
"PVP01_0614500",363,"UGUAUUAUA","5' UTR"
"PVP01_0615100",736,"UGUAUUAUA","5' UTR"
"PVP01_0620100",934,"UGUAUUAUA","5' UTR"
"PVP01_0621300",1700,"UGUAUUAUA","5' UTR"
"PVP01_0621300",1885,"UGUAUUAUA","5' UTR"
"PVP01_0801200",925,"UGUAUUAUA","5' UTR"
"PVP01_0810800",70,"UGUAUUAUA","5' UTR"
"PVP01_0819600",322,"UGUAUUAUA","5' UTR"
"PVP01_0832200",167,"UGUAUUAUA","5' UTR"
"PVP01_0905900",88,"UGUAUUAUA","5' UTR"
"PVP01_0914300",568,"UGUAUUAUA","5' UTR"
"PVP01_0937400",3789,"UGUAUUAUA","5' UTR"
"PVP01_1006300",115,"UGUAUUAUA","5' UTR"
"PVP01_1006900",136,"UGUAUUAUA","5' UTR"
"PVP01_1014200",196,"UGUAUUAUA","5' UTR"
"PVP01_1033200",1252,"UGUAUUAUA","5' UTR"
"PVP01_1119600",1066,"UGUAUUAUA","5' UTR"
"PVP01_1121300",533,"UGUAUUAUA","5' UTR"
"PVP01_1126000",79,"UGUAUUAUA","5' UTR"
"PVP01_1126000",106,"UGUAUUAUA","5' UTR"
"PVP01_1207300",1285,"UGUAUUAUA","5' UTR"
"PVP01_1211100",1690,"UGUAUUAUA","5' UTR"
"PVP01_1216400",1121,"UGUAUUAUA","5' UTR"
"PVP01_1238400",3118,"UGUAUUAUA","5' UTR"
"PVP01_1271300",126,"UGUAUUAUA","5' UTR"
"PVP01_1306100",1040,"UGUAUUAUA","5' UTR"
"PVP01_1341300",1213,"UGUAUUAUA","5' UTR"
"PVP01_1404300",2465,"UGUAUUAUA","5' UTR"
"PVP01_1420000",148,"UGUAUUAUA","5' UTR"
"PVP01_1442500",89,"UGUAUUAUA","5' UTR"
"PVP01_0000440",235,"UGUAUUAUA","5' UTR"
"PVP01_0000490",229,"UGUAUUAUA","5' UTR"
"PVP01_0000520",237,"UGUAUUAUA","5' UTR"
"PVP01_0000720",523,"UGUAUUAUA","5' UTR"
"PVP01_0000840",26,"UGUAUUAUA","5' UTR"
"PVP01_0000880",364,"UGUAUUAUA","5' UTR"
"PVP01_0000950",135,"UGUAUUAUA","5' UTR"
"PVP01_0001150",524,"UGUAUUAUA","5' UTR"
"PVP01_0001170",190,"UGUAUUAUA","5' UTR"
"PVP01_0001240",3,"UGUAUUAUA","5' UTR"
"PVP01_0001250",556,"UGUAUUAUA","5' UTR"
"PVP01_0001260",461,"UGUAUUAUA","5' UTR"
"PVP01_0001260",754,"UGUAUUAUA","5' UTR"
"PVP01_0001400",493,"UGUAUUAUA","5' UTR"
"PVP01_0001420",189,"UGUAUUAUA","5' UTR"
"PVP01_0001500",169,"UGUAUUAUA","5' UTR"
"PVP01_0001520",58,"UGUAUUAUA","5' UTR"
"PVP01_0001570",496,"UGUAUUAUA","5' UTR"
"PVP01_0001850",688,"UGUAUUAUA","5' UTR"
"PVP01_0001940",142,"UGUAUUAUA","5' UTR"
"PVP01_0002160",773,"UGUAUUAUA","5' UTR"
"PVP01_0002210",160,"UGUAUUAUA","5' UTR"
"PVP01_0002230",277,"UGUAUUAUA","5' UTR"
"PVP01_0002230",524,"UGUAUUAUA","5' UTR"
"PVP01_0002300",364,"UGUAUUAUA","5' UTR"
"PVP01_0002690",772,"UGUAUUAUA","5' UTR"
"PVP01_0002940",233,"UGUAUUAUA","5' UTR"
"PVP01_0002970",299,"UGUAUUAUA","5' UTR"
"PVP01_0003280",222,"UGUAUUAUA","5' UTR"
"PVP01_0003350",167,"UGUAUUAUA","5' UTR"
"PVP01_0003450",167,"UGUAUUAUA","5' UTR"
"PVP01_0003660",435,"UGUAUUAUA","5' UTR"
"PVP01_0003880",157,"UGUAUUAUA","5' UTR"
"PVP01_0003930",671,"UGUAUUAUA","5' UTR"
"PVP01_0004650",498,"UGUAUUAUA","5' UTR"
"PVP01_0004780",529,"UGUAUUAUA","5' UTR"
"PVP01_0005010",136,"UGUAUUAUA","5' UTR"
"PVP01_0005010",531,"UGUAUUAUA","5' UTR"
"PVP01_0005070",293,"UGUAUUAUA","5' UTR"
"PVP01_0005100",477,"UGUAUUAUA","5' UTR"
"PVP01_0005380",36,"UGUAUUAUA","5' UTR"
"PVP01_0005520",716,"UGUAUUAUA","5' UTR"
"PVP01_0005620",27,"UGUAUUAUA","5' UTR"
"PVP01_0005910",716,"UGUAUUAUA","5' UTR"
"PVP01_0006880",30,"UGUAUUAUA","5' UTR"
"PVP01_0006880",355,"UGUAUUAUA","5' UTR"
"PVP01_0007010",36,"UGUAUUAUA","5' UTR"
"PVP01_0007150",385,"UGUAUUAUA","5' UTR"
"PVP01_0007180",482,"UGUAUUAUA","5' UTR"
"PVP01_0007290",186,"UGUAUUAUA","5' UTR"
"PVP01_0007600",353,"UGUAUUAUA","5' UTR"
"PVP01_0007610",671,"UGUAUUAUA","5' UTR"
"PVP01_0007650",227,"UGUAUUAUA","5' UTR"
"PVP01_0007960",614,"UGUAUUAUA","5' UTR"
"PVP01_0007970",352,"UGUAUUAUA","5' UTR"
"PVP01_0008000",248,"UGUAUUAUA","5' UTR"
"PVP01_0008140",680,"UGUAUUAUA","5' UTR"
"PVP01_0008150",149,"UGUAUUAUA","5' UTR"
"PVP01_0008330",261,"UGUAUUAUA","5' UTR"
"PVP01_0008390",437,"UGUAUUAUA","5' UTR"
"PVP01_0008560",671,"UGUAUUAUA","5' UTR"
"PVP01_0008650",603,"UGUAUUAUA","5' UTR"
"PVP01_0008680",772,"UGUAUUAUA","5' UTR"
"PVP01_0008790",325,"UGUAUUAUA","5' UTR"
"PVP01_0008900",64,"UGUAUUAUA","5' UTR"
"PVP01_0008950",347,"UGUAUUAUA","5' UTR"
"PVP01_0009030",231,"UGUAUUAUA","5' UTR"
"PVP01_0009630",139,"UGUAUUAUA","5' UTR"
"PVP01_0009690",17,"UGUAUUAUA","5' UTR"
"PVP01_0009690",41,"UGUAUUAUA","5' UTR"
"PVP01_0009690",87,"UGUAUUAUA","5' UTR"
"PVP01_0010090",433,"UGUAUUAUA","5' UTR"
"PVP01_0010090",772,"UGUAUUAUA","5' UTR"
"PVP01_0010150",423,"UGUAUUAUA","5' UTR"
"PVP01_0010360",48,"UGUAUUAUA","5' UTR"
"PVP01_0010420",32,"UGUAUUAUA","5' UTR"
"PVP01_0010710",138,"UGUAUUAUA","5' UTR"
"PVP01_0010840",81,"UGUAUUAUA","5' UTR"
"PVP01_0011080",79,"UGUAUUAUA","5' UTR"
"PVP01_0100800",322,"UGUAUUAUA","5' UTR"
"PVP01_0101300",786,"UGUAUUAUA","5' UTR"
"PVP01_0103300",690,"UGUAUUAUA","5' UTR"
"PVP01_0120100",782,"UGUAUUAUA","5' UTR"
"PVP01_0120800",545,"UGUAUUAUA","5' UTR"
"PVP01_0121700",374,"UGUAUUAUA","5' UTR"
"PVP01_0121700",638,"UGUAUUAUA","5' UTR"
"PVP01_0200400",561,"UGUAUUAUA","5' UTR"
"PVP01_0207300",169,"UGUAUUAUA","5' UTR"
"PVP01_0217700",401,"UGUAUUAUA","5' UTR"
"PVP01_0220500",734,"UGUAUUAUA","5' UTR"
"PVP01_0401200",215,"UGUAUUAUA","5' UTR"
"PVP01_0404100",222,"UGUAUUAUA","5' UTR"
"PVP01_0413900",23,"UGUAUUAUA","5' UTR"
"PVP01_0501000",59,"UGUAUUAUA","5' UTR"
"PVP01_0501200",229,"UGUAUUAUA","5' UTR"
"PVP01_0501500",123,"UGUAUUAUA","5' UTR"
"PVP01_0502100",139,"UGUAUUAUA","5' UTR"
"PVP01_0502800",473,"UGUAUUAUA","5' UTR"
"PVP01_0533800",471,"UGUAUUAUA","5' UTR"
"PVP01_0600200",170,"UGUAUUAUA","5' UTR"
"PVP01_0608700",277,"UGUAUUAUA","5' UTR"
"PVP01_0700900",643,"UGUAUUAUA","5' UTR"
"PVP01_0729000",457,"UGUAUUAUA","5' UTR"
"PVP01_0737000",337,"UGUAUUAUA","5' UTR"
"PVP01_0738200",312,"UGUAUUAUA","5' UTR"
"PVP01_0839000",230,"UGUAUUAUA","5' UTR"
"PVP01_0839100",686,"UGUAUUAUA","5' UTR"
"PVP01_0839200",95,"UGUAUUAUA","5' UTR"
"PVP01_0840400",772,"UGUAUUAUA","5' UTR"
"PVP01_0840600",732,"UGUAUUAUA","5' UTR"
"PVP01_0901700",346,"UGUAUUAUA","5' UTR"
"PVP01_0949600",167,"UGUAUUAUA","5' UTR"
"PVP01_1000300",84,"UGUAUUAUA","5' UTR"
"PVP01_1001200",234,"UGUAUUAUA","5' UTR"
"PVP01_1002300",190,"UGUAUUAUA","5' UTR"
"PVP01_1033700",2,"UGUAUUAUA","5' UTR"
"PVP01_1101000",723,"UGUAUUAUA","5' UTR"
"PVP01_1147800",121,"UGUAUUAUA","5' UTR"
"PVP01_1246300",415,"UGUAUUAUA","5' UTR"
"PVP01_1273700",99,"UGUAUUAUA","5' UTR"
"PVP01_1273800",745,"UGUAUUAUA","5' UTR"
"PVP01_1300300",102,"UGUAUUAUA","5' UTR"
"PVP01_1300300",233,"UGUAUUAUA","5' UTR"
"PVP01_1347300",494,"UGUAUUAUA","5' UTR"
"PVP01_API01500",264,"UGUAUUAUA","5' UTR"
"PVP01_0000420",621,"UGUAUUAUA","CDS"
"PVP01_0000570",340,"UGUAUUAUA","CDS"
"PVP01_0000750",414,"UGUAUUAUA","CDS"
"PVP01_0001040",257,"UGUAUUAUA","CDS"
"PVP01_0001060",2,"UGUAUUAUA","CDS"
"PVP01_0001070",402,"UGUAUUAUA","CDS"
"PVP01_0002050",2480,"UGUAUUAUA","CDS"
"PVP01_0002500",852,"UGUAUUAUA","CDS"
"PVP01_0002530",2276,"UGUAUUAUA","CDS"
"PVP01_0003070",370,"UGUAUUAUA","CDS"
"PVP01_0003240",428,"UGUAUUAUA","CDS"
"PVP01_0003500",388,"UGUAUUAUA","CDS"
"PVP01_0004060",543,"UGUAUUAUA","CDS"
"PVP01_0004630",365,"UGUAUUAUA","CDS"
"PVP01_0004710",252,"UGUAUUAUA","CDS"
"PVP01_0005320",395,"UGUAUUAUA","CDS"
"PVP01_0005600",649,"UGUAUUAUA","CDS"
"PVP01_0005720",996,"UGUAUUAUA","CDS"
"PVP01_0005870",1406,"UGUAUUAUA","CDS"
"PVP01_0006420",53,"UGUAUUAUA","CDS"
"PVP01_0006480",438,"UGUAUUAUA","CDS"
"PVP01_0007420",53,"UGUAUUAUA","CDS"
"PVP01_0007840",1240,"UGUAUUAUA","CDS"
"PVP01_0007920",392,"UGUAUUAUA","CDS"
"PVP01_0009000",395,"UGUAUUAUA","CDS"
"PVP01_0009010",395,"UGUAUUAUA","CDS"
"PVP01_0009740",2228,"UGUAUUAUA","CDS"
"PVP01_0009850",914,"UGUAUUAUA","CDS"
"PVP01_0011030",363,"UGUAUUAUA","CDS"
"PVP01_0300600",803,"UGUAUUAUA","CDS"
"PVP01_0300800",840,"UGUAUUAUA","CDS"
"PVP01_0301300",1484,"UGUAUUAUA","CDS"
"PVP01_0301800",77,"UGUAUUAUA","CDS"
"PVP01_0401400",549,"UGUAUUAUA","CDS"
"PVP01_0410700",506,"UGUAUUAUA","CDS"
"PVP01_0417600",2330,"UGUAUUAUA","CDS"
"PVP01_0423800",1211,"UGUAUUAUA","CDS"
"PVP01_0522500",590,"UGUAUUAUA","CDS"
"PVP01_0534600",608,"UGUAUUAUA","CDS"
"PVP01_0602200",578,"UGUAUUAUA","CDS"
"PVP01_0607200",2474,"UGUAUUAUA","CDS"
"PVP01_0623500",5627,"UGUAUUAUA","CDS"
"PVP01_0701800",3461,"UGUAUUAUA","CDS"
"PVP01_0709800",1316,"UGUAUUAUA","CDS"
"PVP01_0800500",246,"UGUAUUAUA","CDS"
"PVP01_0800900",1163,"UGUAUUAUA","CDS"
"PVP01_0802600",1311,"UGUAUUAUA","CDS"
"PVP01_0818400",6614,"UGUAUUAUA","CDS"
"PVP01_0826300",2174,"UGUAUUAUA","CDS"
"PVP01_0830900",224,"UGUAUUAUA","CDS"
"PVP01_0837400",445,"UGUAUUAUA","CDS"
"PVP01_0840400",512,"UGUAUUAUA","CDS"
"PVP01_0913800",1676,"UGUAUUAUA","CDS"
"PVP01_0923400",2909,"UGUAUUAUA","CDS"
"PVP01_0938300",1031,"UGUAUUAUA","CDS"
"PVP01_0939400",410,"UGUAUUAUA","CDS"
"PVP01_0949400",608,"UGUAUUAUA","CDS"
"PVP01_0949600",605,"UGUAUUAUA","CDS"
"PVP01_1006900",290,"UGUAUUAUA","CDS"
"PVP01_1013100",3806,"UGUAUUAUA","CDS"
"PVP01_1022500",21446,"UGUAUUAUA","CDS"
"PVP01_1035100",485,"UGUAUUAUA","CDS"
"PVP01_1101000",1448,"UGUAUUAUA","CDS"
"PVP01_1101100",648,"UGUAUUAUA","CDS"
"PVP01_1147900",846,"UGUAUUAUA","CDS"
"PVP01_1202000",1531,"UGUAUUAUA","CDS"
"PVP01_1206400",9785,"UGUAUUAUA","CDS"
"PVP01_1238400",296,"UGUAUUAUA","CDS"
"PVP01_1244100",893,"UGUAUUAUA","CDS"
"PVP01_1253500",757,"UGUAUUAUA","CDS"
"PVP01_1266100",649,"UGUAUUAUA","CDS"
"PVP01_1272400",479,"UGUAUUAUA","CDS"
"PVP01_1272600",2210,"UGUAUUAUA","CDS"
"PVP01_1308000",2804,"UGUAUUAUA","CDS"
"PVP01_1315000",7916,"UGUAUUAUA","CDS"
"PVP01_1326500",892,"UGUAUUAUA","CDS"
"PVP01_1412200",304,"UGUAUUAUA","CDS"
"PVP01_1414400",1528,"UGUAUUAUA","CDS"
"PVP01_1420200",2351,"UGUAUUAUA","CDS"
"PVP01_1423400",2753,"UGUAUUAUA","CDS"
"PVP01_1428200",1532,"UGUAUUAUA","CDS"
"PVP01_1435700",761,"UGUAUUAUA","CDS"
"PVP01_1444700",1420,"UGUAUUAUA","CDS"
"PVP01_1446600",1553,"UGUAUUAUA","CDS"
"PVP01_1471100",168,"UGUAUUAUA","CDS"
"PVP01_API01400",220,"UGUAUUAUA","CDS"
"PVP01_API04100",2114,"UGUAUUAUA","CDS"
"PVP01_0506400",518,"UGUAUUCUA","3' UTR"
"PVP01_0716300",560,"UGUAUUCUA","3' UTR"
"PVP01_0800700",261,"UGUAUUCUA","3' UTR"
"PVP01_0818600",1126,"UGUAUUCUA","3' UTR"
"PVP01_0915400",510,"UGUAUUCUA","3' UTR"
"PVP01_1100400",570,"UGUAUUCUA","3' UTR"
"PVP01_1226400",356,"UGUAUUCUA","3' UTR"
"PVP01_1324100",1818,"UGUAUUCUA","3' UTR"
"PVP01_1402200",377,"UGUAUUCUA","3' UTR"
"PVP01_0001500",160,"UGUAUUCUA","3' UTR"
"PVP01_0002600",479,"UGUAUUCUA","3' UTR"
"PVP01_0002700",408,"UGUAUUCUA","3' UTR"
"PVP01_0003200",162,"UGUAUUCUA","3' UTR"
"PVP01_0003970",515,"UGUAUUCUA","3' UTR"
"PVP01_0004780",232,"UGUAUUCUA","3' UTR"
"PVP01_0005060",46,"UGUAUUCUA","3' UTR"
"PVP01_0005620",272,"UGUAUUCUA","3' UTR"
"PVP01_0006520",582,"UGUAUUCUA","3' UTR"
"PVP01_0008550",323,"UGUAUUCUA","3' UTR"
"PVP01_0008950",55,"UGUAUUCUA","3' UTR"
"PVP01_0501600",24,"UGUAUUCUA","3' UTR"
"PVP01_0840300",287,"UGUAUUCUA","3' UTR"
"PVP01_1001900",429,"UGUAUUCUA","3' UTR"
"PVP01_1400800",680,"UGUAUUCUA","3' UTR"
"PVP01_0520200",892,"UGUAUUCUA","5' UTR"
"PVP01_0728100",96,"UGUAUUCUA","5' UTR"
"PVP01_1103100",33,"UGUAUUCUA","5' UTR"
"PVP01_1336500",372,"UGUAUUCUA","5' UTR"
"PVP01_1401800",90,"UGUAUUCUA","5' UTR"
"PVP01_1456800",1474,"UGUAUUCUA","5' UTR"
"PVP01_0001420",611,"UGUAUUCUA","5' UTR"
"PVP01_0002620",269,"UGUAUUCUA","5' UTR"
"PVP01_0003700",604,"UGUAUUCUA","5' UTR"
"PVP01_0007020",569,"UGUAUUCUA","5' UTR"
"PVP01_0007710",62,"UGUAUUCUA","5' UTR"
"PVP01_0008180",437,"UGUAUUCUA","5' UTR"
"PVP01_0008980",328,"UGUAUUCUA","5' UTR"
"PVP01_0010560",645,"UGUAUUCUA","5' UTR"
"PVP01_0117500",153,"UGUAUUCUA","5' UTR"
"PVP01_0120900",645,"UGUAUUCUA","5' UTR"
"PVP01_0840750",317,"UGUAUUCUA","5' UTR"
"PVP01_1001200",187,"UGUAUUCUA","5' UTR"
"PVP01_1001900",461,"UGUAUUCUA","5' UTR"
"PVP01_1016500",17,"UGUAUUCUA","5' UTR"
"PVP01_1148300",736,"UGUAUUCUA","5' UTR"
"PVP01_0001130",554,"UGUAUUCUA","CDS"
"PVP01_0003890",71,"UGUAUUCUA","CDS"
"PVP01_0121500",443,"UGUAUUCUA","CDS"
"PVP01_0221300",278,"UGUAUUCUA","CDS"
"PVP01_0412100",2516,"UGUAUUCUA","CDS"
"PVP01_0501000",709,"UGUAUUCUA","CDS"
"PVP01_0501500",296,"UGUAUUCUA","CDS"
"PVP01_0507300",2245,"UGUAUUCUA","CDS"
"PVP01_0603200",587,"UGUAUUCUA","CDS"
"PVP01_0623600",714,"UGUAUUCUA","CDS"
"PVP01_0801300",545,"UGUAUUCUA","CDS"
"PVP01_0824400",320,"UGUAUUCUA","CDS"
"PVP01_0901700",505,"UGUAUUCUA","CDS"
"PVP01_0920000",2951,"UGUAUUCUA","CDS"
"PVP01_0925800",776,"UGUAUUCUA","CDS"
"PVP01_1203900",1392,"UGUAUUCUA","CDS"
"PVP01_1217700",1557,"UGUAUUCUA","CDS"
"PVP01_1226500",150,"UGUAUUCUA","CDS"
"PVP01_1240000",2221,"UGUAUUCUA","CDS"
"PVP01_1266200",1140,"UGUAUUCUA","CDS"
"PVP01_1270300",2124,"UGUAUUCUA","CDS"
"PVP01_1306500",317,"UGUAUUCUA","CDS"
"PVP01_1342600",214,"UGUAUUCUA","CDS"
"PVP01_1411800",2323,"UGUAUUCUA","CDS"
"PVP01_1416800",476,"UGUAUUCUA","CDS"
"PVP01_1432700",2477,"UGUAUUCUA","CDS"
"PVP01_1445700",4646,"UGUAUUCUA","CDS"
"PVP01_1445800",1082,"UGUAUUCUA","CDS"
"PVP01_0216700",77,"UGUAUUGUA","3' UTR"
"PVP01_0503900",881,"UGUAUUGUA","3' UTR"
"PVP01_0808000",350,"UGUAUUGUA","3' UTR"
"PVP01_0838100",819,"UGUAUUGUA","3' UTR"
"PVP01_0838100",854,"UGUAUUGUA","3' UTR"
"PVP01_0921900",208,"UGUAUUGUA","3' UTR"
"PVP01_0921900",213,"UGUAUUGUA","3' UTR"
"PVP01_0935500",4892,"UGUAUUGUA","3' UTR"
"PVP01_1126400",458,"UGUAUUGUA","3' UTR"
"PVP01_1142100",715,"UGUAUUGUA","3' UTR"
"PVP01_1143900",1460,"UGUAUUGUA","3' UTR"
"PVP01_1265900",499,"UGUAUUGUA","3' UTR"
"PVP01_1344000",960,"UGUAUUGUA","3' UTR"
"PVP01_1346000",68,"UGUAUUGUA","3' UTR"
"PVP01_1402800",812,"UGUAUUGUA","3' UTR"
"PVP01_1413700",333,"UGUAUUGUA","3' UTR"
"PVP01_1413700",338,"UGUAUUGUA","3' UTR"
"PVP01_0000890",271,"UGUAUUGUA","3' UTR"
"PVP01_0001220",578,"UGUAUUGUA","3' UTR"
"PVP01_0001720",437,"UGUAUUGUA","3' UTR"
"PVP01_0003730",46,"UGUAUUGUA","3' UTR"
"PVP01_0004780",227,"UGUAUUGUA","3' UTR"
"PVP01_0004790",433,"UGUAUUGUA","3' UTR"
"PVP01_0004860",312,"UGUAUUGUA","3' UTR"
"PVP01_0006800",180,"UGUAUUGUA","3' UTR"
"PVP01_0007010",487,"UGUAUUGUA","3' UTR"
"PVP01_0009240",151,"UGUAUUGUA","3' UTR"
"PVP01_0009850",392,"UGUAUUGUA","3' UTR"
"PVP01_0502900",617,"UGUAUUGUA","3' UTR"
"PVP01_0614200",475,"UGUAUUGUA","3' UTR"
"PVP01_0901800",430,"UGUAUUGUA","3' UTR"
"PVP01_1018800",526,"UGUAUUGUA","3' UTR"
"PVP01_1243700",658,"UGUAUUGUA","3' UTR"
"PVP01_1272900",324,"UGUAUUGUA","3' UTR"
"PVP01_1273500",83,"UGUAUUGUA","3' UTR"
"PVP01_MIT03300",565,"UGUAUUGUA","3' UTR"
"PVP01_0212100",68,"UGUAUUGUA","5' UTR"
"PVP01_0216000",2096,"UGUAUUGUA","5' UTR"
"PVP01_0522800",649,"UGUAUUGUA","5' UTR"
"PVP01_0607700",3,"UGUAUUGUA","5' UTR"
"PVP01_0715100",158,"UGUAUUGUA","5' UTR"
"PVP01_0716300",1211,"UGUAUUGUA","5' UTR"
"PVP01_0805900",8,"UGUAUUGUA","5' UTR"
"PVP01_0918300",406,"UGUAUUGUA","5' UTR"
"PVP01_0938400",79,"UGUAUUGUA","5' UTR"
"PVP01_1005000",246,"UGUAUUGUA","5' UTR"
"PVP01_1006700",1053,"UGUAUUGUA","5' UTR"
"PVP01_1109600",1505,"UGUAUUGUA","5' UTR"
"PVP01_1124100",773,"UGUAUUGUA","5' UTR"
"PVP01_1237500",1619,"UGUAUUGUA","5' UTR"
"PVP01_1247500",425,"UGUAUUGUA","5' UTR"
"PVP01_1311000",1362,"UGUAUUGUA","5' UTR"
"PVP01_1405700",695,"UGUAUUGUA","5' UTR"
"PVP01_1426400",307,"UGUAUUGUA","5' UTR"
"PVP01_1436300",574,"UGUAUUGUA","5' UTR"
"PVP01_1439200",415,"UGUAUUGUA","5' UTR"
"PVP01_1440500",602,"UGUAUUGUA","5' UTR"
"PVP01_0001940",137,"UGUAUUGUA","5' UTR"
"PVP01_0004450",441,"UGUAUUGUA","5' UTR"
"PVP01_0004520",643,"UGUAUUGUA","5' UTR"
"PVP01_0005340",223,"UGUAUUGUA","5' UTR"
"PVP01_0006490",379,"UGUAUUGUA","5' UTR"
"PVP01_0007920",27,"UGUAUUGUA","5' UTR"
"PVP01_0008230",234,"UGUAUUGUA","5' UTR"
"PVP01_0008850",449,"UGUAUUGUA","5' UTR"
"PVP01_0009270",675,"UGUAUUGUA","5' UTR"
"PVP01_0009280",678,"UGUAUUGUA","5' UTR"
"PVP01_0010480",140,"UGUAUUGUA","5' UTR"
"PVP01_0120700",384,"UGUAUUGUA","5' UTR"
"PVP01_0302500",751,"UGUAUUGUA","5' UTR"
"PVP01_0314600",88,"UGUAUUGUA","5' UTR"
"PVP01_0535200",726,"UGUAUUGUA","5' UTR"
"PVP01_0737400",657,"UGUAUUGUA","5' UTR"
"PVP01_0739200",683,"UGUAUUGUA","5' UTR"
"PVP01_0825400",324,"UGUAUUGUA","5' UTR"
"PVP01_0840800",667,"UGUAUUGUA","5' UTR"
"PVP01_1018900",242,"UGUAUUGUA","5' UTR"
"PVP01_1148300",259,"UGUAUUGUA","5' UTR"
"PVP01_1264200",57,"UGUAUUGUA","5' UTR"
"PVP01_1272300",4,"UGUAUUGUA","5' UTR"
"PVP01_1301000",477,"UGUAUUGUA","5' UTR"
"PVP01_1347300",489,"UGUAUUGUA","5' UTR"
"PVP01_1471200",583,"UGUAUUGUA","5' UTR"
"PVP01_0002500",872,"UGUAUUGUA","CDS"
"PVP01_0009260",933,"UGUAUUGUA","CDS"
"PVP01_0101800",95,"UGUAUUGUA","CDS"
"PVP01_0203000",1050,"UGUAUUGUA","CDS"
"PVP01_0300900",551,"UGUAUUGUA","CDS"
"PVP01_0404000",982,"UGUAUUGUA","CDS"
"PVP01_0528500",507,"UGUAUUGUA","CDS"
"PVP01_0915600",1785,"UGUAUUGUA","CDS"
"PVP01_0919100",632,"UGUAUUGUA","CDS"
"PVP01_0929600",170,"UGUAUUGUA","CDS"
"PVP01_1116800",1477,"UGUAUUGUA","CDS"
"PVP01_1134400",599,"UGUAUUGUA","CDS"
"PVP01_1249500",8981,"UGUAUUGUA","CDS"
"PVP01_1258500",7316,"UGUAUUGUA","CDS"
"PVP01_1262900",2959,"UGUAUUGUA","CDS"
"PVP01_1321800",725,"UGUAUUGUA","CDS"
"PVP01_MIT03400",544,"UGUAUUGUA","CDS"
"PVP01_0000160",407,"UGUAUUUUA","3' UTR"
"PVP01_0102700",370,"UGUAUUUUA","3' UTR"
"PVP01_0201200",47,"UGUAUUUUA","3' UTR"
"PVP01_0310200",73,"UGUAUUUUA","3' UTR"
"PVP01_0321100",225,"UGUAUUUUA","3' UTR"
"PVP01_0321100",251,"UGUAUUUUA","3' UTR"
"PVP01_0321100",264,"UGUAUUUUA","3' UTR"
"PVP01_0511100",388,"UGUAUUUUA","3' UTR"
"PVP01_0520800",676,"UGUAUUUUA","3' UTR"
"PVP01_0532500",160,"UGUAUUUUA","3' UTR"
"PVP01_0600900",904,"UGUAUUUUA","3' UTR"
"PVP01_0600900",3082,"UGUAUUUUA","3' UTR"
"PVP01_0619000",138,"UGUAUUUUA","3' UTR"
"PVP01_0623100",590,"UGUAUUUUA","3' UTR"
"PVP01_0701600",994,"UGUAUUUUA","3' UTR"
"PVP01_0710200",841,"UGUAUUUUA","3' UTR"
"PVP01_0712200",26,"UGUAUUUUA","3' UTR"
"PVP01_0729200",560,"UGUAUUUUA","3' UTR"
"PVP01_0735200",232,"UGUAUUUUA","3' UTR"
"PVP01_0801400",518,"UGUAUUUUA","3' UTR"
"PVP01_0818200",1111,"UGUAUUUUA","3' UTR"
"PVP01_0835500",678,"UGUAUUUUA","3' UTR"
"PVP01_0908900",269,"UGUAUUUUA","3' UTR"
"PVP01_0933000",421,"UGUAUUUUA","3' UTR"
"PVP01_0934700",273,"UGUAUUUUA","3' UTR"
"PVP01_0940000",1535,"UGUAUUUUA","3' UTR"
"PVP01_0946500",626,"UGUAUUUUA","3' UTR"
"PVP01_1009600",177,"UGUAUUUUA","3' UTR"
"PVP01_1104800",269,"UGUAUUUUA","3' UTR"
"PVP01_1118100",1754,"UGUAUUUUA","3' UTR"
"PVP01_1123400",453,"UGUAUUUUA","3' UTR"
"PVP01_1124900",556,"UGUAUUUUA","3' UTR"
"PVP01_1130700",648,"UGUAUUUUA","3' UTR"
"PVP01_1201600",351,"UGUAUUUUA","3' UTR"
"PVP01_1212900",707,"UGUAUUUUA","3' UTR"
"PVP01_1215100",1530,"UGUAUUUUA","3' UTR"
"PVP01_1218200",454,"UGUAUUUUA","3' UTR"
"PVP01_1247600",1003,"UGUAUUUUA","3' UTR"
"PVP01_1254500",146,"UGUAUUUUA","3' UTR"
"PVP01_1256300",298,"UGUAUUUUA","3' UTR"
"PVP01_1265900",370,"UGUAUUUUA","3' UTR"
"PVP01_1268900",471,"UGUAUUUUA","3' UTR"
"PVP01_1272200",760,"UGUAUUUUA","3' UTR"
"PVP01_1308200",192,"UGUAUUUUA","3' UTR"
"PVP01_1329700",235,"UGUAUUUUA","3' UTR"
"PVP01_1403000",2660,"UGUAUUUUA","3' UTR"
"PVP01_1410300",2596,"UGUAUUUUA","3' UTR"
"PVP01_1411800",318,"UGUAUUUUA","3' UTR"
"PVP01_1426100",1645,"UGUAUUUUA","3' UTR"
"PVP01_1449300",525,"UGUAUUUUA","3' UTR"
"PVP01_0000400",557,"UGUAUUUUA","3' UTR"
"PVP01_0000770",58,"UGUAUUUUA","3' UTR"
"PVP01_0000780",63,"UGUAUUUUA","3' UTR"
"PVP01_0000820",338,"UGUAUUUUA","3' UTR"
"PVP01_0000830",555,"UGUAUUUUA","3' UTR"
"PVP01_0000910",483,"UGUAUUUUA","3' UTR"
"PVP01_0000960",597,"UGUAUUUUA","3' UTR"
"PVP01_0001080",225,"UGUAUUUUA","3' UTR"
"PVP01_0001160",618,"UGUAUUUUA","3' UTR"
"PVP01_0001180",216,"UGUAUUUUA","3' UTR"
"PVP01_0001420",491,"UGUAUUUUA","3' UTR"
"PVP01_0001520",365,"UGUAUUUUA","3' UTR"
"PVP01_0001730",342,"UGUAUUUUA","3' UTR"
"PVP01_0001780",440,"UGUAUUUUA","3' UTR"
"PVP01_0001890",109,"UGUAUUUUA","3' UTR"
"PVP01_0002160",425,"UGUAUUUUA","3' UTR"
"PVP01_0002210",530,"UGUAUUUUA","3' UTR"
"PVP01_0002260",117,"UGUAUUUUA","3' UTR"
"PVP01_0002260",340,"UGUAUUUUA","3' UTR"
"PVP01_0002910",344,"UGUAUUUUA","3' UTR"
"PVP01_0002980",311,"UGUAUUUUA","3' UTR"
"PVP01_0003190",390,"UGUAUUUUA","3' UTR"
"PVP01_0003990",145,"UGUAUUUUA","3' UTR"
"PVP01_0004490",10,"UGUAUUUUA","3' UTR"
"PVP01_0004820",381,"UGUAUUUUA","3' UTR"
"PVP01_0005080",150,"UGUAUUUUA","3' UTR"
"PVP01_0005130",579,"UGUAUUUUA","3' UTR"
"PVP01_0005360",194,"UGUAUUUUA","3' UTR"
"PVP01_0005380",424,"UGUAUUUUA","3' UTR"
"PVP01_0005490",152,"UGUAUUUUA","3' UTR"
"PVP01_0005700",497,"UGUAUUUUA","3' UTR"
"PVP01_0005870",402,"UGUAUUUUA","3' UTR"
"PVP01_0006000",83,"UGUAUUUUA","3' UTR"
"PVP01_0006120",141,"UGUAUUUUA","3' UTR"
"PVP01_0006230",465,"UGUAUUUUA","3' UTR"
"PVP01_0006240",193,"UGUAUUUUA","3' UTR"
"PVP01_0006540",17,"UGUAUUUUA","3' UTR"
"PVP01_0006620",200,"UGUAUUUUA","3' UTR"
"PVP01_0006790",200,"UGUAUUUUA","3' UTR"
"PVP01_0006800",341,"UGUAUUUUA","3' UTR"
"PVP01_0007010",201,"UGUAUUUUA","3' UTR"
"PVP01_0007250",519,"UGUAUUUUA","3' UTR"
"PVP01_0007360",596,"UGUAUUUUA","3' UTR"
"PVP01_0007670",524,"UGUAUUUUA","3' UTR"
"PVP01_0007940",172,"UGUAUUUUA","3' UTR"
"PVP01_0008660",197,"UGUAUUUUA","3' UTR"
"PVP01_0008740",475,"UGUAUUUUA","3' UTR"
"PVP01_0009130",154,"UGUAUUUUA","3' UTR"
"PVP01_0009130",474,"UGUAUUUUA","3' UTR"
"PVP01_0009150",306,"UGUAUUUUA","3' UTR"
"PVP01_0009510",50,"UGUAUUUUA","3' UTR"
"PVP01_0009690",201,"UGUAUUUUA","3' UTR"
"PVP01_0009690",422,"UGUAUUUUA","3' UTR"
"PVP01_0009960",44,"UGUAUUUUA","3' UTR"
"PVP01_0010090",425,"UGUAUUUUA","3' UTR"
"PVP01_0101600",578,"UGUAUUUUA","3' UTR"
"PVP01_0101700",540,"UGUAUUUUA","3' UTR"
"PVP01_0120500",529,"UGUAUUUUA","3' UTR"
"PVP01_0121800",11,"UGUAUUUUA","3' UTR"
"PVP01_0217400",601,"UGUAUUUUA","3' UTR"
"PVP01_0219300",436,"UGUAUUUUA","3' UTR"
"PVP01_0220700",345,"UGUAUUUUA","3' UTR"
"PVP01_0300900",530,"UGUAUUUUA","3' UTR"
"PVP01_0301700",43,"UGUAUUUUA","3' UTR"
"PVP01_0301800",99,"UGUAUUUUA","3' UTR"
"PVP01_0409000",171,"UGUAUUUUA","3' UTR"
"PVP01_0535100",281,"UGUAUUUUA","3' UTR"
"PVP01_0600800",6,"UGUAUUUUA","3' UTR"
"PVP01_0623600",616,"UGUAUUUUA","3' UTR"
"PVP01_0624400",218,"UGUAUUUUA","3' UTR"
"PVP01_0716800",615,"UGUAUUUUA","3' UTR"
"PVP01_0716800",640,"UGUAUUUUA","3' UTR"
"PVP01_0722700",335,"UGUAUUUUA","3' UTR"
"PVP01_0737400",136,"UGUAUUUUA","3' UTR"
"PVP01_0738500",204,"UGUAUUUUA","3' UTR"
"PVP01_0739050",474,"UGUAUUUUA","3' UTR"
"PVP01_0800600",158,"UGUAUUUUA","3' UTR"
"PVP01_0819800",206,"UGUAUUUUA","3' UTR"
"PVP01_0819800",235,"UGUAUUUUA","3' UTR"
"PVP01_0823900",366,"UGUAUUUUA","3' UTR"
"PVP01_0839100",142,"UGUAUUUUA","3' UTR"
"PVP01_0840200",200,"UGUAUUUUA","3' UTR"
"PVP01_0840300",259,"UGUAUUUUA","3' UTR"
"PVP01_0900600",271,"UGUAUUUUA","3' UTR"
"PVP01_0935800",452,"UGUAUUUUA","3' UTR"
"PVP01_0939200",147,"UGUAUUUUA","3' UTR"
"PVP01_1008300",625,"UGUAUUUUA","3' UTR"
"PVP01_1018800",531,"UGUAUUUUA","3' UTR"
"PVP01_1272500",666,"UGUAUUUUA","3' UTR"
"PVP01_1273200",26,"UGUAUUUUA","3' UTR"
"PVP01_1273500",587,"UGUAUUUUA","3' UTR"
"PVP01_1322200",156,"UGUAUUUUA","3' UTR"
"PVP01_1327000",599,"UGUAUUUUA","3' UTR"
"PVP01_1471200",663,"UGUAUUUUA","3' UTR"
"PVP01_1472600",104,"UGUAUUUUA","3' UTR"
"PVP01_API04100",125,"UGUAUUUUA","3' UTR"
"PVP01_0000120",142,"UGUAUUUUA","5' UTR"
"PVP01_0106800",1491,"UGUAUUUUA","5' UTR"
"PVP01_0115000",2079,"UGUAUUUUA","5' UTR"
"PVP01_0119500",1103,"UGUAUUUUA","5' UTR"
"PVP01_0216000",1757,"UGUAUUUUA","5' UTR"
"PVP01_0216000",3592,"UGUAUUUUA","5' UTR"
"PVP01_0420400",1019,"UGUAUUUUA","5' UTR"
"PVP01_0517200",411,"UGUAUUUUA","5' UTR"
"PVP01_0520300",676,"UGUAUUUUA","5' UTR"
"PVP01_0522700",30,"UGUAUUUUA","5' UTR"
"PVP01_0527000",484,"UGUAUUUUA","5' UTR"
"PVP01_0530800",685,"UGUAUUUUA","5' UTR"
"PVP01_0609500",623,"UGUAUUUUA","5' UTR"
"PVP01_0612900",1929,"UGUAUUUUA","5' UTR"
"PVP01_0623700",699,"UGUAUUUUA","5' UTR"
"PVP01_0701600",1197,"UGUAUUUUA","5' UTR"
"PVP01_0712900",268,"UGUAUUUUA","5' UTR"
"PVP01_0724400",1989,"UGUAUUUUA","5' UTR"
"PVP01_0805500",413,"UGUAUUUUA","5' UTR"
"PVP01_0810500",412,"UGUAUUUUA","5' UTR"
"PVP01_0814200",35,"UGUAUUUUA","5' UTR"
"PVP01_0948700",35,"UGUAUUUUA","5' UTR"
"PVP01_1028200",97,"UGUAUUUUA","5' UTR"
"PVP01_1030500",143,"UGUAUUUUA","5' UTR"
"PVP01_1105200",1635,"UGUAUUUUA","5' UTR"
"PVP01_1212900",846,"UGUAUUUUA","5' UTR"
"PVP01_1222700",656,"UGUAUUUUA","5' UTR"
"PVP01_1235400",345,"UGUAUUUUA","5' UTR"
"PVP01_1244400",236,"UGUAUUUUA","5' UTR"
"PVP01_1247300",208,"UGUAUUUUA","5' UTR"
"PVP01_1257500",3776,"UGUAUUUUA","5' UTR"
"PVP01_1267500",1576,"UGUAUUUUA","5' UTR"
"PVP01_1271400",231,"UGUAUUUUA","5' UTR"
"PVP01_1303500",669,"UGUAUUUUA","5' UTR"
"PVP01_1322700",141,"UGUAUUUUA","5' UTR"
"PVP01_1332500",108,"UGUAUUUUA","5' UTR"
"PVP01_1338100",1654,"UGUAUUUUA","5' UTR"
"PVP01_1430400",431,"UGUAUUUUA","5' UTR"
"PVP01_1451500",2995,"UGUAUUUUA","5' UTR"
"PVP01_1469500",650,"UGUAUUUUA","5' UTR"
"PVP01_1469800",313,"UGUAUUUUA","5' UTR"
"PVP01_0000140",731,"UGUAUUUUA","5' UTR"
"PVP01_0000440",248,"UGUAUUUUA","5' UTR"
"PVP01_0000490",242,"UGUAUUUUA","5' UTR"
"PVP01_0000550",177,"UGUAUUUUA","5' UTR"
"PVP01_0000600",155,"UGUAUUUUA","5' UTR"
"PVP01_0000780",40,"UGUAUUUUA","5' UTR"
"PVP01_0000790",251,"UGUAUUUUA","5' UTR"
"PVP01_0001040",775,"UGUAUUUUA","5' UTR"
"PVP01_0001140",607,"UGUAUUUUA","5' UTR"
"PVP01_0001320",148,"UGUAUUUUA","5' UTR"
"PVP01_0001390",145,"UGUAUUUUA","5' UTR"
"PVP01_0001560",43,"UGUAUUUUA","5' UTR"
"PVP01_0001600",560,"UGUAUUUUA","5' UTR"
"PVP01_0001640",455,"UGUAUUUUA","5' UTR"
"PVP01_0001840",604,"UGUAUUUUA","5' UTR"
"PVP01_0002380",712,"UGUAUUUUA","5' UTR"
"PVP01_0003030",656,"UGUAUUUUA","5' UTR"
"PVP01_0003140",232,"UGUAUUUUA","5' UTR"
"PVP01_0003480",629,"UGUAUUUUA","5' UTR"
"PVP01_0003840",18,"UGUAUUUUA","5' UTR"
"PVP01_0003880",137,"UGUAUUUUA","5' UTR"
"PVP01_0003910",141,"UGUAUUUUA","5' UTR"
"PVP01_0003910",734,"UGUAUUUUA","5' UTR"
"PVP01_0004170",70,"UGUAUUUUA","5' UTR"
"PVP01_0004620",500,"UGUAUUUUA","5' UTR"
"PVP01_0004690",225,"UGUAUUUUA","5' UTR"
"PVP01_0005020",735,"UGUAUUUUA","5' UTR"
"PVP01_0005030",567,"UGUAUUUUA","5' UTR"
"PVP01_0005060",363,"UGUAUUUUA","5' UTR"
"PVP01_0005190",468,"UGUAUUUUA","5' UTR"
"PVP01_0005630",434,"UGUAUUUUA","5' UTR"
"PVP01_0005860",691,"UGUAUUUUA","5' UTR"
"PVP01_0006170",638,"UGUAUUUUA","5' UTR"
"PVP01_0006430",56,"UGUAUUUUA","5' UTR"
"PVP01_0006440",470,"UGUAUUUUA","5' UTR"
"PVP01_0007390",536,"UGUAUUUUA","5' UTR"
"PVP01_0007750",138,"UGUAUUUUA","5' UTR"
"PVP01_0008140",196,"UGUAUUUUA","5' UTR"
"PVP01_0008500",616,"UGUAUUUUA","5' UTR"
"PVP01_0008670",474,"UGUAUUUUA","5' UTR"
"PVP01_0009240",274,"UGUAUUUUA","5' UTR"
"PVP01_0009300",370,"UGUAUUUUA","5' UTR"
"PVP01_0009530",54,"UGUAUUUUA","5' UTR"
"PVP01_0009920",110,"UGUAUUUUA","5' UTR"
"PVP01_0010450",433,"UGUAUUUUA","5' UTR"
"PVP01_0011040",192,"UGUAUUUUA","5' UTR"
"PVP01_0115200",772,"UGUAUUUUA","5' UTR"
"PVP01_0200200",139,"UGUAUUUUA","5' UTR"
"PVP01_0200600",666,"UGUAUUUUA","5' UTR"
"PVP01_0217500",251,"UGUAUUUUA","5' UTR"
"PVP01_0219200",552,"UGUAUUUUA","5' UTR"
"PVP01_0400900",35,"UGUAUUUUA","5' UTR"
"PVP01_0402200",768,"UGUAUUUUA","5' UTR"
"PVP01_0402300",678,"UGUAUUUUA","5' UTR"
"PVP01_0403300",785,"UGUAUUUUA","5' UTR"
"PVP01_0424200",270,"UGUAUUUUA","5' UTR"
"PVP01_0501500",526,"UGUAUUUUA","5' UTR"
"PVP01_0523700",179,"UGUAUUUUA","5' UTR"
"PVP01_0524400",463,"UGUAUUUUA","5' UTR"
"PVP01_0737100",134,"UGUAUUUUA","5' UTR"
"PVP01_0800500",181,"UGUAUUUUA","5' UTR"
"PVP01_0837100",128,"UGUAUUUUA","5' UTR"
"PVP01_0839000",256,"UGUAUUUUA","5' UTR"
"PVP01_0839400",696,"UGUAUUUUA","5' UTR"
"PVP01_0903300",250,"UGUAUUUUA","5' UTR"
"PVP01_1001300",136,"UGUAUUUUA","5' UTR"
"PVP01_1018900",247,"UGUAUUUUA","5' UTR"
"PVP01_1031700",279,"UGUAUUUUA","5' UTR"
"PVP01_1101000",577,"UGUAUUUUA","5' UTR"
"PVP01_1200500",425,"UGUAUUUUA","5' UTR"
"PVP01_1200600",92,"UGUAUUUUA","5' UTR"
"PVP01_1271700",577,"UGUAUUUUA","5' UTR"
"PVP01_1347100",303,"UGUAUUUUA","5' UTR"
"PVP01_1402900",251,"UGUAUUUUA","5' UTR"
"PVP01_1472500",220,"UGUAUUUUA","5' UTR"
"PVP01_1472800",131,"UGUAUUUUA","5' UTR"
"PVP01_0000050",491,"UGUAUUUUA","CDS"
"PVP01_0000050",1752,"UGUAUUUUA","CDS"
"PVP01_0001380",315,"UGUAUUUUA","CDS"
"PVP01_0002380",370,"UGUAUUUUA","CDS"
"PVP01_0003500",278,"UGUAUUUUA","CDS"
"PVP01_0004480",570,"UGUAUUUUA","CDS"
"PVP01_0004490",153,"UGUAUUUUA","CDS"
"PVP01_0004710",414,"UGUAUUUUA","CDS"
"PVP01_0005380",676,"UGUAUUUUA","CDS"
"PVP01_0008450",622,"UGUAUUUUA","CDS"
"PVP01_0010360",141,"UGUAUUUUA","CDS"
"PVP01_0109900",1828,"UGUAUUUUA","CDS"
"PVP01_0203000",993,"UGUAUUUUA","CDS"
"PVP01_0213600",4145,"UGUAUUUUA","CDS"
"PVP01_0217200",848,"UGUAUUUUA","CDS"
"PVP01_0218200",330,"UGUAUUUUA","CDS"
"PVP01_0301400",456,"UGUAUUUUA","CDS"
"PVP01_0305400",1274,"UGUAUUUUA","CDS"
"PVP01_0311100",4571,"UGUAUUUUA","CDS"
"PVP01_0406900",759,"UGUAUUUUA","CDS"
"PVP01_0412500",9874,"UGUAUUUUA","CDS"
"PVP01_0414300",455,"UGUAUUUUA","CDS"
"PVP01_0422800",2850,"UGUAUUUUA","CDS"
"PVP01_0501600",748,"UGUAUUUUA","CDS"
"PVP01_0502800",10,"UGUAUUUUA","CDS"
"PVP01_0531000",7283,"UGUAUUUUA","CDS"
"PVP01_0610700",4808,"UGUAUUUUA","CDS"
"PVP01_0720500",1223,"UGUAUUUUA","CDS"
"PVP01_0725200",296,"UGUAUUUUA","CDS"
"PVP01_0729100",1286,"UGUAUUUUA","CDS"
"PVP01_0800900",2333,"UGUAUUUUA","CDS"
"PVP01_0806100",2189,"UGUAUUUUA","CDS"
"PVP01_0808200",1004,"UGUAUUUUA","CDS"
"PVP01_0813700",3857,"UGUAUUUUA","CDS"
"PVP01_0815300",188,"UGUAUUUUA","CDS"
"PVP01_0820500",1229,"UGUAUUUUA","CDS"
"PVP01_0821600",9788,"UGUAUUUUA","CDS"
"PVP01_0835100",7271,"UGUAUUUUA","CDS"
"PVP01_0923700",2135,"UGUAUUUUA","CDS"
"PVP01_1005900",606,"UGUAUUUUA","CDS"
"PVP01_1007700",845,"UGUAUUUUA","CDS"
"PVP01_1010100",1434,"UGUAUUUUA","CDS"
"PVP01_1010900",417,"UGUAUUUUA","CDS"
"PVP01_1014300",824,"UGUAUUUUA","CDS"
"PVP01_1028800",947,"UGUAUUUUA","CDS"
"PVP01_1105600",1616,"UGUAUUUUA","CDS"
"PVP01_1106500",721,"UGUAUUUUA","CDS"
"PVP01_1106700",119,"UGUAUUUUA","CDS"
"PVP01_1106700",1745,"UGUAUUUUA","CDS"
"PVP01_1109200",1577,"UGUAUUUUA","CDS"
"PVP01_1111400",2080,"UGUAUUUUA","CDS"
"PVP01_1115900",1622,"UGUAUUUUA","CDS"
"PVP01_1148500",162,"UGUAUUUUA","CDS"
"PVP01_1211000",19903,"UGUAUUUUA","CDS"
"PVP01_1224100",117,"UGUAUUUUA","CDS"
"PVP01_1236600",260,"UGUAUUUUA","CDS"
"PVP01_1237400",413,"UGUAUUUUA","CDS"
"PVP01_1243300",197,"UGUAUUUUA","CDS"
"PVP01_1244500",3551,"UGUAUUUUA","CDS"
"PVP01_1252200",458,"UGUAUUUUA","CDS"
"PVP01_1253400",1589,"UGUAUUUUA","CDS"
"PVP01_1255200",1993,"UGUAUUUUA","CDS"
"PVP01_1255800",2816,"UGUAUUUUA","CDS"
"PVP01_1256600",2981,"UGUAUUUUA","CDS"
"PVP01_1256600",4457,"UGUAUUUUA","CDS"
"PVP01_1259100",177,"UGUAUUUUA","CDS"
"PVP01_1264100",5474,"UGUAUUUUA","CDS"
"PVP01_1267600",587,"UGUAUUUUA","CDS"
"PVP01_1270000",1085,"UGUAUUUUA","CDS"
"PVP01_1272200",355,"UGUAUUUUA","CDS"
"PVP01_1300900",622,"UGUAUUUUA","CDS"
"PVP01_1305700",1015,"UGUAUUUUA","CDS"
"PVP01_1320900",5915,"UGUAUUUUA","CDS"
"PVP01_1327100",125,"UGUAUUUUA","CDS"
"PVP01_1340600",437,"UGUAUUUUA","CDS"
"PVP01_1347100",82,"UGUAUUUUA","CDS"
"PVP01_1404700",2315,"UGUAUUUUA","CDS"
"PVP01_1422100",8319,"UGUAUUUUA","CDS"
"PVP01_1447200",4269,"UGUAUUUUA","CDS"
"PVP01_API04000",112,"UGUAUUUUA","CDS"
