"Gene","Position","Motif","Region"
"PY17X_0104600",399,"UGUAAAAUA","3' UTR"
"PY17X_0106500",552,"UGUAAAAUA","3' UTR"
"PY17X_0107500",673,"UGUAAAAUA","3' UTR"
"PY17X_0109600",266,"UGUAAAAUA","3' UTR"
"PY17X_0202900",427,"UGUAAAAUA","3' UTR"
"PY17X_0206500",407,"UGUAAAAUA","3' UTR"
"PY17X_0207100",455,"UGUAAAAUA","3' UTR"
"PY17X_0207800",641,"UGUAAAAUA","3' UTR"
"PY17X_0208100",150,"UGUAAAAUA","3' UTR"
"PY17X_0208500",14,"UGUAAAAUA","3' UTR"
"PY17X_0303000",626,"UGUAAAAUA","3' UTR"
"PY17X_0306400",218,"UGUAAAAUA","3' UTR"
"PY17X_0310900",512,"UGUAAAAUA","3' UTR"
"PY17X_0314200",229,"UGUAAAAUA","3' UTR"
"PY17X_0314900",486,"UGUAAAAUA","3' UTR"
"PY17X_0316500",277,"UGUAAAAUA","3' UTR"
"PY17X_0403500",409,"UGUAAAAUA","3' UTR"
"PY17X_0403800",6,"UGUAAAAUA","3' UTR"
"PY17X_0405400",462,"UGUAAAAUA","3' UTR"
"PY17X_0405500",553,"UGUAAAAUA","3' UTR"
"PY17X_0408500",524,"UGUAAAAUA","3' UTR"
"PY17X_0409300",633,"UGUAAAAUA","3' UTR"
"PY17X_0410200",89,"UGUAAAAUA","3' UTR"
"PY17X_0419300",461,"UGUAAAAUA","3' UTR"
"PY17X_0419400",107,"UGUAAAAUA","3' UTR"
"PY17X_0420100",535,"UGUAAAAUA","3' UTR"
"PY17X_0506500",552,"UGUAAAAUA","3' UTR"
"PY17X_0509000",611,"UGUAAAAUA","3' UTR"
"PY17X_0510000",287,"UGUAAAAUA","3' UTR"
"PY17X_0510100",592,"UGUAAAAUA","3' UTR"
"PY17X_0512800",664,"UGUAAAAUA","3' UTR"
"PY17X_0514000",300,"UGUAAAAUA","3' UTR"
"PY17X_0514100",654,"UGUAAAAUA","3' UTR"
"PY17X_0514600",461,"UGUAAAAUA","3' UTR"
"PY17X_0519200",94,"UGUAAAAUA","3' UTR"
"PY17X_0522900",458,"UGUAAAAUA","3' UTR"
"PY17X_0523200",643,"UGUAAAAUA","3' UTR"
"PY17X_0523700",341,"UGUAAAAUA","3' UTR"
"PY17X_0603200",146,"UGUAAAAUA","3' UTR"
"PY17X_0603400",191,"UGUAAAAUA","3' UTR"
"PY17X_0606000",605,"UGUAAAAUA","3' UTR"
"PY17X_0609100",9,"UGUAAAAUA","3' UTR"
"PY17X_0609300",200,"UGUAAAAUA","3' UTR"
"PY17X_0610700",204,"UGUAAAAUA","3' UTR"
"PY17X_0616500",331,"UGUAAAAUA","3' UTR"
"PY17X_0617700",575,"UGUAAAAUA","3' UTR"
"PY17X_0622400",365,"UGUAAAAUA","3' UTR"
"PY17X_0625000",525,"UGUAAAAUA","3' UTR"
"PY17X_0702300",657,"UGUAAAAUA","3' UTR"
"PY17X_0706700",677,"UGUAAAAUA","3' UTR"
"PY17X_0715300",406,"UGUAAAAUA","3' UTR"
"PY17X_0715300",611,"UGUAAAAUA","3' UTR"
"PY17X_0717300",144,"UGUAAAAUA","3' UTR"
"PY17X_0717500",439,"UGUAAAAUA","3' UTR"
"PY17X_0717700",519,"UGUAAAAUA","3' UTR"
"PY17X_0718800",288,"UGUAAAAUA","3' UTR"
"PY17X_0720700",672,"UGUAAAAUA","3' UTR"
"PY17X_0720800",315,"UGUAAAAUA","3' UTR"
"PY17X_0720800",329,"UGUAAAAUA","3' UTR"
"PY17X_0721200",475,"UGUAAAAUA","3' UTR"
"PY17X_0722000",485,"UGUAAAAUA","3' UTR"
"PY17X_0722500",331,"UGUAAAAUA","3' UTR"
"PY17X_0722900",663,"UGUAAAAUA","3' UTR"
"PY17X_0802500",28,"UGUAAAAUA","3' UTR"
"PY17X_0803000",660,"UGUAAAAUA","3' UTR"
"PY17X_0803000",678,"UGUAAAAUA","3' UTR"
"PY17X_0807700",192,"UGUAAAAUA","3' UTR"
"PY17X_0809000",307,"UGUAAAAUA","3' UTR"
"PY17X_0809000",420,"UGUAAAAUA","3' UTR"
"PY17X_0810400",218,"UGUAAAAUA","3' UTR"
"PY17X_0810500",520,"UGUAAAAUA","3' UTR"
"PY17X_0812100",403,"UGUAAAAUA","3' UTR"
"PY17X_0812200",652,"UGUAAAAUA","3' UTR"
"PY17X_0814200",355,"UGUAAAAUA","3' UTR"
"PY17X_0816500",654,"UGUAAAAUA","3' UTR"
"PY17X_0816600",58,"UGUAAAAUA","3' UTR"
"PY17X_0816800",617,"UGUAAAAUA","3' UTR"
"PY17X_0819400",33,"UGUAAAAUA","3' UTR"
"PY17X_0820000",487,"UGUAAAAUA","3' UTR"
"PY17X_0820100",473,"UGUAAAAUA","3' UTR"
"PY17X_0820300",353,"UGUAAAAUA","3' UTR"
"PY17X_0824100",20,"UGUAAAAUA","3' UTR"
"PY17X_0824500",276,"UGUAAAAUA","3' UTR"
"PY17X_0825400",637,"UGUAAAAUA","3' UTR"
"PY17X_0826600",653,"UGUAAAAUA","3' UTR"
"PY17X_0826700",377,"UGUAAAAUA","3' UTR"
"PY17X_0827300",222,"UGUAAAAUA","3' UTR"
"PY17X_0830900",605,"UGUAAAAUA","3' UTR"
"PY17X_0834300",533,"UGUAAAAUA","3' UTR"
"PY17X_0838400",352,"UGUAAAAUA","3' UTR"
"PY17X_0904000",574,"UGUAAAAUA","3' UTR"
"PY17X_0905100",572,"UGUAAAAUA","3' UTR"
"PY17X_0906000",371,"UGUAAAAUA","3' UTR"
"PY17X_0906100",666,"UGUAAAAUA","3' UTR"
"PY17X_0906700",160,"UGUAAAAUA","3' UTR"
"PY17X_0908600",648,"UGUAAAAUA","3' UTR"
"PY17X_0908900",180,"UGUAAAAUA","3' UTR"
"PY17X_0917900",639,"UGUAAAAUA","3' UTR"
"PY17X_0921500",401,"UGUAAAAUA","3' UTR"
"PY17X_0921700",634,"UGUAAAAUA","3' UTR"
"PY17X_0922700",563,"UGUAAAAUA","3' UTR"
"PY17X_0924500",175,"UGUAAAAUA","3' UTR"
"PY17X_0924500",225,"UGUAAAAUA","3' UTR"
"PY17X_0925700",80,"UGUAAAAUA","3' UTR"
"PY17X_0925800",387,"UGUAAAAUA","3' UTR"
"PY17X_0926700",561,"UGUAAAAUA","3' UTR"
"PY17X_0928100",477,"UGUAAAAUA","3' UTR"
"PY17X_0928400",275,"UGUAAAAUA","3' UTR"
"PY17X_0928400",634,"UGUAAAAUA","3' UTR"
"PY17X_0939500",505,"UGUAAAAUA","3' UTR"
"PY17X_0941000",435,"UGUAAAAUA","3' UTR"
"PY17X_0941900",198,"UGUAAAAUA","3' UTR"
"PY17X_1001900",386,"UGUAAAAUA","3' UTR"
"PY17X_1003000",178,"UGUAAAAUA","3' UTR"
"PY17X_1003900",388,"UGUAAAAUA","3' UTR"
"PY17X_1004100",596,"UGUAAAAUA","3' UTR"
"PY17X_1005000",513,"UGUAAAAUA","3' UTR"
"PY17X_1005100",357,"UGUAAAAUA","3' UTR"
"PY17X_1005600",265,"UGUAAAAUA","3' UTR"
"PY17X_1010500",7,"UGUAAAAUA","3' UTR"
"PY17X_1010600",222,"UGUAAAAUA","3' UTR"
"PY17X_1011900",456,"UGUAAAAUA","3' UTR"
"PY17X_1012700",222,"UGUAAAAUA","3' UTR"
"PY17X_1013500",516,"UGUAAAAUA","3' UTR"
"PY17X_1015300",245,"UGUAAAAUA","3' UTR"
"PY17X_1015600",329,"UGUAAAAUA","3' UTR"
"PY17X_1016900",221,"UGUAAAAUA","3' UTR"
"PY17X_1017000",581,"UGUAAAAUA","3' UTR"
"PY17X_1019500",491,"UGUAAAAUA","3' UTR"
"PY17X_1019500",502,"UGUAAAAUA","3' UTR"
"PY17X_1021500",435,"UGUAAAAUA","3' UTR"
"PY17X_1021900",590,"UGUAAAAUA","3' UTR"
"PY17X_1022400",70,"UGUAAAAUA","3' UTR"
"PY17X_1023600",537,"UGUAAAAUA","3' UTR"
"PY17X_1025200",461,"UGUAAAAUA","3' UTR"
"PY17X_1025200",594,"UGUAAAAUA","3' UTR"
"PY17X_1027100",566,"UGUAAAAUA","3' UTR"
"PY17X_1027100",583,"UGUAAAAUA","3' UTR"
"PY17X_1028400",213,"UGUAAAAUA","3' UTR"
"PY17X_1029900",103,"UGUAAAAUA","3' UTR"
"PY17X_1030500",170,"UGUAAAAUA","3' UTR"
"PY17X_1030800",407,"UGUAAAAUA","3' UTR"
"PY17X_1031100",634,"UGUAAAAUA","3' UTR"
"PY17X_1037600",6,"UGUAAAAUA","3' UTR"
"PY17X_1038100",511,"UGUAAAAUA","3' UTR"
"PY17X_1041600",668,"UGUAAAAUA","3' UTR"
"PY17X_1100027",408,"UGUAAAAUA","3' UTR"
"PY17X_1103700",251,"UGUAAAAUA","3' UTR"
"PY17X_1104500",313,"UGUAAAAUA","3' UTR"
"PY17X_1106600",661,"UGUAAAAUA","3' UTR"
"PY17X_1106700",63,"UGUAAAAUA","3' UTR"
"PY17X_1113000",17,"UGUAAAAUA","3' UTR"
"PY17X_1113300",369,"UGUAAAAUA","3' UTR"
"PY17X_1113300",561,"UGUAAAAUA","3' UTR"
"PY17X_1115500",303,"UGUAAAAUA","3' UTR"
"PY17X_1119200",597,"UGUAAAAUA","3' UTR"
"PY17X_1119200",617,"UGUAAAAUA","3' UTR"
"PY17X_1119200",637,"UGUAAAAUA","3' UTR"
"PY17X_1119800",312,"UGUAAAAUA","3' UTR"
"PY17X_1120900",595,"UGUAAAAUA","3' UTR"
"PY17X_1126200",71,"UGUAAAAUA","3' UTR"
"PY17X_1126300",101,"UGUAAAAUA","3' UTR"
"PY17X_1127400",659,"UGUAAAAUA","3' UTR"
"PY17X_1132300",592,"UGUAAAAUA","3' UTR"
"PY17X_1135300",489,"UGUAAAAUA","3' UTR"
"PY17X_1137000",78,"UGUAAAAUA","3' UTR"
"PY17X_1137800",466,"UGUAAAAUA","3' UTR"
"PY17X_1140900",54,"UGUAAAAUA","3' UTR"
"PY17X_1142700",365,"UGUAAAAUA","3' UTR"
"PY17X_1142700",513,"UGUAAAAUA","3' UTR"
"PY17X_1147700",454,"UGUAAAAUA","3' UTR"
"PY17X_1206100",281,"UGUAAAAUA","3' UTR"
"PY17X_1211200",300,"UGUAAAAUA","3' UTR"
"PY17X_1211200",314,"UGUAAAAUA","3' UTR"
"PY17X_1216400",37,"UGUAAAAUA","3' UTR"
"PY17X_1217700",465,"UGUAAAAUA","3' UTR"
"PY17X_1219700",339,"UGUAAAAUA","3' UTR"
"PY17X_1220700",151,"UGUAAAAUA","3' UTR"
"PY17X_1223600",606,"UGUAAAAUA","3' UTR"
"PY17X_1226400",121,"UGUAAAAUA","3' UTR"
"PY17X_1227200",537,"UGUAAAAUA","3' UTR"
"PY17X_1231700",391,"UGUAAAAUA","3' UTR"
"PY17X_1237300",96,"UGUAAAAUA","3' UTR"
"PY17X_1237800",86,"UGUAAAAUA","3' UTR"
"PY17X_1238400",422,"UGUAAAAUA","3' UTR"
"PY17X_1242500",548,"UGUAAAAUA","3' UTR"
"PY17X_1243000",163,"UGUAAAAUA","3' UTR"
"PY17X_1244100",381,"UGUAAAAUA","3' UTR"
"PY17X_1300105",391,"UGUAAAAUA","3' UTR"
"PY17X_1305700",166,"UGUAAAAUA","3' UTR"
"PY17X_1307300",200,"UGUAAAAUA","3' UTR"
"PY17X_1308300",129,"UGUAAAAUA","3' UTR"
"PY17X_1308400",25,"UGUAAAAUA","3' UTR"
"PY17X_1309400",369,"UGUAAAAUA","3' UTR"
"PY17X_1310500",532,"UGUAAAAUA","3' UTR"
"PY17X_1313700",138,"UGUAAAAUA","3' UTR"
"PY17X_1315000",575,"UGUAAAAUA","3' UTR"
"PY17X_1315400",618,"UGUAAAAUA","3' UTR"
"PY17X_1319500",430,"UGUAAAAUA","3' UTR"
"PY17X_1319700",670,"UGUAAAAUA","3' UTR"
"PY17X_1323400",26,"UGUAAAAUA","3' UTR"
"PY17X_1324700",233,"UGUAAAAUA","3' UTR"
"PY17X_1325800",306,"UGUAAAAUA","3' UTR"
"PY17X_1327100",183,"UGUAAAAUA","3' UTR"
"PY17X_1328400",382,"UGUAAAAUA","3' UTR"
"PY17X_1330500",670,"UGUAAAAUA","3' UTR"
"PY17X_1330600",5,"UGUAAAAUA","3' UTR"
"PY17X_1334600",29,"UGUAAAAUA","3' UTR"
"PY17X_1336600",261,"UGUAAAAUA","3' UTR"
"PY17X_1339100",418,"UGUAAAAUA","3' UTR"
"PY17X_1340300",347,"UGUAAAAUA","3' UTR"
"PY17X_1342200",55,"UGUAAAAUA","3' UTR"
"PY17X_1343000",252,"UGUAAAAUA","3' UTR"
"PY17X_1343600",375,"UGUAAAAUA","3' UTR"
"PY17X_1344300",475,"UGUAAAAUA","3' UTR"
"PY17X_1345400",289,"UGUAAAAUA","3' UTR"
"PY17X_1348400",283,"UGUAAAAUA","3' UTR"
"PY17X_1353000",355,"UGUAAAAUA","3' UTR"
"PY17X_1353500",421,"UGUAAAAUA","3' UTR"
"PY17X_1355100",535,"UGUAAAAUA","3' UTR"
"PY17X_1363800",443,"UGUAAAAUA","3' UTR"
"PY17X_1367400",651,"UGUAAAAUA","3' UTR"
"PY17X_1373100",233,"UGUAAAAUA","3' UTR"
"PY17X_1400500",524,"UGUAAAAUA","3' UTR"
"PY17X_1402400",114,"UGUAAAAUA","3' UTR"
"PY17X_1402800",388,"UGUAAAAUA","3' UTR"
"PY17X_1402800",632,"UGUAAAAUA","3' UTR"
"PY17X_1403400",673,"UGUAAAAUA","3' UTR"
"PY17X_1410400",626,"UGUAAAAUA","3' UTR"
"PY17X_1410700",130,"UGUAAAAUA","3' UTR"
"PY17X_1411400",290,"UGUAAAAUA","3' UTR"
"PY17X_1411400",342,"UGUAAAAUA","3' UTR"
"PY17X_1415100",179,"UGUAAAAUA","3' UTR"
"PY17X_1416400",449,"UGUAAAAUA","3' UTR"
"PY17X_1416900",376,"UGUAAAAUA","3' UTR"
"PY17X_1418300",211,"UGUAAAAUA","3' UTR"
"PY17X_1419000",91,"UGUAAAAUA","3' UTR"
"PY17X_1420500",591,"UGUAAAAUA","3' UTR"
"PY17X_1420900",625,"UGUAAAAUA","3' UTR"
"PY17X_1422200",360,"UGUAAAAUA","3' UTR"
"PY17X_1422400",213,"UGUAAAAUA","3' UTR"
"PY17X_1422700",534,"UGUAAAAUA","3' UTR"
"PY17X_1425800",346,"UGUAAAAUA","3' UTR"
"PY17X_1426500",362,"UGUAAAAUA","3' UTR"
"PY17X_1433400",496,"UGUAAAAUA","3' UTR"
"PY17X_1435600",53,"UGUAAAAUA","3' UTR"
"PY17X_1436900",230,"UGUAAAAUA","3' UTR"
"PY17X_1437500",341,"UGUAAAAUA","3' UTR"
"PY17X_1439100",224,"UGUAAAAUA","3' UTR"
"PY17X_1441100",658,"UGUAAAAUA","3' UTR"
"PY17X_1441600",132,"UGUAAAAUA","3' UTR"
"PY17X_1443200",62,"UGUAAAAUA","3' UTR"
"PY17X_1443700",194,"UGUAAAAUA","3' UTR"
"PY17X_1445400",274,"UGUAAAAUA","3' UTR"
"PY17X_1445600",194,"UGUAAAAUA","3' UTR"
"PY17X_1449300",516,"UGUAAAAUA","3' UTR"
"PY17X_1450300",385,"UGUAAAAUA","3' UTR"
"PY17X_1451500",175,"UGUAAAAUA","3' UTR"
"PY17X_1451800",324,"UGUAAAAUA","3' UTR"
"PY17X_1453200",649,"UGUAAAAUA","3' UTR"
"PY17X_1458300",593,"UGUAAAAUA","3' UTR"
"PY17X_1458300",664,"UGUAAAAUA","3' UTR"
"PY17X_1461800",645,"UGUAAAAUA","3' UTR"
"PY17X_1464400",594,"UGUAAAAUA","3' UTR"
"PY17X_1465400",465,"UGUAAAAUA","3' UTR"
"PY17X_1466600",495,"UGUAAAAUA","3' UTR"
"PY17X_API02600",283,"UGUAAAAUA","3' UTR"
"PY17X_0102400",48,"UGUAAAAUA","5' UTR"
"PY17X_0104600",744,"UGUAAAAUA","5' UTR"
"PY17X_0104700",470,"UGUAAAAUA","5' UTR"
"PY17X_0105200",798,"UGUAAAAUA","5' UTR"
"PY17X_0106300",384,"UGUAAAAUA","5' UTR"
"PY17X_0107900",218,"UGUAAAAUA","5' UTR"
"PY17X_0109400",8,"UGUAAAAUA","5' UTR"
"PY17X_0111600",633,"UGUAAAAUA","5' UTR"
"PY17X_0112900",232,"UGUAAAAUA","5' UTR"
"PY17X_0113800",594,"UGUAAAAUA","5' UTR"
"PY17X_0114700",72,"UGUAAAAUA","5' UTR"
"PY17X_0114800",74,"UGUAAAAUA","5' UTR"
"PY17X_0114900",73,"UGUAAAAUA","5' UTR"
"PY17X_0200571",484,"UGUAAAAUA","5' UTR"
"PY17X_0207000",524,"UGUAAAAUA","5' UTR"
"PY17X_0207200",314,"UGUAAAAUA","5' UTR"
"PY17X_0207700",296,"UGUAAAAUA","5' UTR"
"PY17X_0208000",58,"UGUAAAAUA","5' UTR"
"PY17X_0208400",20,"UGUAAAAUA","5' UTR"
"PY17X_0209900",84,"UGUAAAAUA","5' UTR"
"PY17X_0213400",194,"UGUAAAAUA","5' UTR"
"PY17X_0214000",511,"UGUAAAAUA","5' UTR"
"PY17X_0215200",127,"UGUAAAAUA","5' UTR"
"PY17X_0215800",778,"UGUAAAAUA","5' UTR"
"PY17X_0216400",29,"UGUAAAAUA","5' UTR"
"PY17X_0219801",757,"UGUAAAAUA","5' UTR"
"PY17X_0300081",322,"UGUAAAAUA","5' UTR"
"PY17X_0302600",573,"UGUAAAAUA","5' UTR"
"PY17X_0302900",124,"UGUAAAAUA","5' UTR"
"PY17X_0304500",708,"UGUAAAAUA","5' UTR"
"PY17X_0305000",400,"UGUAAAAUA","5' UTR"
"PY17X_0305500",633,"UGUAAAAUA","5' UTR"
"PY17X_0305600",401,"UGUAAAAUA","5' UTR"
"PY17X_0305700",219,"UGUAAAAUA","5' UTR"
"PY17X_0310200",328,"UGUAAAAUA","5' UTR"
"PY17X_0311200",765,"UGUAAAAUA","5' UTR"
"PY17X_0313100",553,"UGUAAAAUA","5' UTR"
"PY17X_0314300",385,"UGUAAAAUA","5' UTR"
"PY17X_0314700",714,"UGUAAAAUA","5' UTR"
"PY17X_0314800",167,"UGUAAAAUA","5' UTR"
"PY17X_0314900",232,"UGUAAAAUA","5' UTR"
"PY17X_0317500",71,"UGUAAAAUA","5' UTR"
"PY17X_0319400",745,"UGUAAAAUA","5' UTR"
"PY17X_0320101",754,"UGUAAAAUA","5' UTR"
"PY17X_0321901",754,"UGUAAAAUA","5' UTR"
"PY17X_0403500",753,"UGUAAAAUA","5' UTR"
"PY17X_0405300",208,"UGUAAAAUA","5' UTR"
"PY17X_0406500",721,"UGUAAAAUA","5' UTR"
"PY17X_0407200",244,"UGUAAAAUA","5' UTR"
"PY17X_0407200",254,"UGUAAAAUA","5' UTR"
"PY17X_0408300",610,"UGUAAAAUA","5' UTR"
"PY17X_0408800",194,"UGUAAAAUA","5' UTR"
"PY17X_0409400",602,"UGUAAAAUA","5' UTR"
"PY17X_0409600",522,"UGUAAAAUA","5' UTR"
"PY17X_0410100",655,"UGUAAAAUA","5' UTR"
"PY17X_0410500",136,"UGUAAAAUA","5' UTR"
"PY17X_0410500",152,"UGUAAAAUA","5' UTR"
"PY17X_0410500",168,"UGUAAAAUA","5' UTR"
"PY17X_0413700",459,"UGUAAAAUA","5' UTR"
"PY17X_0415100",717,"UGUAAAAUA","5' UTR"
"PY17X_0416100",289,"UGUAAAAUA","5' UTR"
"PY17X_0416400",429,"UGUAAAAUA","5' UTR"
"PY17X_0418100",11,"UGUAAAAUA","5' UTR"
"PY17X_0418400",656,"UGUAAAAUA","5' UTR"
"PY17X_0418400",675,"UGUAAAAUA","5' UTR"
"PY17X_0420200",207,"UGUAAAAUA","5' UTR"
"PY17X_0420200",592,"UGUAAAAUA","5' UTR"
"PY17X_0421000",432,"UGUAAAAUA","5' UTR"
"PY17X_0502300",72,"UGUAAAAUA","5' UTR"
"PY17X_0502300",595,"UGUAAAAUA","5' UTR"
"PY17X_0506500",255,"UGUAAAAUA","5' UTR"
"PY17X_0508100",358,"UGUAAAAUA","5' UTR"
"PY17X_0509100",117,"UGUAAAAUA","5' UTR"
"PY17X_0510700",68,"UGUAAAAUA","5' UTR"
"PY17X_0510900",645,"UGUAAAAUA","5' UTR"
"PY17X_0511000",25,"UGUAAAAUA","5' UTR"
"PY17X_0511400",535,"UGUAAAAUA","5' UTR"
"PY17X_0512200",401,"UGUAAAAUA","5' UTR"
"PY17X_0512300",505,"UGUAAAAUA","5' UTR"
"PY17X_0512600",26,"UGUAAAAUA","5' UTR"
"PY17X_0513500",695,"UGUAAAAUA","5' UTR"
"PY17X_0514500",268,"UGUAAAAUA","5' UTR"
"PY17X_0515100",643,"UGUAAAAUA","5' UTR"
"PY17X_0515351",155,"UGUAAAAUA","5' UTR"
"PY17X_0517100",86,"UGUAAAAUA","5' UTR"
"PY17X_0517600",665,"UGUAAAAUA","5' UTR"
"PY17X_0518600",70,"UGUAAAAUA","5' UTR"
"PY17X_0519600",67,"UGUAAAAUA","5' UTR"
"PY17X_0519600",705,"UGUAAAAUA","5' UTR"
"PY17X_0521100",8,"UGUAAAAUA","5' UTR"
"PY17X_0523800",34,"UGUAAAAUA","5' UTR"
"PY17X_0525000",214,"UGUAAAAUA","5' UTR"
"PY17X_0600021",745,"UGUAAAAUA","5' UTR"
"PY17X_0600021",754,"UGUAAAAUA","5' UTR"
"PY17X_0600191",745,"UGUAAAAUA","5' UTR"
"PY17X_0600191",754,"UGUAAAAUA","5' UTR"
"PY17X_0603400",511,"UGUAAAAUA","5' UTR"
"PY17X_0605100",437,"UGUAAAAUA","5' UTR"
"PY17X_0605500",664,"UGUAAAAUA","5' UTR"
"PY17X_0606100",706,"UGUAAAAUA","5' UTR"
"PY17X_0609200",78,"UGUAAAAUA","5' UTR"
"PY17X_0610000",688,"UGUAAAAUA","5' UTR"
"PY17X_0610100",141,"UGUAAAAUA","5' UTR"
"PY17X_0610500",749,"UGUAAAAUA","5' UTR"
"PY17X_0613200",527,"UGUAAAAUA","5' UTR"
"PY17X_0616200",85,"UGUAAAAUA","5' UTR"
"PY17X_0616500",149,"UGUAAAAUA","5' UTR"
"PY17X_0617800",12,"UGUAAAAUA","5' UTR"
"PY17X_0619400",30,"UGUAAAAUA","5' UTR"
"PY17X_0620600",384,"UGUAAAAUA","5' UTR"
"PY17X_0622800",473,"UGUAAAAUA","5' UTR"
"PY17X_0624400",53,"UGUAAAAUA","5' UTR"
"PY17X_0624900",211,"UGUAAAAUA","5' UTR"
"PY17X_0700500",320,"UGUAAAAUA","5' UTR"
"PY17X_0701700",675,"UGUAAAAUA","5' UTR"
"PY17X_0703200",299,"UGUAAAAUA","5' UTR"
"PY17X_0703900",563,"UGUAAAAUA","5' UTR"
"PY17X_0704000",697,"UGUAAAAUA","5' UTR"
"PY17X_0704600",460,"UGUAAAAUA","5' UTR"
"PY17X_0705600",328,"UGUAAAAUA","5' UTR"
"PY17X_0706000",326,"UGUAAAAUA","5' UTR"
"PY17X_0711900",253,"UGUAAAAUA","5' UTR"
"PY17X_0714400",611,"UGUAAAAUA","5' UTR"
"PY17X_0715400",121,"UGUAAAAUA","5' UTR"
"PY17X_0715400",326,"UGUAAAAUA","5' UTR"
"PY17X_0715900",229,"UGUAAAAUA","5' UTR"
"PY17X_0717300",621,"UGUAAAAUA","5' UTR"
"PY17X_0719900",387,"UGUAAAAUA","5' UTR"
"PY17X_0720800",753,"UGUAAAAUA","5' UTR"
"PY17X_0720900",463,"UGUAAAAUA","5' UTR"
"PY17X_0720900",477,"UGUAAAAUA","5' UTR"
"PY17X_0801700",795,"UGUAAAAUA","5' UTR"
"PY17X_0804700",451,"UGUAAAAUA","5' UTR"
"PY17X_0804800",460,"UGUAAAAUA","5' UTR"
"PY17X_0805100",791,"UGUAAAAUA","5' UTR"
"PY17X_0805900",605,"UGUAAAAUA","5' UTR"
"PY17X_0806500",705,"UGUAAAAUA","5' UTR"
"PY17X_0806700",435,"UGUAAAAUA","5' UTR"
"PY17X_0809600",138,"UGUAAAAUA","5' UTR"
"PY17X_0810400",746,"UGUAAAAUA","5' UTR"
"PY17X_0812100",750,"UGUAAAAUA","5' UTR"
"PY17X_0812700",161,"UGUAAAAUA","5' UTR"
"PY17X_0813500",61,"UGUAAAAUA","5' UTR"
"PY17X_0813600",390,"UGUAAAAUA","5' UTR"
"PY17X_0814400",763,"UGUAAAAUA","5' UTR"
"PY17X_0814800",334,"UGUAAAAUA","5' UTR"
"PY17X_0815300",646,"UGUAAAAUA","5' UTR"
"PY17X_0816400",455,"UGUAAAAUA","5' UTR"
"PY17X_0816800",181,"UGUAAAAUA","5' UTR"
"PY17X_0816900",527,"UGUAAAAUA","5' UTR"
"PY17X_0818900",659,"UGUAAAAUA","5' UTR"
"PY17X_0819700",599,"UGUAAAAUA","5' UTR"
"PY17X_0820200",424,"UGUAAAAUA","5' UTR"
"PY17X_0820600",516,"UGUAAAAUA","5' UTR"
"PY17X_0820900",609,"UGUAAAAUA","5' UTR"
"PY17X_0822300",142,"UGUAAAAUA","5' UTR"
"PY17X_0822900",220,"UGUAAAAUA","5' UTR"
"PY17X_0824600",252,"UGUAAAAUA","5' UTR"
"PY17X_0824800",206,"UGUAAAAUA","5' UTR"
"PY17X_0825000",332,"UGUAAAAUA","5' UTR"
"PY17X_0825600",230,"UGUAAAAUA","5' UTR"
"PY17X_0826700",173,"UGUAAAAUA","5' UTR"
"PY17X_0827200",211,"UGUAAAAUA","5' UTR"
"PY17X_0828000",541,"UGUAAAAUA","5' UTR"
"PY17X_0828800",730,"UGUAAAAUA","5' UTR"
"PY17X_0829200",20,"UGUAAAAUA","5' UTR"
"PY17X_0829400",757,"UGUAAAAUA","5' UTR"
"PY17X_0829600",164,"UGUAAAAUA","5' UTR"
"PY17X_0830300",696,"UGUAAAAUA","5' UTR"
"PY17X_0834200",736,"UGUAAAAUA","5' UTR"
"PY17X_0834400",73,"UGUAAAAUA","5' UTR"
"PY17X_0836100",103,"UGUAAAAUA","5' UTR"
"PY17X_0836100",765,"UGUAAAAUA","5' UTR"
"PY17X_0837500",730,"UGUAAAAUA","5' UTR"
"PY17X_0839400",27,"UGUAAAAUA","5' UTR"
"PY17X_0841600",754,"UGUAAAAUA","5' UTR"
"PY17X_0841700",296,"UGUAAAAUA","5' UTR"
"PY17X_0842101",491,"UGUAAAAUA","5' UTR"
"PY17X_0843801",98,"UGUAAAAUA","5' UTR"
"PY17X_0902800",211,"UGUAAAAUA","5' UTR"
"PY17X_0904600",190,"UGUAAAAUA","5' UTR"
"PY17X_0905300",123,"UGUAAAAUA","5' UTR"
"PY17X_0905800",338,"UGUAAAAUA","5' UTR"
"PY17X_0905900",91,"UGUAAAAUA","5' UTR"
"PY17X_0906000",519,"UGUAAAAUA","5' UTR"
"PY17X_0906200",710,"UGUAAAAUA","5' UTR"
"PY17X_0909800",406,"UGUAAAAUA","5' UTR"
"PY17X_0911100",226,"UGUAAAAUA","5' UTR"
"PY17X_0912300",599,"UGUAAAAUA","5' UTR"
"PY17X_0914500",613,"UGUAAAAUA","5' UTR"
"PY17X_0915500",224,"UGUAAAAUA","5' UTR"
"PY17X_0915900",332,"UGUAAAAUA","5' UTR"
"PY17X_0916100",678,"UGUAAAAUA","5' UTR"
"PY17X_0919000",497,"UGUAAAAUA","5' UTR"
"PY17X_0919700",738,"UGUAAAAUA","5' UTR"
"PY17X_0920200",105,"UGUAAAAUA","5' UTR"
"PY17X_0920900",712,"UGUAAAAUA","5' UTR"
"PY17X_0925300",391,"UGUAAAAUA","5' UTR"
"PY17X_0926600",417,"UGUAAAAUA","5' UTR"
"PY17X_0930200",793,"UGUAAAAUA","5' UTR"
"PY17X_0933300",499,"UGUAAAAUA","5' UTR"
"PY17X_0933400",469,"UGUAAAAUA","5' UTR"
"PY17X_0934900",322,"UGUAAAAUA","5' UTR"
"PY17X_0934900",718,"UGUAAAAUA","5' UTR"
"PY17X_0937300",605,"UGUAAAAUA","5' UTR"
"PY17X_0938300",477,"UGUAAAAUA","5' UTR"
"PY17X_0939500",271,"UGUAAAAUA","5' UTR"
"PY17X_0939500",738,"UGUAAAAUA","5' UTR"
"PY17X_0942000",64,"UGUAAAAUA","5' UTR"
"PY17X_0942200",720,"UGUAAAAUA","5' UTR"
"PY17X_0943400",293,"UGUAAAAUA","5' UTR"
"PY17X_0943900",34,"UGUAAAAUA","5' UTR"
"PY17X_0947000",64,"UGUAAAAUA","5' UTR"
"PY17X_0947200",71,"UGUAAAAUA","5' UTR"
"PY17X_0948401",754,"UGUAAAAUA","5' UTR"
"PY17X_1002900",8,"UGUAAAAUA","5' UTR"
"PY17X_1003800",340,"UGUAAAAUA","5' UTR"
"PY17X_1004000",169,"UGUAAAAUA","5' UTR"
"PY17X_1004900",135,"UGUAAAAUA","5' UTR"
"PY17X_1005200",783,"UGUAAAAUA","5' UTR"
"PY17X_1005700",438,"UGUAAAAUA","5' UTR"
"PY17X_1006500",742,"UGUAAAAUA","5' UTR"
"PY17X_1008200",185,"UGUAAAAUA","5' UTR"
"PY17X_1008500",203,"UGUAAAAUA","5' UTR"
"PY17X_1008600",171,"UGUAAAAUA","5' UTR"
"PY17X_1010400",14,"UGUAAAAUA","5' UTR"
"PY17X_1010700",219,"UGUAAAAUA","5' UTR"
"PY17X_1013600",64,"UGUAAAAUA","5' UTR"
"PY17X_1015500",361,"UGUAAAAUA","5' UTR"
"PY17X_1016900",257,"UGUAAAAUA","5' UTR"
"PY17X_1018700",229,"UGUAAAAUA","5' UTR"
"PY17X_1019600",551,"UGUAAAAUA","5' UTR"
"PY17X_1019600",562,"UGUAAAAUA","5' UTR"
"PY17X_1020900",276,"UGUAAAAUA","5' UTR"
"PY17X_1023100",185,"UGUAAAAUA","5' UTR"
"PY17X_1023600",311,"UGUAAAAUA","5' UTR"
"PY17X_1024700",566,"UGUAAAAUA","5' UTR"
"PY17X_1025300",288,"UGUAAAAUA","5' UTR"
"PY17X_1025300",421,"UGUAAAAUA","5' UTR"
"PY17X_1027200",680,"UGUAAAAUA","5' UTR"
"PY17X_1027200",697,"UGUAAAAUA","5' UTR"
"PY17X_1029300",335,"UGUAAAAUA","5' UTR"
"PY17X_1032500",259,"UGUAAAAUA","5' UTR"
"PY17X_1033600",568,"UGUAAAAUA","5' UTR"
"PY17X_1034700",144,"UGUAAAAUA","5' UTR"
"PY17X_1034800",7,"UGUAAAAUA","5' UTR"
"PY17X_1035000",484,"UGUAAAAUA","5' UTR"
"PY17X_1036500",633,"UGUAAAAUA","5' UTR"
"PY17X_1036800",2,"UGUAAAAUA","5' UTR"
"PY17X_1037000",160,"UGUAAAAUA","5' UTR"
"PY17X_1037100",174,"UGUAAAAUA","5' UTR"
"PY17X_1038500",788,"UGUAAAAUA","5' UTR"
"PY17X_1041300",679,"UGUAAAAUA","5' UTR"
"PY17X_1041500",233,"UGUAAAAUA","5' UTR"
"PY17X_1045200",755,"UGUAAAAUA","5' UTR"
"PY17X_1101400",754,"UGUAAAAUA","5' UTR"
"PY17X_1102800",531,"UGUAAAAUA","5' UTR"
"PY17X_1103100",553,"UGUAAAAUA","5' UTR"
"PY17X_1103700",150,"UGUAAAAUA","5' UTR"
"PY17X_1103900",486,"UGUAAAAUA","5' UTR"
"PY17X_1104400",346,"UGUAAAAUA","5' UTR"
"PY17X_1105000",466,"UGUAAAAUA","5' UTR"
"PY17X_1105500",224,"UGUAAAAUA","5' UTR"
"PY17X_1106500",405,"UGUAAAAUA","5' UTR"
"PY17X_1107200",501,"UGUAAAAUA","5' UTR"
"PY17X_1107400",197,"UGUAAAAUA","5' UTR"
"PY17X_1107400",332,"UGUAAAAUA","5' UTR"
"PY17X_1110900",789,"UGUAAAAUA","5' UTR"
"PY17X_1112000",597,"UGUAAAAUA","5' UTR"
"PY17X_1112300",781,"UGUAAAAUA","5' UTR"
"PY17X_1112600",533,"UGUAAAAUA","5' UTR"
"PY17X_1114300",222,"UGUAAAAUA","5' UTR"
"PY17X_1115000",223,"UGUAAAAUA","5' UTR"
"PY17X_1115000",669,"UGUAAAAUA","5' UTR"
"PY17X_1118900",765,"UGUAAAAUA","5' UTR"
"PY17X_1119800",518,"UGUAAAAUA","5' UTR"
"PY17X_1121000",611,"UGUAAAAUA","5' UTR"
"PY17X_1121800",288,"UGUAAAAUA","5' UTR"
"PY17X_1122600",309,"UGUAAAAUA","5' UTR"
"PY17X_1123900",588,"UGUAAAAUA","5' UTR"
"PY17X_1124400",413,"UGUAAAAUA","5' UTR"
"PY17X_1124800",195,"UGUAAAAUA","5' UTR"
"PY17X_1124900",576,"UGUAAAAUA","5' UTR"
"PY17X_1126600",377,"UGUAAAAUA","5' UTR"
"PY17X_1126800",437,"UGUAAAAUA","5' UTR"
"PY17X_1126900",659,"UGUAAAAUA","5' UTR"
"PY17X_1127700",118,"UGUAAAAUA","5' UTR"
"PY17X_1129600",734,"UGUAAAAUA","5' UTR"
"PY17X_1130000",88,"UGUAAAAUA","5' UTR"
"PY17X_1131600",113,"UGUAAAAUA","5' UTR"
"PY17X_1132000",772,"UGUAAAAUA","5' UTR"
"PY17X_1132200",258,"UGUAAAAUA","5' UTR"
"PY17X_1133200",384,"UGUAAAAUA","5' UTR"
"PY17X_1134000",525,"UGUAAAAUA","5' UTR"
"PY17X_1135300",536,"UGUAAAAUA","5' UTR"
"PY17X_1135400",571,"UGUAAAAUA","5' UTR"
"PY17X_1135600",620,"UGUAAAAUA","5' UTR"
"PY17X_1136100",653,"UGUAAAAUA","5' UTR"
"PY17X_1136900",138,"UGUAAAAUA","5' UTR"
"PY17X_1137700",231,"UGUAAAAUA","5' UTR"
"PY17X_1141000",545,"UGUAAAAUA","5' UTR"
"PY17X_1141400",707,"UGUAAAAUA","5' UTR"
"PY17X_1142800",43,"UGUAAAAUA","5' UTR"
"PY17X_1142800",191,"UGUAAAAUA","5' UTR"
"PY17X_1145300",405,"UGUAAAAUA","5' UTR"
"PY17X_1145900",112,"UGUAAAAUA","5' UTR"
"PY17X_1146800",287,"UGUAAAAUA","5' UTR"
"PY17X_1148300",754,"UGUAAAAUA","5' UTR"
"PY17X_1148700",102,"UGUAAAAUA","5' UTR"
"PY17X_1203100",106,"UGUAAAAUA","5' UTR"
"PY17X_1206000",556,"UGUAAAAUA","5' UTR"
"PY17X_1206100",373,"UGUAAAAUA","5' UTR"
"PY17X_1207100",784,"UGUAAAAUA","5' UTR"
"PY17X_1209100",490,"UGUAAAAUA","5' UTR"
"PY17X_1210200",660,"UGUAAAAUA","5' UTR"
"PY17X_1211800",122,"UGUAAAAUA","5' UTR"
"PY17X_1214200",574,"UGUAAAAUA","5' UTR"
"PY17X_1218900",214,"UGUAAAAUA","5' UTR"
"PY17X_1219200",385,"UGUAAAAUA","5' UTR"
"PY17X_1221800",104,"UGUAAAAUA","5' UTR"
"PY17X_1223800",681,"UGUAAAAUA","5' UTR"
"PY17X_1226200",626,"UGUAAAAUA","5' UTR"
"PY17X_1226200",656,"UGUAAAAUA","5' UTR"
"PY17X_1226200",720,"UGUAAAAUA","5' UTR"
"PY17X_1226200",752,"UGUAAAAUA","5' UTR"
"PY17X_1226300",55,"UGUAAAAUA","5' UTR"
"PY17X_1226500",631,"UGUAAAAUA","5' UTR"
"PY17X_1227100",93,"UGUAAAAUA","5' UTR"
"PY17X_1227900",685,"UGUAAAAUA","5' UTR"
"PY17X_1228300",127,"UGUAAAAUA","5' UTR"
"PY17X_1228500",695,"UGUAAAAUA","5' UTR"
"PY17X_1229000",447,"UGUAAAAUA","5' UTR"
"PY17X_1231400",221,"UGUAAAAUA","5' UTR"
"PY17X_1232600",789,"UGUAAAAUA","5' UTR"
"PY17X_1232900",177,"UGUAAAAUA","5' UTR"
"PY17X_1234100",714,"UGUAAAAUA","5' UTR"
"PY17X_1234500",36,"UGUAAAAUA","5' UTR"
"PY17X_1236000",725,"UGUAAAAUA","5' UTR"
"PY17X_1236300",762,"UGUAAAAUA","5' UTR"
"PY17X_1237600",641,"UGUAAAAUA","5' UTR"
"PY17X_1238200",525,"UGUAAAAUA","5' UTR"
"PY17X_1239000",496,"UGUAAAAUA","5' UTR"
"PY17X_1240300",174,"UGUAAAAUA","5' UTR"
"PY17X_1242000",271,"UGUAAAAUA","5' UTR"
"PY17X_1242300",769,"UGUAAAAUA","5' UTR"
"PY17X_1248100",163,"UGUAAAAUA","5' UTR"
"PY17X_1300007",106,"UGUAAAAUA","5' UTR"
"PY17X_1302000",754,"UGUAAAAUA","5' UTR"
"PY17X_1304900",35,"UGUAAAAUA","5' UTR"
"PY17X_1305700",500,"UGUAAAAUA","5' UTR"
"PY17X_1306200",48,"UGUAAAAUA","5' UTR"
"PY17X_1309400",103,"UGUAAAAUA","5' UTR"
"PY17X_1310300",210,"UGUAAAAUA","5' UTR"
"PY17X_1311500",565,"UGUAAAAUA","5' UTR"
"PY17X_1314400",228,"UGUAAAAUA","5' UTR"
"PY17X_1314500",214,"UGUAAAAUA","5' UTR"
"PY17X_1314500",299,"UGUAAAAUA","5' UTR"
"PY17X_1314600",719,"UGUAAAAUA","5' UTR"
"PY17X_1315400",173,"UGUAAAAUA","5' UTR"
"PY17X_1315900",349,"UGUAAAAUA","5' UTR"
"PY17X_1316900",783,"UGUAAAAUA","5' UTR"
"PY17X_1317600",426,"UGUAAAAUA","5' UTR"
"PY17X_1318100",672,"UGUAAAAUA","5' UTR"
"PY17X_1318300",141,"UGUAAAAUA","5' UTR"
"PY17X_1319600",391,"UGUAAAAUA","5' UTR"
"PY17X_1320100",725,"UGUAAAAUA","5' UTR"
"PY17X_1321700",57,"UGUAAAAUA","5' UTR"
"PY17X_1325200",422,"UGUAAAAUA","5' UTR"
"PY17X_1326300",127,"UGUAAAAUA","5' UTR"
"PY17X_1326600",456,"UGUAAAAUA","5' UTR"
"PY17X_1328500",434,"UGUAAAAUA","5' UTR"
"PY17X_1329000",772,"UGUAAAAUA","5' UTR"
"PY17X_1330400",389,"UGUAAAAUA","5' UTR"
"PY17X_1330600",567,"UGUAAAAUA","5' UTR"
"PY17X_1331800",233,"UGUAAAAUA","5' UTR"
"PY17X_1332200",543,"UGUAAAAUA","5' UTR"
"PY17X_1333300",531,"UGUAAAAUA","5' UTR"
"PY17X_1333900",717,"UGUAAAAUA","5' UTR"
"PY17X_1337400",35,"UGUAAAAUA","5' UTR"
"PY17X_1338300",524,"UGUAAAAUA","5' UTR"
"PY17X_1341400",643,"UGUAAAAUA","5' UTR"
"PY17X_1342200",65,"UGUAAAAUA","5' UTR"
"PY17X_1342900",172,"UGUAAAAUA","5' UTR"
"PY17X_1343800",636,"UGUAAAAUA","5' UTR"
"PY17X_1347600",322,"UGUAAAAUA","5' UTR"
"PY17X_1347900",683,"UGUAAAAUA","5' UTR"
"PY17X_1348700",622,"UGUAAAAUA","5' UTR"
"PY17X_1349100",258,"UGUAAAAUA","5' UTR"
"PY17X_1352700",733,"UGUAAAAUA","5' UTR"
"PY17X_1354300",340,"UGUAAAAUA","5' UTR"
"PY17X_1355200",795,"UGUAAAAUA","5' UTR"
"PY17X_1357000",270,"UGUAAAAUA","5' UTR"
"PY17X_1358900",17,"UGUAAAAUA","5' UTR"
"PY17X_1359000",671,"UGUAAAAUA","5' UTR"
"PY17X_1359100",715,"UGUAAAAUA","5' UTR"
"PY17X_1360100",513,"UGUAAAAUA","5' UTR"
"PY17X_1360800",147,"UGUAAAAUA","5' UTR"
"PY17X_1361100",403,"UGUAAAAUA","5' UTR"
"PY17X_1361800",142,"UGUAAAAUA","5' UTR"
"PY17X_1363500",130,"UGUAAAAUA","5' UTR"
"PY17X_1366100",640,"UGUAAAAUA","5' UTR"
"PY17X_1366200",789,"UGUAAAAUA","5' UTR"
"PY17X_1370100",428,"UGUAAAAUA","5' UTR"
"PY17X_1370800",545,"UGUAAAAUA","5' UTR"
"PY17X_1401200",748,"UGUAAAAUA","5' UTR"
"PY17X_1405000",698,"UGUAAAAUA","5' UTR"
"PY17X_1405800",541,"UGUAAAAUA","5' UTR"
"PY17X_1406900",774,"UGUAAAAUA","5' UTR"
"PY17X_1407400",126,"UGUAAAAUA","5' UTR"
"PY17X_1409500",69,"UGUAAAAUA","5' UTR"
"PY17X_1410000",484,"UGUAAAAUA","5' UTR"
"PY17X_1410500",614,"UGUAAAAUA","5' UTR"
"PY17X_1411000",604,"UGUAAAAUA","5' UTR"
"PY17X_1413000",465,"UGUAAAAUA","5' UTR"
"PY17X_1413800",304,"UGUAAAAUA","5' UTR"
"PY17X_1415900",457,"UGUAAAAUA","5' UTR"
"PY17X_1416400",317,"UGUAAAAUA","5' UTR"
"PY17X_1419500",10,"UGUAAAAUA","5' UTR"
"PY17X_1420600",174,"UGUAAAAUA","5' UTR"
"PY17X_1426100",473,"UGUAAAAUA","5' UTR"
"PY17X_1426400",222,"UGUAAAAUA","5' UTR"
"PY17X_1427500",452,"UGUAAAAUA","5' UTR"
"PY17X_1427800",376,"UGUAAAAUA","5' UTR"
"PY17X_1428400",488,"UGUAAAAUA","5' UTR"
"PY17X_1430150",757,"UGUAAAAUA","5' UTR"
"PY17X_1432000",712,"UGUAAAAUA","5' UTR"
"PY17X_1432100",390,"UGUAAAAUA","5' UTR"
"PY17X_1433300",18,"UGUAAAAUA","5' UTR"
"PY17X_1433500",786,"UGUAAAAUA","5' UTR"
"PY17X_1435700",136,"UGUAAAAUA","5' UTR"
"PY17X_1435800",548,"UGUAAAAUA","5' UTR"
"PY17X_1436800",4,"UGUAAAAUA","5' UTR"
"PY17X_1437400",492,"UGUAAAAUA","5' UTR"
"PY17X_1438200",376,"UGUAAAAUA","5' UTR"
"PY17X_1438200",783,"UGUAAAAUA","5' UTR"
"PY17X_1438600",232,"UGUAAAAUA","5' UTR"
"PY17X_1438700",184,"UGUAAAAUA","5' UTR"
"PY17X_1439200",113,"UGUAAAAUA","5' UTR"
"PY17X_1439900",470,"UGUAAAAUA","5' UTR"
"PY17X_1440600",325,"UGUAAAAUA","5' UTR"
"PY17X_1440900",758,"UGUAAAAUA","5' UTR"
"PY17X_1441200",336,"UGUAAAAUA","5' UTR"
"PY17X_1442800",384,"UGUAAAAUA","5' UTR"
"PY17X_1444000",243,"UGUAAAAUA","5' UTR"
"PY17X_1444700",489,"UGUAAAAUA","5' UTR"
"PY17X_1444800",46,"UGUAAAAUA","5' UTR"
"PY17X_1446500",708,"UGUAAAAUA","5' UTR"
"PY17X_1446800",256,"UGUAAAAUA","5' UTR"
"PY17X_1446800",439,"UGUAAAAUA","5' UTR"
"PY17X_1447400",585,"UGUAAAAUA","5' UTR"
"PY17X_1449000",105,"UGUAAAAUA","5' UTR"
"PY17X_1449200",361,"UGUAAAAUA","5' UTR"
"PY17X_1449700",413,"UGUAAAAUA","5' UTR"
"PY17X_1452500",30,"UGUAAAAUA","5' UTR"
"PY17X_1453750",482,"UGUAAAAUA","5' UTR"
"PY17X_1454100",3,"UGUAAAAUA","5' UTR"
"PY17X_1454700",301,"UGUAAAAUA","5' UTR"
"PY17X_1456100",45,"UGUAAAAUA","5' UTR"
"PY17X_1457500",615,"UGUAAAAUA","5' UTR"
"PY17X_1458400",585,"UGUAAAAUA","5' UTR"
"PY17X_1458400",656,"UGUAAAAUA","5' UTR"
"PY17X_1458800",399,"UGUAAAAUA","5' UTR"
"PY17X_1458800",693,"UGUAAAAUA","5' UTR"
"PY17X_1460700",3,"UGUAAAAUA","5' UTR"
"PY17X_1464800",780,"UGUAAAAUA","5' UTR"
"PY17X_1466700",274,"UGUAAAAUA","5' UTR"
"PY17X_1467600",379,"UGUAAAAUA","5' UTR"
"PY17X_1470901",17,"UGUAAAAUA","5' UTR"
"PY17X_API00200",137,"UGUAAAAUA","5' UTR"
"PY17X_API02200",87,"UGUAAAAUA","5' UTR"
"PY17X_API02300",449,"UGUAAAAUA","5' UTR"
"PY17X_API02400",670,"UGUAAAAUA","5' UTR"
"PY17X_0100053",309,"UGUAAAAUA","CDS"
"PY17X_0102800",1128,"UGUAAAAUA","CDS"
"PY17X_0103800",2656,"UGUAAAAUA","CDS"
"PY17X_0106000",331,"UGUAAAAUA","CDS"
"PY17X_0106800",4096,"UGUAAAAUA","CDS"
"PY17X_0106800",5254,"UGUAAAAUA","CDS"
"PY17X_0109400",1287,"UGUAAAAUA","CDS"
"PY17X_0111300",1243,"UGUAAAAUA","CDS"
"PY17X_0111300",1564,"UGUAAAAUA","CDS"
"PY17X_0113800",1344,"UGUAAAAUA","CDS"
"PY17X_0117100",237,"UGUAAAAUA","CDS"
"PY17X_0203600",538,"UGUAAAAUA","CDS"
"PY17X_0204000",72,"UGUAAAAUA","CDS"
"PY17X_0204900",1183,"UGUAAAAUA","CDS"
"PY17X_0207300",388,"UGUAAAAUA","CDS"
"PY17X_0208900",2319,"UGUAAAAUA","CDS"
"PY17X_0211600",1126,"UGUAAAAUA","CDS"
"PY17X_0212000",763,"UGUAAAAUA","CDS"
"PY17X_0213600",9178,"UGUAAAAUA","CDS"
"PY17X_0213700",265,"UGUAAAAUA","CDS"
"PY17X_0303300",505,"UGUAAAAUA","CDS"
"PY17X_0304200",393,"UGUAAAAUA","CDS"
"PY17X_0305400",1692,"UGUAAAAUA","CDS"
"PY17X_0306000",3981,"UGUAAAAUA","CDS"
"PY17X_0306700",2461,"UGUAAAAUA","CDS"
"PY17X_0306700",2956,"UGUAAAAUA","CDS"
"PY17X_0306700",6355,"UGUAAAAUA","CDS"
"PY17X_0309800",2293,"UGUAAAAUA","CDS"
"PY17X_0311500",3138,"UGUAAAAUA","CDS"
"PY17X_0311700",1713,"UGUAAAAUA","CDS"
"PY17X_0314400",3676,"UGUAAAAUA","CDS"
"PY17X_0402200",741,"UGUAAAAUA","CDS"
"PY17X_0404800",13,"UGUAAAAUA","CDS"
"PY17X_0405800",8325,"UGUAAAAUA","CDS"
"PY17X_0408500",10159,"UGUAAAAUA","CDS"
"PY17X_0408700",676,"UGUAAAAUA","CDS"
"PY17X_0411500",553,"UGUAAAAUA","CDS"
"PY17X_0411700",2598,"UGUAAAAUA","CDS"
"PY17X_0419900",2869,"UGUAAAAUA","CDS"
"PY17X_0420900",627,"UGUAAAAUA","CDS"
"PY17X_0500017",502,"UGUAAAAUA","CDS"
"PY17X_0500057",315,"UGUAAAAUA","CDS"
"PY17X_0504900",1132,"UGUAAAAUA","CDS"
"PY17X_0506000",1042,"UGUAAAAUA","CDS"
"PY17X_0506300",703,"UGUAAAAUA","CDS"
"PY17X_0508300",67,"UGUAAAAUA","CDS"
"PY17X_0508400",10408,"UGUAAAAUA","CDS"
"PY17X_0509000",570,"UGUAAAAUA","CDS"
"PY17X_0509000",1954,"UGUAAAAUA","CDS"
"PY17X_0510200",3162,"UGUAAAAUA","CDS"
"PY17X_0514800",189,"UGUAAAAUA","CDS"
"PY17X_0515200",2488,"UGUAAAAUA","CDS"
"PY17X_0515500",540,"UGUAAAAUA","CDS"
"PY17X_0518700",924,"UGUAAAAUA","CDS"
"PY17X_0519400",643,"UGUAAAAUA","CDS"
"PY17X_0521500",1348,"UGUAAAAUA","CDS"
"PY17X_0523100",2514,"UGUAAAAUA","CDS"
"PY17X_0523400",301,"UGUAAAAUA","CDS"
"PY17X_0523500",1762,"UGUAAAAUA","CDS"
"PY17X_0523600",253,"UGUAAAAUA","CDS"
"PY17X_0526000",138,"UGUAAAAUA","CDS"
"PY17X_0527400",558,"UGUAAAAUA","CDS"
"PY17X_0527801",309,"UGUAAAAUA","CDS"
"PY17X_0528301",490,"UGUAAAAUA","CDS"
"PY17X_0600131",315,"UGUAAAAUA","CDS"
"PY17X_0602000",102,"UGUAAAAUA","CDS"
"PY17X_0603600",1453,"UGUAAAAUA","CDS"
"PY17X_0604100",3109,"UGUAAAAUA","CDS"
"PY17X_0606700",2806,"UGUAAAAUA","CDS"
"PY17X_0607300",1419,"UGUAAAAUA","CDS"
"PY17X_0607600",2674,"UGUAAAAUA","CDS"
"PY17X_0609100",7537,"UGUAAAAUA","CDS"
"PY17X_0609900",3123,"UGUAAAAUA","CDS"
"PY17X_0611400",396,"UGUAAAAUA","CDS"
"PY17X_0611600",1639,"UGUAAAAUA","CDS"
"PY17X_0612200",334,"UGUAAAAUA","CDS"
"PY17X_0612500",142,"UGUAAAAUA","CDS"
"PY17X_0613600",958,"UGUAAAAUA","CDS"
"PY17X_0615800",5004,"UGUAAAAUA","CDS"
"PY17X_0615800",5823,"UGUAAAAUA","CDS"
"PY17X_0615900",1948,"UGUAAAAUA","CDS"
"PY17X_0619400",186,"UGUAAAAUA","CDS"
"PY17X_0620100",2896,"UGUAAAAUA","CDS"
"PY17X_0620900",978,"UGUAAAAUA","CDS"
"PY17X_0621200",3523,"UGUAAAAUA","CDS"
"PY17X_0624000",4666,"UGUAAAAUA","CDS"
"PY17X_0625300",1425,"UGUAAAAUA","CDS"
"PY17X_0701171",772,"UGUAAAAUA","CDS"
"PY17X_0702000",643,"UGUAAAAUA","CDS"
"PY17X_0704500",475,"UGUAAAAUA","CDS"
"PY17X_0708500",895,"UGUAAAAUA","CDS"
"PY17X_0708800",76,"UGUAAAAUA","CDS"
"PY17X_0710300",1044,"UGUAAAAUA","CDS"
"PY17X_0712000",2560,"UGUAAAAUA","CDS"
"PY17X_0718500",2074,"UGUAAAAUA","CDS"
"PY17X_0719500",2404,"UGUAAAAUA","CDS"
"PY17X_0719500",5931,"UGUAAAAUA","CDS"
"PY17X_0719500",14244,"UGUAAAAUA","CDS"
"PY17X_0720100",3840,"UGUAAAAUA","CDS"
"PY17X_0721500",3174,"UGUAAAAUA","CDS"
"PY17X_0722000",4249,"UGUAAAAUA","CDS"
"PY17X_0722000",6106,"UGUAAAAUA","CDS"
"PY17X_0804300",1974,"UGUAAAAUA","CDS"
"PY17X_0804900",940,"UGUAAAAUA","CDS"
"PY17X_0805000",768,"UGUAAAAUA","CDS"
"PY17X_0805000",2113,"UGUAAAAUA","CDS"
"PY17X_0805300",810,"UGUAAAAUA","CDS"
"PY17X_0805600",420,"UGUAAAAUA","CDS"
"PY17X_0805800",864,"UGUAAAAUA","CDS"
"PY17X_0807500",304,"UGUAAAAUA","CDS"
"PY17X_0807800",1842,"UGUAAAAUA","CDS"
"PY17X_0808000",2545,"UGUAAAAUA","CDS"
"PY17X_0808600",2223,"UGUAAAAUA","CDS"
"PY17X_0809800",454,"UGUAAAAUA","CDS"
"PY17X_0809800",1354,"UGUAAAAUA","CDS"
"PY17X_0810200",5791,"UGUAAAAUA","CDS"
"PY17X_0810900",2170,"UGUAAAAUA","CDS"
"PY17X_0810900",3015,"UGUAAAAUA","CDS"
"PY17X_0811100",1270,"UGUAAAAUA","CDS"
"PY17X_0811200",3297,"UGUAAAAUA","CDS"
"PY17X_0813500",1579,"UGUAAAAUA","CDS"
"PY17X_0813500",2041,"UGUAAAAUA","CDS"
"PY17X_0814200",250,"UGUAAAAUA","CDS"
"PY17X_0814400",816,"UGUAAAAUA","CDS"
"PY17X_0814700",7068,"UGUAAAAUA","CDS"
"PY17X_0817400",1342,"UGUAAAAUA","CDS"
"PY17X_0819400",127,"UGUAAAAUA","CDS"
"PY17X_0824700",567,"UGUAAAAUA","CDS"
"PY17X_0825400",1995,"UGUAAAAUA","CDS"
"PY17X_0825400",3679,"UGUAAAAUA","CDS"
"PY17X_0827000",4996,"UGUAAAAUA","CDS"
"PY17X_0828800",2335,"UGUAAAAUA","CDS"
"PY17X_0833300",255,"UGUAAAAUA","CDS"
"PY17X_0834900",3013,"UGUAAAAUA","CDS"
"PY17X_0834900",4239,"UGUAAAAUA","CDS"
"PY17X_0834900",8187,"UGUAAAAUA","CDS"
"PY17X_0837000",1573,"UGUAAAAUA","CDS"
"PY17X_0838600",330,"UGUAAAAUA","CDS"
"PY17X_0905400",391,"UGUAAAAUA","CDS"
"PY17X_0906500",354,"UGUAAAAUA","CDS"
"PY17X_0907500",732,"UGUAAAAUA","CDS"
"PY17X_0910600",4264,"UGUAAAAUA","CDS"
"PY17X_0911700",6225,"UGUAAAAUA","CDS"
"PY17X_0913800",2601,"UGUAAAAUA","CDS"
"PY17X_0915400",4551,"UGUAAAAUA","CDS"
"PY17X_0915700",138,"UGUAAAAUA","CDS"
"PY17X_0916600",250,"UGUAAAAUA","CDS"
"PY17X_0917000",181,"UGUAAAAUA","CDS"
"PY17X_0917700",378,"UGUAAAAUA","CDS"
"PY17X_0918400",825,"UGUAAAAUA","CDS"
"PY17X_0918900",1702,"UGUAAAAUA","CDS"
"PY17X_0918900",2437,"UGUAAAAUA","CDS"
"PY17X_0918900",2637,"UGUAAAAUA","CDS"
"PY17X_0920400",787,"UGUAAAAUA","CDS"
"PY17X_0924000",88,"UGUAAAAUA","CDS"
"PY17X_0924300",883,"UGUAAAAUA","CDS"
"PY17X_0925000",1099,"UGUAAAAUA","CDS"
"PY17X_0925200",132,"UGUAAAAUA","CDS"
"PY17X_0926500",2706,"UGUAAAAUA","CDS"
"PY17X_0927000",1869,"UGUAAAAUA","CDS"
"PY17X_0927800",2100,"UGUAAAAUA","CDS"
"PY17X_0928200",9,"UGUAAAAUA","CDS"
"PY17X_0928200",1243,"UGUAAAAUA","CDS"
"PY17X_0931100",462,"UGUAAAAUA","CDS"
"PY17X_0934900",309,"UGUAAAAUA","CDS"
"PY17X_0935000",1323,"UGUAAAAUA","CDS"
"PY17X_0936400",108,"UGUAAAAUA","CDS"
"PY17X_0936600",9891,"UGUAAAAUA","CDS"
"PY17X_0938700",1362,"UGUAAAAUA","CDS"
"PY17X_0940300",412,"UGUAAAAUA","CDS"
"PY17X_0941400",1000,"UGUAAAAUA","CDS"
"PY17X_0941500",1033,"UGUAAAAUA","CDS"
"PY17X_0941600",132,"UGUAAAAUA","CDS"
"PY17X_0942700",1018,"UGUAAAAUA","CDS"
"PY17X_0943800",561,"UGUAAAAUA","CDS"
"PY17X_0944000",370,"UGUAAAAUA","CDS"
"PY17X_0945600",2104,"UGUAAAAUA","CDS"
"PY17X_1000007",508,"UGUAAAAUA","CDS"
"PY17X_1000085",603,"UGUAAAAUA","CDS"
"PY17X_1003500",699,"UGUAAAAUA","CDS"
"PY17X_1003700",10515,"UGUAAAAUA","CDS"
"PY17X_1003800",2316,"UGUAAAAUA","CDS"
"PY17X_1004300",66,"UGUAAAAUA","CDS"
"PY17X_1004300",490,"UGUAAAAUA","CDS"
"PY17X_1008800",573,"UGUAAAAUA","CDS"
"PY17X_1009800",993,"UGUAAAAUA","CDS"
"PY17X_1010800",895,"UGUAAAAUA","CDS"
"PY17X_1011200",1116,"UGUAAAAUA","CDS"
"PY17X_1011900",9268,"UGUAAAAUA","CDS"
"PY17X_1012600",1222,"UGUAAAAUA","CDS"
"PY17X_1013200",2592,"UGUAAAAUA","CDS"
"PY17X_1013800",3160,"UGUAAAAUA","CDS"
"PY17X_1015100",229,"UGUAAAAUA","CDS"
"PY17X_1016300",1789,"UGUAAAAUA","CDS"
"PY17X_1016800",1353,"UGUAAAAUA","CDS"
"PY17X_1019600",75,"UGUAAAAUA","CDS"
"PY17X_1019600",1698,"UGUAAAAUA","CDS"
"PY17X_1021600",3468,"UGUAAAAUA","CDS"
"PY17X_1023700",91,"UGUAAAAUA","CDS"
"PY17X_1024700",67,"UGUAAAAUA","CDS"
"PY17X_1024800",499,"UGUAAAAUA","CDS"
"PY17X_1024900",171,"UGUAAAAUA","CDS"
"PY17X_1027000",7351,"UGUAAAAUA","CDS"
"PY17X_1027500",169,"UGUAAAAUA","CDS"
"PY17X_1027500",12523,"UGUAAAAUA","CDS"
"PY17X_1029400",31,"UGUAAAAUA","CDS"
"PY17X_1033900",298,"UGUAAAAUA","CDS"
"PY17X_1034600",3040,"UGUAAAAUA","CDS"
"PY17X_1034600",8776,"UGUAAAAUA","CDS"
"PY17X_1035100",1365,"UGUAAAAUA","CDS"
"PY17X_1035400",300,"UGUAAAAUA","CDS"
"PY17X_1036000",454,"UGUAAAAUA","CDS"
"PY17X_1038000",1549,"UGUAAAAUA","CDS"
"PY17X_1039600",240,"UGUAAAAUA","CDS"
"PY17X_1041100",3625,"UGUAAAAUA","CDS"
"PY17X_1041200",439,"UGUAAAAUA","CDS"
"PY17X_1048001",546,"UGUAAAAUA","CDS"
"PY17X_1100025",315,"UGUAAAAUA","CDS"
"PY17X_1102600",937,"UGUAAAAUA","CDS"
"PY17X_1103400",927,"UGUAAAAUA","CDS"
"PY17X_1103400",1633,"UGUAAAAUA","CDS"
"PY17X_1104000",928,"UGUAAAAUA","CDS"
"PY17X_1104400",1509,"UGUAAAAUA","CDS"
"PY17X_1105500",11274,"UGUAAAAUA","CDS"
"PY17X_1107500",1938,"UGUAAAAUA","CDS"
"PY17X_1108800",1354,"UGUAAAAUA","CDS"
"PY17X_1109200",4783,"UGUAAAAUA","CDS"
"PY17X_1109200",5145,"UGUAAAAUA","CDS"
"PY17X_1110500",1663,"UGUAAAAUA","CDS"
"PY17X_1110500",2644,"UGUAAAAUA","CDS"
"PY17X_1111200",334,"UGUAAAAUA","CDS"
"PY17X_1112000",219,"UGUAAAAUA","CDS"
"PY17X_1112200",16981,"UGUAAAAUA","CDS"
"PY17X_1112200",20515,"UGUAAAAUA","CDS"
"PY17X_1115500",1885,"UGUAAAAUA","CDS"
"PY17X_1116300",541,"UGUAAAAUA","CDS"
"PY17X_1118700",469,"UGUAAAAUA","CDS"
"PY17X_1119600",5718,"UGUAAAAUA","CDS"
"PY17X_1119900",508,"UGUAAAAUA","CDS"
"PY17X_1120800",1003,"UGUAAAAUA","CDS"
"PY17X_1122500",2404,"UGUAAAAUA","CDS"
"PY17X_1124900",214,"UGUAAAAUA","CDS"
"PY17X_1126700",382,"UGUAAAAUA","CDS"
"PY17X_1127900",1114,"UGUAAAAUA","CDS"
"PY17X_1130000",6049,"UGUAAAAUA","CDS"
"PY17X_1130000",18418,"UGUAAAAUA","CDS"
"PY17X_1130600",855,"UGUAAAAUA","CDS"
"PY17X_1131000",687,"UGUAAAAUA","CDS"
"PY17X_1133500",3136,"UGUAAAAUA","CDS"
"PY17X_1134600",1591,"UGUAAAAUA","CDS"
"PY17X_1135800",4500,"UGUAAAAUA","CDS"
"PY17X_1136800",2608,"UGUAAAAUA","CDS"
"PY17X_1136800",3879,"UGUAAAAUA","CDS"
"PY17X_1136800",7396,"UGUAAAAUA","CDS"
"PY17X_1139200",3861,"UGUAAAAUA","CDS"
"PY17X_1139200",6568,"UGUAAAAUA","CDS"
"PY17X_1139600",1162,"UGUAAAAUA","CDS"
"PY17X_1139800",1032,"UGUAAAAUA","CDS"
"PY17X_1140300",2088,"UGUAAAAUA","CDS"
"PY17X_1140500",2181,"UGUAAAAUA","CDS"
"PY17X_1141700",205,"UGUAAAAUA","CDS"
"PY17X_1141700",1105,"UGUAAAAUA","CDS"
"PY17X_1141800",160,"UGUAAAAUA","CDS"
"PY17X_1141900",190,"UGUAAAAUA","CDS"
"PY17X_1141900",1086,"UGUAAAAUA","CDS"
"PY17X_1143500",4036,"UGUAAAAUA","CDS"
"PY17X_1144900",1627,"UGUAAAAUA","CDS"
"PY17X_1145700",244,"UGUAAAAUA","CDS"
"PY17X_1148700",508,"UGUAAAAUA","CDS"
"PY17X_1150400",16,"UGUAAAAUA","CDS"
"PY17X_1201100",255,"UGUAAAAUA","CDS"
"PY17X_1203500",751,"UGUAAAAUA","CDS"
"PY17X_1203800",199,"UGUAAAAUA","CDS"
"PY17X_1205600",894,"UGUAAAAUA","CDS"
"PY17X_1205800",781,"UGUAAAAUA","CDS"
"PY17X_1206100",318,"UGUAAAAUA","CDS"
"PY17X_1213200",535,"UGUAAAAUA","CDS"
"PY17X_1214300",1254,"UGUAAAAUA","CDS"
"PY17X_1214400",147,"UGUAAAAUA","CDS"
"PY17X_1216100",2484,"UGUAAAAUA","CDS"
"PY17X_1217800",367,"UGUAAAAUA","CDS"
"PY17X_1217800",679,"UGUAAAAUA","CDS"
"PY17X_1221200",1096,"UGUAAAAUA","CDS"
"PY17X_1224000",1381,"UGUAAAAUA","CDS"
"PY17X_1224800",87,"UGUAAAAUA","CDS"
"PY17X_1225700",270,"UGUAAAAUA","CDS"
"PY17X_1226600",672,"UGUAAAAUA","CDS"
"PY17X_1228200",2475,"UGUAAAAUA","CDS"
"PY17X_1229300",669,"UGUAAAAUA","CDS"
"PY17X_1230300",2317,"UGUAAAAUA","CDS"
"PY17X_1230300",2392,"UGUAAAAUA","CDS"
"PY17X_1230700",184,"UGUAAAAUA","CDS"
"PY17X_1232000",2571,"UGUAAAAUA","CDS"
"PY17X_1233600",919,"UGUAAAAUA","CDS"
"PY17X_1233700",25,"UGUAAAAUA","CDS"
"PY17X_1234100",661,"UGUAAAAUA","CDS"
"PY17X_1234100",1800,"UGUAAAAUA","CDS"
"PY17X_1236200",187,"UGUAAAAUA","CDS"
"PY17X_1237500",177,"UGUAAAAUA","CDS"
"PY17X_1300097",315,"UGUAAAAUA","CDS"
"PY17X_1300223",469,"UGUAAAAUA","CDS"
"PY17X_1301400",351,"UGUAAAAUA","CDS"
"PY17X_1306200",1062,"UGUAAAAUA","CDS"
"PY17X_1307900",1155,"UGUAAAAUA","CDS"
"PY17X_1308100",1758,"UGUAAAAUA","CDS"
"PY17X_1310700",3571,"UGUAAAAUA","CDS"
"PY17X_1311800",5344,"UGUAAAAUA","CDS"
"PY17X_1311800",9601,"UGUAAAAUA","CDS"
"PY17X_1311800",18705,"UGUAAAAUA","CDS"
"PY17X_1313400",1690,"UGUAAAAUA","CDS"
"PY17X_1314800",93,"UGUAAAAUA","CDS"
"PY17X_1315500",1746,"UGUAAAAUA","CDS"
"PY17X_1320100",6262,"UGUAAAAUA","CDS"
"PY17X_1321000",3597,"UGUAAAAUA","CDS"
"PY17X_1321700",1129,"UGUAAAAUA","CDS"
"PY17X_1324000",5407,"UGUAAAAUA","CDS"
"PY17X_1325400",3516,"UGUAAAAUA","CDS"
"PY17X_1325800",1638,"UGUAAAAUA","CDS"
"PY17X_1325800",3961,"UGUAAAAUA","CDS"
"PY17X_1328200",213,"UGUAAAAUA","CDS"
"PY17X_1330500",14056,"UGUAAAAUA","CDS"
"PY17X_1332200",450,"UGUAAAAUA","CDS"
"PY17X_1332600",2305,"UGUAAAAUA","CDS"
"PY17X_1333200",1702,"UGUAAAAUA","CDS"
"PY17X_1334200",2307,"UGUAAAAUA","CDS"
"PY17X_1336100",2940,"UGUAAAAUA","CDS"
"PY17X_1337500",3057,"UGUAAAAUA","CDS"
"PY17X_1337500",3312,"UGUAAAAUA","CDS"
"PY17X_1339500",1774,"UGUAAAAUA","CDS"
"PY17X_1339500",1900,"UGUAAAAUA","CDS"
"PY17X_1342300",1386,"UGUAAAAUA","CDS"
"PY17X_1342300",2092,"UGUAAAAUA","CDS"
"PY17X_1344200",3385,"UGUAAAAUA","CDS"
"PY17X_1346500",6300,"UGUAAAAUA","CDS"
"PY17X_1348400",301,"UGUAAAAUA","CDS"
"PY17X_1352900",646,"UGUAAAAUA","CDS"
"PY17X_1353200",787,"UGUAAAAUA","CDS"
"PY17X_1354700",1366,"UGUAAAAUA","CDS"
"PY17X_1356700",1204,"UGUAAAAUA","CDS"
"PY17X_1362500",11173,"UGUAAAAUA","CDS"
"PY17X_1362500",16236,"UGUAAAAUA","CDS"
"PY17X_1364100",495,"UGUAAAAUA","CDS"
"PY17X_1364400",766,"UGUAAAAUA","CDS"
"PY17X_1365000",4899,"UGUAAAAUA","CDS"
"PY17X_1365100",828,"UGUAAAAUA","CDS"
"PY17X_1366800",1483,"UGUAAAAUA","CDS"
"PY17X_1366900",4573,"UGUAAAAUA","CDS"
"PY17X_1367200",1300,"UGUAAAAUA","CDS"
"PY17X_1368000",3084,"UGUAAAAUA","CDS"
"PY17X_1369000",489,"UGUAAAAUA","CDS"
"PY17X_1369200",649,"UGUAAAAUA","CDS"
"PY17X_1371100",1120,"UGUAAAAUA","CDS"
"PY17X_1371100",1855,"UGUAAAAUA","CDS"
"PY17X_1403900",685,"UGUAAAAUA","CDS"
"PY17X_1404200",43,"UGUAAAAUA","CDS"
"PY17X_1405500",1173,"UGUAAAAUA","CDS"
"PY17X_1405500",1803,"UGUAAAAUA","CDS"
"PY17X_1405500",8299,"UGUAAAAUA","CDS"
"PY17X_1413000",5284,"UGUAAAAUA","CDS"
"PY17X_1414500",937,"UGUAAAAUA","CDS"
"PY17X_1415100",934,"UGUAAAAUA","CDS"
"PY17X_1415100",952,"UGUAAAAUA","CDS"
"PY17X_1418600",1929,"UGUAAAAUA","CDS"
"PY17X_1420200",279,"UGUAAAAUA","CDS"
"PY17X_1421100",2166,"UGUAAAAUA","CDS"
"PY17X_1421300",4876,"UGUAAAAUA","CDS"
"PY17X_1421300",7350,"UGUAAAAUA","CDS"
"PY17X_1425200",1791,"UGUAAAAUA","CDS"
"PY17X_1427900",1662,"UGUAAAAUA","CDS"
"PY17X_1430200",384,"UGUAAAAUA","CDS"
"PY17X_1435100",441,"UGUAAAAUA","CDS"
"PY17X_1437100",4704,"UGUAAAAUA","CDS"
"PY17X_1437800",3763,"UGUAAAAUA","CDS"
"PY17X_1437900",4030,"UGUAAAAUA","CDS"
"PY17X_1439000",462,"UGUAAAAUA","CDS"
"PY17X_1443100",1663,"UGUAAAAUA","CDS"
"PY17X_1444500",1639,"UGUAAAAUA","CDS"
"PY17X_1445600",444,"UGUAAAAUA","CDS"
"PY17X_1446100",753,"UGUAAAAUA","CDS"
"PY17X_1446100",861,"UGUAAAAUA","CDS"
"PY17X_1452900",5166,"UGUAAAAUA","CDS"
"PY17X_1453100",621,"UGUAAAAUA","CDS"
"PY17X_1455500",2928,"UGUAAAAUA","CDS"
"PY17X_1458100",1651,"UGUAAAAUA","CDS"
"PY17X_1459000",385,"UGUAAAAUA","CDS"
"PY17X_1470101",543,"UGUAAAAUA","CDS"
"PY17X_API00100",768,"UGUAAAAUA","CDS"
"PY17X_API00600",2226,"UGUAAAAUA","CDS"
"PY17X_API02500",265,"UGUAAAAUA","CDS"
"PY17X_0106400",331,"UGUAAACUA","3' UTR"
"PY17X_0106900",211,"UGUAAACUA","3' UTR"
"PY17X_0307500",389,"UGUAAACUA","3' UTR"
"PY17X_0417200",446,"UGUAAACUA","3' UTR"
"PY17X_0515500",680,"UGUAAACUA","3' UTR"
"PY17X_0610800",386,"UGUAAACUA","3' UTR"
"PY17X_0816000",324,"UGUAAACUA","3' UTR"
"PY17X_0821900",57,"UGUAAACUA","3' UTR"
"PY17X_0930200",137,"UGUAAACUA","3' UTR"
"PY17X_0936500",128,"UGUAAACUA","3' UTR"
"PY17X_1125300",253,"UGUAAACUA","3' UTR"
"PY17X_1214700",369,"UGUAAACUA","3' UTR"
"PY17X_1221600",471,"UGUAAACUA","3' UTR"
"PY17X_1225300",496,"UGUAAACUA","3' UTR"
"PY17X_1235900",177,"UGUAAACUA","3' UTR"
"PY17X_1241300",76,"UGUAAACUA","3' UTR"
"PY17X_1318300",84,"UGUAAACUA","3' UTR"
"PY17X_1326100",132,"UGUAAACUA","3' UTR"
"PY17X_1345000",650,"UGUAAACUA","3' UTR"
"PY17X_1402600",218,"UGUAAACUA","3' UTR"
"PY17X_1431700",434,"UGUAAACUA","3' UTR"
"PY17X_0102900",210,"UGUAAACUA","5' UTR"
"PY17X_0201500",372,"UGUAAACUA","5' UTR"
"PY17X_0317300",768,"UGUAAACUA","5' UTR"
"PY17X_0606600",177,"UGUAAACUA","5' UTR"
"PY17X_0610700",13,"UGUAAACUA","5' UTR"
"PY17X_0718600",585,"UGUAAACUA","5' UTR"
"PY17X_0721000",705,"UGUAAACUA","5' UTR"
"PY17X_0816100",598,"UGUAAACUA","5' UTR"
"PY17X_0827300",161,"UGUAAACUA","5' UTR"
"PY17X_0839700",79,"UGUAAACUA","5' UTR"
"PY17X_1013000",784,"UGUAAACUA","5' UTR"
"PY17X_1013400",447,"UGUAAACUA","5' UTR"
"PY17X_1035000",333,"UGUAAACUA","5' UTR"
"PY17X_1115900",447,"UGUAAACUA","5' UTR"
"PY17X_1125400",125,"UGUAAACUA","5' UTR"
"PY17X_1150300",371,"UGUAAACUA","5' UTR"
"PY17X_1221500",488,"UGUAAACUA","5' UTR"
"PY17X_1222300",605,"UGUAAACUA","5' UTR"
"PY17X_1232300",228,"UGUAAACUA","5' UTR"
"PY17X_1232400",717,"UGUAAACUA","5' UTR"
"PY17X_1311400",295,"UGUAAACUA","5' UTR"
"PY17X_1327300",517,"UGUAAACUA","5' UTR"
"PY17X_1332700",507,"UGUAAACUA","5' UTR"
"PY17X_1426400",253,"UGUAAACUA","5' UTR"
"PY17X_1453800",216,"UGUAAACUA","5' UTR"
"PY17X_1462300",170,"UGUAAACUA","5' UTR"
"PY17X_0103200",58,"UGUAAACUA","CDS"
"PY17X_0105600",505,"UGUAAACUA","CDS"
"PY17X_0112100",22,"UGUAAACUA","CDS"
"PY17X_0208200",1713,"UGUAAACUA","CDS"
"PY17X_0403200",997,"UGUAAACUA","CDS"
"PY17X_0410800",277,"UGUAAACUA","CDS"
"PY17X_0413600",2178,"UGUAAACUA","CDS"
"PY17X_0611300",904,"UGUAAACUA","CDS"
"PY17X_0702900",79,"UGUAAACUA","CDS"
"PY17X_0909400",655,"UGUAAACUA","CDS"
"PY17X_1002500",751,"UGUAAACUA","CDS"
"PY17X_1009400",258,"UGUAAACUA","CDS"
"PY17X_1128100",57,"UGUAAACUA","CDS"
"PY17X_1206800",351,"UGUAAACUA","CDS"
"PY17X_1234100",2349,"UGUAAACUA","CDS"
"PY17X_1305600",8365,"UGUAAACUA","CDS"
"PY17X_1319500",2838,"UGUAAACUA","CDS"
"PY17X_1329300",927,"UGUAAACUA","CDS"
"PY17X_1335600",2119,"UGUAAACUA","CDS"
"PY17X_1346700",615,"UGUAAACUA","CDS"
"PY17X_1366400",3588,"UGUAAACUA","CDS"
"PY17X_1407400",703,"UGUAAACUA","CDS"
"PY17X_1413800",1827,"UGUAAACUA","CDS"
"PY17X_1439300",982,"UGUAAACUA","CDS"
"PY17X_1447100",1644,"UGUAAACUA","CDS"
"PY17X_0106800",551,"UGUAAAGUA","3' UTR"
"PY17X_0108100",606,"UGUAAAGUA","3' UTR"
"PY17X_0204700",183,"UGUAAAGUA","3' UTR"
"PY17X_0206300",58,"UGUAAAGUA","3' UTR"
"PY17X_0308400",150,"UGUAAAGUA","3' UTR"
"PY17X_0716400",320,"UGUAAAGUA","3' UTR"
"PY17X_0805800",543,"UGUAAAGUA","3' UTR"
"PY17X_0821800",551,"UGUAAAGUA","3' UTR"
"PY17X_0938300",624,"UGUAAAGUA","3' UTR"
"PY17X_0945100",317,"UGUAAAGUA","3' UTR"
"PY17X_0946300",254,"UGUAAAGUA","3' UTR"
"PY17X_1004700",87,"UGUAAAGUA","3' UTR"
"PY17X_1035800",427,"UGUAAAGUA","3' UTR"
"PY17X_1121500",563,"UGUAAAGUA","3' UTR"
"PY17X_1134800",232,"UGUAAAGUA","3' UTR"
"PY17X_1237100",328,"UGUAAAGUA","3' UTR"
"PY17X_1244500",77,"UGUAAAGUA","3' UTR"
"PY17X_1335000",613,"UGUAAAGUA","3' UTR"
"PY17X_1348600",628,"UGUAAAGUA","3' UTR"
"PY17X_1362200",293,"UGUAAAGUA","3' UTR"
"PY17X_1371300",79,"UGUAAAGUA","3' UTR"
"PY17X_1401900",619,"UGUAAAGUA","3' UTR"
"PY17X_0115900",655,"UGUAAAGUA","5' UTR"
"PY17X_0603500",744,"UGUAAAGUA","5' UTR"
"PY17X_0619000",786,"UGUAAAGUA","5' UTR"
"PY17X_0621200",609,"UGUAAAGUA","5' UTR"
"PY17X_0623500",610,"UGUAAAGUA","5' UTR"
"PY17X_0821800",138,"UGUAAAGUA","5' UTR"
"PY17X_0830200",585,"UGUAAAGUA","5' UTR"
"PY17X_0834800",787,"UGUAAAGUA","5' UTR"
"PY17X_0911900",194,"UGUAAAGUA","5' UTR"
"PY17X_0935400",208,"UGUAAAGUA","5' UTR"
"PY17X_0938400",741,"UGUAAAGUA","5' UTR"
"PY17X_1015200",741,"UGUAAAGUA","5' UTR"
"PY17X_1027100",374,"UGUAAAGUA","5' UTR"
"PY17X_1041100",329,"UGUAAAGUA","5' UTR"
"PY17X_1117600",314,"UGUAAAGUA","5' UTR"
"PY17X_1120200",240,"UGUAAAGUA","5' UTR"
"PY17X_1134700",379,"UGUAAAGUA","5' UTR"
"PY17X_1141400",626,"UGUAAAGUA","5' UTR"
"PY17X_1212600",617,"UGUAAAGUA","5' UTR"
"PY17X_1237000",342,"UGUAAAGUA","5' UTR"
"PY17X_1237600",77,"UGUAAAGUA","5' UTR"
"PY17X_1238700",772,"UGUAAAGUA","5' UTR"
"PY17X_1245400",743,"UGUAAAGUA","5' UTR"
"PY17X_1308800",40,"UGUAAAGUA","5' UTR"
"PY17X_1323400",395,"UGUAAAGUA","5' UTR"
"PY17X_1367100",529,"UGUAAAGUA","5' UTR"
"PY17X_1409100",54,"UGUAAAGUA","5' UTR"
"PY17X_1410100",682,"UGUAAAGUA","5' UTR"
"PY17X_1436100",411,"UGUAAAGUA","5' UTR"
"PY17X_1460500",58,"UGUAAAGUA","5' UTR"
"PY17X_1462400",467,"UGUAAAGUA","5' UTR"
"PY17X_0105000",157,"UGUAAAGUA","CDS"
"PY17X_0200481",724,"UGUAAAGUA","CDS"
"PY17X_0200571",4243,"UGUAAAGUA","CDS"
"PY17X_0211100",1317,"UGUAAAGUA","CDS"
"PY17X_0217500",4378,"UGUAAAGUA","CDS"
"PY17X_0300081",4396,"UGUAAAGUA","CDS"
"PY17X_0409900",562,"UGUAAAGUA","CDS"
"PY17X_0422101",4384,"UGUAAAGUA","CDS"
"PY17X_0503500",3901,"UGUAAAGUA","CDS"
"PY17X_0602400",336,"UGUAAAGUA","CDS"
"PY17X_0615800",3049,"UGUAAAGUA","CDS"
"PY17X_0618500",3208,"UGUAAAGUA","CDS"
"PY17X_0618500",5817,"UGUAAAGUA","CDS"
"PY17X_0618600",3631,"UGUAAAGUA","CDS"
"PY17X_0626200",1258,"UGUAAAGUA","CDS"
"PY17X_0700097",4483,"UGUAAAGUA","CDS"
"PY17X_0711000",4351,"UGUAAAGUA","CDS"
"PY17X_0715200",970,"UGUAAAGUA","CDS"
"PY17X_0808800",1699,"UGUAAAGUA","CDS"
"PY17X_0812300",148,"UGUAAAGUA","CDS"
"PY17X_0842101",4453,"UGUAAAGUA","CDS"
"PY17X_0845001",333,"UGUAAAGUA","CDS"
"PY17X_0846701",724,"UGUAAAGUA","CDS"
"PY17X_0900100",72,"UGUAAAGUA","CDS"
"PY17X_0906700",2173,"UGUAAAGUA","CDS"
"PY17X_0912000",199,"UGUAAAGUA","CDS"
"PY17X_0920200",370,"UGUAAAGUA","CDS"
"PY17X_0936600",10489,"UGUAAAGUA","CDS"
"PY17X_1000900",724,"UGUAAAGUA","CDS"
"PY17X_1008400",691,"UGUAAAGUA","CDS"
"PY17X_1031600",52,"UGUAAAGUA","CDS"
"PY17X_1100003",724,"UGUAAAGUA","CDS"
"PY17X_1114000",1684,"UGUAAAGUA","CDS"
"PY17X_1114000",1717,"UGUAAAGUA","CDS"
"PY17X_1114000",1750,"UGUAAAGUA","CDS"
"PY17X_1114000",1783,"UGUAAAGUA","CDS"
"PY17X_1128400",262,"UGUAAAGUA","CDS"
"PY17X_1130000",7410,"UGUAAAGUA","CDS"
"PY17X_1133200",826,"UGUAAAGUA","CDS"
"PY17X_1139800",2410,"UGUAAAGUA","CDS"
"PY17X_1249100",366,"UGUAAAGUA","CDS"
"PY17X_1305100",258,"UGUAAAGUA","CDS"
"PY17X_1344800",175,"UGUAAAGUA","CDS"
"PY17X_1400055",333,"UGUAAAGUA","CDS"
"PY17X_1405500",6976,"UGUAAAGUA","CDS"
"PY17X_1425900",376,"UGUAAAGUA","CDS"
"PY17X_1460200",2256,"UGUAAAGUA","CDS"
"PY17X_1467900",4318,"UGUAAAGUA","CDS"
"PY17X_0101700",4,"UGUAAAUUA","3' UTR"
"PY17X_0103100",304,"UGUAAAUUA","3' UTR"
"PY17X_0211100",671,"UGUAAAUUA","3' UTR"
"PY17X_0211200",609,"UGUAAAUUA","3' UTR"
"PY17X_0211400",207,"UGUAAAUUA","3' UTR"
"PY17X_0211800",448,"UGUAAAUUA","3' UTR"
"PY17X_0214300",302,"UGUAAAUUA","3' UTR"
"PY17X_0301600",290,"UGUAAAUUA","3' UTR"
"PY17X_0303200",140,"UGUAAAUUA","3' UTR"
"PY17X_0316700",565,"UGUAAAUUA","3' UTR"
"PY17X_0403500",88,"UGUAAAUUA","3' UTR"
"PY17X_0405300",386,"UGUAAAUUA","3' UTR"
"PY17X_0405400",140,"UGUAAAUUA","3' UTR"
"PY17X_0410800",260,"UGUAAAUUA","3' UTR"
"PY17X_0421100",193,"UGUAAAUUA","3' UTR"
"PY17X_0502300",86,"UGUAAAUUA","3' UTR"
"PY17X_0503200",340,"UGUAAAUUA","3' UTR"
"PY17X_0504600",434,"UGUAAAUUA","3' UTR"
"PY17X_0509900",212,"UGUAAAUUA","3' UTR"
"PY17X_0519100",162,"UGUAAAUUA","3' UTR"
"PY17X_0520200",542,"UGUAAAUUA","3' UTR"
"PY17X_0522200",600,"UGUAAAUUA","3' UTR"
"PY17X_0525700",319,"UGUAAAUUA","3' UTR"
"PY17X_0601300",282,"UGUAAAUUA","3' UTR"
"PY17X_0604000",646,"UGUAAAUUA","3' UTR"
"PY17X_0607400",485,"UGUAAAUUA","3' UTR"
"PY17X_0620000",523,"UGUAAAUUA","3' UTR"
"PY17X_0622500",265,"UGUAAAUUA","3' UTR"
"PY17X_0704000",556,"UGUAAAUUA","3' UTR"
"PY17X_0706200",281,"UGUAAAUUA","3' UTR"
"PY17X_0714600",208,"UGUAAAUUA","3' UTR"
"PY17X_0714600",355,"UGUAAAUUA","3' UTR"
"PY17X_0717400",465,"UGUAAAUUA","3' UTR"
"PY17X_0720700",592,"UGUAAAUUA","3' UTR"
"PY17X_0722000",34,"UGUAAAUUA","3' UTR"
"PY17X_0803500",188,"UGUAAAUUA","3' UTR"
"PY17X_0808800",549,"UGUAAAUUA","3' UTR"
"PY17X_0820500",189,"UGUAAAUUA","3' UTR"
"PY17X_0820600",197,"UGUAAAUUA","3' UTR"
"PY17X_0823800",419,"UGUAAAUUA","3' UTR"
"PY17X_0826300",18,"UGUAAAUUA","3' UTR"
"PY17X_0827000",319,"UGUAAAUUA","3' UTR"
"PY17X_0827400",549,"UGUAAAUUA","3' UTR"
"PY17X_0828800",561,"UGUAAAUUA","3' UTR"
"PY17X_0835500",76,"UGUAAAUUA","3' UTR"
"PY17X_0841700",337,"UGUAAAUUA","3' UTR"
"PY17X_0903100",385,"UGUAAAUUA","3' UTR"
"PY17X_0906700",326,"UGUAAAUUA","3' UTR"
"PY17X_0922000",298,"UGUAAAUUA","3' UTR"
"PY17X_0922300",72,"UGUAAAUUA","3' UTR"
"PY17X_0922500",303,"UGUAAAUUA","3' UTR"
"PY17X_0925600",123,"UGUAAAUUA","3' UTR"
"PY17X_0927000",302,"UGUAAAUUA","3' UTR"
"PY17X_0930100",269,"UGUAAAUUA","3' UTR"
"PY17X_0931300",463,"UGUAAAUUA","3' UTR"
"PY17X_0937200",95,"UGUAAAUUA","3' UTR"
"PY17X_0941100",184,"UGUAAAUUA","3' UTR"
"PY17X_1015100",9,"UGUAAAUUA","3' UTR"
"PY17X_1016000",506,"UGUAAAUUA","3' UTR"
"PY17X_1024500",153,"UGUAAAUUA","3' UTR"
"PY17X_1027300",368,"UGUAAAUUA","3' UTR"
"PY17X_1035000",84,"UGUAAAUUA","3' UTR"
"PY17X_1036100",352,"UGUAAAUUA","3' UTR"
"PY17X_1040100",640,"UGUAAAUUA","3' UTR"
"PY17X_1103500",666,"UGUAAAUUA","3' UTR"
"PY17X_1112400",493,"UGUAAAUUA","3' UTR"
"PY17X_1114300",377,"UGUAAAUUA","3' UTR"
"PY17X_1117900",21,"UGUAAAUUA","3' UTR"
"PY17X_1118000",377,"UGUAAAUUA","3' UTR"
"PY17X_1123600",554,"UGUAAAUUA","3' UTR"
"PY17X_1126000",417,"UGUAAAUUA","3' UTR"
"PY17X_1135000",235,"UGUAAAUUA","3' UTR"
"PY17X_1135100",555,"UGUAAAUUA","3' UTR"
"PY17X_1135200",299,"UGUAAAUUA","3' UTR"
"PY17X_1136100",629,"UGUAAAUUA","3' UTR"
"PY17X_1141000",221,"UGUAAAUUA","3' UTR"
"PY17X_1212500",369,"UGUAAAUUA","3' UTR"
"PY17X_1220100",582,"UGUAAAUUA","3' UTR"
"PY17X_1222700",188,"UGUAAAUUA","3' UTR"
"PY17X_1229500",77,"UGUAAAUUA","3' UTR"
"PY17X_1243900",356,"UGUAAAUUA","3' UTR"
"PY17X_1243900",392,"UGUAAAUUA","3' UTR"
"PY17X_1246500",547,"UGUAAAUUA","3' UTR"
"PY17X_1300377",538,"UGUAAAUUA","3' UTR"
"PY17X_1306500",215,"UGUAAAUUA","3' UTR"
"PY17X_1307800",398,"UGUAAAUUA","3' UTR"
"PY17X_1309000",550,"UGUAAAUUA","3' UTR"
"PY17X_1312100",554,"UGUAAAUUA","3' UTR"
"PY17X_1313900",383,"UGUAAAUUA","3' UTR"
"PY17X_1314800",604,"UGUAAAUUA","3' UTR"
"PY17X_1317400",80,"UGUAAAUUA","3' UTR"
"PY17X_1319000",597,"UGUAAAUUA","3' UTR"
"PY17X_1323100",371,"UGUAAAUUA","3' UTR"
"PY17X_1332700",440,"UGUAAAUUA","3' UTR"
"PY17X_1333300",607,"UGUAAAUUA","3' UTR"
"PY17X_1337000",298,"UGUAAAUUA","3' UTR"
"PY17X_1348300",459,"UGUAAAUUA","3' UTR"
"PY17X_1349400",214,"UGUAAAUUA","3' UTR"
"PY17X_1352700",458,"UGUAAAUUA","3' UTR"
"PY17X_1352800",88,"UGUAAAUUA","3' UTR"
"PY17X_1356400",426,"UGUAAAUUA","3' UTR"
"PY17X_1360300",523,"UGUAAAUUA","3' UTR"
"PY17X_1362200",461,"UGUAAAUUA","3' UTR"
"PY17X_1362500",334,"UGUAAAUUA","3' UTR"
"PY17X_1405900",167,"UGUAAAUUA","3' UTR"
"PY17X_1407100",502,"UGUAAAUUA","3' UTR"
"PY17X_1407200",206,"UGUAAAUUA","3' UTR"
"PY17X_1411300",202,"UGUAAAUUA","3' UTR"
"PY17X_1414300",491,"UGUAAAUUA","3' UTR"
"PY17X_1430800",82,"UGUAAAUUA","3' UTR"
"PY17X_1430900",49,"UGUAAAUUA","3' UTR"
"PY17X_1431900",348,"UGUAAAUUA","3' UTR"
"PY17X_1432000",495,"UGUAAAUUA","3' UTR"
"PY17X_1442200",344,"UGUAAAUUA","3' UTR"
"PY17X_1446500",415,"UGUAAAUUA","3' UTR"
"PY17X_1447800",87,"UGUAAAUUA","3' UTR"
"PY17X_1448300",98,"UGUAAAUUA","3' UTR"
"PY17X_1448600",568,"UGUAAAUUA","3' UTR"
"PY17X_1451700",75,"UGUAAAUUA","3' UTR"
"PY17X_1456000",425,"UGUAAAUUA","3' UTR"
"PY17X_1456300",474,"UGUAAAUUA","3' UTR"
"PY17X_1459800",137,"UGUAAAUUA","3' UTR"
"PY17X_1464200",176,"UGUAAAUUA","3' UTR"
"PY17X_1467100",549,"UGUAAAUUA","3' UTR"
"PY17X_0100300",77,"UGUAAAUUA","5' UTR"
"PY17X_0102600",402,"UGUAAAUUA","5' UTR"
"PY17X_0113700",321,"UGUAAAUUA","5' UTR"
"PY17X_0206000",668,"UGUAAAUUA","5' UTR"
"PY17X_0206800",434,"UGUAAAUUA","5' UTR"
"PY17X_0211200",652,"UGUAAAUUA","5' UTR"
"PY17X_0211500",330,"UGUAAAUUA","5' UTR"
"PY17X_0216900",21,"UGUAAAUUA","5' UTR"
"PY17X_0305500",394,"UGUAAAUUA","5' UTR"
"PY17X_0306400",665,"UGUAAAUUA","5' UTR"
"PY17X_0313000",327,"UGUAAAUUA","5' UTR"
"PY17X_0313800",600,"UGUAAAUUA","5' UTR"
"PY17X_0315400",371,"UGUAAAUUA","5' UTR"
"PY17X_0315600",87,"UGUAAAUUA","5' UTR"
"PY17X_0315600",159,"UGUAAAUUA","5' UTR"
"PY17X_0316600",312,"UGUAAAUUA","5' UTR"
"PY17X_0322701",78,"UGUAAAUUA","5' UTR"
"PY17X_0411500",559,"UGUAAAUUA","5' UTR"
"PY17X_0414600",623,"UGUAAAUUA","5' UTR"
"PY17X_0417900",106,"UGUAAAUUA","5' UTR"
"PY17X_0419600",513,"UGUAAAUUA","5' UTR"
"PY17X_0419700",510,"UGUAAAUUA","5' UTR"
"PY17X_0420600",683,"UGUAAAUUA","5' UTR"
"PY17X_0421700",343,"UGUAAAUUA","5' UTR"
"PY17X_0500027",78,"UGUAAAUUA","5' UTR"
"PY17X_0501900",338,"UGUAAAUUA","5' UTR"
"PY17X_0503300",218,"UGUAAAUUA","5' UTR"
"PY17X_0503900",373,"UGUAAAUUA","5' UTR"
"PY17X_0505500",152,"UGUAAAUUA","5' UTR"
"PY17X_0509400",585,"UGUAAAUUA","5' UTR"
"PY17X_0510300",261,"UGUAAAUUA","5' UTR"
"PY17X_0514200",768,"UGUAAAUUA","5' UTR"
"PY17X_0520600",673,"UGUAAAUUA","5' UTR"
"PY17X_0521000",168,"UGUAAAUUA","5' UTR"
"PY17X_0524100",154,"UGUAAAUUA","5' UTR"
"PY17X_0524200",455,"UGUAAAUUA","5' UTR"
"PY17X_0525300",582,"UGUAAAUUA","5' UTR"
"PY17X_0526500",338,"UGUAAAUUA","5' UTR"
"PY17X_0603900",424,"UGUAAAUUA","5' UTR"
"PY17X_0607000",518,"UGUAAAUUA","5' UTR"
"PY17X_0610600",619,"UGUAAAUUA","5' UTR"
"PY17X_0614000",40,"UGUAAAUUA","5' UTR"
"PY17X_0615700",141,"UGUAAAUUA","5' UTR"
"PY17X_0618900",447,"UGUAAAUUA","5' UTR"
"PY17X_0618900",469,"UGUAAAUUA","5' UTR"
"PY17X_0700031",78,"UGUAAAUUA","5' UTR"
"PY17X_0700047",101,"UGUAAAUUA","5' UTR"
"PY17X_0701000",611,"UGUAAAUUA","5' UTR"
"PY17X_0701700",770,"UGUAAAUUA","5' UTR"
"PY17X_0703200",108,"UGUAAAUUA","5' UTR"
"PY17X_0704400",177,"UGUAAAUUA","5' UTR"
"PY17X_0704400",289,"UGUAAAUUA","5' UTR"
"PY17X_0706100",348,"UGUAAAUUA","5' UTR"
"PY17X_0708500",550,"UGUAAAUUA","5' UTR"
"PY17X_0720800",673,"UGUAAAUUA","5' UTR"
"PY17X_0721800",315,"UGUAAAUUA","5' UTR"
"PY17X_0722000",186,"UGUAAAUUA","5' UTR"
"PY17X_0800300",123,"UGUAAAUUA","5' UTR"
"PY17X_0800800",228,"UGUAAAUUA","5' UTR"
"PY17X_0803800",211,"UGUAAAUUA","5' UTR"
"PY17X_0806900",353,"UGUAAAUUA","5' UTR"
"PY17X_0817900",416,"UGUAAAUUA","5' UTR"
"PY17X_0822900",32,"UGUAAAUUA","5' UTR"
"PY17X_0823900",578,"UGUAAAUUA","5' UTR"
"PY17X_0827500",510,"UGUAAAUUA","5' UTR"
"PY17X_0828900",365,"UGUAAAUUA","5' UTR"
"PY17X_0837800",792,"UGUAAAUUA","5' UTR"
"PY17X_0839400",400,"UGUAAAUUA","5' UTR"
"PY17X_0840800",362,"UGUAAAUUA","5' UTR"
"PY17X_0902200",395,"UGUAAAUUA","5' UTR"
"PY17X_0906600",38,"UGUAAAUUA","5' UTR"
"PY17X_0907300",552,"UGUAAAUUA","5' UTR"
"PY17X_0911700",657,"UGUAAAUUA","5' UTR"
"PY17X_0913300",608,"UGUAAAUUA","5' UTR"
"PY17X_0916500",770,"UGUAAAUUA","5' UTR"
"PY17X_0917100",433,"UGUAAAUUA","5' UTR"
"PY17X_0920500",269,"UGUAAAUUA","5' UTR"
"PY17X_0921200",561,"UGUAAAUUA","5' UTR"
"PY17X_0923900",52,"UGUAAAUUA","5' UTR"
"PY17X_0925600",610,"UGUAAAUUA","5' UTR"
"PY17X_0927900",309,"UGUAAAUUA","5' UTR"
"PY17X_0931400",38,"UGUAAAUUA","5' UTR"
"PY17X_0933300",471,"UGUAAAUUA","5' UTR"
"PY17X_0934400",641,"UGUAAAUUA","5' UTR"
"PY17X_0945100",156,"UGUAAAUUA","5' UTR"
"PY17X_0947100",349,"UGUAAAUUA","5' UTR"
"PY17X_0948901",111,"UGUAAAUUA","5' UTR"
"PY17X_0951501",75,"UGUAAAUUA","5' UTR"
"PY17X_1000015",78,"UGUAAAUUA","5' UTR"
"PY17X_1002900",203,"UGUAAAUUA","5' UTR"
"PY17X_1004800",782,"UGUAAAUUA","5' UTR"
"PY17X_1007800",255,"UGUAAAUUA","5' UTR"
"PY17X_1008700",119,"UGUAAAUUA","5' UTR"
"PY17X_1010000",554,"UGUAAAUUA","5' UTR"
"PY17X_1012000",457,"UGUAAAUUA","5' UTR"
"PY17X_1019900",412,"UGUAAAUUA","5' UTR"
"PY17X_1020600",739,"UGUAAAUUA","5' UTR"
"PY17X_1027400",398,"UGUAAAUUA","5' UTR"
"PY17X_1028100",312,"UGUAAAUUA","5' UTR"
"PY17X_1029500",93,"UGUAAAUUA","5' UTR"
"PY17X_1032000",263,"UGUAAAUUA","5' UTR"
"PY17X_1034600",613,"UGUAAAUUA","5' UTR"
"PY17X_1037800",684,"UGUAAAUUA","5' UTR"
"PY17X_1040000",548,"UGUAAAUUA","5' UTR"
"PY17X_1042600",733,"UGUAAAUUA","5' UTR"
"PY17X_1051001",78,"UGUAAAUUA","5' UTR"
"PY17X_1101500",409,"UGUAAAUUA","5' UTR"
"PY17X_1102300",28,"UGUAAAUUA","5' UTR"
"PY17X_1103100",383,"UGUAAAUUA","5' UTR"
"PY17X_1104200",625,"UGUAAAUUA","5' UTR"
"PY17X_1105700",719,"UGUAAAUUA","5' UTR"
"PY17X_1108100",630,"UGUAAAUUA","5' UTR"
"PY17X_1108400",320,"UGUAAAUUA","5' UTR"
"PY17X_1114300",692,"UGUAAAUUA","5' UTR"
"PY17X_1116800",525,"UGUAAAUUA","5' UTR"
"PY17X_1123600",279,"UGUAAAUUA","5' UTR"
"PY17X_1130800",120,"UGUAAAUUA","5' UTR"
"PY17X_1130800",133,"UGUAAAUUA","5' UTR"
"PY17X_1131300",700,"UGUAAAUUA","5' UTR"
"PY17X_1135100",140,"UGUAAAUUA","5' UTR"
"PY17X_1135200",129,"UGUAAAUUA","5' UTR"
"PY17X_1136200",395,"UGUAAAUUA","5' UTR"
"PY17X_1136800",61,"UGUAAAUUA","5' UTR"
"PY17X_1138600",649,"UGUAAAUUA","5' UTR"
"PY17X_1138900",89,"UGUAAAUUA","5' UTR"
"PY17X_1141700",238,"UGUAAAUUA","5' UTR"
"PY17X_1141700",429,"UGUAAAUUA","5' UTR"
"PY17X_1144100",160,"UGUAAAUUA","5' UTR"
"PY17X_1210800",182,"UGUAAAUUA","5' UTR"
"PY17X_1213400",294,"UGUAAAUUA","5' UTR"
"PY17X_1213700",13,"UGUAAAUUA","5' UTR"
"PY17X_1215700",28,"UGUAAAUUA","5' UTR"
"PY17X_1221100",482,"UGUAAAUUA","5' UTR"
"PY17X_1229100",135,"UGUAAAUUA","5' UTR"
"PY17X_1234700",692,"UGUAAAUUA","5' UTR"
"PY17X_1236100",659,"UGUAAAUUA","5' UTR"
"PY17X_1237300",788,"UGUAAAUUA","5' UTR"
"PY17X_1239100",85,"UGUAAAUUA","5' UTR"
"PY17X_1240400",54,"UGUAAAUUA","5' UTR"
"PY17X_1244500",160,"UGUAAAUUA","5' UTR"
"PY17X_1245300",489,"UGUAAAUUA","5' UTR"
"PY17X_1245600",237,"UGUAAAUUA","5' UTR"
"PY17X_1247900",198,"UGUAAAUUA","5' UTR"
"PY17X_1300287",78,"UGUAAAUUA","5' UTR"
"PY17X_1305000",613,"UGUAAAUUA","5' UTR"
"PY17X_1310500",533,"UGUAAAUUA","5' UTR"
"PY17X_1312200",456,"UGUAAAUUA","5' UTR"
"PY17X_1313000",347,"UGUAAAUUA","5' UTR"
"PY17X_1314900",256,"UGUAAAUUA","5' UTR"
"PY17X_1316600",454,"UGUAAAUUA","5' UTR"
"PY17X_1319500",257,"UGUAAAUUA","5' UTR"
"PY17X_1320800",761,"UGUAAAUUA","5' UTR"
"PY17X_1320900",96,"UGUAAAUUA","5' UTR"
"PY17X_1324300",509,"UGUAAAUUA","5' UTR"
"PY17X_1326800",520,"UGUAAAUUA","5' UTR"
"PY17X_1330700",779,"UGUAAAUUA","5' UTR"
"PY17X_1343400",485,"UGUAAAUUA","5' UTR"
"PY17X_1347700",515,"UGUAAAUUA","5' UTR"
"PY17X_1347800",535,"UGUAAAUUA","5' UTR"
"PY17X_1351900",63,"UGUAAAUUA","5' UTR"
"PY17X_1352900",612,"UGUAAAUUA","5' UTR"
"PY17X_1353100",13,"UGUAAAUUA","5' UTR"
"PY17X_1357200",115,"UGUAAAUUA","5' UTR"
"PY17X_1358400",82,"UGUAAAUUA","5' UTR"
"PY17X_1360100",399,"UGUAAAUUA","5' UTR"
"PY17X_1360400",127,"UGUAAAUUA","5' UTR"
"PY17X_1362800",202,"UGUAAAUUA","5' UTR"
"PY17X_1371300",653,"UGUAAAUUA","5' UTR"
"PY17X_1406000",138,"UGUAAAUUA","5' UTR"
"PY17X_1412500",158,"UGUAAAUUA","5' UTR"
"PY17X_1413900",35,"UGUAAAUUA","5' UTR"
"PY17X_1425200",794,"UGUAAAUUA","5' UTR"
"PY17X_1426200",609,"UGUAAAUUA","5' UTR"
"PY17X_1427100",31,"UGUAAAUUA","5' UTR"
"PY17X_1428900",521,"UGUAAAUUA","5' UTR"
"PY17X_1434000",111,"UGUAAAUUA","5' UTR"
"PY17X_1434000",243,"UGUAAAUUA","5' UTR"
"PY17X_1440000",436,"UGUAAAUUA","5' UTR"
"PY17X_1440100",239,"UGUAAAUUA","5' UTR"
"PY17X_1442700",688,"UGUAAAUUA","5' UTR"
"PY17X_1443200",776,"UGUAAAUUA","5' UTR"
"PY17X_1444100",84,"UGUAAAUUA","5' UTR"
"PY17X_1445300",308,"UGUAAAUUA","5' UTR"
"PY17X_1448500",128,"UGUAAAUUA","5' UTR"
"PY17X_1454000",56,"UGUAAAUUA","5' UTR"
"PY17X_1467200",601,"UGUAAAUUA","5' UTR"
"PY17X_1467300",673,"UGUAAAUUA","5' UTR"
"PY17X_1468100",334,"UGUAAAUUA","5' UTR"
"PY17X_1473501",29,"UGUAAAUUA","5' UTR"
"PY17X_0102000",1185,"UGUAAAUUA","CDS"
"PY17X_0107500",163,"UGUAAAUUA","CDS"
"PY17X_0108200",3276,"UGUAAAUUA","CDS"
"PY17X_0108400",175,"UGUAAAUUA","CDS"
"PY17X_0109800",3330,"UGUAAAUUA","CDS"
"PY17X_0113200",3012,"UGUAAAUUA","CDS"
"PY17X_0114200",177,"UGUAAAUUA","CDS"
"PY17X_0200361",16,"UGUAAAUUA","CDS"
"PY17X_0206200",1629,"UGUAAAUUA","CDS"
"PY17X_0208200",864,"UGUAAAUUA","CDS"
"PY17X_0212000",6462,"UGUAAAUUA","CDS"
"PY17X_0213600",14022,"UGUAAAUUA","CDS"
"PY17X_0215400",6988,"UGUAAAUUA","CDS"
"PY17X_0305500",1759,"UGUAAAUUA","CDS"
"PY17X_0306600",2851,"UGUAAAUUA","CDS"
"PY17X_0309900",7647,"UGUAAAUUA","CDS"
"PY17X_0310300",627,"UGUAAAUUA","CDS"
"PY17X_0310300",682,"UGUAAAUUA","CDS"
"PY17X_0312900",3871,"UGUAAAUUA","CDS"
"PY17X_0400019",72,"UGUAAAUUA","CDS"
"PY17X_0400071",72,"UGUAAAUUA","CDS"
"PY17X_0403800",1630,"UGUAAAUUA","CDS"
"PY17X_0406200",6633,"UGUAAAUUA","CDS"
"PY17X_0406700",709,"UGUAAAUUA","CDS"
"PY17X_0411400",1020,"UGUAAAUUA","CDS"
"PY17X_0412100",672,"UGUAAAUUA","CDS"
"PY17X_0414700",459,"UGUAAAUUA","CDS"
"PY17X_0418900",6961,"UGUAAAUUA","CDS"
"PY17X_0420100",403,"UGUAAAUUA","CDS"
"PY17X_0421500",210,"UGUAAAUUA","CDS"
"PY17X_0504600",1023,"UGUAAAUUA","CDS"
"PY17X_0505100",1639,"UGUAAAUUA","CDS"
"PY17X_0505100",2046,"UGUAAAUUA","CDS"
"PY17X_0505100",2347,"UGUAAAUUA","CDS"
"PY17X_0505600",1645,"UGUAAAUUA","CDS"
"PY17X_0505900",4293,"UGUAAAUUA","CDS"
"PY17X_0506800",315,"UGUAAAUUA","CDS"
"PY17X_0507300",2437,"UGUAAAUUA","CDS"
"PY17X_0508400",3063,"UGUAAAUUA","CDS"
"PY17X_0508400",13948,"UGUAAAUUA","CDS"
"PY17X_0510400",1519,"UGUAAAUUA","CDS"
"PY17X_0510600",1641,"UGUAAAUUA","CDS"
"PY17X_0510800",8217,"UGUAAAUUA","CDS"
"PY17X_0511000",537,"UGUAAAUUA","CDS"
"PY17X_0511600",183,"UGUAAAUUA","CDS"
"PY17X_0514500",1429,"UGUAAAUUA","CDS"
"PY17X_0522100",2568,"UGUAAAUUA","CDS"
"PY17X_0604100",2643,"UGUAAAUUA","CDS"
"PY17X_0609100",11917,"UGUAAAUUA","CDS"
"PY17X_0610200",2923,"UGUAAAUUA","CDS"
"PY17X_0614900",606,"UGUAAAUUA","CDS"
"PY17X_0615100",952,"UGUAAAUUA","CDS"
"PY17X_0615800",2718,"UGUAAAUUA","CDS"
"PY17X_0617300",172,"UGUAAAUUA","CDS"
"PY17X_0620100",6705,"UGUAAAUUA","CDS"
"PY17X_0624800",4552,"UGUAAAUUA","CDS"
"PY17X_0700400",928,"UGUAAAUUA","CDS"
"PY17X_0702000",2979,"UGUAAAUUA","CDS"
"PY17X_0703800",1444,"UGUAAAUUA","CDS"
"PY17X_0706800",849,"UGUAAAUUA","CDS"
"PY17X_0707900",208,"UGUAAAUUA","CDS"
"PY17X_0710300",687,"UGUAAAUUA","CDS"
"PY17X_0710300",889,"UGUAAAUUA","CDS"
"PY17X_0711000",2167,"UGUAAAUUA","CDS"
"PY17X_0714400",843,"UGUAAAUUA","CDS"
"PY17X_0718800",633,"UGUAAAUUA","CDS"
"PY17X_0720000",843,"UGUAAAUUA","CDS"
"PY17X_0720100",952,"UGUAAAUUA","CDS"
"PY17X_0720100",8668,"UGUAAAUUA","CDS"
"PY17X_0722000",9322,"UGUAAAUUA","CDS"
"PY17X_0803900",1884,"UGUAAAUUA","CDS"
"PY17X_0804300",5272,"UGUAAAUUA","CDS"
"PY17X_0804400",7135,"UGUAAAUUA","CDS"
"PY17X_0805600",471,"UGUAAAUUA","CDS"
"PY17X_0810200",5577,"UGUAAAUUA","CDS"
"PY17X_0810500",568,"UGUAAAUUA","CDS"
"PY17X_0811300",1126,"UGUAAAUUA","CDS"
"PY17X_0813300",150,"UGUAAAUUA","CDS"
"PY17X_0814600",1498,"UGUAAAUUA","CDS"
"PY17X_0814700",4914,"UGUAAAUUA","CDS"
"PY17X_0815200",516,"UGUAAAUUA","CDS"
"PY17X_0819300",84,"UGUAAAUUA","CDS"
"PY17X_0819700",3340,"UGUAAAUUA","CDS"
"PY17X_0821300",2016,"UGUAAAUUA","CDS"
"PY17X_0821300",3541,"UGUAAAUUA","CDS"
"PY17X_0823000",1030,"UGUAAAUUA","CDS"
"PY17X_0823100",2689,"UGUAAAUUA","CDS"
"PY17X_0824100",6265,"UGUAAAUUA","CDS"
"PY17X_0825800",3348,"UGUAAAUUA","CDS"
"PY17X_0828800",4824,"UGUAAAUUA","CDS"
"PY17X_0829200",804,"UGUAAAUUA","CDS"
"PY17X_0830700",813,"UGUAAAUUA","CDS"
"PY17X_0832800",3427,"UGUAAAUUA","CDS"
"PY17X_0833500",3271,"UGUAAAUUA","CDS"
"PY17X_0835000",1008,"UGUAAAUUA","CDS"
"PY17X_0843801",16,"UGUAAAUUA","CDS"
"PY17X_0900800",69,"UGUAAAUUA","CDS"
"PY17X_0904800",1734,"UGUAAAUUA","CDS"
"PY17X_0905900",748,"UGUAAAUUA","CDS"
"PY17X_0911000",2629,"UGUAAAUUA","CDS"
"PY17X_0913300",822,"UGUAAAUUA","CDS"
"PY17X_0915300",2376,"UGUAAAUUA","CDS"
"PY17X_0917700",1387,"UGUAAAUUA","CDS"
"PY17X_0920000",1356,"UGUAAAUUA","CDS"
"PY17X_0920600",3162,"UGUAAAUUA","CDS"
"PY17X_0927300",4894,"UGUAAAUUA","CDS"
"PY17X_0927400",8767,"UGUAAAUUA","CDS"
"PY17X_0927700",1428,"UGUAAAUUA","CDS"
"PY17X_0928500",915,"UGUAAAUUA","CDS"
"PY17X_0930700",2668,"UGUAAAUUA","CDS"
"PY17X_0932600",918,"UGUAAAUUA","CDS"
"PY17X_0941800",1602,"UGUAAAUUA","CDS"
"PY17X_0942200",319,"UGUAAAUUA","CDS"
"PY17X_1000091",16,"UGUAAAUUA","CDS"
"PY17X_1002400",3967,"UGUAAAUUA","CDS"
"PY17X_1006700",648,"UGUAAAUUA","CDS"
"PY17X_1007600",1422,"UGUAAAUUA","CDS"
"PY17X_1010000",2628,"UGUAAAUUA","CDS"
"PY17X_1011900",192,"UGUAAAUUA","CDS"
"PY17X_1012600",412,"UGUAAAUUA","CDS"
"PY17X_1012600",6202,"UGUAAAUUA","CDS"
"PY17X_1013300",1761,"UGUAAAUUA","CDS"
"PY17X_1013800",615,"UGUAAAUUA","CDS"
"PY17X_1015500",1204,"UGUAAAUUA","CDS"
"PY17X_1017700",1755,"UGUAAAUUA","CDS"
"PY17X_1019000",2691,"UGUAAAUUA","CDS"
"PY17X_1021600",639,"UGUAAAUUA","CDS"
"PY17X_1022000",1803,"UGUAAAUUA","CDS"
"PY17X_1022200",700,"UGUAAAUUA","CDS"
"PY17X_1022200",1542,"UGUAAAUUA","CDS"
"PY17X_1022900",513,"UGUAAAUUA","CDS"
"PY17X_1022900",2944,"UGUAAAUUA","CDS"
"PY17X_1024700",2158,"UGUAAAUUA","CDS"
"PY17X_1025200",537,"UGUAAAUUA","CDS"
"PY17X_1027500",5001,"UGUAAAUUA","CDS"
"PY17X_1029400",69,"UGUAAAUUA","CDS"
"PY17X_1032600",2031,"UGUAAAUUA","CDS"
"PY17X_1034600",5112,"UGUAAAUUA","CDS"
"PY17X_1039200",2508,"UGUAAAUUA","CDS"
"PY17X_1039200",3351,"UGUAAAUUA","CDS"
"PY17X_1041100",1092,"UGUAAAUUA","CDS"
"PY17X_1051201",511,"UGUAAAUUA","CDS"
"PY17X_1100009",291,"UGUAAAUUA","CDS"
"PY17X_1102200",664,"UGUAAAUUA","CDS"
"PY17X_1102700",2610,"UGUAAAUUA","CDS"
"PY17X_1103400",51,"UGUAAAUUA","CDS"
"PY17X_1105500",7464,"UGUAAAUUA","CDS"
"PY17X_1106000",304,"UGUAAAUUA","CDS"
"PY17X_1107200",7192,"UGUAAAUUA","CDS"
"PY17X_1108700",522,"UGUAAAUUA","CDS"
"PY17X_1109200",5929,"UGUAAAUUA","CDS"
"PY17X_1109800",3934,"UGUAAAUUA","CDS"
"PY17X_1110800",5629,"UGUAAAUUA","CDS"
"PY17X_1113300",496,"UGUAAAUUA","CDS"
"PY17X_1116100",748,"UGUAAAUUA","CDS"
"PY17X_1118700",592,"UGUAAAUUA","CDS"
"PY17X_1119800",2094,"UGUAAAUUA","CDS"
"PY17X_1120200",166,"UGUAAAUUA","CDS"
"PY17X_1122400",4135,"UGUAAAUUA","CDS"
"PY17X_1122500",1876,"UGUAAAUUA","CDS"
"PY17X_1123000",385,"UGUAAAUUA","CDS"
"PY17X_1123800",801,"UGUAAAUUA","CDS"
"PY17X_1123900",955,"UGUAAAUUA","CDS"
"PY17X_1126900",681,"UGUAAAUUA","CDS"
"PY17X_1130800",624,"UGUAAAUUA","CDS"
"PY17X_1133000",1435,"UGUAAAUUA","CDS"
"PY17X_1133200",817,"UGUAAAUUA","CDS"
"PY17X_1133400",85,"UGUAAAUUA","CDS"
"PY17X_1136100",322,"UGUAAAUUA","CDS"
"PY17X_1138400",1002,"UGUAAAUUA","CDS"
"PY17X_1140200",5907,"UGUAAAUUA","CDS"
"PY17X_1140500",1795,"UGUAAAUUA","CDS"
"PY17X_1142700",616,"UGUAAAUUA","CDS"
"PY17X_1143500",4114,"UGUAAAUUA","CDS"
"PY17X_1143600",1062,"UGUAAAUUA","CDS"
"PY17X_1204900",2697,"UGUAAAUUA","CDS"
"PY17X_1206900",1965,"UGUAAAUUA","CDS"
"PY17X_1209500",3813,"UGUAAAUUA","CDS"
"PY17X_1219500",576,"UGUAAAUUA","CDS"
"PY17X_1222000",1392,"UGUAAAUUA","CDS"
"PY17X_1222000",6655,"UGUAAAUUA","CDS"
"PY17X_1223000",331,"UGUAAAUUA","CDS"
"PY17X_1229300",2434,"UGUAAAUUA","CDS"
"PY17X_1229400",621,"UGUAAAUUA","CDS"
"PY17X_1231500",196,"UGUAAAUUA","CDS"
"PY17X_1234100",3780,"UGUAAAUUA","CDS"
"PY17X_1234900",3166,"UGUAAAUUA","CDS"
"PY17X_1235700",1327,"UGUAAAUUA","CDS"
"PY17X_1237700",1614,"UGUAAAUUA","CDS"
"PY17X_1237700",2391,"UGUAAAUUA","CDS"
"PY17X_1239300",795,"UGUAAAUUA","CDS"
"PY17X_1239400",417,"UGUAAAUUA","CDS"
"PY17X_1245500",364,"UGUAAAUUA","CDS"
"PY17X_1247700",4032,"UGUAAAUUA","CDS"
"PY17X_1248600",213,"UGUAAAUUA","CDS"
"PY17X_1249100",343,"UGUAAAUUA","CDS"
"PY17X_1300175",72,"UGUAAAUUA","CDS"
"PY17X_1304400",9274,"UGUAAAUUA","CDS"
"PY17X_1315900",1824,"UGUAAAUUA","CDS"
"PY17X_1319500",3159,"UGUAAAUUA","CDS"
"PY17X_1320900",2050,"UGUAAAUUA","CDS"
"PY17X_1323100",5262,"UGUAAAUUA","CDS"
"PY17X_1323600",384,"UGUAAAUUA","CDS"
"PY17X_1325800",1903,"UGUAAAUUA","CDS"
"PY17X_1328400",415,"UGUAAAUUA","CDS"
"PY17X_1328500",351,"UGUAAAUUA","CDS"
"PY17X_1330500",1255,"UGUAAAUUA","CDS"
"PY17X_1332700",1459,"UGUAAAUUA","CDS"
"PY17X_1333600",3183,"UGUAAAUUA","CDS"
"PY17X_1333900",13113,"UGUAAAUUA","CDS"
"PY17X_1337400",351,"UGUAAAUUA","CDS"
"PY17X_1339800",1857,"UGUAAAUUA","CDS"
"PY17X_1340500",538,"UGUAAAUUA","CDS"
"PY17X_1341200",105,"UGUAAAUUA","CDS"
"PY17X_1341400",624,"UGUAAAUUA","CDS"
"PY17X_1344400",2361,"UGUAAAUUA","CDS"
"PY17X_1345700",666,"UGUAAAUUA","CDS"
"PY17X_1346400",453,"UGUAAAUUA","CDS"
"PY17X_1346400",1668,"UGUAAAUUA","CDS"
"PY17X_1346400",5904,"UGUAAAUUA","CDS"
"PY17X_1346700",675,"UGUAAAUUA","CDS"
"PY17X_1346800",1644,"UGUAAAUUA","CDS"
"PY17X_1353300",415,"UGUAAAUUA","CDS"
"PY17X_1355200",217,"UGUAAAUUA","CDS"
"PY17X_1355900",532,"UGUAAAUUA","CDS"
"PY17X_1362500",14244,"UGUAAAUUA","CDS"
"PY17X_1364400",2028,"UGUAAAUUA","CDS"
"PY17X_1365000",15057,"UGUAAAUUA","CDS"
"PY17X_1365800",225,"UGUAAAUUA","CDS"
"PY17X_1366400",1830,"UGUAAAUUA","CDS"
"PY17X_1366900",6925,"UGUAAAUUA","CDS"
"PY17X_1366900",9843,"UGUAAAUUA","CDS"
"PY17X_1368900",1689,"UGUAAAUUA","CDS"
"PY17X_1404600",378,"UGUAAAUUA","CDS"
"PY17X_1404700",801,"UGUAAAUUA","CDS"
"PY17X_1404700",2355,"UGUAAAUUA","CDS"
"PY17X_1404800",253,"UGUAAAUUA","CDS"
"PY17X_1408600",12534,"UGUAAAUUA","CDS"
"PY17X_1412400",2593,"UGUAAAUUA","CDS"
"PY17X_1414000",2905,"UGUAAAUUA","CDS"
"PY17X_1414000",9798,"UGUAAAUUA","CDS"
"PY17X_1415500",1171,"UGUAAAUUA","CDS"
"PY17X_1416100",1465,"UGUAAAUUA","CDS"
"PY17X_1417100",430,"UGUAAAUUA","CDS"
"PY17X_1417300",541,"UGUAAAUUA","CDS"
"PY17X_1417400",6027,"UGUAAAUUA","CDS"
"PY17X_1419500",1173,"UGUAAAUUA","CDS"
"PY17X_1419500",1699,"UGUAAAUUA","CDS"
"PY17X_1420800",742,"UGUAAAUUA","CDS"
"PY17X_1421300",5926,"UGUAAAUUA","CDS"
"PY17X_1421900",1015,"UGUAAAUUA","CDS"
"PY17X_1422200",480,"UGUAAAUUA","CDS"
"PY17X_1422200",7563,"UGUAAAUUA","CDS"
"PY17X_1426700",112,"UGUAAAUUA","CDS"
"PY17X_1427000",622,"UGUAAAUUA","CDS"
"PY17X_1429900",1371,"UGUAAAUUA","CDS"
"PY17X_1430200",1701,"UGUAAAUUA","CDS"
"PY17X_1431400",954,"UGUAAAUUA","CDS"
"PY17X_1436500",2824,"UGUAAAUUA","CDS"
"PY17X_1437900",4996,"UGUAAAUUA","CDS"
"PY17X_1439400",1768,"UGUAAAUUA","CDS"
"PY17X_1439500",478,"UGUAAAUUA","CDS"
"PY17X_1440900",3729,"UGUAAAUUA","CDS"
"PY17X_1442500",1045,"UGUAAAUUA","CDS"
"PY17X_1442500",2188,"UGUAAAUUA","CDS"
"PY17X_1443100",2332,"UGUAAAUUA","CDS"
"PY17X_1443200",2847,"UGUAAAUUA","CDS"
"PY17X_1445300",813,"UGUAAAUUA","CDS"
"PY17X_1447000",3519,"UGUAAAUUA","CDS"
"PY17X_1447200",4086,"UGUAAAUUA","CDS"
"PY17X_1451300",4338,"UGUAAAUUA","CDS"
"PY17X_1452300",187,"UGUAAAUUA","CDS"
"PY17X_1455000",699,"UGUAAAUUA","CDS"
"PY17X_1455300",2404,"UGUAAAUUA","CDS"
"PY17X_1460400",426,"UGUAAAUUA","CDS"
"PY17X_1465200",141,"UGUAAAUUA","CDS"
"PY17X_API00400",753,"UGUAAAUUA","CDS"
"PY17X_API00600",822,"UGUAAAUUA","CDS"
"PY17X_0100063",613,"UGUAACAUA","3' UTR"
"PY17X_0100400",600,"UGUAACAUA","3' UTR"
"PY17X_0104900",251,"UGUAACAUA","3' UTR"
"PY17X_0109000",97,"UGUAACAUA","3' UTR"
"PY17X_0115300",610,"UGUAACAUA","3' UTR"
"PY17X_0200391",161,"UGUAACAUA","3' UTR"
"PY17X_0200841",635,"UGUAACAUA","3' UTR"
"PY17X_0206600",332,"UGUAACAUA","3' UTR"
"PY17X_0220701",637,"UGUAACAUA","3' UTR"
"PY17X_0302400",276,"UGUAACAUA","3' UTR"
"PY17X_0305300",52,"UGUAACAUA","3' UTR"
"PY17X_0308300",407,"UGUAACAUA","3' UTR"
"PY17X_0319801",642,"UGUAACAUA","3' UTR"
"PY17X_0320801",539,"UGUAACAUA","3' UTR"
"PY17X_0400023",611,"UGUAACAUA","3' UTR"
"PY17X_0400035",626,"UGUAACAUA","3' UTR"
"PY17X_0401100",630,"UGUAACAUA","3' UTR"
"PY17X_0406900",153,"UGUAACAUA","3' UTR"
"PY17X_0500400",599,"UGUAACAUA","3' UTR"
"PY17X_0502500",488,"UGUAACAUA","3' UTR"
"PY17X_0502600",31,"UGUAACAUA","3' UTR"
"PY17X_0515500",376,"UGUAACAUA","3' UTR"
"PY17X_0516900",92,"UGUAACAUA","3' UTR"
"PY17X_0525100",564,"UGUAACAUA","3' UTR"
"PY17X_0528101",626,"UGUAACAUA","3' UTR"
"PY17X_0601000",506,"UGUAACAUA","3' UTR"
"PY17X_0601800",642,"UGUAACAUA","3' UTR"
"PY17X_0610600",258,"UGUAACAUA","3' UTR"
"PY17X_0627400",539,"UGUAACAUA","3' UTR"
"PY17X_0700033",610,"UGUAACAUA","3' UTR"
"PY17X_0716000",183,"UGUAACAUA","3' UTR"
"PY17X_0803000",186,"UGUAACAUA","3' UTR"
"PY17X_0822900",94,"UGUAACAUA","3' UTR"
"PY17X_0826000",480,"UGUAACAUA","3' UTR"
"PY17X_0839700",299,"UGUAACAUA","3' UTR"
"PY17X_0843501",575,"UGUAACAUA","3' UTR"
"PY17X_0844101",645,"UGUAACAUA","3' UTR"
"PY17X_0844601",619,"UGUAACAUA","3' UTR"
"PY17X_0845001",614,"UGUAACAUA","3' UTR"
"PY17X_0900083",642,"UGUAACAUA","3' UTR"
"PY17X_0901100",642,"UGUAACAUA","3' UTR"
"PY17X_0913400",260,"UGUAACAUA","3' UTR"
"PY17X_0925500",16,"UGUAACAUA","3' UTR"
"PY17X_0926200",403,"UGUAACAUA","3' UTR"
"PY17X_0928100",373,"UGUAACAUA","3' UTR"
"PY17X_0930100",387,"UGUAACAUA","3' UTR"
"PY17X_0932100",408,"UGUAACAUA","3' UTR"
"PY17X_0935300",522,"UGUAACAUA","3' UTR"
"PY17X_0941200",609,"UGUAACAUA","3' UTR"
"PY17X_0949501",617,"UGUAACAUA","3' UTR"
"PY17X_1019700",55,"UGUAACAUA","3' UTR"
"PY17X_1024800",500,"UGUAACAUA","3' UTR"
"PY17X_1029300",303,"UGUAACAUA","3' UTR"
"PY17X_1045100",645,"UGUAACAUA","3' UTR"
"PY17X_1045900",615,"UGUAACAUA","3' UTR"
"PY17X_1047701",617,"UGUAACAUA","3' UTR"
"PY17X_1049401",632,"UGUAACAUA","3' UTR"
"PY17X_1100035",676,"UGUAACAUA","3' UTR"
"PY17X_1100051",639,"UGUAACAUA","3' UTR"
"PY17X_1116400",133,"UGUAACAUA","3' UTR"
"PY17X_1121500",589,"UGUAACAUA","3' UTR"
"PY17X_1132700",427,"UGUAACAUA","3' UTR"
"PY17X_1136500",624,"UGUAACAUA","3' UTR"
"PY17X_1146300",581,"UGUAACAUA","3' UTR"
"PY17X_1200057",602,"UGUAACAUA","3' UTR"
"PY17X_1200500",656,"UGUAACAUA","3' UTR"
"PY17X_1210700",407,"UGUAACAUA","3' UTR"
"PY17X_1307700",50,"UGUAACAUA","3' UTR"
"PY17X_1309800",245,"UGUAACAUA","3' UTR"
"PY17X_1319100",265,"UGUAACAUA","3' UTR"
"PY17X_1325600",611,"UGUAACAUA","3' UTR"
"PY17X_1330200",138,"UGUAACAUA","3' UTR"
"PY17X_1332300",77,"UGUAACAUA","3' UTR"
"PY17X_1333900",72,"UGUAACAUA","3' UTR"
"PY17X_1345600",13,"UGUAACAUA","3' UTR"
"PY17X_1357400",662,"UGUAACAUA","3' UTR"
"PY17X_1358300",542,"UGUAACAUA","3' UTR"
"PY17X_1361700",190,"UGUAACAUA","3' UTR"
"PY17X_1363600",81,"UGUAACAUA","3' UTR"
"PY17X_1365900",131,"UGUAACAUA","3' UTR"
"PY17X_1368700",354,"UGUAACAUA","3' UTR"
"PY17X_1400055",614,"UGUAACAUA","3' UTR"
"PY17X_1404200",166,"UGUAACAUA","3' UTR"
"PY17X_1407800",377,"UGUAACAUA","3' UTR"
"PY17X_1414900",36,"UGUAACAUA","3' UTR"
"PY17X_1433500",527,"UGUAACAUA","3' UTR"
"PY17X_1435100",619,"UGUAACAUA","3' UTR"
"PY17X_1437000",548,"UGUAACAUA","3' UTR"
"PY17X_1451100",337,"UGUAACAUA","3' UTR"
"PY17X_1453200",178,"UGUAACAUA","3' UTR"
"PY17X_1468800",608,"UGUAACAUA","3' UTR"
"PY17X_1469701",653,"UGUAACAUA","3' UTR"
"PY17X_1473101",570,"UGUAACAUA","3' UTR"
"PY17X_0101900",774,"UGUAACAUA","5' UTR"
"PY17X_0104500",125,"UGUAACAUA","5' UTR"
"PY17X_0300800",205,"UGUAACAUA","5' UTR"
"PY17X_0316600",500,"UGUAACAUA","5' UTR"
"PY17X_0400055",225,"UGUAACAUA","5' UTR"
"PY17X_0406200",622,"UGUAACAUA","5' UTR"
"PY17X_0407700",11,"UGUAACAUA","5' UTR"
"PY17X_0408500",240,"UGUAACAUA","5' UTR"
"PY17X_0500137",278,"UGUAACAUA","5' UTR"
"PY17X_0500151",251,"UGUAACAUA","5' UTR"
"PY17X_0501000",625,"UGUAACAUA","5' UTR"
"PY17X_0512100",378,"UGUAACAUA","5' UTR"
"PY17X_0516800",320,"UGUAACAUA","5' UTR"
"PY17X_0521100",262,"UGUAACAUA","5' UTR"
"PY17X_0523200",245,"UGUAACAUA","5' UTR"
"PY17X_0620300",683,"UGUAACAUA","5' UTR"
"PY17X_0621400",553,"UGUAACAUA","5' UTR"
"PY17X_0700059",279,"UGUAACAUA","5' UTR"
"PY17X_0708200",687,"UGUAACAUA","5' UTR"
"PY17X_0710100",679,"UGUAACAUA","5' UTR"
"PY17X_0721000",736,"UGUAACAUA","5' UTR"
"PY17X_0803900",187,"UGUAACAUA","5' UTR"
"PY17X_0804900",656,"UGUAACAUA","5' UTR"
"PY17X_0805300",701,"UGUAACAUA","5' UTR"
"PY17X_0816700",580,"UGUAACAUA","5' UTR"
"PY17X_0823500",332,"UGUAACAUA","5' UTR"
"PY17X_0825900",458,"UGUAACAUA","5' UTR"
"PY17X_0830200",598,"UGUAACAUA","5' UTR"
"PY17X_0843601",260,"UGUAACAUA","5' UTR"
"PY17X_0904900",565,"UGUAACAUA","5' UTR"
"PY17X_0907000",552,"UGUAACAUA","5' UTR"
"PY17X_0920600",332,"UGUAACAUA","5' UTR"
"PY17X_0927200",393,"UGUAACAUA","5' UTR"
"PY17X_0928200",713,"UGUAACAUA","5' UTR"
"PY17X_0932000",278,"UGUAACAUA","5' UTR"
"PY17X_0933000",140,"UGUAACAUA","5' UTR"
"PY17X_0935400",4,"UGUAACAUA","5' UTR"
"PY17X_0944600",625,"UGUAACAUA","5' UTR"
"PY17X_1000300",623,"UGUAACAUA","5' UTR"
"PY17X_1006400",103,"UGUAACAUA","5' UTR"
"PY17X_1011100",516,"UGUAACAUA","5' UTR"
"PY17X_1015200",773,"UGUAACAUA","5' UTR"
"PY17X_1019800",497,"UGUAACAUA","5' UTR"
"PY17X_1024700",68,"UGUAACAUA","5' UTR"
"PY17X_1028600",726,"UGUAACAUA","5' UTR"
"PY17X_1031900",754,"UGUAACAUA","5' UTR"
"PY17X_1037800",140,"UGUAACAUA","5' UTR"
"PY17X_1037900",744,"UGUAACAUA","5' UTR"
"PY17X_1038800",205,"UGUAACAUA","5' UTR"
"PY17X_1044900",458,"UGUAACAUA","5' UTR"
"PY17X_1051201",261,"UGUAACAUA","5' UTR"
"PY17X_1104600",617,"UGUAACAUA","5' UTR"
"PY17X_1107500",731,"UGUAACAUA","5' UTR"
"PY17X_1123400",293,"UGUAACAUA","5' UTR"
"PY17X_1127900",343,"UGUAACAUA","5' UTR"
"PY17X_1132600",150,"UGUAACAUA","5' UTR"
"PY17X_1200053",287,"UGUAACAUA","5' UTR"
"PY17X_1215100",731,"UGUAACAUA","5' UTR"
"PY17X_1220600",479,"UGUAACAUA","5' UTR"
"PY17X_1222200",722,"UGUAACAUA","5' UTR"
"PY17X_1222300",574,"UGUAACAUA","5' UTR"
"PY17X_1249100",200,"UGUAACAUA","5' UTR"
"PY17X_1252101",287,"UGUAACAUA","5' UTR"
"PY17X_1304500",793,"UGUAACAUA","5' UTR"
"PY17X_1307100",706,"UGUAACAUA","5' UTR"
"PY17X_1309700",120,"UGUAACAUA","5' UTR"
"PY17X_1319000",427,"UGUAACAUA","5' UTR"
"PY17X_1321400",720,"UGUAACAUA","5' UTR"
"PY17X_1329800",629,"UGUAACAUA","5' UTR"
"PY17X_1335300",184,"UGUAACAUA","5' UTR"
"PY17X_1337100",734,"UGUAACAUA","5' UTR"
"PY17X_1338900",286,"UGUAACAUA","5' UTR"
"PY17X_1353000",299,"UGUAACAUA","5' UTR"
"PY17X_1356800",561,"UGUAACAUA","5' UTR"
"PY17X_1357800",384,"UGUAACAUA","5' UTR"
"PY17X_1357800",789,"UGUAACAUA","5' UTR"
"PY17X_1358200",691,"UGUAACAUA","5' UTR"
"PY17X_1361700",21,"UGUAACAUA","5' UTR"
"PY17X_1364600",136,"UGUAACAUA","5' UTR"
"PY17X_1365900",159,"UGUAACAUA","5' UTR"
"PY17X_1366100",186,"UGUAACAUA","5' UTR"
"PY17X_1409600",333,"UGUAACAUA","5' UTR"
"PY17X_1412800",773,"UGUAACAUA","5' UTR"
"PY17X_1418900",301,"UGUAACAUA","5' UTR"
"PY17X_1421300",504,"UGUAACAUA","5' UTR"
"PY17X_1428500",219,"UGUAACAUA","5' UTR"
"PY17X_1431400",235,"UGUAACAUA","5' UTR"
"PY17X_1433400",295,"UGUAACAUA","5' UTR"
"PY17X_1435000",692,"UGUAACAUA","5' UTR"
"PY17X_1438300",425,"UGUAACAUA","5' UTR"
"PY17X_1447200",703,"UGUAACAUA","5' UTR"
"PY17X_1448400",727,"UGUAACAUA","5' UTR"
"PY17X_1455100",604,"UGUAACAUA","5' UTR"
"PY17X_1461400",597,"UGUAACAUA","5' UTR"
"PY17X_1464400",682,"UGUAACAUA","5' UTR"
"PY17X_0105100",1078,"UGUAACAUA","CDS"
"PY17X_0106300",1890,"UGUAACAUA","CDS"
"PY17X_0109200",15574,"UGUAACAUA","CDS"
"PY17X_0112000",1257,"UGUAACAUA","CDS"
"PY17X_0205900",2086,"UGUAACAUA","CDS"
"PY17X_0209500",103,"UGUAACAUA","CDS"
"PY17X_0407000",105,"UGUAACAUA","CDS"
"PY17X_0412400",1189,"UGUAACAUA","CDS"
"PY17X_0420900",829,"UGUAACAUA","CDS"
"PY17X_0422501",247,"UGUAACAUA","CDS"
"PY17X_0501000",466,"UGUAACAUA","CDS"
"PY17X_0513300",1114,"UGUAACAUA","CDS"
"PY17X_0521400",1672,"UGUAACAUA","CDS"
"PY17X_0523500",5179,"UGUAACAUA","CDS"
"PY17X_0604000",2076,"UGUAACAUA","CDS"
"PY17X_0605800",573,"UGUAACAUA","CDS"
"PY17X_0610200",3952,"UGUAACAUA","CDS"
"PY17X_0612000",600,"UGUAACAUA","CDS"
"PY17X_0619600",3535,"UGUAACAUA","CDS"
"PY17X_0621400",1488,"UGUAACAUA","CDS"
"PY17X_0700025",493,"UGUAACAUA","CDS"
"PY17X_0713800",466,"UGUAACAUA","CDS"
"PY17X_0804900",288,"UGUAACAUA","CDS"
"PY17X_0805600",2515,"UGUAACAUA","CDS"
"PY17X_0806300",1560,"UGUAACAUA","CDS"
"PY17X_0827000",10144,"UGUAACAUA","CDS"
"PY17X_0833400",532,"UGUAACAUA","CDS"
"PY17X_0837300",628,"UGUAACAUA","CDS"
"PY17X_0843001",463,"UGUAACAUA","CDS"
"PY17X_0900047",496,"UGUAACAUA","CDS"
"PY17X_0903100",180,"UGUAACAUA","CDS"
"PY17X_0911300",4251,"UGUAACAUA","CDS"
"PY17X_0930700",4932,"UGUAACAUA","CDS"
"PY17X_0933900",1878,"UGUAACAUA","CDS"
"PY17X_0948201",496,"UGUAACAUA","CDS"
"PY17X_1012600",5143,"UGUAACAUA","CDS"
"PY17X_1024600",291,"UGUAACAUA","CDS"
"PY17X_1102500",207,"UGUAACAUA","CDS"
"PY17X_1104400",1719,"UGUAACAUA","CDS"
"PY17X_1105500",565,"UGUAACAUA","CDS"
"PY17X_1106100",597,"UGUAACAUA","CDS"
"PY17X_1107400",112,"UGUAACAUA","CDS"
"PY17X_1110700",475,"UGUAACAUA","CDS"
"PY17X_1124100",2488,"UGUAACAUA","CDS"
"PY17X_1125800",799,"UGUAACAUA","CDS"
"PY17X_1130000",11404,"UGUAACAUA","CDS"
"PY17X_1137400",5536,"UGUAACAUA","CDS"
"PY17X_1144900",957,"UGUAACAUA","CDS"
"PY17X_1146400",2634,"UGUAACAUA","CDS"
"PY17X_1212900",1663,"UGUAACAUA","CDS"
"PY17X_1235400",771,"UGUAACAUA","CDS"
"PY17X_1237500",403,"UGUAACAUA","CDS"
"PY17X_1239200",505,"UGUAACAUA","CDS"
"PY17X_1240100",756,"UGUAACAUA","CDS"
"PY17X_1240400",5953,"UGUAACAUA","CDS"
"PY17X_1300105",490,"UGUAACAUA","CDS"
"PY17X_1300371",306,"UGUAACAUA","CDS"
"PY17X_1302800",279,"UGUAACAUA","CDS"
"PY17X_1315600",204,"UGUAACAUA","CDS"
"PY17X_1317800",717,"UGUAACAUA","CDS"
"PY17X_1318500",340,"UGUAACAUA","CDS"
"PY17X_1323000",1975,"UGUAACAUA","CDS"
"PY17X_1328000",882,"UGUAACAUA","CDS"
"PY17X_1335200",1606,"UGUAACAUA","CDS"
"PY17X_1337300",1870,"UGUAACAUA","CDS"
"PY17X_1346900",2209,"UGUAACAUA","CDS"
"PY17X_1347300",190,"UGUAACAUA","CDS"
"PY17X_1356900",1278,"UGUAACAUA","CDS"
"PY17X_1361900",94,"UGUAACAUA","CDS"
"PY17X_1365000",9055,"UGUAACAUA","CDS"
"PY17X_1367300",630,"UGUAACAUA","CDS"
"PY17X_1405100",103,"UGUAACAUA","CDS"
"PY17X_1417700",105,"UGUAACAUA","CDS"
"PY17X_1421300",4288,"UGUAACAUA","CDS"
"PY17X_1422200",2050,"UGUAACAUA","CDS"
"PY17X_1440000",748,"UGUAACAUA","CDS"
"PY17X_1447000",2118,"UGUAACAUA","CDS"
"PY17X_1453700",415,"UGUAACAUA","CDS"
"PY17X_1471301",493,"UGUAACAUA","CDS"
"PY17X_1472601",463,"UGUAACAUA","CDS"
"PY17X_0622200",47,"UGUAACCUA","3' UTR"
"PY17X_1040200",81,"UGUAACCUA","3' UTR"
"PY17X_1330200",253,"UGUAACCUA","3' UTR"
"PY17X_1403700",281,"UGUAACCUA","3' UTR"
"PY17X_0109900",621,"UGUAACCUA","5' UTR"
"PY17X_0111400",405,"UGUAACCUA","5' UTR"
"PY17X_0802400",572,"UGUAACCUA","5' UTR"
"PY17X_0820200",251,"UGUAACCUA","5' UTR"
"PY17X_0905800",317,"UGUAACCUA","5' UTR"
"PY17X_0928100",457,"UGUAACCUA","5' UTR"
"PY17X_1403800",127,"UGUAACCUA","5' UTR"
"PY17X_1437100",177,"UGUAACCUA","5' UTR"
"PY17X_0804600",24,"UGUAACCUA","CDS"
"PY17X_0900089",66,"UGUAACCUA","CDS"
"PY17X_0948001",66,"UGUAACCUA","CDS"
"PY17X_1000051",66,"UGUAACCUA","CDS"
"PY17X_1100033",66,"UGUAACCUA","CDS"
"PY17X_1107700",153,"UGUAACCUA","CDS"
"PY17X_1245600",177,"UGUAACCUA","CDS"
"PY17X_1306900",327,"UGUAACCUA","CDS"
"PY17X_0211800",10,"UGUAACGUA","3' UTR"
"PY17X_0311000",310,"UGUAACGUA","3' UTR"
"PY17X_0319400",659,"UGUAACGUA","3' UTR"
"PY17X_0400031",640,"UGUAACGUA","3' UTR"
"PY17X_0935000",433,"UGUAACGUA","3' UTR"
"PY17X_1007800",613,"UGUAACGUA","3' UTR"
"PY17X_1027400",356,"UGUAACGUA","3' UTR"
"PY17X_1204200",533,"UGUAACGUA","3' UTR"
"PY17X_0310900",706,"UGUAACGUA","5' UTR"
"PY17X_1000093",212,"UGUAACGUA","5' UTR"
"PY17X_1007700",42,"UGUAACGUA","5' UTR"
"PY17X_1204300",201,"UGUAACGUA","5' UTR"
"PY17X_1211100",238,"UGUAACGUA","5' UTR"
"PY17X_1319300",502,"UGUAACGUA","5' UTR"
"PY17X_1353300",247,"UGUAACGUA","5' UTR"
"PY17X_1461500",453,"UGUAACGUA","5' UTR"
"PY17X_1036200",18388,"UGUAACGUA","CDS"
"PY17X_1116500",100,"UGUAACGUA","CDS"
"PY17X_0201400",645,"UGUAACUUA","3' UTR"
"PY17X_0211700",156,"UGUAACUUA","3' UTR"
"PY17X_0301800",46,"UGUAACUUA","3' UTR"
"PY17X_0508000",464,"UGUAACUUA","3' UTR"
"PY17X_0608700",364,"UGUAACUUA","3' UTR"
"PY17X_0704900",380,"UGUAACUUA","3' UTR"
"PY17X_0813300",518,"UGUAACUUA","3' UTR"
"PY17X_0918800",371,"UGUAACUUA","3' UTR"
"PY17X_0924100",657,"UGUAACUUA","3' UTR"
"PY17X_0946300",490,"UGUAACUUA","3' UTR"
"PY17X_1011900",412,"UGUAACUUA","3' UTR"
"PY17X_1023000",506,"UGUAACUUA","3' UTR"
"PY17X_1027600",11,"UGUAACUUA","3' UTR"
"PY17X_1036000",338,"UGUAACUUA","3' UTR"
"PY17X_1201500",281,"UGUAACUUA","3' UTR"
"PY17X_1220000",46,"UGUAACUUA","3' UTR"
"PY17X_1229300",220,"UGUAACUUA","3' UTR"
"PY17X_1238300",454,"UGUAACUUA","3' UTR"
"PY17X_1311000",140,"UGUAACUUA","3' UTR"
"PY17X_1335800",463,"UGUAACUUA","3' UTR"
"PY17X_1351900",616,"UGUAACUUA","3' UTR"
"PY17X_1363800",422,"UGUAACUUA","3' UTR"
"PY17X_1403700",549,"UGUAACUUA","3' UTR"
"PY17X_1408800",294,"UGUAACUUA","3' UTR"
"PY17X_1413500",597,"UGUAACUUA","3' UTR"
"PY17X_1428600",641,"UGUAACUUA","3' UTR"
"PY17X_1443500",542,"UGUAACUUA","3' UTR"
"PY17X_1460400",651,"UGUAACUUA","3' UTR"
"PY17X_0100037",233,"UGUAACUUA","5' UTR"
"PY17X_0100063",257,"UGUAACUUA","5' UTR"
"PY17X_0102400",552,"UGUAACUUA","5' UTR"
"PY17X_0114800",232,"UGUAACUUA","5' UTR"
"PY17X_0117600",260,"UGUAACUUA","5' UTR"
"PY17X_0117700",230,"UGUAACUUA","5' UTR"
"PY17X_0200661",225,"UGUAACUUA","5' UTR"
"PY17X_0200721",226,"UGUAACUUA","5' UTR"
"PY17X_0201300",206,"UGUAACUUA","5' UTR"
"PY17X_0207200",19,"UGUAACUUA","5' UTR"
"PY17X_0213100",583,"UGUAACUUA","5' UTR"
"PY17X_0218101",229,"UGUAACUUA","5' UTR"
"PY17X_0218201",203,"UGUAACUUA","5' UTR"
"PY17X_0218501",212,"UGUAACUUA","5' UTR"
"PY17X_0219401",227,"UGUAACUUA","5' UTR"
"PY17X_0220401",225,"UGUAACUUA","5' UTR"
"PY17X_0220501",313,"UGUAACUUA","5' UTR"
"PY17X_0220901",251,"UGUAACUUA","5' UTR"
"PY17X_0221201",229,"UGUAACUUA","5' UTR"
"PY17X_0221301",236,"UGUAACUUA","5' UTR"
"PY17X_0222401",244,"UGUAACUUA","5' UTR"
"PY17X_0317800",240,"UGUAACUUA","5' UTR"
"PY17X_0318600",234,"UGUAACUUA","5' UTR"
"PY17X_0319601",214,"UGUAACUUA","5' UTR"
"PY17X_0320801",208,"UGUAACUUA","5' UTR"
"PY17X_0321301",230,"UGUAACUUA","5' UTR"
"PY17X_0322101",274,"UGUAACUUA","5' UTR"
"PY17X_0400019",228,"UGUAACUUA","5' UTR"
"PY17X_0400071",233,"UGUAACUUA","5' UTR"
"PY17X_0400083",254,"UGUAACUUA","5' UTR"
"PY17X_0400089",237,"UGUAACUUA","5' UTR"
"PY17X_0400100",313,"UGUAACUUA","5' UTR"
"PY17X_0401700",218,"UGUAACUUA","5' UTR"
"PY17X_0417700",137,"UGUAACUUA","5' UTR"
"PY17X_0500047",244,"UGUAACUUA","5' UTR"
"PY17X_0526800",273,"UGUAACUUA","5' UTR"
"PY17X_0527500",281,"UGUAACUUA","5' UTR"
"PY17X_0528001",223,"UGUAACUUA","5' UTR"
"PY17X_0528301",249,"UGUAACUUA","5' UTR"
"PY17X_0600111",242,"UGUAACUUA","5' UTR"
"PY17X_0600321",242,"UGUAACUUA","5' UTR"
"PY17X_0604700",467,"UGUAACUUA","5' UTR"
"PY17X_0608600",648,"UGUAACUUA","5' UTR"
"PY17X_0609400",402,"UGUAACUUA","5' UTR"
"PY17X_0627100",228,"UGUAACUUA","5' UTR"
"PY17X_0627400",214,"UGUAACUUA","5' UTR"
"PY17X_0700019",244,"UGUAACUUA","5' UTR"
"PY17X_0700029",256,"UGUAACUUA","5' UTR"
"PY17X_0700035",237,"UGUAACUUA","5' UTR"
"PY17X_0700053",254,"UGUAACUUA","5' UTR"
"PY17X_0700071",205,"UGUAACUUA","5' UTR"
"PY17X_0700077",203,"UGUAACUUA","5' UTR"
"PY17X_0700079",229,"UGUAACUUA","5' UTR"
"PY17X_0714800",146,"UGUAACUUA","5' UTR"
"PY17X_0722300",228,"UGUAACUUA","5' UTR"
"PY17X_0722500",228,"UGUAACUUA","5' UTR"
"PY17X_0722600",234,"UGUAACUUA","5' UTR"
"PY17X_0722700",244,"UGUAACUUA","5' UTR"
"PY17X_0723300",275,"UGUAACUUA","5' UTR"
"PY17X_0723500",221,"UGUAACUUA","5' UTR"
"PY17X_0800400",231,"UGUAACUUA","5' UTR"
"PY17X_0800500",231,"UGUAACUUA","5' UTR"
"PY17X_0800600",253,"UGUAACUUA","5' UTR"
"PY17X_0802000",237,"UGUAACUUA","5' UTR"
"PY17X_0802200",234,"UGUAACUUA","5' UTR"
"PY17X_0807900",673,"UGUAACUUA","5' UTR"
"PY17X_0810500",490,"UGUAACUUA","5' UTR"
"PY17X_0824200",455,"UGUAACUUA","5' UTR"
"PY17X_0839800",218,"UGUAACUUA","5' UTR"
"PY17X_0841700",212,"UGUAACUUA","5' UTR"
"PY17X_0842801",304,"UGUAACUUA","5' UTR"
"PY17X_0844301",250,"UGUAACUUA","5' UTR"
"PY17X_0845401",217,"UGUAACUUA","5' UTR"
"PY17X_0845801",245,"UGUAACUUA","5' UTR"
"PY17X_0847701",226,"UGUAACUUA","5' UTR"
"PY17X_0900039",242,"UGUAACUUA","5' UTR"
"PY17X_0900055",227,"UGUAACUUA","5' UTR"
"PY17X_0900063",234,"UGUAACUUA","5' UTR"
"PY17X_0900089",229,"UGUAACUUA","5' UTR"
"PY17X_0900100",228,"UGUAACUUA","5' UTR"
"PY17X_0924200",33,"UGUAACUUA","5' UTR"
"PY17X_0927600",672,"UGUAACUUA","5' UTR"
"PY17X_0935800",664,"UGUAACUUA","5' UTR"
"PY17X_0948001",256,"UGUAACUUA","5' UTR"
"PY17X_0950601",313,"UGUAACUUA","5' UTR"
"PY17X_0950701",275,"UGUAACUUA","5' UTR"
"PY17X_0951301",247,"UGUAACUUA","5' UTR"
"PY17X_0952101",226,"UGUAACUUA","5' UTR"
"PY17X_1000085",218,"UGUAACUUA","5' UTR"
"PY17X_1000087",304,"UGUAACUUA","5' UTR"
"PY17X_1000100",269,"UGUAACUUA","5' UTR"
"PY17X_1006300",106,"UGUAACUUA","5' UTR"
"PY17X_1007600",142,"UGUAACUUA","5' UTR"
"PY17X_1042900",228,"UGUAACUUA","5' UTR"
"PY17X_1043100",239,"UGUAACUUA","5' UTR"
"PY17X_1045600",235,"UGUAACUUA","5' UTR"
"PY17X_1046301",223,"UGUAACUUA","5' UTR"
"PY17X_1047701",308,"UGUAACUUA","5' UTR"
"PY17X_1048101",313,"UGUAACUUA","5' UTR"
"PY17X_1048201",237,"UGUAACUUA","5' UTR"
"PY17X_1048501",226,"UGUAACUUA","5' UTR"
"PY17X_1048901",223,"UGUAACUUA","5' UTR"
"PY17X_1049701",233,"UGUAACUUA","5' UTR"
"PY17X_1050701",244,"UGUAACUUA","5' UTR"
"PY17X_1100051",257,"UGUAACUUA","5' UTR"
"PY17X_1100081",225,"UGUAACUUA","5' UTR"
"PY17X_1100085",225,"UGUAACUUA","5' UTR"
"PY17X_1100800",232,"UGUAACUUA","5' UTR"
"PY17X_1101700",224,"UGUAACUUA","5' UTR"
"PY17X_1119800",299,"UGUAACUUA","5' UTR"
"PY17X_1148100",229,"UGUAACUUA","5' UTR"
"PY17X_1149400",287,"UGUAACUUA","5' UTR"
"PY17X_1200700",251,"UGUAACUUA","5' UTR"
"PY17X_1202400",221,"UGUAACUUA","5' UTR"
"PY17X_1202500",267,"UGUAACUUA","5' UTR"
"PY17X_1203400",231,"UGUAACUUA","5' UTR"
"PY17X_1204400",124,"UGUAACUUA","5' UTR"
"PY17X_1227000",368,"UGUAACUUA","5' UTR"
"PY17X_1227900",785,"UGUAACUUA","5' UTR"
"PY17X_1251400",234,"UGUAACUUA","5' UTR"
"PY17X_1251600",251,"UGUAACUUA","5' UTR"
"PY17X_1300161",260,"UGUAACUUA","5' UTR"
"PY17X_1300315",247,"UGUAACUUA","5' UTR"
"PY17X_1300357",234,"UGUAACUUA","5' UTR"
"PY17X_1300441",222,"UGUAACUUA","5' UTR"
"PY17X_1333200",590,"UGUAACUUA","5' UTR"
"PY17X_1335200",491,"UGUAACUUA","5' UTR"
"PY17X_1352000",299,"UGUAACUUA","5' UTR"
"PY17X_1356200",279,"UGUAACUUA","5' UTR"
"PY17X_1370600",281,"UGUAACUUA","5' UTR"
"PY17X_1372800",224,"UGUAACUUA","5' UTR"
"PY17X_1373900",232,"UGUAACUUA","5' UTR"
"PY17X_1374100",263,"UGUAACUUA","5' UTR"
"PY17X_1400027",244,"UGUAACUUA","5' UTR"
"PY17X_1400089",234,"UGUAACUUA","5' UTR"
"PY17X_1400097",225,"UGUAACUUA","5' UTR"
"PY17X_1403800",395,"UGUAACUUA","5' UTR"
"PY17X_1408300",477,"UGUAACUUA","5' UTR"
"PY17X_1412500",226,"UGUAACUUA","5' UTR"
"PY17X_1426200",659,"UGUAACUUA","5' UTR"
"PY17X_1445900",41,"UGUAACUUA","5' UTR"
"PY17X_1451400",312,"UGUAACUUA","5' UTR"
"PY17X_1469300",260,"UGUAACUUA","5' UTR"
"PY17X_1469601",231,"UGUAACUUA","5' UTR"
"PY17X_1469801",308,"UGUAACUUA","5' UTR"
"PY17X_1470501",225,"UGUAACUUA","5' UTR"
"PY17X_1471201",223,"UGUAACUUA","5' UTR"
"PY17X_1471701",225,"UGUAACUUA","5' UTR"
"PY17X_1472201",228,"UGUAACUUA","5' UTR"
"PY17X_1472301",227,"UGUAACUUA","5' UTR"
"PY17X_1472601",270,"UGUAACUUA","5' UTR"
"PY17X_1473101",244,"UGUAACUUA","5' UTR"
"PY17X_0408400",1635,"UGUAACUUA","CDS"
"PY17X_0516300",1195,"UGUAACUUA","CDS"
"PY17X_0522300",646,"UGUAACUUA","CDS"
"PY17X_0611100",1408,"UGUAACUUA","CDS"
"PY17X_0612200",3702,"UGUAACUUA","CDS"
"PY17X_0613900",211,"UGUAACUUA","CDS"
"PY17X_0719300",1546,"UGUAACUUA","CDS"
"PY17X_0815700",4132,"UGUAACUUA","CDS"
"PY17X_0822400",294,"UGUAACUUA","CDS"
"PY17X_0914700",1123,"UGUAACUUA","CDS"
"PY17X_0938700",15,"UGUAACUUA","CDS"
"PY17X_0940700",129,"UGUAACUUA","CDS"
"PY17X_1003500",250,"UGUAACUUA","CDS"
"PY17X_1015900",2802,"UGUAACUUA","CDS"
"PY17X_1040900",127,"UGUAACUUA","CDS"
"PY17X_1135200",490,"UGUAACUUA","CDS"
"PY17X_1209400",2782,"UGUAACUUA","CDS"
"PY17X_1224700",388,"UGUAACUUA","CDS"
"PY17X_1229600",1302,"UGUAACUUA","CDS"
"PY17X_1236100",1117,"UGUAACUUA","CDS"
"PY17X_1237200",304,"UGUAACUUA","CDS"
"PY17X_1249900",906,"UGUAACUUA","CDS"
"PY17X_1348800",1054,"UGUAACUUA","CDS"
"PY17X_1369000",2532,"UGUAACUUA","CDS"
"PY17X_1406900",579,"UGUAACUUA","CDS"
"PY17X_1412900",73,"UGUAACUUA","CDS"
"PY17X_1417800",1123,"UGUAACUUA","CDS"
"PY17X_1440000",136,"UGUAACUUA","CDS"
"PY17X_1465300",712,"UGUAACUUA","CDS"
"PY17X_0303100",637,"UGUAAGAUA","3' UTR"
"PY17X_0315800",124,"UGUAAGAUA","3' UTR"
"PY17X_0515200",399,"UGUAAGAUA","3' UTR"
"PY17X_0608700",531,"UGUAAGAUA","3' UTR"
"PY17X_0802900",360,"UGUAAGAUA","3' UTR"
"PY17X_0806200",559,"UGUAAGAUA","3' UTR"
"PY17X_0831200",115,"UGUAAGAUA","3' UTR"
"PY17X_0922200",615,"UGUAAGAUA","3' UTR"
"PY17X_0930800",263,"UGUAAGAUA","3' UTR"
"PY17X_1030100",565,"UGUAAGAUA","3' UTR"
"PY17X_1110800",275,"UGUAAGAUA","3' UTR"
"PY17X_1122800",402,"UGUAAGAUA","3' UTR"
"PY17X_1215000",66,"UGUAAGAUA","3' UTR"
"PY17X_1234300",579,"UGUAAGAUA","3' UTR"
"PY17X_1307100",518,"UGUAAGAUA","3' UTR"
"PY17X_1323000",504,"UGUAAGAUA","3' UTR"
"PY17X_1336600",639,"UGUAAGAUA","3' UTR"
"PY17X_1349600",490,"UGUAAGAUA","3' UTR"
"PY17X_1352700",146,"UGUAAGAUA","3' UTR"
"PY17X_1448600",68,"UGUAAGAUA","3' UTR"
"PY17X_1465100",81,"UGUAAGAUA","3' UTR"
"PY17X_1466200",35,"UGUAAGAUA","3' UTR"
"PY17X_0303000",165,"UGUAAGAUA","5' UTR"
"PY17X_0404100",360,"UGUAAGAUA","5' UTR"
"PY17X_0412400",198,"UGUAAGAUA","5' UTR"
"PY17X_0418400",629,"UGUAAGAUA","5' UTR"
"PY17X_0418400",695,"UGUAAGAUA","5' UTR"
"PY17X_0508100",409,"UGUAAGAUA","5' UTR"
"PY17X_0511800",310,"UGUAAGAUA","5' UTR"
"PY17X_0523100",692,"UGUAAGAUA","5' UTR"
"PY17X_0622500",167,"UGUAAGAUA","5' UTR"
"PY17X_0916200",553,"UGUAAGAUA","5' UTR"
"PY17X_0916400",514,"UGUAAGAUA","5' UTR"
"PY17X_0917400",670,"UGUAAGAUA","5' UTR"
"PY17X_0921700",621,"UGUAAGAUA","5' UTR"
"PY17X_0945900",201,"UGUAAGAUA","5' UTR"
"PY17X_1016900",442,"UGUAAGAUA","5' UTR"
"PY17X_1027500",29,"UGUAAGAUA","5' UTR"
"PY17X_1030200",420,"UGUAAGAUA","5' UTR"
"PY17X_1102800",779,"UGUAAGAUA","5' UTR"
"PY17X_1234400",171,"UGUAAGAUA","5' UTR"
"PY17X_1318700",437,"UGUAAGAUA","5' UTR"
"PY17X_1326900",44,"UGUAAGAUA","5' UTR"
"PY17X_1330000",445,"UGUAAGAUA","5' UTR"
"PY17X_1338700",169,"UGUAAGAUA","5' UTR"
"PY17X_1349700",792,"UGUAAGAUA","5' UTR"
"PY17X_1427800",620,"UGUAAGAUA","5' UTR"
"PY17X_1439600",23,"UGUAAGAUA","5' UTR"
"PY17X_1465000",438,"UGUAAGAUA","5' UTR"
"PY17X_0305300",106,"UGUAAGAUA","CDS"
"PY17X_0406300",660,"UGUAAGAUA","CDS"
"PY17X_0410100",528,"UGUAAGAUA","CDS"
"PY17X_0415400",2361,"UGUAAGAUA","CDS"
"PY17X_0419000",2748,"UGUAAGAUA","CDS"
"PY17X_0419200",567,"UGUAAGAUA","CDS"
"PY17X_0608600",7,"UGUAAGAUA","CDS"
"PY17X_0704800",6189,"UGUAAGAUA","CDS"
"PY17X_0822100",771,"UGUAAGAUA","CDS"
"PY17X_0900025",996,"UGUAAGAUA","CDS"
"PY17X_0904600",2061,"UGUAAGAUA","CDS"
"PY17X_0913500",85,"UGUAAGAUA","CDS"
"PY17X_0932100",2536,"UGUAAGAUA","CDS"
"PY17X_1016800",1377,"UGUAAGAUA","CDS"
"PY17X_1019000",1029,"UGUAAGAUA","CDS"
"PY17X_1035500",126,"UGUAAGAUA","CDS"
"PY17X_1123100",99,"UGUAAGAUA","CDS"
"PY17X_1130000",6085,"UGUAAGAUA","CDS"
"PY17X_1223000",5014,"UGUAAGAUA","CDS"
"PY17X_1240400",22896,"UGUAAGAUA","CDS"
"PY17X_1248300",1828,"UGUAAGAUA","CDS"
"PY17X_1309000",3958,"UGUAAGAUA","CDS"
"PY17X_1312800",1179,"UGUAAGAUA","CDS"
"PY17X_1334400",2592,"UGUAAGAUA","CDS"
"PY17X_1345900",289,"UGUAAGAUA","CDS"
"PY17X_1353200",60,"UGUAAGAUA","CDS"
"PY17X_1369800",819,"UGUAAGAUA","CDS"
"PY17X_1371200",1389,"UGUAAGAUA","CDS"
"PY17X_1413800",3751,"UGUAAGAUA","CDS"
"PY17X_1430100",1575,"UGUAAGAUA","CDS"
"PY17X_1473501",993,"UGUAAGAUA","CDS"
"PY17X_0415500",605,"UGUAAGCUA","3' UTR"
"PY17X_0602400",245,"UGUAAGCUA","3' UTR"
"PY17X_0607600",295,"UGUAAGCUA","3' UTR"
"PY17X_0700015",323,"UGUAAGCUA","3' UTR"
"PY17X_1034600",5,"UGUAAGCUA","3' UTR"
"PY17X_1450100",614,"UGUAAGCUA","3' UTR"
"PY17X_1457300",644,"UGUAAGCUA","3' UTR"
"PY17X_0203100",489,"UGUAAGCUA","5' UTR"
"PY17X_0415600",662,"UGUAAGCUA","5' UTR"
"PY17X_0700017",216,"UGUAAGCUA","5' UTR"
"PY17X_1009500",421,"UGUAAGCUA","5' UTR"
"PY17X_1142600",680,"UGUAAGCUA","5' UTR"
"PY17X_1410100",600,"UGUAAGCUA","5' UTR"
"PY17X_0112100",555,"UGUAAGCUA","CDS"
"PY17X_0204800",244,"UGUAAGCUA","CDS"
"PY17X_0700029",66,"UGUAAGCUA","CDS"
"PY17X_0700093",685,"UGUAAGCUA","CDS"
"PY17X_0716200",1806,"UGUAAGCUA","CDS"
"PY17X_0804200",1228,"UGUAAGCUA","CDS"
"PY17X_0817600",1752,"UGUAAGCUA","CDS"
"PY17X_0833800",775,"UGUAAGCUA","CDS"
"PY17X_0900055",66,"UGUAAGCUA","CDS"
"PY17X_0948601",66,"UGUAAGCUA","CDS"
"PY17X_1049901",66,"UGUAAGCUA","CDS"
"PY17X_1113400",390,"UGUAAGCUA","CDS"
"PY17X_1248600",1750,"UGUAAGCUA","CDS"
"PY17X_1300141",66,"UGUAAGCUA","CDS"
"PY17X_1306900",2103,"UGUAAGCUA","CDS"
"PY17X_1368300",55,"UGUAAGCUA","CDS"
"PY17X_1422500",3204,"UGUAAGCUA","CDS"
"PY17X_1472601",66,"UGUAAGCUA","CDS"
"PY17X_0110400",328,"UGUAAGGUA","3' UTR"
"PY17X_0419300",9,"UGUAAGGUA","3' UTR"
"PY17X_0921800",528,"UGUAAGGUA","3' UTR"
"PY17X_1001000",381,"UGUAAGGUA","3' UTR"
"PY17X_1020600",58,"UGUAAGGUA","3' UTR"
"PY17X_1144300",334,"UGUAAGGUA","3' UTR"
"PY17X_1203800",659,"UGUAAGGUA","3' UTR"
"PY17X_1347800",59,"UGUAAGGUA","3' UTR"
"PY17X_1438300",81,"UGUAAGGUA","3' UTR"
"PY17X_0511800",289,"UGUAAGGUA","5' UTR"
"PY17X_0620500",161,"UGUAAGGUA","5' UTR"
"PY17X_0917300",710,"UGUAAGGUA","5' UTR"
"PY17X_0927600",468,"UGUAAGGUA","5' UTR"
"PY17X_1002700",119,"UGUAAGGUA","5' UTR"
"PY17X_1003300",405,"UGUAAGGUA","5' UTR"
"PY17X_1020500",89,"UGUAAGGUA","5' UTR"
"PY17X_1223400",8,"UGUAAGGUA","5' UTR"
"PY17X_1237800",451,"UGUAAGGUA","5' UTR"
"PY17X_1417600",457,"UGUAAGGUA","5' UTR"
"PY17X_1422700",472,"UGUAAGGUA","5' UTR"
"PY17X_0207600",10,"UGUAAGGUA","CDS"
"PY17X_0414900",45,"UGUAAGGUA","CDS"
"PY17X_1019500",2779,"UGUAAGGUA","CDS"
"PY17X_1304400",9829,"UGUAAGGUA","CDS"
"PY17X_1453750",57,"UGUAAGGUA","CDS"
"PY17X_0204700",526,"UGUAAGUUA","3' UTR"
"PY17X_0301600",402,"UGUAAGUUA","3' UTR"
"PY17X_0317400",438,"UGUAAGUUA","3' UTR"
"PY17X_0400035",318,"UGUAAGUUA","3' UTR"
"PY17X_0528101",318,"UGUAAGUUA","3' UTR"
"PY17X_0602600",615,"UGUAAGUUA","3' UTR"
"PY17X_0612100",354,"UGUAAGUUA","3' UTR"
"PY17X_0706600",110,"UGUAAGUUA","3' UTR"
"PY17X_0845001",307,"UGUAAGUUA","3' UTR"
"PY17X_0928000",660,"UGUAAGUUA","3' UTR"
"PY17X_0946500",583,"UGUAAGUUA","3' UTR"
"PY17X_1040700",657,"UGUAAGUUA","3' UTR"
"PY17X_1238100",481,"UGUAAGUUA","3' UTR"
"PY17X_1244700",576,"UGUAAGUUA","3' UTR"
"PY17X_1337600",152,"UGUAAGUUA","3' UTR"
"PY17X_1362100",640,"UGUAAGUUA","3' UTR"
"PY17X_1400055",307,"UGUAAGUUA","3' UTR"
"PY17X_1403000",501,"UGUAAGUUA","3' UTR"
"PY17X_API02900",354,"UGUAAGUUA","3' UTR"
"PY17X_API03000",583,"UGUAAGUUA","3' UTR"
"PY17X_0100095",230,"UGUAAGUUA","5' UTR"
"PY17X_0115600",339,"UGUAAGUUA","5' UTR"
"PY17X_0400200",230,"UGUAAGUUA","5' UTR"
"PY17X_0506400",613,"UGUAAGUUA","5' UTR"
"PY17X_0511900",738,"UGUAAGUUA","5' UTR"
"PY17X_0622900",656,"UGUAAGUUA","5' UTR"
"PY17X_0626400",336,"UGUAAGUUA","5' UTR"
"PY17X_0712300",742,"UGUAAGUUA","5' UTR"
"PY17X_0721200",243,"UGUAAGUUA","5' UTR"
"PY17X_0927900",146,"UGUAAGUUA","5' UTR"
"PY17X_1009500",484,"UGUAAGUUA","5' UTR"
"PY17X_1028300",615,"UGUAAGUUA","5' UTR"
"PY17X_1145500",60,"UGUAAGUUA","5' UTR"
"PY17X_1147000",111,"UGUAAGUUA","5' UTR"
"PY17X_1231100",726,"UGUAAGUUA","5' UTR"
"PY17X_1345100",589,"UGUAAGUUA","5' UTR"
"PY17X_1362200",455,"UGUAAGUUA","5' UTR"
"PY17X_1403100",493,"UGUAAGUUA","5' UTR"
"PY17X_1445000",247,"UGUAAGUUA","5' UTR"
"PY17X_1452600",674,"UGUAAGUUA","5' UTR"
"PY17X_API02600",128,"UGUAAGUUA","5' UTR"
"PY17X_API02700",407,"UGUAAGUUA","5' UTR"
"PY17X_0202600",46,"UGUAAGUUA","CDS"
"PY17X_0312100",1119,"UGUAAGUUA","CDS"
"PY17X_0403900",3132,"UGUAAGUUA","CDS"
"PY17X_0415400",1972,"UGUAAGUUA","CDS"
"PY17X_0515351",21,"UGUAAGUUA","CDS"
"PY17X_0525900",765,"UGUAAGUUA","CDS"
"PY17X_0604000",366,"UGUAAGUUA","CDS"
"PY17X_0610200",2145,"UGUAAGUUA","CDS"
"PY17X_0715900",210,"UGUAAGUUA","CDS"
"PY17X_0721900",538,"UGUAAGUUA","CDS"
"PY17X_0806800",3357,"UGUAAGUUA","CDS"
"PY17X_0926000",1399,"UGUAAGUUA","CDS"
"PY17X_0933300",57,"UGUAAGUUA","CDS"
"PY17X_0934800",4422,"UGUAAGUUA","CDS"
"PY17X_1011800",1018,"UGUAAGUUA","CDS"
"PY17X_1011900",11148,"UGUAAGUUA","CDS"
"PY17X_1012900",1098,"UGUAAGUUA","CDS"
"PY17X_1016700",1129,"UGUAAGUUA","CDS"
"PY17X_1018700",903,"UGUAAGUUA","CDS"
"PY17X_1116100",729,"UGUAAGUUA","CDS"
"PY17X_1127800",1045,"UGUAAGUUA","CDS"
"PY17X_1214300",46,"UGUAAGUUA","CDS"
"PY17X_1216400",2122,"UGUAAGUUA","CDS"
"PY17X_1244400",862,"UGUAAGUUA","CDS"
"PY17X_1311200",570,"UGUAAGUUA","CDS"
"PY17X_1324000",564,"UGUAAGUUA","CDS"
"PY17X_1325200",391,"UGUAAGUUA","CDS"
"PY17X_1332600",3663,"UGUAAGUUA","CDS"
"PY17X_1333200",36,"UGUAAGUUA","CDS"
"PY17X_1358700",16,"UGUAAGUUA","CDS"
"PY17X_1362900",822,"UGUAAGUUA","CDS"
"PY17X_1406100",367,"UGUAAGUUA","CDS"
"PY17X_1407900",2721,"UGUAAGUUA","CDS"
"PY17X_1417400",70,"UGUAAGUUA","CDS"
"PY17X_API02800",358,"UGUAAGUUA","CDS"
"PY17X_0100085",555,"UGUAAUAUA","3' UTR"
"PY17X_0102500",58,"UGUAAUAUA","3' UTR"
"PY17X_0104400",362,"UGUAAUAUA","3' UTR"
"PY17X_0108900",193,"UGUAAUAUA","3' UTR"
"PY17X_0110900",458,"UGUAAUAUA","3' UTR"
"PY17X_0111800",269,"UGUAAUAUA","3' UTR"
"PY17X_0113500",421,"UGUAAUAUA","3' UTR"
"PY17X_0118301",475,"UGUAAUAUA","3' UTR"
"PY17X_0201600",328,"UGUAAUAUA","3' UTR"
"PY17X_0202700",353,"UGUAAUAUA","3' UTR"
"PY17X_0203400",227,"UGUAAUAUA","3' UTR"
"PY17X_0207500",404,"UGUAAUAUA","3' UTR"
"PY17X_0216300",411,"UGUAAUAUA","3' UTR"
"PY17X_0216400",315,"UGUAAUAUA","3' UTR"
"PY17X_0303900",628,"UGUAAUAUA","3' UTR"
"PY17X_0311900",34,"UGUAAUAUA","3' UTR"
"PY17X_0313700",238,"UGUAAUAUA","3' UTR"
"PY17X_0318100",644,"UGUAAUAUA","3' UTR"
"PY17X_0401200",552,"UGUAAUAUA","3' UTR"
"PY17X_0403200",289,"UGUAAUAUA","3' UTR"
"PY17X_0405100",680,"UGUAAUAUA","3' UTR"
"PY17X_0414000",87,"UGUAAUAUA","3' UTR"
"PY17X_0417500",116,"UGUAAUAUA","3' UTR"
"PY17X_0508000",592,"UGUAAUAUA","3' UTR"
"PY17X_0508200",651,"UGUAAUAUA","3' UTR"
"PY17X_0517100",310,"UGUAAUAUA","3' UTR"
"PY17X_0520400",530,"UGUAAUAUA","3' UTR"
"PY17X_0520500",319,"UGUAAUAUA","3' UTR"
"PY17X_0521800",109,"UGUAAUAUA","3' UTR"
"PY17X_0523100",21,"UGUAAUAUA","3' UTR"
"PY17X_0608600",350,"UGUAAUAUA","3' UTR"
"PY17X_0612200",363,"UGUAAUAUA","3' UTR"
"PY17X_0618400",254,"UGUAAUAUA","3' UTR"
"PY17X_0618800",466,"UGUAAUAUA","3' UTR"
"PY17X_0618900",641,"UGUAAUAUA","3' UTR"
"PY17X_0620300",454,"UGUAAUAUA","3' UTR"
"PY17X_0621000",529,"UGUAAUAUA","3' UTR"
"PY17X_0624200",517,"UGUAAUAUA","3' UTR"
"PY17X_0627801",296,"UGUAAUAUA","3' UTR"
"PY17X_0627901",189,"UGUAAUAUA","3' UTR"
"PY17X_0700900",642,"UGUAAUAUA","3' UTR"
"PY17X_0705700",248,"UGUAAUAUA","3' UTR"
"PY17X_0706400",30,"UGUAAUAUA","3' UTR"
"PY17X_0707900",655,"UGUAAUAUA","3' UTR"
"PY17X_0711200",560,"UGUAAUAUA","3' UTR"
"PY17X_0717600",325,"UGUAAUAUA","3' UTR"
"PY17X_0720400",654,"UGUAAUAUA","3' UTR"
"PY17X_0720900",652,"UGUAAUAUA","3' UTR"
"PY17X_0721600",138,"UGUAAUAUA","3' UTR"
"PY17X_0803300",507,"UGUAAUAUA","3' UTR"
"PY17X_0803500",48,"UGUAAUAUA","3' UTR"
"PY17X_0805700",434,"UGUAAUAUA","3' UTR"
"PY17X_0805900",90,"UGUAAUAUA","3' UTR"
"PY17X_0810000",300,"UGUAAUAUA","3' UTR"
"PY17X_0817700",4,"UGUAAUAUA","3' UTR"
"PY17X_0818700",389,"UGUAAUAUA","3' UTR"
"PY17X_0821400",489,"UGUAAUAUA","3' UTR"
"PY17X_0832700",410,"UGUAAUAUA","3' UTR"
"PY17X_0833300",224,"UGUAAUAUA","3' UTR"
"PY17X_0834700",111,"UGUAAUAUA","3' UTR"
"PY17X_0836300",350,"UGUAAUAUA","3' UTR"
"PY17X_0839400",625,"UGUAAUAUA","3' UTR"
"PY17X_0840800",225,"UGUAAUAUA","3' UTR"
"PY17X_0841300",412,"UGUAAUAUA","3' UTR"
"PY17X_0901800",160,"UGUAAUAUA","3' UTR"
"PY17X_0904000",233,"UGUAAUAUA","3' UTR"
"PY17X_0905300",89,"UGUAAUAUA","3' UTR"
"PY17X_0908500",333,"UGUAAUAUA","3' UTR"
"PY17X_0908600",629,"UGUAAUAUA","3' UTR"
"PY17X_0909600",150,"UGUAAUAUA","3' UTR"
"PY17X_0911000",351,"UGUAAUAUA","3' UTR"
"PY17X_0911700",580,"UGUAAUAUA","3' UTR"
"PY17X_0914900",500,"UGUAAUAUA","3' UTR"
"PY17X_0916600",632,"UGUAAUAUA","3' UTR"
"PY17X_0918300",441,"UGUAAUAUA","3' UTR"
"PY17X_0918600",1,"UGUAAUAUA","3' UTR"
"PY17X_0919900",500,"UGUAAUAUA","3' UTR"
"PY17X_0919900",546,"UGUAAUAUA","3' UTR"
"PY17X_0922900",261,"UGUAAUAUA","3' UTR"
"PY17X_0925500",107,"UGUAAUAUA","3' UTR"
"PY17X_0926300",415,"UGUAAUAUA","3' UTR"
"PY17X_0927900",649,"UGUAAUAUA","3' UTR"
"PY17X_0929200",278,"UGUAAUAUA","3' UTR"
"PY17X_0932400",345,"UGUAAUAUA","3' UTR"
"PY17X_0933400",349,"UGUAAUAUA","3' UTR"
"PY17X_0941300",182,"UGUAAUAUA","3' UTR"
"PY17X_0941400",531,"UGUAAUAUA","3' UTR"
"PY17X_0942100",458,"UGUAAUAUA","3' UTR"
"PY17X_0945600",27,"UGUAAUAUA","3' UTR"
"PY17X_0947100",162,"UGUAAUAUA","3' UTR"
"PY17X_1000300",310,"UGUAAUAUA","3' UTR"
"PY17X_1001300",188,"UGUAAUAUA","3' UTR"
"PY17X_1003400",206,"UGUAAUAUA","3' UTR"
"PY17X_1004100",331,"UGUAAUAUA","3' UTR"
"PY17X_1005000",601,"UGUAAUAUA","3' UTR"
"PY17X_1005200",116,"UGUAAUAUA","3' UTR"
"PY17X_1009700",538,"UGUAAUAUA","3' UTR"
"PY17X_1010700",494,"UGUAAUAUA","3' UTR"
"PY17X_1011700",421,"UGUAAUAUA","3' UTR"
"PY17X_1017200",677,"UGUAAUAUA","3' UTR"
"PY17X_1017700",627,"UGUAAUAUA","3' UTR"
"PY17X_1020500",565,"UGUAAUAUA","3' UTR"
"PY17X_1020900",28,"UGUAAUAUA","3' UTR"
"PY17X_1022000",120,"UGUAAUAUA","3' UTR"
"PY17X_1024000",229,"UGUAAUAUA","3' UTR"
"PY17X_1025500",308,"UGUAAUAUA","3' UTR"
"PY17X_1026900",65,"UGUAAUAUA","3' UTR"
"PY17X_1027500",59,"UGUAAUAUA","3' UTR"
"PY17X_1029100",170,"UGUAAUAUA","3' UTR"
"PY17X_1032800",338,"UGUAAUAUA","3' UTR"
"PY17X_1036300",452,"UGUAAUAUA","3' UTR"
"PY17X_1038000",257,"UGUAAUAUA","3' UTR"
"PY17X_1038500",205,"UGUAAUAUA","3' UTR"
"PY17X_1039700",321,"UGUAAUAUA","3' UTR"
"PY17X_1039700",678,"UGUAAUAUA","3' UTR"
"PY17X_1047201",596,"UGUAAUAUA","3' UTR"
"PY17X_1047801",318,"UGUAAUAUA","3' UTR"
"PY17X_1103300",28,"UGUAAUAUA","3' UTR"
"PY17X_1111500",618,"UGUAAUAUA","3' UTR"
"PY17X_1117000",260,"UGUAAUAUA","3' UTR"
"PY17X_1118900",483,"UGUAAUAUA","3' UTR"
"PY17X_1123000",264,"UGUAAUAUA","3' UTR"
"PY17X_1124100",547,"UGUAAUAUA","3' UTR"
"PY17X_1125000",671,"UGUAAUAUA","3' UTR"
"PY17X_1125400",137,"UGUAAUAUA","3' UTR"
"PY17X_1137200",596,"UGUAAUAUA","3' UTR"
"PY17X_1137600",223,"UGUAAUAUA","3' UTR"
"PY17X_1137600",331,"UGUAAUAUA","3' UTR"
"PY17X_1140300",63,"UGUAAUAUA","3' UTR"
"PY17X_1140400",67,"UGUAAUAUA","3' UTR"
"PY17X_1143100",266,"UGUAAUAUA","3' UTR"
"PY17X_1144600",12,"UGUAAUAUA","3' UTR"
"PY17X_1145800",42,"UGUAAUAUA","3' UTR"
"PY17X_1146200",191,"UGUAAUAUA","3' UTR"
"PY17X_1147900",334,"UGUAAUAUA","3' UTR"
"PY17X_1150200",279,"UGUAAUAUA","3' UTR"
"PY17X_1150300",454,"UGUAAUAUA","3' UTR"
"PY17X_1202700",190,"UGUAAUAUA","3' UTR"
"PY17X_1204100",448,"UGUAAUAUA","3' UTR"
"PY17X_1204400",367,"UGUAAUAUA","3' UTR"
"PY17X_1205400",452,"UGUAAUAUA","3' UTR"
"PY17X_1207500",478,"UGUAAUAUA","3' UTR"
"PY17X_1207700",87,"UGUAAUAUA","3' UTR"
"PY17X_1208700",190,"UGUAAUAUA","3' UTR"
"PY17X_1209000",230,"UGUAAUAUA","3' UTR"
"PY17X_1215300",296,"UGUAAUAUA","3' UTR"
"PY17X_1215600",198,"UGUAAUAUA","3' UTR"
"PY17X_1216300",632,"UGUAAUAUA","3' UTR"
"PY17X_1216700",105,"UGUAAUAUA","3' UTR"
"PY17X_1216800",26,"UGUAAUAUA","3' UTR"
"PY17X_1220800",573,"UGUAAUAUA","3' UTR"
"PY17X_1222100",321,"UGUAAUAUA","3' UTR"
"PY17X_1223100",488,"UGUAAUAUA","3' UTR"
"PY17X_1224900",368,"UGUAAUAUA","3' UTR"
"PY17X_1226100",496,"UGUAAUAUA","3' UTR"
"PY17X_1227900",600,"UGUAAUAUA","3' UTR"
"PY17X_1231700",102,"UGUAAUAUA","3' UTR"
"PY17X_1231700",560,"UGUAAUAUA","3' UTR"
"PY17X_1233400",638,"UGUAAUAUA","3' UTR"
"PY17X_1240300",62,"UGUAAUAUA","3' UTR"
"PY17X_1242000",90,"UGUAAUAUA","3' UTR"
"PY17X_1242800",285,"UGUAAUAUA","3' UTR"
"PY17X_1245100",155,"UGUAAUAUA","3' UTR"
"PY17X_1245400",314,"UGUAAUAUA","3' UTR"
"PY17X_1246500",138,"UGUAAUAUA","3' UTR"
"PY17X_1247200",496,"UGUAAUAUA","3' UTR"
"PY17X_1249000",349,"UGUAAUAUA","3' UTR"
"PY17X_1300195",329,"UGUAAUAUA","3' UTR"
"PY17X_1300371",194,"UGUAAUAUA","3' UTR"
"PY17X_1300377",294,"UGUAAUAUA","3' UTR"
"PY17X_1300405",590,"UGUAAUAUA","3' UTR"
"PY17X_1301000",211,"UGUAAUAUA","3' UTR"
"PY17X_1302400",198,"UGUAAUAUA","3' UTR"
"PY17X_1302800",252,"UGUAAUAUA","3' UTR"
"PY17X_1306200",337,"UGUAAUAUA","3' UTR"
"PY17X_1306500",32,"UGUAAUAUA","3' UTR"
"PY17X_1311300",580,"UGUAAUAUA","3' UTR"
"PY17X_1311400",21,"UGUAAUAUA","3' UTR"
"PY17X_1311500",191,"UGUAAUAUA","3' UTR"
"PY17X_1312400",70,"UGUAAUAUA","3' UTR"
"PY17X_1314300",546,"UGUAAUAUA","3' UTR"
"PY17X_1317400",625,"UGUAAUAUA","3' UTR"
"PY17X_1318700",411,"UGUAAUAUA","3' UTR"
"PY17X_1322900",427,"UGUAAUAUA","3' UTR"
"PY17X_1323600",55,"UGUAAUAUA","3' UTR"
"PY17X_1327900",529,"UGUAAUAUA","3' UTR"
"PY17X_1328200",400,"UGUAAUAUA","3' UTR"
"PY17X_1333100",144,"UGUAAUAUA","3' UTR"
"PY17X_1335700",401,"UGUAAUAUA","3' UTR"
"PY17X_1336300",356,"UGUAAUAUA","3' UTR"
"PY17X_1342900",186,"UGUAAUAUA","3' UTR"
"PY17X_1342900",391,"UGUAAUAUA","3' UTR"
"PY17X_1346700",493,"UGUAAUAUA","3' UTR"
"PY17X_1350900",530,"UGUAAUAUA","3' UTR"
"PY17X_1353700",329,"UGUAAUAUA","3' UTR"
"PY17X_1354100",239,"UGUAAUAUA","3' UTR"
"PY17X_1354600",460,"UGUAAUAUA","3' UTR"
"PY17X_1354700",596,"UGUAAUAUA","3' UTR"
"PY17X_1357600",309,"UGUAAUAUA","3' UTR"
"PY17X_1361000",25,"UGUAAUAUA","3' UTR"
"PY17X_1362000",187,"UGUAAUAUA","3' UTR"
"PY17X_1363200",520,"UGUAAUAUA","3' UTR"
"PY17X_1364300",311,"UGUAAUAUA","3' UTR"
"PY17X_1365500",306,"UGUAAUAUA","3' UTR"
"PY17X_1370100",152,"UGUAAUAUA","3' UTR"
"PY17X_1371600",609,"UGUAAUAUA","3' UTR"
"PY17X_1401100",310,"UGUAAUAUA","3' UTR"
"PY17X_1404300",256,"UGUAAUAUA","3' UTR"
"PY17X_1404800",545,"UGUAAUAUA","3' UTR"
"PY17X_1405700",429,"UGUAAUAUA","3' UTR"
"PY17X_1408800",41,"UGUAAUAUA","3' UTR"
"PY17X_1413400",571,"UGUAAUAUA","3' UTR"
"PY17X_1414000",236,"UGUAAUAUA","3' UTR"
"PY17X_1418400",567,"UGUAAUAUA","3' UTR"
"PY17X_1419000",150,"UGUAAUAUA","3' UTR"
"PY17X_1420600",607,"UGUAAUAUA","3' UTR"
"PY17X_1425000",432,"UGUAAUAUA","3' UTR"
"PY17X_1426300",423,"UGUAAUAUA","3' UTR"
"PY17X_1426800",589,"UGUAAUAUA","3' UTR"
"PY17X_1432100",236,"UGUAAUAUA","3' UTR"
"PY17X_1435000",55,"UGUAAUAUA","3' UTR"
"PY17X_1436100",154,"UGUAAUAUA","3' UTR"
"PY17X_1439500",510,"UGUAAUAUA","3' UTR"
"PY17X_1440800",115,"UGUAAUAUA","3' UTR"
"PY17X_1442400",553,"UGUAAUAUA","3' UTR"
"PY17X_1444200",348,"UGUAAUAUA","3' UTR"
"PY17X_1448000",563,"UGUAAUAUA","3' UTR"
"PY17X_1449800",464,"UGUAAUAUA","3' UTR"
"PY17X_1452800",240,"UGUAAUAUA","3' UTR"
"PY17X_1453300",249,"UGUAAUAUA","3' UTR"
"PY17X_1453300",455,"UGUAAUAUA","3' UTR"
"PY17X_1455100",410,"UGUAAUAUA","3' UTR"
"PY17X_1457600",108,"UGUAAUAUA","3' UTR"
"PY17X_1466500",135,"UGUAAUAUA","3' UTR"
"PY17X_1472001",534,"UGUAAUAUA","3' UTR"
"PY17X_API01300",223,"UGUAAUAUA","3' UTR"
"PY17X_API01400",462,"UGUAAUAUA","3' UTR"
"PY17X_API03700",317,"UGUAAUAUA","3' UTR"
"PY17X_0100013",705,"UGUAAUAUA","5' UTR"
"PY17X_0101900",523,"UGUAAUAUA","5' UTR"
"PY17X_0101900",745,"UGUAAUAUA","5' UTR"
"PY17X_0102300",432,"UGUAAUAUA","5' UTR"
"PY17X_0103400",1,"UGUAAUAUA","5' UTR"
"PY17X_0105000",759,"UGUAAUAUA","5' UTR"
"PY17X_0107300",56,"UGUAAUAUA","5' UTR"
"PY17X_0107700",171,"UGUAAUAUA","5' UTR"
"PY17X_0110300",126,"UGUAAUAUA","5' UTR"
"PY17X_0115700",745,"UGUAAUAUA","5' UTR"
"PY17X_0116700",183,"UGUAAUAUA","5' UTR"
"PY17X_0117500",327,"UGUAAUAUA","5' UTR"
"PY17X_0200451",125,"UGUAAUAUA","5' UTR"
"PY17X_0202600",745,"UGUAAUAUA","5' UTR"
"PY17X_0204300",294,"UGUAAUAUA","5' UTR"
"PY17X_0204400",682,"UGUAAUAUA","5' UTR"
"PY17X_0207400",6,"UGUAAUAUA","5' UTR"
"PY17X_0207800",299,"UGUAAUAUA","5' UTR"
"PY17X_0209600",541,"UGUAAUAUA","5' UTR"
"PY17X_0214900",620,"UGUAAUAUA","5' UTR"
"PY17X_0217500",412,"UGUAAUAUA","5' UTR"
"PY17X_0220901",325,"UGUAAUAUA","5' UTR"
"PY17X_0304000",17,"UGUAAUAUA","5' UTR"
"PY17X_0304700",56,"UGUAAUAUA","5' UTR"
"PY17X_0306700",54,"UGUAAUAUA","5' UTR"
"PY17X_0307400",89,"UGUAAUAUA","5' UTR"
"PY17X_0307400",117,"UGUAAUAUA","5' UTR"
"PY17X_0307700",4,"UGUAAUAUA","5' UTR"
"PY17X_0308900",638,"UGUAAUAUA","5' UTR"
"PY17X_0309400",565,"UGUAAUAUA","5' UTR"
"PY17X_0312800",77,"UGUAAUAUA","5' UTR"
"PY17X_0316600",584,"UGUAAUAUA","5' UTR"
"PY17X_0317000",181,"UGUAAUAUA","5' UTR"
"PY17X_0322101",348,"UGUAAUAUA","5' UTR"
"PY17X_0400015",705,"UGUAAUAUA","5' UTR"
"PY17X_0403400",193,"UGUAAUAUA","5' UTR"
"PY17X_0405200",223,"UGUAAUAUA","5' UTR"
"PY17X_0408900",299,"UGUAAUAUA","5' UTR"
"PY17X_0411100",606,"UGUAAUAUA","5' UTR"
"PY17X_0411200",429,"UGUAAUAUA","5' UTR"
"PY17X_0411300",137,"UGUAAUAUA","5' UTR"
"PY17X_0415700",775,"UGUAAUAUA","5' UTR"
"PY17X_0417000",278,"UGUAAUAUA","5' UTR"
"PY17X_0419600",697,"UGUAAUAUA","5' UTR"
"PY17X_0420000",498,"UGUAAUAUA","5' UTR"
"PY17X_0422101",410,"UGUAAUAUA","5' UTR"
"PY17X_0500127",705,"UGUAAUAUA","5' UTR"
"PY17X_0500900",320,"UGUAAUAUA","5' UTR"
"PY17X_0506500",226,"UGUAAUAUA","5' UTR"
"PY17X_0507200",206,"UGUAAUAUA","5' UTR"
"PY17X_0507300",534,"UGUAAUAUA","5' UTR"
"PY17X_0507300",592,"UGUAAUAUA","5' UTR"
"PY17X_0507600",710,"UGUAAUAUA","5' UTR"
"PY17X_0508600",268,"UGUAAUAUA","5' UTR"
"PY17X_0508700",324,"UGUAAUAUA","5' UTR"
"PY17X_0510300",722,"UGUAAUAUA","5' UTR"
"PY17X_0512200",234,"UGUAAUAUA","5' UTR"
"PY17X_0512600",256,"UGUAAUAUA","5' UTR"
"PY17X_0517300",770,"UGUAAUAUA","5' UTR"
"PY17X_0519800",285,"UGUAAUAUA","5' UTR"
"PY17X_0520200",302,"UGUAAUAUA","5' UTR"
"PY17X_0521200",168,"UGUAAUAUA","5' UTR"
"PY17X_0522200",354,"UGUAAUAUA","5' UTR"
"PY17X_0523300",292,"UGUAAUAUA","5' UTR"
"PY17X_0525100",187,"UGUAAUAUA","5' UTR"
"PY17X_0525100",740,"UGUAAUAUA","5' UTR"
"PY17X_0600600",350,"UGUAAUAUA","5' UTR"
"PY17X_0600600",747,"UGUAAUAUA","5' UTR"
"PY17X_0600700",747,"UGUAAUAUA","5' UTR"
"PY17X_0601900",704,"UGUAAUAUA","5' UTR"
"PY17X_0605400",404,"UGUAAUAUA","5' UTR"
"PY17X_0606800",437,"UGUAAUAUA","5' UTR"
"PY17X_0607000",315,"UGUAAUAUA","5' UTR"
"PY17X_0607100",548,"UGUAAUAUA","5' UTR"
"PY17X_0612300",687,"UGUAAUAUA","5' UTR"
"PY17X_0612700",121,"UGUAAUAUA","5' UTR"
"PY17X_0616000",467,"UGUAAUAUA","5' UTR"
"PY17X_0617900",531,"UGUAAUAUA","5' UTR"
"PY17X_0618500",168,"UGUAAUAUA","5' UTR"
"PY17X_0618500",209,"UGUAAUAUA","5' UTR"
"PY17X_0618900",116,"UGUAAUAUA","5' UTR"
"PY17X_0622400",586,"UGUAAUAUA","5' UTR"
"PY17X_0624500",217,"UGUAAUAUA","5' UTR"
"PY17X_0624800",349,"UGUAAUAUA","5' UTR"
"PY17X_0627601",750,"UGUAAUAUA","5' UTR"
"PY17X_0700013",705,"UGUAAUAUA","5' UTR"
"PY17X_0700097",416,"UGUAAUAUA","5' UTR"
"PY17X_0701000",302,"UGUAAUAUA","5' UTR"
"PY17X_0701700",619,"UGUAAUAUA","5' UTR"
"PY17X_0701900",586,"UGUAAUAUA","5' UTR"
"PY17X_0704500",46,"UGUAAUAUA","5' UTR"
"PY17X_0705200",693,"UGUAAUAUA","5' UTR"
"PY17X_0706500",279,"UGUAAUAUA","5' UTR"
"PY17X_0707000",541,"UGUAAUAUA","5' UTR"
"PY17X_0709400",53,"UGUAAUAUA","5' UTR"
"PY17X_0710300",344,"UGUAAUAUA","5' UTR"
"PY17X_0711300",397,"UGUAAUAUA","5' UTR"
"PY17X_0713100",51,"UGUAAUAUA","5' UTR"
"PY17X_0717600",147,"UGUAAUAUA","5' UTR"
"PY17X_0719200",711,"UGUAAUAUA","5' UTR"
"PY17X_0721000",72,"UGUAAUAUA","5' UTR"
"PY17X_0721500",472,"UGUAAUAUA","5' UTR"
"PY17X_0800071",704,"UGUAAUAUA","5' UTR"
"PY17X_0800101",323,"UGUAAUAUA","5' UTR"
"PY17X_0802500",185,"UGUAAUAUA","5' UTR"
"PY17X_0805300",657,"UGUAAUAUA","5' UTR"
"PY17X_0805400",730,"UGUAAUAUA","5' UTR"
"PY17X_0810100",75,"UGUAAUAUA","5' UTR"
"PY17X_0810300",678,"UGUAAUAUA","5' UTR"
"PY17X_0810700",343,"UGUAAUAUA","5' UTR"
"PY17X_0817100",290,"UGUAAUAUA","5' UTR"
"PY17X_0817200",65,"UGUAAUAUA","5' UTR"
"PY17X_0817600",739,"UGUAAUAUA","5' UTR"
"PY17X_0819300",193,"UGUAAUAUA","5' UTR"
"PY17X_0819700",311,"UGUAAUAUA","5' UTR"
"PY17X_0822000",104,"UGUAAUAUA","5' UTR"
"PY17X_0822300",284,"UGUAAUAUA","5' UTR"
"PY17X_0822700",234,"UGUAAUAUA","5' UTR"
"PY17X_0823300",68,"UGUAAUAUA","5' UTR"
"PY17X_0823400",275,"UGUAAUAUA","5' UTR"
"PY17X_0829500",302,"UGUAAUAUA","5' UTR"
"PY17X_0830200",675,"UGUAAUAUA","5' UTR"
"PY17X_0831700",194,"UGUAAUAUA","5' UTR"
"PY17X_0831700",753,"UGUAAUAUA","5' UTR"
"PY17X_0831900",62,"UGUAAUAUA","5' UTR"
"PY17X_0832600",365,"UGUAAUAUA","5' UTR"
"PY17X_0834900",478,"UGUAAUAUA","5' UTR"
"PY17X_0835700",95,"UGUAAUAUA","5' UTR"
"PY17X_0835700",288,"UGUAAUAUA","5' UTR"
"PY17X_0838700",231,"UGUAAUAUA","5' UTR"
"PY17X_0838800",174,"UGUAAUAUA","5' UTR"
"PY17X_0839300",25,"UGUAAUAUA","5' UTR"
"PY17X_0840000",262,"UGUAAUAUA","5' UTR"
"PY17X_0846501",705,"UGUAAUAUA","5' UTR"
"PY17X_0846701",704,"UGUAAUAUA","5' UTR"
"PY17X_0847501",705,"UGUAAUAUA","5' UTR"
"PY17X_0900071",750,"UGUAAUAUA","5' UTR"
"PY17X_0903500",720,"UGUAAUAUA","5' UTR"
"PY17X_0903600",574,"UGUAAUAUA","5' UTR"
"PY17X_0903700",656,"UGUAAUAUA","5' UTR"
"PY17X_0905400",217,"UGUAAUAUA","5' UTR"
"PY17X_0905900",800,"UGUAAUAUA","5' UTR"
"PY17X_0909100",395,"UGUAAUAUA","5' UTR"
"PY17X_0910200",674,"UGUAAUAUA","5' UTR"
"PY17X_0911750",628,"UGUAAUAUA","5' UTR"
"PY17X_0911800",31,"UGUAAUAUA","5' UTR"
"PY17X_0913000",655,"UGUAAUAUA","5' UTR"
"PY17X_0913200",554,"UGUAAUAUA","5' UTR"
"PY17X_0914300",617,"UGUAAUAUA","5' UTR"
"PY17X_0917900",299,"UGUAAUAUA","5' UTR"
"PY17X_0920600",778,"UGUAAUAUA","5' UTR"
"PY17X_0925400",560,"UGUAAUAUA","5' UTR"
"PY17X_0927000",96,"UGUAAUAUA","5' UTR"
"PY17X_0927100",249,"UGUAAUAUA","5' UTR"
"PY17X_0930500",572,"UGUAAUAUA","5' UTR"
"PY17X_0930700",252,"UGUAAUAUA","5' UTR"
"PY17X_0932300",749,"UGUAAUAUA","5' UTR"
"PY17X_0933400",711,"UGUAAUAUA","5' UTR"
"PY17X_0936000",786,"UGUAAUAUA","5' UTR"
"PY17X_0941200",359,"UGUAAUAUA","5' UTR"
"PY17X_0944700",133,"UGUAAUAUA","5' UTR"
"PY17X_0945100",124,"UGUAAUAUA","5' UTR"
"PY17X_0947701",187,"UGUAAUAUA","5' UTR"
"PY17X_1000100",705,"UGUAAUAUA","5' UTR"
"PY17X_1000900",704,"UGUAAUAUA","5' UTR"
"PY17X_1004300",371,"UGUAAUAUA","5' UTR"
"PY17X_1006900",742,"UGUAAUAUA","5' UTR"
"PY17X_1010800",346,"UGUAAUAUA","5' UTR"
"PY17X_1011100",95,"UGUAAUAUA","5' UTR"
"PY17X_1017800",64,"UGUAAUAUA","5' UTR"
"PY17X_1018700",49,"UGUAAUAUA","5' UTR"
"PY17X_1020400",562,"UGUAAUAUA","5' UTR"
"PY17X_1021900",558,"UGUAAUAUA","5' UTR"
"PY17X_1025600",288,"UGUAAUAUA","5' UTR"
"PY17X_1026800",438,"UGUAAUAUA","5' UTR"
"PY17X_1027100",617,"UGUAAUAUA","5' UTR"
"PY17X_1027600",723,"UGUAAUAUA","5' UTR"
"PY17X_1027800",247,"UGUAAUAUA","5' UTR"
"PY17X_1029700",60,"UGUAAUAUA","5' UTR"
"PY17X_1030200",740,"UGUAAUAUA","5' UTR"
"PY17X_1030400",341,"UGUAAUAUA","5' UTR"
"PY17X_1030500",503,"UGUAAUAUA","5' UTR"
"PY17X_1031100",624,"UGUAAUAUA","5' UTR"
"PY17X_1034700",175,"UGUAAUAUA","5' UTR"
"PY17X_1034800",392,"UGUAAUAUA","5' UTR"
"PY17X_1035200",165,"UGUAAUAUA","5' UTR"
"PY17X_1037900",74,"UGUAAUAUA","5' UTR"
"PY17X_1039500",273,"UGUAAUAUA","5' UTR"
"PY17X_1041800",685,"UGUAAUAUA","5' UTR"
"PY17X_1100003",704,"UGUAAUAUA","5' UTR"
"PY17X_1100151",405,"UGUAAUAUA","5' UTR"
"PY17X_1103200",417,"UGUAAUAUA","5' UTR"
"PY17X_1103900",1,"UGUAAUAUA","5' UTR"
"PY17X_1109500",466,"UGUAAUAUA","5' UTR"
"PY17X_1109500",672,"UGUAAUAUA","5' UTR"
"PY17X_1109500",692,"UGUAAUAUA","5' UTR"
"PY17X_1112100",717,"UGUAAUAUA","5' UTR"
"PY17X_1116700",710,"UGUAAUAUA","5' UTR"
"PY17X_1119300",756,"UGUAAUAUA","5' UTR"
"PY17X_1121600",237,"UGUAAUAUA","5' UTR"
"PY17X_1121600",257,"UGUAAUAUA","5' UTR"
"PY17X_1124000",115,"UGUAAUAUA","5' UTR"
"PY17X_1125500",25,"UGUAAUAUA","5' UTR"
"PY17X_1128500",95,"UGUAAUAUA","5' UTR"
"PY17X_1129500",222,"UGUAAUAUA","5' UTR"
"PY17X_1131600",506,"UGUAAUAUA","5' UTR"
"PY17X_1132800",123,"UGUAAUAUA","5' UTR"
"PY17X_1133400",296,"UGUAAUAUA","5' UTR"
"PY17X_1134100",764,"UGUAAUAUA","5' UTR"
"PY17X_1135600",540,"UGUAAUAUA","5' UTR"
"PY17X_1136200",368,"UGUAAUAUA","5' UTR"
"PY17X_1137200",27,"UGUAAUAUA","5' UTR"
"PY17X_1138300",92,"UGUAAUAUA","5' UTR"
"PY17X_1138700",551,"UGUAAUAUA","5' UTR"
"PY17X_1140400",285,"UGUAAUAUA","5' UTR"
"PY17X_1140500",153,"UGUAAUAUA","5' UTR"
"PY17X_1141100",793,"UGUAAUAUA","5' UTR"
"PY17X_1141500",663,"UGUAAUAUA","5' UTR"
"PY17X_1142200",242,"UGUAAUAUA","5' UTR"
"PY17X_1143900",729,"UGUAAUAUA","5' UTR"
"PY17X_1144300",334,"UGUAAUAUA","5' UTR"
"PY17X_1203700",518,"UGUAAUAUA","5' UTR"
"PY17X_1205700",360,"UGUAAUAUA","5' UTR"
"PY17X_1207200",632,"UGUAAUAUA","5' UTR"
"PY17X_1208300",382,"UGUAAUAUA","5' UTR"
"PY17X_1208300",398,"UGUAAUAUA","5' UTR"
"PY17X_1208300",414,"UGUAAUAUA","5' UTR"
"PY17X_1208300",430,"UGUAAUAUA","5' UTR"
"PY17X_1208300",446,"UGUAAUAUA","5' UTR"
"PY17X_1208300",462,"UGUAAUAUA","5' UTR"
"PY17X_1214500",343,"UGUAAUAUA","5' UTR"
"PY17X_1215400",372,"UGUAAUAUA","5' UTR"
"PY17X_1219700",627,"UGUAAUAUA","5' UTR"
"PY17X_1220000",284,"UGUAAUAUA","5' UTR"
"PY17X_1221600",225,"UGUAAUAUA","5' UTR"
"PY17X_1221700",743,"UGUAAUAUA","5' UTR"
"PY17X_1221800",253,"UGUAAUAUA","5' UTR"
"PY17X_1222400",374,"UGUAAUAUA","5' UTR"
"PY17X_1223300",694,"UGUAAUAUA","5' UTR"
"PY17X_1224400",469,"UGUAAUAUA","5' UTR"
"PY17X_1228000",738,"UGUAAUAUA","5' UTR"
"PY17X_1231000",167,"UGUAAUAUA","5' UTR"
"PY17X_1232300",315,"UGUAAUAUA","5' UTR"
"PY17X_1232300",644,"UGUAAUAUA","5' UTR"
"PY17X_1237300",740,"UGUAAUAUA","5' UTR"
"PY17X_1237400",83,"UGUAAUAUA","5' UTR"
"PY17X_1238500",261,"UGUAAUAUA","5' UTR"
"PY17X_1245000",648,"UGUAAUAUA","5' UTR"
"PY17X_1245300",32,"UGUAAUAUA","5' UTR"
"PY17X_1304400",629,"UGUAAUAUA","5' UTR"
"PY17X_1305500",755,"UGUAAUAUA","5' UTR"
"PY17X_1306500",87,"UGUAAUAUA","5' UTR"
"PY17X_1310500",760,"UGUAAUAUA","5' UTR"
"PY17X_1310800",4,"UGUAAUAUA","5' UTR"
"PY17X_1311200",120,"UGUAAUAUA","5' UTR"
"PY17X_1311500",49,"UGUAAUAUA","5' UTR"
"PY17X_1315500",557,"UGUAAUAUA","5' UTR"
"PY17X_1316500",428,"UGUAAUAUA","5' UTR"
"PY17X_1316700",306,"UGUAAUAUA","5' UTR"
"PY17X_1317500",514,"UGUAAUAUA","5' UTR"
"PY17X_1317600",76,"UGUAAUAUA","5' UTR"
"PY17X_1318200",520,"UGUAAUAUA","5' UTR"
"PY17X_1320600",318,"UGUAAUAUA","5' UTR"
"PY17X_1323100",418,"UGUAAUAUA","5' UTR"
"PY17X_1324000",615,"UGUAAUAUA","5' UTR"
"PY17X_1326000",476,"UGUAAUAUA","5' UTR"
"PY17X_1326900",162,"UGUAAUAUA","5' UTR"
"PY17X_1332200",798,"UGUAAUAUA","5' UTR"
"PY17X_1332500",586,"UGUAAUAUA","5' UTR"
"PY17X_1333100",448,"UGUAAUAUA","5' UTR"
"PY17X_1333900",427,"UGUAAUAUA","5' UTR"
"PY17X_1334100",235,"UGUAAUAUA","5' UTR"
"PY17X_1335800",461,"UGUAAUAUA","5' UTR"
"PY17X_1336800",49,"UGUAAUAUA","5' UTR"
"PY17X_1337500",599,"UGUAAUAUA","5' UTR"
"PY17X_1342300",154,"UGUAAUAUA","5' UTR"
"PY17X_1342500",226,"UGUAAUAUA","5' UTR"
"PY17X_1342900",610,"UGUAAUAUA","5' UTR"
"PY17X_1343400",274,"UGUAAUAUA","5' UTR"
"PY17X_1344700",372,"UGUAAUAUA","5' UTR"
"PY17X_1349400",409,"UGUAAUAUA","5' UTR"
"PY17X_1350100",425,"UGUAAUAUA","5' UTR"
"PY17X_1350800",746,"UGUAAUAUA","5' UTR"
"PY17X_1352400",324,"UGUAAUAUA","5' UTR"
"PY17X_1352700",292,"UGUAAUAUA","5' UTR"
"PY17X_1354000",164,"UGUAAUAUA","5' UTR"
"PY17X_1354800",37,"UGUAAUAUA","5' UTR"
"PY17X_1355700",573,"UGUAAUAUA","5' UTR"
"PY17X_1356400",45,"UGUAAUAUA","5' UTR"
"PY17X_1357400",393,"UGUAAUAUA","5' UTR"
"PY17X_1358400",487,"UGUAAUAUA","5' UTR"
"PY17X_1358400",622,"UGUAAUAUA","5' UTR"
"PY17X_1360700",524,"UGUAAUAUA","5' UTR"
"PY17X_1361900",454,"UGUAAUAUA","5' UTR"
"PY17X_1362400",237,"UGUAAUAUA","5' UTR"
"PY17X_1363300",575,"UGUAAUAUA","5' UTR"
"PY17X_1364000",149,"UGUAAUAUA","5' UTR"
"PY17X_1364600",43,"UGUAAUAUA","5' UTR"
"PY17X_1365000",366,"UGUAAUAUA","5' UTR"
"PY17X_1365000",772,"UGUAAUAUA","5' UTR"
"PY17X_1365600",272,"UGUAAUAUA","5' UTR"
"PY17X_1368000",701,"UGUAAUAUA","5' UTR"
"PY17X_1369000",257,"UGUAAUAUA","5' UTR"
"PY17X_1369500",460,"UGUAAUAUA","5' UTR"
"PY17X_1369700",84,"UGUAAUAUA","5' UTR"
"PY17X_1369700",97,"UGUAAUAUA","5' UTR"
"PY17X_1370800",209,"UGUAAUAUA","5' UTR"
"PY17X_1400049",705,"UGUAAUAUA","5' UTR"
"PY17X_1401900",299,"UGUAAUAUA","5' UTR"
"PY17X_1402400",424,"UGUAAUAUA","5' UTR"
"PY17X_1402700",683,"UGUAAUAUA","5' UTR"
"PY17X_1403400",134,"UGUAAUAUA","5' UTR"
"PY17X_1404500",654,"UGUAAUAUA","5' UTR"
"PY17X_1406700",186,"UGUAAUAUA","5' UTR"
"PY17X_1406800",589,"UGUAAUAUA","5' UTR"
"PY17X_1407900",74,"UGUAAUAUA","5' UTR"
"PY17X_1408300",131,"UGUAAUAUA","5' UTR"
"PY17X_1409500",381,"UGUAAUAUA","5' UTR"
"PY17X_1409700",662,"UGUAAUAUA","5' UTR"
"PY17X_1410900",264,"UGUAAUAUA","5' UTR"
"PY17X_1413900",280,"UGUAAUAUA","5' UTR"
"PY17X_1418500",347,"UGUAAUAUA","5' UTR"
"PY17X_1420000",373,"UGUAAUAUA","5' UTR"
"PY17X_1422400",640,"UGUAAUAUA","5' UTR"
"PY17X_1424600",621,"UGUAAUAUA","5' UTR"
"PY17X_1424700",404,"UGUAAUAUA","5' UTR"
"PY17X_1426100",670,"UGUAAUAUA","5' UTR"
"PY17X_1426200",312,"UGUAAUAUA","5' UTR"
"PY17X_1426400",344,"UGUAAUAUA","5' UTR"
"PY17X_1427400",699,"UGUAAUAUA","5' UTR"
"PY17X_1430100",277,"UGUAAUAUA","5' UTR"
"PY17X_1432700",96,"UGUAAUAUA","5' UTR"
"PY17X_1434400",431,"UGUAAUAUA","5' UTR"
"PY17X_1440500",211,"UGUAAUAUA","5' UTR"
"PY17X_1440500",495,"UGUAAUAUA","5' UTR"
"PY17X_1442300",698,"UGUAAUAUA","5' UTR"
"PY17X_1446000",608,"UGUAAUAUA","5' UTR"
"PY17X_1449400",725,"UGUAAUAUA","5' UTR"
"PY17X_1449900",466,"UGUAAUAUA","5' UTR"
"PY17X_1450000",167,"UGUAAUAUA","5' UTR"
"PY17X_1451000",448,"UGUAAUAUA","5' UTR"
"PY17X_1451200",103,"UGUAAUAUA","5' UTR"
"PY17X_1451200",145,"UGUAAUAUA","5' UTR"
"PY17X_1451200",165,"UGUAAUAUA","5' UTR"
"PY17X_1452200",346,"UGUAAUAUA","5' UTR"
"PY17X_1452600",247,"UGUAAUAUA","5' UTR"
"PY17X_1454000",34,"UGUAAUAUA","5' UTR"
"PY17X_1457500",745,"UGUAAUAUA","5' UTR"
"PY17X_1458300",644,"UGUAAUAUA","5' UTR"
"PY17X_1459900",254,"UGUAAUAUA","5' UTR"
"PY17X_1461100",502,"UGUAAUAUA","5' UTR"
"PY17X_1466100",636,"UGUAAUAUA","5' UTR"
"PY17X_1467700",619,"UGUAAUAUA","5' UTR"
"PY17X_1467900",491,"UGUAAUAUA","5' UTR"
"PY17X_API01000",320,"UGUAAUAUA","5' UTR"
"PY17X_API01100",699,"UGUAAUAUA","5' UTR"
"PY17X_API03000",44,"UGUAAUAUA","5' UTR"
"PY17X_0105100",2449,"UGUAAUAUA","CDS"
"PY17X_0105400",2092,"UGUAAUAUA","CDS"
"PY17X_0106100",2983,"UGUAAUAUA","CDS"
"PY17X_0107400",793,"UGUAAUAUA","CDS"
"PY17X_0107800",2539,"UGUAAUAUA","CDS"
"PY17X_0109200",11809,"UGUAAUAUA","CDS"
"PY17X_0110000",4297,"UGUAAUAUA","CDS"
"PY17X_0116100",478,"UGUAAUAUA","CDS"
"PY17X_0201400",469,"UGUAAUAUA","CDS"
"PY17X_0201500",285,"UGUAAUAUA","CDS"
"PY17X_0209500",924,"UGUAAUAUA","CDS"
"PY17X_0211400",802,"UGUAAUAUA","CDS"
"PY17X_0211400",982,"UGUAAUAUA","CDS"
"PY17X_0211900",3367,"UGUAAUAUA","CDS"
"PY17X_0217800",427,"UGUAAUAUA","CDS"
"PY17X_0301000",436,"UGUAAUAUA","CDS"
"PY17X_0301200",679,"UGUAAUAUA","CDS"
"PY17X_0301200",3154,"UGUAAUAUA","CDS"
"PY17X_0304700",2083,"UGUAAUAUA","CDS"
"PY17X_0305800",3504,"UGUAAUAUA","CDS"
"PY17X_0306600",1204,"UGUAAUAUA","CDS"
"PY17X_0306700",4783,"UGUAAUAUA","CDS"
"PY17X_0306700",5653,"UGUAAUAUA","CDS"
"PY17X_0307100",268,"UGUAAUAUA","CDS"
"PY17X_0308000",2548,"UGUAAUAUA","CDS"
"PY17X_0315800",1186,"UGUAAUAUA","CDS"
"PY17X_0320101",691,"UGUAAUAUA","CDS"
"PY17X_0415300",544,"UGUAAUAUA","CDS"
"PY17X_0417600",748,"UGUAAUAUA","CDS"
"PY17X_0418300",766,"UGUAAUAUA","CDS"
"PY17X_0418900",5541,"UGUAAUAUA","CDS"
"PY17X_0420900",4993,"UGUAAUAUA","CDS"
"PY17X_0501300",466,"UGUAAUAUA","CDS"
"PY17X_0504500",373,"UGUAAUAUA","CDS"
"PY17X_0504600",433,"UGUAAUAUA","CDS"
"PY17X_0505600",991,"UGUAAUAUA","CDS"
"PY17X_0507000",15007,"UGUAAUAUA","CDS"
"PY17X_0507300",3358,"UGUAAUAUA","CDS"
"PY17X_0508400",7273,"UGUAAUAUA","CDS"
"PY17X_0508400",13575,"UGUAAUAUA","CDS"
"PY17X_0515400",379,"UGUAAUAUA","CDS"
"PY17X_0516000",403,"UGUAAUAUA","CDS"
"PY17X_0518000",136,"UGUAAUAUA","CDS"
"PY17X_0518000",4081,"UGUAAUAUA","CDS"
"PY17X_0522100",2370,"UGUAAUAUA","CDS"
"PY17X_0524300",6511,"UGUAAUAUA","CDS"
"PY17X_0526100",39,"UGUAAUAUA","CDS"
"PY17X_0604800",1411,"UGUAAUAUA","CDS"
"PY17X_0604900",2487,"UGUAAUAUA","CDS"
"PY17X_0608500",517,"UGUAAUAUA","CDS"
"PY17X_0609200",6973,"UGUAAUAUA","CDS"
"PY17X_0610200",2695,"UGUAAUAUA","CDS"
"PY17X_0610400",873,"UGUAAUAUA","CDS"
"PY17X_0610400",2308,"UGUAAUAUA","CDS"
"PY17X_0612000",2853,"UGUAAUAUA","CDS"
"PY17X_0612300",2646,"UGUAAUAUA","CDS"
"PY17X_0615300",1060,"UGUAAUAUA","CDS"
"PY17X_0618400",3934,"UGUAAUAUA","CDS"
"PY17X_0618400",14035,"UGUAAUAUA","CDS"
"PY17X_0618900",757,"UGUAAUAUA","CDS"
"PY17X_0620900",904,"UGUAAUAUA","CDS"
"PY17X_0701500",736,"UGUAAUAUA","CDS"
"PY17X_0703900",2647,"UGUAAUAUA","CDS"
"PY17X_0708200",1513,"UGUAAUAUA","CDS"
"PY17X_0710100",1873,"UGUAAUAUA","CDS"
"PY17X_0715300",229,"UGUAAUAUA","CDS"
"PY17X_0718000",177,"UGUAAUAUA","CDS"
"PY17X_0718600",588,"UGUAAUAUA","CDS"
"PY17X_0720100",2542,"UGUAAUAUA","CDS"
"PY17X_0720100",5416,"UGUAAUAUA","CDS"
"PY17X_0722000",11418,"UGUAAUAUA","CDS"
"PY17X_0800141",469,"UGUAAUAUA","CDS"
"PY17X_0800600",484,"UGUAAUAUA","CDS"
"PY17X_0804300",177,"UGUAAUAUA","CDS"
"PY17X_0804300",4828,"UGUAAUAUA","CDS"
"PY17X_0804900",1804,"UGUAAUAUA","CDS"
"PY17X_0805600",1371,"UGUAAUAUA","CDS"
"PY17X_0813400",952,"UGUAAUAUA","CDS"
"PY17X_0817100",439,"UGUAAUAUA","CDS"
"PY17X_0817400",1750,"UGUAAUAUA","CDS"
"PY17X_0819100",382,"UGUAAUAUA","CDS"
"PY17X_0819600",1564,"UGUAAUAUA","CDS"
"PY17X_0822700",4066,"UGUAAUAUA","CDS"
"PY17X_0822800",436,"UGUAAUAUA","CDS"
"PY17X_0824200",402,"UGUAAUAUA","CDS"
"PY17X_0826800",931,"UGUAAUAUA","CDS"
"PY17X_0827000",4125,"UGUAAUAUA","CDS"
"PY17X_0827500",591,"UGUAAUAUA","CDS"
"PY17X_0828400",688,"UGUAAUAUA","CDS"
"PY17X_0829300",715,"UGUAAUAUA","CDS"
"PY17X_0830600",559,"UGUAAUAUA","CDS"
"PY17X_0830800",112,"UGUAAUAUA","CDS"
"PY17X_0830900",1657,"UGUAAUAUA","CDS"
"PY17X_0834900",8242,"UGUAAUAUA","CDS"
"PY17X_0836200",265,"UGUAAUAUA","CDS"
"PY17X_0839700",1156,"UGUAAUAUA","CDS"
"PY17X_0841000",469,"UGUAAUAUA","CDS"
"PY17X_0901500",484,"UGUAAUAUA","CDS"
"PY17X_0907300",532,"UGUAAUAUA","CDS"
"PY17X_0908300",3859,"UGUAAUAUA","CDS"
"PY17X_0909500",4600,"UGUAAUAUA","CDS"
"PY17X_0914700",463,"UGUAAUAUA","CDS"
"PY17X_0916100",2086,"UGUAAUAUA","CDS"
"PY17X_0917800",390,"UGUAAUAUA","CDS"
"PY17X_0919900",616,"UGUAAUAUA","CDS"
"PY17X_0920300",372,"UGUAAUAUA","CDS"
"PY17X_0922000",3223,"UGUAAUAUA","CDS"
"PY17X_0923400",460,"UGUAAUAUA","CDS"
"PY17X_0924200",1174,"UGUAAUAUA","CDS"
"PY17X_0926500",2338,"UGUAAUAUA","CDS"
"PY17X_0927800",58,"UGUAAUAUA","CDS"
"PY17X_0927800",3031,"UGUAAUAUA","CDS"
"PY17X_0933600",856,"UGUAAUAUA","CDS"
"PY17X_0936600",3858,"UGUAAUAUA","CDS"
"PY17X_0937300",1557,"UGUAAUAUA","CDS"
"PY17X_0937500",2050,"UGUAAUAUA","CDS"
"PY17X_0937500",2155,"UGUAAUAUA","CDS"
"PY17X_0941300",664,"UGUAAUAUA","CDS"
"PY17X_0943500",228,"UGUAAUAUA","CDS"
"PY17X_0943700",1044,"UGUAAUAUA","CDS"
"PY17X_0945100",199,"UGUAAUAUA","CDS"
"PY17X_1002900",505,"UGUAAUAUA","CDS"
"PY17X_1007300",223,"UGUAAUAUA","CDS"
"PY17X_1008800",214,"UGUAAUAUA","CDS"
"PY17X_1010000",2011,"UGUAAUAUA","CDS"
"PY17X_1010800",1816,"UGUAAUAUA","CDS"
"PY17X_1012600",3796,"UGUAAUAUA","CDS"
"PY17X_1013200",349,"UGUAAUAUA","CDS"
"PY17X_1013300",1441,"UGUAAUAUA","CDS"
"PY17X_1014500",666,"UGUAAUAUA","CDS"
"PY17X_1015000",1846,"UGUAAUAUA","CDS"
"PY17X_1017500",556,"UGUAAUAUA","CDS"
"PY17X_1018000",580,"UGUAAUAUA","CDS"
"PY17X_1018500",864,"UGUAAUAUA","CDS"
"PY17X_1018600",259,"UGUAAUAUA","CDS"
"PY17X_1018800",1354,"UGUAAUAUA","CDS"
"PY17X_1024600",1393,"UGUAAUAUA","CDS"
"PY17X_1025000",3939,"UGUAAUAUA","CDS"
"PY17X_1025300",789,"UGUAAUAUA","CDS"
"PY17X_1027000",7282,"UGUAAUAUA","CDS"
"PY17X_1027500",1228,"UGUAAUAUA","CDS"
"PY17X_1027900",8734,"UGUAAUAUA","CDS"
"PY17X_1032600",3942,"UGUAAUAUA","CDS"
"PY17X_1033900",424,"UGUAAUAUA","CDS"
"PY17X_1034600",2488,"UGUAAUAUA","CDS"
"PY17X_1036200",13558,"UGUAAUAUA","CDS"
"PY17X_1036900",436,"UGUAAUAUA","CDS"
"PY17X_1038500",2749,"UGUAAUAUA","CDS"
"PY17X_1041500",1542,"UGUAAUAUA","CDS"
"PY17X_1045200",703,"UGUAAUAUA","CDS"
"PY17X_1047901",288,"UGUAAUAUA","CDS"
"PY17X_1048801",484,"UGUAAUAUA","CDS"
"PY17X_1100045",463,"UGUAAUAUA","CDS"
"PY17X_1100051",16,"UGUAAUAUA","CDS"
"PY17X_1103400",1060,"UGUAAUAUA","CDS"
"PY17X_1103900",27,"UGUAAUAUA","CDS"
"PY17X_1104400",2284,"UGUAAUAUA","CDS"
"PY17X_1105500",10690,"UGUAAUAUA","CDS"
"PY17X_1105700",2352,"UGUAAUAUA","CDS"
"PY17X_1105800",1140,"UGUAAUAUA","CDS"
"PY17X_1105800",1377,"UGUAAUAUA","CDS"
"PY17X_1105800",5241,"UGUAAUAUA","CDS"
"PY17X_1106900",625,"UGUAAUAUA","CDS"
"PY17X_1107400",220,"UGUAAUAUA","CDS"
"PY17X_1108000",1008,"UGUAAUAUA","CDS"
"PY17X_1108800",339,"UGUAAUAUA","CDS"
"PY17X_1113100",391,"UGUAAUAUA","CDS"
"PY17X_1115800",427,"UGUAAUAUA","CDS"
"PY17X_1118300",1962,"UGUAAUAUA","CDS"
"PY17X_1119500",706,"UGUAAUAUA","CDS"
"PY17X_1119600",4182,"UGUAAUAUA","CDS"
"PY17X_1119700",546,"UGUAAUAUA","CDS"
"PY17X_1119800",1167,"UGUAAUAUA","CDS"
"PY17X_1122600",481,"UGUAAUAUA","CDS"
"PY17X_1123600",208,"UGUAAUAUA","CDS"
"PY17X_1127500",934,"UGUAAUAUA","CDS"
"PY17X_1130000",8332,"UGUAAUAUA","CDS"
"PY17X_1131300",2164,"UGUAAUAUA","CDS"
"PY17X_1131500",625,"UGUAAUAUA","CDS"
"PY17X_1136000",2428,"UGUAAUAUA","CDS"
"PY17X_1137100",247,"UGUAAUAUA","CDS"
"PY17X_1137300",367,"UGUAAUAUA","CDS"
"PY17X_1139200",2635,"UGUAAUAUA","CDS"
"PY17X_1139200",6019,"UGUAAUAUA","CDS"
"PY17X_1140400",2304,"UGUAAUAUA","CDS"
"PY17X_1144000",186,"UGUAAUAUA","CDS"
"PY17X_1200600",469,"UGUAAUAUA","CDS"
"PY17X_1205600",6736,"UGUAAUAUA","CDS"
"PY17X_1210500",84,"UGUAAUAUA","CDS"
"PY17X_1216100",331,"UGUAAUAUA","CDS"
"PY17X_1216500",1474,"UGUAAUAUA","CDS"
"PY17X_1216500",3088,"UGUAAUAUA","CDS"
"PY17X_1217900",102,"UGUAAUAUA","CDS"
"PY17X_1219100",3684,"UGUAAUAUA","CDS"
"PY17X_1219300",649,"UGUAAUAUA","CDS"
"PY17X_1219400",1249,"UGUAAUAUA","CDS"
"PY17X_1219500",70,"UGUAAUAUA","CDS"
"PY17X_1220400",1000,"UGUAAUAUA","CDS"
"PY17X_1223800",844,"UGUAAUAUA","CDS"
"PY17X_1231200",312,"UGUAAUAUA","CDS"
"PY17X_1231600",5230,"UGUAAUAUA","CDS"
"PY17X_1231800",6828,"UGUAAUAUA","CDS"
"PY17X_1233800",6550,"UGUAAUAUA","CDS"
"PY17X_1234300",943,"UGUAAUAUA","CDS"
"PY17X_1234300",1692,"UGUAAUAUA","CDS"
"PY17X_1234500",1378,"UGUAAUAUA","CDS"
"PY17X_1238100",55,"UGUAAUAUA","CDS"
"PY17X_1238900",1501,"UGUAAUAUA","CDS"
"PY17X_1239000",232,"UGUAAUAUA","CDS"
"PY17X_1240400",17050,"UGUAAUAUA","CDS"
"PY17X_1240900",2850,"UGUAAUAUA","CDS"
"PY17X_1248300",4122,"UGUAAUAUA","CDS"
"PY17X_1300189",297,"UGUAAUAUA","CDS"
"PY17X_1302600",484,"UGUAAUAUA","CDS"
"PY17X_1304700",669,"UGUAAUAUA","CDS"
"PY17X_1305400",2851,"UGUAAUAUA","CDS"
"PY17X_1305400",6081,"UGUAAUAUA","CDS"
"PY17X_1309300",274,"UGUAAUAUA","CDS"
"PY17X_1310900",823,"UGUAAUAUA","CDS"
"PY17X_1310900",1429,"UGUAAUAUA","CDS"
"PY17X_1311800",2305,"UGUAAUAUA","CDS"
"PY17X_1311800",18415,"UGUAAUAUA","CDS"
"PY17X_1313900",2656,"UGUAAUAUA","CDS"
"PY17X_1315500",81,"UGUAAUAUA","CDS"
"PY17X_1316000",69,"UGUAAUAUA","CDS"
"PY17X_1318300",1048,"UGUAAUAUA","CDS"
"PY17X_1318500",1320,"UGUAAUAUA","CDS"
"PY17X_1319800",174,"UGUAAUAUA","CDS"
"PY17X_1322800",1065,"UGUAAUAUA","CDS"
"PY17X_1330500",6745,"UGUAAUAUA","CDS"
"PY17X_1330500",10732,"UGUAAUAUA","CDS"
"PY17X_1335900",874,"UGUAAUAUA","CDS"
"PY17X_1339700",529,"UGUAAUAUA","CDS"
"PY17X_1342400",901,"UGUAAUAUA","CDS"
"PY17X_1344200",2248,"UGUAAUAUA","CDS"
"PY17X_1344200",4963,"UGUAAUAUA","CDS"
"PY17X_1345200",886,"UGUAAUAUA","CDS"
"PY17X_1346800",1176,"UGUAAUAUA","CDS"
"PY17X_1347400",2410,"UGUAAUAUA","CDS"
"PY17X_1357200",70,"UGUAAUAUA","CDS"
"PY17X_1357700",1492,"UGUAAUAUA","CDS"
"PY17X_1358500",3379,"UGUAAUAUA","CDS"
"PY17X_1361000",2167,"UGUAAUAUA","CDS"
"PY17X_1362600",1582,"UGUAAUAUA","CDS"
"PY17X_1363000",2215,"UGUAAUAUA","CDS"
"PY17X_1363500",2581,"UGUAAUAUA","CDS"
"PY17X_1365500",190,"UGUAAUAUA","CDS"
"PY17X_1367300",3601,"UGUAAUAUA","CDS"
"PY17X_1368900",241,"UGUAAUAUA","CDS"
"PY17X_1369200",973,"UGUAAUAUA","CDS"
"PY17X_1400037",463,"UGUAAUAUA","CDS"
"PY17X_1402200",1120,"UGUAAUAUA","CDS"
"PY17X_1402800",199,"UGUAAUAUA","CDS"
"PY17X_1408100",406,"UGUAAUAUA","CDS"
"PY17X_1408100",724,"UGUAAUAUA","CDS"
"PY17X_1408100",1753,"UGUAAUAUA","CDS"
"PY17X_1408600",3402,"UGUAAUAUA","CDS"
"PY17X_1408600",7222,"UGUAAUAUA","CDS"
"PY17X_1413500",139,"UGUAAUAUA","CDS"
"PY17X_1413700",2007,"UGUAAUAUA","CDS"
"PY17X_1414200",646,"UGUAAUAUA","CDS"
"PY17X_1414400",1885,"UGUAAUAUA","CDS"
"PY17X_1417100",1702,"UGUAAUAUA","CDS"
"PY17X_1426200",568,"UGUAAUAUA","CDS"
"PY17X_1427800",868,"UGUAAUAUA","CDS"
"PY17X_1436200",4162,"UGUAAUAUA","CDS"
"PY17X_1441800",1606,"UGUAAUAUA","CDS"
"PY17X_1442100",1711,"UGUAAUAUA","CDS"
"PY17X_1442100",2374,"UGUAAUAUA","CDS"
"PY17X_1443200",556,"UGUAAUAUA","CDS"
"PY17X_1443200",646,"UGUAAUAUA","CDS"
"PY17X_1443800",3150,"UGUAAUAUA","CDS"
"PY17X_1444200",312,"UGUAAUAUA","CDS"
"PY17X_1444400",1870,"UGUAAUAUA","CDS"
"PY17X_1445600",223,"UGUAAUAUA","CDS"
"PY17X_1445600",3163,"UGUAAUAUA","CDS"
"PY17X_1446300",3513,"UGUAAUAUA","CDS"
"PY17X_1447100",1338,"UGUAAUAUA","CDS"
"PY17X_1448000",319,"UGUAAUAUA","CDS"
"PY17X_1448400",499,"UGUAAUAUA","CDS"
"PY17X_1449400",1197,"UGUAAUAUA","CDS"
"PY17X_1449600",160,"UGUAAUAUA","CDS"
"PY17X_1451700",2590,"UGUAAUAUA","CDS"
"PY17X_1452600",970,"UGUAAUAUA","CDS"
"PY17X_1458600",282,"UGUAAUAUA","CDS"
"PY17X_1460700",1054,"UGUAAUAUA","CDS"
"PY17X_1466700",961,"UGUAAUAUA","CDS"
"PY17X_1467200",1492,"UGUAAUAUA","CDS"
"PY17X_API00400",823,"UGUAAUAUA","CDS"
"PY17X_API00600",862,"UGUAAUAUA","CDS"
"PY17X_0102100",452,"UGUAAUCUA","3' UTR"
"PY17X_0200871",593,"UGUAAUCUA","3' UTR"
"PY17X_0204200",666,"UGUAAUCUA","3' UTR"
"PY17X_0208200",79,"UGUAAUCUA","3' UTR"
"PY17X_0208900",13,"UGUAAUCUA","3' UTR"
"PY17X_0305000",614,"UGUAAUCUA","3' UTR"
"PY17X_0400051",347,"UGUAAUCUA","3' UTR"
"PY17X_0402200",418,"UGUAAUCUA","3' UTR"
"PY17X_0500131",347,"UGUAAUCUA","3' UTR"
"PY17X_0626000",436,"UGUAAUCUA","3' UTR"
"PY17X_0700057",347,"UGUAAUCUA","3' UTR"
"PY17X_0700500",488,"UGUAAUCUA","3' UTR"
"PY17X_0800161",345,"UGUAAUCUA","3' UTR"
"PY17X_0900900",403,"UGUAAUCUA","3' UTR"
"PY17X_1010500",637,"UGUAAUCUA","3' UTR"
"PY17X_1050201",368,"UGUAAUCUA","3' UTR"
"PY17X_1100039",345,"UGUAAUCUA","3' UTR"
"PY17X_1100061",364,"UGUAAUCUA","3' UTR"
"PY17X_1129400",546,"UGUAAUCUA","3' UTR"
"PY17X_1200047",347,"UGUAAUCUA","3' UTR"
"PY17X_1205400",568,"UGUAAUCUA","3' UTR"
"PY17X_1373700",455,"UGUAAUCUA","3' UTR"
"PY17X_1447500",623,"UGUAAUCUA","3' UTR"
"PY17X_1458600",26,"UGUAAUCUA","3' UTR"
"PY17X_0108200",59,"UGUAAUCUA","5' UTR"
"PY17X_0109000",304,"UGUAAUCUA","5' UTR"
"PY17X_0208100",50,"UGUAAUCUA","5' UTR"
"PY17X_0216900",185,"UGUAAUCUA","5' UTR"
"PY17X_0300061",237,"UGUAAUCUA","5' UTR"
"PY17X_0322701",242,"UGUAAUCUA","5' UTR"
"PY17X_0500027",242,"UGUAAUCUA","5' UTR"
"PY17X_0800021",324,"UGUAAUCUA","5' UTR"
"PY17X_0900011",239,"UGUAAUCUA","5' UTR"
"PY17X_0900400",345,"UGUAAUCUA","5' UTR"
"PY17X_0935200",198,"UGUAAUCUA","5' UTR"
"PY17X_0951501",239,"UGUAAUCUA","5' UTR"
"PY17X_1000015",242,"UGUAAUCUA","5' UTR"
"PY17X_1051001",242,"UGUAAUCUA","5' UTR"
"PY17X_1113900",215,"UGUAAUCUA","5' UTR"
"PY17X_1300287",242,"UGUAAUCUA","5' UTR"
"PY17X_0314000",817,"UGUAAUCUA","CDS"
"PY17X_0500077",16,"UGUAAUCUA","CDS"
"PY17X_0612300",2020,"UGUAAUCUA","CDS"
"PY17X_0614200",394,"UGUAAUCUA","CDS"
"PY17X_0704100",1530,"UGUAAUCUA","CDS"
"PY17X_0838200",1339,"UGUAAUCUA","CDS"
"PY17X_1022700",787,"UGUAAUCUA","CDS"
"PY17X_1032900",196,"UGUAAUCUA","CDS"
"PY17X_1225800",772,"UGUAAUCUA","CDS"
"PY17X_1233600",1285,"UGUAAUCUA","CDS"
"PY17X_1238100",1084,"UGUAAUCUA","CDS"
"PY17X_1306800",3922,"UGUAAUCUA","CDS"
"PY17X_1339800",2548,"UGUAAUCUA","CDS"
"PY17X_1345200",709,"UGUAAUCUA","CDS"
"PY17X_1356400",3721,"UGUAAUCUA","CDS"
"PY17X_1427300",439,"UGUAAUCUA","CDS"
"PY17X_1458100",1390,"UGUAAUCUA","CDS"
"PY17X_0110900",480,"UGUAAUGUA","3' UTR"
"PY17X_0201500",190,"UGUAAUGUA","3' UTR"
"PY17X_0303800",4,"UGUAAUGUA","3' UTR"
"PY17X_0307400",280,"UGUAAUGUA","3' UTR"
"PY17X_0405100",675,"UGUAAUGUA","3' UTR"
"PY17X_0504600",89,"UGUAAUGUA","3' UTR"
"PY17X_0504600",134,"UGUAAUGUA","3' UTR"
"PY17X_0506900",263,"UGUAAUGUA","3' UTR"
"PY17X_0509700",342,"UGUAAUGUA","3' UTR"
"PY17X_0704600",612,"UGUAAUGUA","3' UTR"
"PY17X_0810200",632,"UGUAAUGUA","3' UTR"
"PY17X_0838300",323,"UGUAAUGUA","3' UTR"
"PY17X_0904700",578,"UGUAAUGUA","3' UTR"
"PY17X_0940600",437,"UGUAAUGUA","3' UTR"
"PY17X_1008700",101,"UGUAAUGUA","3' UTR"
"PY17X_1014700",55,"UGUAAUGUA","3' UTR"
"PY17X_1023800",135,"UGUAAUGUA","3' UTR"
"PY17X_1029600",645,"UGUAAUGUA","3' UTR"
"PY17X_1107000",172,"UGUAAUGUA","3' UTR"
"PY17X_1110800",270,"UGUAAUGUA","3' UTR"
"PY17X_1114100",48,"UGUAAUGUA","3' UTR"
"PY17X_1127700",317,"UGUAAUGUA","3' UTR"
"PY17X_1132500",602,"UGUAAUGUA","3' UTR"
"PY17X_1133700",546,"UGUAAUGUA","3' UTR"
"PY17X_1203700",468,"UGUAAUGUA","3' UTR"
"PY17X_1204700",403,"UGUAAUGUA","3' UTR"
"PY17X_1209000",220,"UGUAAUGUA","3' UTR"
"PY17X_1209000",225,"UGUAAUGUA","3' UTR"
"PY17X_1212800",6,"UGUAAUGUA","3' UTR"
"PY17X_1231000",405,"UGUAAUGUA","3' UTR"
"PY17X_1236500",298,"UGUAAUGUA","3' UTR"
"PY17X_1239200",145,"UGUAAUGUA","3' UTR"
"PY17X_1305600",111,"UGUAAUGUA","3' UTR"
"PY17X_1311400",184,"UGUAAUGUA","3' UTR"
"PY17X_1319000",650,"UGUAAUGUA","3' UTR"
"PY17X_1328500",361,"UGUAAUGUA","3' UTR"
"PY17X_1335100",100,"UGUAAUGUA","3' UTR"
"PY17X_1345000",673,"UGUAAUGUA","3' UTR"
"PY17X_1349400",209,"UGUAAUGUA","3' UTR"
"PY17X_1358300",439,"UGUAAUGUA","3' UTR"
"PY17X_1369500",359,"UGUAAUGUA","3' UTR"
"PY17X_1413800",382,"UGUAAUGUA","3' UTR"
"PY17X_API00700",271,"UGUAAUGUA","3' UTR"
"PY17X_0100091",191,"UGUAAUGUA","5' UTR"
"PY17X_0108000",642,"UGUAAUGUA","5' UTR"
"PY17X_0203500",131,"UGUAAUGUA","5' UTR"
"PY17X_0301600",21,"UGUAAUGUA","5' UTR"
"PY17X_0320501",191,"UGUAAUGUA","5' UTR"
"PY17X_0404000",11,"UGUAAUGUA","5' UTR"
"PY17X_0404000",22,"UGUAAUGUA","5' UTR"
"PY17X_0405200",218,"UGUAAUGUA","5' UTR"
"PY17X_0407700",119,"UGUAAUGUA","5' UTR"
"PY17X_0508200",345,"UGUAAUGUA","5' UTR"
"PY17X_0509400",773,"UGUAAUGUA","5' UTR"
"PY17X_0514600",612,"UGUAAUGUA","5' UTR"
"PY17X_0514600",617,"UGUAAUGUA","5' UTR"
"PY17X_0607900",414,"UGUAAUGUA","5' UTR"
"PY17X_0611200",652,"UGUAAUGUA","5' UTR"
"PY17X_0803400",687,"UGUAAUGUA","5' UTR"
"PY17X_0808000",733,"UGUAAUGUA","5' UTR"
"PY17X_0815500",117,"UGUAAUGUA","5' UTR"
"PY17X_0839300",217,"UGUAAUGUA","5' UTR"
"PY17X_0902400",479,"UGUAAUGUA","5' UTR"
"PY17X_0922800",580,"UGUAAUGUA","5' UTR"
"PY17X_0925300",97,"UGUAAUGUA","5' UTR"
"PY17X_1006500",737,"UGUAAUGUA","5' UTR"
"PY17X_1017800",413,"UGUAAUGUA","5' UTR"
"PY17X_1022600",755,"UGUAAUGUA","5' UTR"
"PY17X_1029000",166,"UGUAAUGUA","5' UTR"
"PY17X_1125800",376,"UGUAAUGUA","5' UTR"
"PY17X_1127600",343,"UGUAAUGUA","5' UTR"
"PY17X_1133800",247,"UGUAAUGUA","5' UTR"
"PY17X_1136600",537,"UGUAAUGUA","5' UTR"
"PY17X_1205100",383,"UGUAAUGUA","5' UTR"
"PY17X_1209900",481,"UGUAAUGUA","5' UTR"
"PY17X_1216900",518,"UGUAAUGUA","5' UTR"
"PY17X_1235600",78,"UGUAAUGUA","5' UTR"
"PY17X_1236400",91,"UGUAAUGUA","5' UTR"
"PY17X_1241300",224,"UGUAAUGUA","5' UTR"
"PY17X_1249100",372,"UGUAAUGUA","5' UTR"
"PY17X_1311300",1,"UGUAAUGUA","5' UTR"
"PY17X_1312000",746,"UGUAAUGUA","5' UTR"
"PY17X_1314500",666,"UGUAAUGUA","5' UTR"
"PY17X_1318700",132,"UGUAAUGUA","5' UTR"
"PY17X_1328600",461,"UGUAAUGUA","5' UTR"
"PY17X_1331600",706,"UGUAAUGUA","5' UTR"
"PY17X_1334500",731,"UGUAAUGUA","5' UTR"
"PY17X_1344900",212,"UGUAAUGUA","5' UTR"
"PY17X_1356000",286,"UGUAAUGUA","5' UTR"
"PY17X_1358200",588,"UGUAAUGUA","5' UTR"
"PY17X_1359700",703,"UGUAAUGUA","5' UTR"
"PY17X_1365000",419,"UGUAAUGUA","5' UTR"
"PY17X_1366100",635,"UGUAAUGUA","5' UTR"
"PY17X_1367200",283,"UGUAAUGUA","5' UTR"
"PY17X_1406600",109,"UGUAAUGUA","5' UTR"
"PY17X_1416400",516,"UGUAAUGUA","5' UTR"
"PY17X_1416600",329,"UGUAAUGUA","5' UTR"
"PY17X_1428400",677,"UGUAAUGUA","5' UTR"
"PY17X_1441900",127,"UGUAAUGUA","5' UTR"
"PY17X_1451200",124,"UGUAAUGUA","5' UTR"
"PY17X_0102100",496,"UGUAAUGUA","CDS"
"PY17X_0104400",54,"UGUAAUGUA","CDS"
"PY17X_0113600",1150,"UGUAAUGUA","CDS"
"PY17X_0113900",889,"UGUAAUGUA","CDS"
"PY17X_0209500",961,"UGUAAUGUA","CDS"
"PY17X_0213600",580,"UGUAAUGUA","CDS"
"PY17X_0217601",598,"UGUAAUGUA","CDS"
"PY17X_0300061",577,"UGUAAUGUA","CDS"
"PY17X_0306600",2221,"UGUAAUGUA","CDS"
"PY17X_0311000",4162,"UGUAAUGUA","CDS"
"PY17X_0400003",16,"UGUAAUGUA","CDS"
"PY17X_0407400",865,"UGUAAUGUA","CDS"
"PY17X_0408800",391,"UGUAAUGUA","CDS"
"PY17X_0419900",2308,"UGUAAUGUA","CDS"
"PY17X_0503500",1333,"UGUAAUGUA","CDS"
"PY17X_0507000",12652,"UGUAAUGUA","CDS"
"PY17X_0507500",865,"UGUAAUGUA","CDS"
"PY17X_0515600",1585,"UGUAAUGUA","CDS"
"PY17X_0517800",262,"UGUAAUGUA","CDS"
"PY17X_0519800",1359,"UGUAAUGUA","CDS"
"PY17X_0525600",228,"UGUAAUGUA","CDS"
"PY17X_0609300",55,"UGUAAUGUA","CDS"
"PY17X_0708300",315,"UGUAAUGUA","CDS"
"PY17X_0720100",1750,"UGUAAUGUA","CDS"
"PY17X_0723000",577,"UGUAAUGUA","CDS"
"PY17X_0814200",2322,"UGUAAUGUA","CDS"
"PY17X_0831300",2098,"UGUAAUGUA","CDS"
"PY17X_0831300",2230,"UGUAAUGUA","CDS"
"PY17X_0837500",1395,"UGUAAUGUA","CDS"
"PY17X_0837700",2812,"UGUAAUGUA","CDS"
"PY17X_0900011",580,"UGUAAUGUA","CDS"
"PY17X_0906900",2242,"UGUAAUGUA","CDS"
"PY17X_0910400",48,"UGUAAUGUA","CDS"
"PY17X_0937500",6175,"UGUAAUGUA","CDS"
"PY17X_0944100",2020,"UGUAAUGUA","CDS"
"PY17X_0945900",1429,"UGUAAUGUA","CDS"
"PY17X_0947500",580,"UGUAAUGUA","CDS"
"PY17X_0951501",580,"UGUAAUGUA","CDS"
"PY17X_1009400",652,"UGUAAUGUA","CDS"
"PY17X_1010000",2851,"UGUAAUGUA","CDS"
"PY17X_1017800",526,"UGUAAUGUA","CDS"
"PY17X_1029300",673,"UGUAAUGUA","CDS"
"PY17X_1036200",253,"UGUAAUGUA","CDS"
"PY17X_1105400",517,"UGUAAUGUA","CDS"
"PY17X_1107900",55,"UGUAAUGUA","CDS"
"PY17X_1126200",1273,"UGUAAUGUA","CDS"
"PY17X_1127200",184,"UGUAAUGUA","CDS"
"PY17X_1133800",2899,"UGUAAUGUA","CDS"
"PY17X_1134600",3547,"UGUAAUGUA","CDS"
"PY17X_1141500",2470,"UGUAAUGUA","CDS"
"PY17X_1209500",8485,"UGUAAUGUA","CDS"
"PY17X_1215800",424,"UGUAAUGUA","CDS"
"PY17X_1221500",1270,"UGUAAUGUA","CDS"
"PY17X_1227600",3697,"UGUAAUGUA","CDS"
"PY17X_1231600",5913,"UGUAAUGUA","CDS"
"PY17X_1233800",1519,"UGUAAUGUA","CDS"
"PY17X_1237500",30,"UGUAAUGUA","CDS"
"PY17X_1246200",819,"UGUAAUGUA","CDS"
"PY17X_1304400",256,"UGUAAUGUA","CDS"
"PY17X_1316900",3529,"UGUAAUGUA","CDS"
"PY17X_1329300",742,"UGUAAUGUA","CDS"
"PY17X_1348100",4743,"UGUAAUGUA","CDS"
"PY17X_1349300",4341,"UGUAAUGUA","CDS"
"PY17X_1351200",421,"UGUAAUGUA","CDS"
"PY17X_1361600",775,"UGUAAUGUA","CDS"
"PY17X_1365300",1000,"UGUAAUGUA","CDS"
"PY17X_1372300",592,"UGUAAUGUA","CDS"
"PY17X_1401200",529,"UGUAAUGUA","CDS"
"PY17X_1403900",13231,"UGUAAUGUA","CDS"
"PY17X_1406500",2068,"UGUAAUGUA","CDS"
"PY17X_1414100",550,"UGUAAUGUA","CDS"
"PY17X_1417200",655,"UGUAAUGUA","CDS"
"PY17X_1424900",262,"UGUAAUGUA","CDS"
"PY17X_1428300",175,"UGUAAUGUA","CDS"
"PY17X_1437100",4222,"UGUAAUGUA","CDS"
"PY17X_1440000",223,"UGUAAUGUA","CDS"
"PY17X_1440800",1696,"UGUAAUGUA","CDS"
"PY17X_1440900",3724,"UGUAAUGUA","CDS"
"PY17X_1444700",163,"UGUAAUGUA","CDS"
"PY17X_1445900",2170,"UGUAAUGUA","CDS"
"PY17X_1447200",2977,"UGUAAUGUA","CDS"
"PY17X_1451800",427,"UGUAAUGUA","CDS"
"PY17X_1455200",907,"UGUAAUGUA","CDS"
"PY17X_1455500",2914,"UGUAAUGUA","CDS"
"PY17X_1466300",1858,"UGUAAUGUA","CDS"
"PY17X_0062300",559,"UGUAAUUUA","3' UTR"
"PY17X_0100049",151,"UGUAAUUUA","3' UTR"
"PY17X_0101221",178,"UGUAAUUUA","3' UTR"
"PY17X_0104900",72,"UGUAAUUUA","3' UTR"
"PY17X_0108700",437,"UGUAAUUUA","3' UTR"
"PY17X_0116300",137,"UGUAAUUUA","3' UTR"
"PY17X_0200661",73,"UGUAAUUUA","3' UTR"
"PY17X_0200691",149,"UGUAAUUUA","3' UTR"
"PY17X_0216400",220,"UGUAAUUUA","3' UTR"
"PY17X_0222601",461,"UGUAAUUUA","3' UTR"
"PY17X_0313900",556,"UGUAAUUUA","3' UTR"
"PY17X_0318000",383,"UGUAAUUUA","3' UTR"
"PY17X_0319801",176,"UGUAAUUUA","3' UTR"
"PY17X_0320801",149,"UGUAAUUUA","3' UTR"
"PY17X_0400097",168,"UGUAAUUUA","3' UTR"
"PY17X_0400100",171,"UGUAAUUUA","3' UTR"
"PY17X_0405200",198,"UGUAAUUUA","3' UTR"
"PY17X_0407100",254,"UGUAAUUUA","3' UTR"
"PY17X_0417900",307,"UGUAAUUUA","3' UTR"
"PY17X_0502500",17,"UGUAAUUUA","3' UTR"
"PY17X_0505100",652,"UGUAAUUUA","3' UTR"
"PY17X_0510400",562,"UGUAAUUUA","3' UTR"
"PY17X_0511100",376,"UGUAAUUUA","3' UTR"
"PY17X_0600071",461,"UGUAAUUUA","3' UTR"
"PY17X_0600241",461,"UGUAAUUUA","3' UTR"
"PY17X_0602900",178,"UGUAAUUUA","3' UTR"
"PY17X_0604100",602,"UGUAAUUUA","3' UTR"
"PY17X_0605200",265,"UGUAAUUUA","3' UTR"
"PY17X_0608500",33,"UGUAAUUUA","3' UTR"
"PY17X_0610500",317,"UGUAAUUUA","3' UTR"
"PY17X_0614300",625,"UGUAAUUUA","3' UTR"
"PY17X_0618400",234,"UGUAAUUUA","3' UTR"
"PY17X_0619900",48,"UGUAAUUUA","3' UTR"
"PY17X_0626600",288,"UGUAAUUUA","3' UTR"
"PY17X_0627400",149,"UGUAAUUUA","3' UTR"
"PY17X_0714500",159,"UGUAAUUUA","3' UTR"
"PY17X_0806400",48,"UGUAAUUUA","3' UTR"
"PY17X_0806500",449,"UGUAAUUUA","3' UTR"
"PY17X_0813500",340,"UGUAAUUUA","3' UTR"
"PY17X_0815400",190,"UGUAAUUUA","3' UTR"
"PY17X_0816000",262,"UGUAAUUUA","3' UTR"
"PY17X_0816600",377,"UGUAAUUUA","3' UTR"
"PY17X_0830500",564,"UGUAAUUUA","3' UTR"
"PY17X_0834700",357,"UGUAAUUUA","3' UTR"
"PY17X_0834700",544,"UGUAAUUUA","3' UTR"
"PY17X_0844401",149,"UGUAAUUUA","3' UTR"
"PY17X_0846201",461,"UGUAAUUUA","3' UTR"
"PY17X_0900083",176,"UGUAAUUUA","3' UTR"
"PY17X_0902300",176,"UGUAAUUUA","3' UTR"
"PY17X_0917600",581,"UGUAAUUUA","3' UTR"
"PY17X_0933500",405,"UGUAAUUUA","3' UTR"
"PY17X_0935700",188,"UGUAAUUUA","3' UTR"
"PY17X_0945000",104,"UGUAAUUUA","3' UTR"
"PY17X_1001000",193,"UGUAAUUUA","3' UTR"
"PY17X_1002500",196,"UGUAAUUUA","3' UTR"
"PY17X_1003900",216,"UGUAAUUUA","3' UTR"
"PY17X_1010400",645,"UGUAAUUUA","3' UTR"
"PY17X_1023600",36,"UGUAAUUUA","3' UTR"
"PY17X_1025900",254,"UGUAAUUUA","3' UTR"
"PY17X_1028300",492,"UGUAAUUUA","3' UTR"
"PY17X_1028700",615,"UGUAAUUUA","3' UTR"
"PY17X_1037100",500,"UGUAAUUUA","3' UTR"
"PY17X_1041100",121,"UGUAAUUUA","3' UTR"
"PY17X_1046301",132,"UGUAAUUUA","3' UTR"
"PY17X_1046901",171,"UGUAAUUUA","3' UTR"
"PY17X_1049601",169,"UGUAAUUUA","3' UTR"
"PY17X_1100013",461,"UGUAAUUUA","3' UTR"
"PY17X_1103700",85,"UGUAAUUUA","3' UTR"
"PY17X_1104400",93,"UGUAAUUUA","3' UTR"
"PY17X_1105700",596,"UGUAAUUUA","3' UTR"
"PY17X_1111000",617,"UGUAAUUUA","3' UTR"
"PY17X_1115400",158,"UGUAAUUUA","3' UTR"
"PY17X_1119100",665,"UGUAAUUUA","3' UTR"
"PY17X_1122200",494,"UGUAAUUUA","3' UTR"
"PY17X_1123000",252,"UGUAAUUUA","3' UTR"
"PY17X_1140400",460,"UGUAAUUUA","3' UTR"
"PY17X_1200300",168,"UGUAAUUUA","3' UTR"
"PY17X_1203100",167,"UGUAAUUUA","3' UTR"
"PY17X_1207800",339,"UGUAAUUUA","3' UTR"
"PY17X_1208000",433,"UGUAAUUUA","3' UTR"
"PY17X_1208600",572,"UGUAAUUUA","3' UTR"
"PY17X_1213200",252,"UGUAAUUUA","3' UTR"
"PY17X_1215400",150,"UGUAAUUUA","3' UTR"
"PY17X_1223400",502,"UGUAAUUUA","3' UTR"
"PY17X_1233100",119,"UGUAAUUUA","3' UTR"
"PY17X_1235800",135,"UGUAAUUUA","3' UTR"
"PY17X_1238600",243,"UGUAAUUUA","3' UTR"
"PY17X_1242900",346,"UGUAAUUUA","3' UTR"
"PY17X_1300441",168,"UGUAAUUUA","3' UTR"
"PY17X_1302700",178,"UGUAAUUUA","3' UTR"
"PY17X_1310700",221,"UGUAAUUUA","3' UTR"
"PY17X_1312500",36,"UGUAAUUUA","3' UTR"
"PY17X_1316500",227,"UGUAAUUUA","3' UTR"
"PY17X_1317300",546,"UGUAAUUUA","3' UTR"
"PY17X_1318600",524,"UGUAAUUUA","3' UTR"
"PY17X_1321200",174,"UGUAAUUUA","3' UTR"
"PY17X_1324900",148,"UGUAAUUUA","3' UTR"
"PY17X_1328800",564,"UGUAAUUUA","3' UTR"
"PY17X_1344500",630,"UGUAAUUUA","3' UTR"
"PY17X_1346100",442,"UGUAAUUUA","3' UTR"
"PY17X_1351900",2,"UGUAAUUUA","3' UTR"
"PY17X_1361300",168,"UGUAAUUUA","3' UTR"
"PY17X_1362800",593,"UGUAAUUUA","3' UTR"
"PY17X_1400067",149,"UGUAAUUUA","3' UTR"
"PY17X_1404100",301,"UGUAAUUUA","3' UTR"
"PY17X_1404500",97,"UGUAAUUUA","3' UTR"
"PY17X_1406100",318,"UGUAAUUUA","3' UTR"
"PY17X_1408700",372,"UGUAAUUUA","3' UTR"
"PY17X_1412500",357,"UGUAAUUUA","3' UTR"
"PY17X_1414100",380,"UGUAAUUUA","3' UTR"
"PY17X_1421700",573,"UGUAAUUUA","3' UTR"
"PY17X_1422100",205,"UGUAAUUUA","3' UTR"
"PY17X_1422400",168,"UGUAAUUUA","3' UTR"
"PY17X_1424900",21,"UGUAAUUUA","3' UTR"
"PY17X_1431200",329,"UGUAAUUUA","3' UTR"
"PY17X_1436800",353,"UGUAAUUUA","3' UTR"
"PY17X_1437800",498,"UGUAAUUUA","3' UTR"
"PY17X_1438700",632,"UGUAAUUUA","3' UTR"
"PY17X_1444100",20,"UGUAAUUUA","3' UTR"
"PY17X_1445400",499,"UGUAAUUUA","3' UTR"
"PY17X_1447200",280,"UGUAAUUUA","3' UTR"
"PY17X_1447800",332,"UGUAAUUUA","3' UTR"
"PY17X_1449100",534,"UGUAAUUUA","3' UTR"
"PY17X_1450500",439,"UGUAAUUUA","3' UTR"
"PY17X_1458400",25,"UGUAAUUUA","3' UTR"
"PY17X_1464100",70,"UGUAAUUUA","3' UTR"
"PY17X_API00300",413,"UGUAAUUUA","3' UTR"
"PY17X_API02700",638,"UGUAAUUUA","3' UTR"
"PY17X_0062300",305,"UGUAAUUUA","5' UTR"
"PY17X_0102400",37,"UGUAAUUUA","5' UTR"
"PY17X_0108600",129,"UGUAAUUUA","5' UTR"
"PY17X_0112100",195,"UGUAAUUUA","5' UTR"
"PY17X_0116200",595,"UGUAAUUUA","5' UTR"
"PY17X_0116400",184,"UGUAAUUUA","5' UTR"
"PY17X_0200541",136,"UGUAAUUUA","5' UTR"
"PY17X_0202200",285,"UGUAAUUUA","5' UTR"
"PY17X_0216400",635,"UGUAAUUUA","5' UTR"
"PY17X_0301500",385,"UGUAAUUUA","5' UTR"
"PY17X_0303100",127,"UGUAAUUUA","5' UTR"
"PY17X_0306200",223,"UGUAAUUUA","5' UTR"
"PY17X_0310500",354,"UGUAAUUUA","5' UTR"
"PY17X_0317300",212,"UGUAAUUUA","5' UTR"
"PY17X_0400039",194,"UGUAAUUUA","5' UTR"
"PY17X_0402800",235,"UGUAAUUUA","5' UTR"
"PY17X_0404300",213,"UGUAAUUUA","5' UTR"
"PY17X_0406400",61,"UGUAAUUUA","5' UTR"
"PY17X_0505000",560,"UGUAAUUUA","5' UTR"
"PY17X_0507600",396,"UGUAAUUUA","5' UTR"
"PY17X_0518300",706,"UGUAAUUUA","5' UTR"
"PY17X_0524100",355,"UGUAAUUUA","5' UTR"
"PY17X_0525600",243,"UGUAAUUUA","5' UTR"
"PY17X_0526000",444,"UGUAAUUUA","5' UTR"
"PY17X_0602500",218,"UGUAAUUUA","5' UTR"
"PY17X_0604000",271,"UGUAAUUUA","5' UTR"
"PY17X_0610600",82,"UGUAAUUUA","5' UTR"
"PY17X_0614200",522,"UGUAAUUUA","5' UTR"
"PY17X_0620400",684,"UGUAAUUUA","5' UTR"
"PY17X_0700003",262,"UGUAAUUUA","5' UTR"
"PY17X_0701900",566,"UGUAAUUUA","5' UTR"
"PY17X_0713400",575,"UGUAAUUUA","5' UTR"
"PY17X_0806600",528,"UGUAAUUUA","5' UTR"
"PY17X_0812000",116,"UGUAAUUUA","5' UTR"
"PY17X_0815400",785,"UGUAAUUUA","5' UTR"
"PY17X_0816100",536,"UGUAAUUUA","5' UTR"
"PY17X_0819200",541,"UGUAAUUUA","5' UTR"
"PY17X_0820600",230,"UGUAAUUUA","5' UTR"
"PY17X_0831800",557,"UGUAAUUUA","5' UTR"
"PY17X_0834800",16,"UGUAAUUUA","5' UTR"
"PY17X_0836400",543,"UGUAAUUUA","5' UTR"
"PY17X_0841300",231,"UGUAAUUUA","5' UTR"
"PY17X_0900047",281,"UGUAAUUUA","5' UTR"
"PY17X_0900083",222,"UGUAAUUUA","5' UTR"
"PY17X_0902500",300,"UGUAAUUUA","5' UTR"
"PY17X_0905300",188,"UGUAAUUUA","5' UTR"
"PY17X_0909500",794,"UGUAAUUUA","5' UTR"
"PY17X_0911600",445,"UGUAAUUUA","5' UTR"
"PY17X_0922500",192,"UGUAAUUUA","5' UTR"
"PY17X_0924200",494,"UGUAAUUUA","5' UTR"
"PY17X_0924600",777,"UGUAAUUUA","5' UTR"
"PY17X_0924800",335,"UGUAAUUUA","5' UTR"
"PY17X_0929300",682,"UGUAAUUUA","5' UTR"
"PY17X_0930300",599,"UGUAAUUUA","5' UTR"
"PY17X_0933500",84,"UGUAAUUUA","5' UTR"
"PY17X_0934600",317,"UGUAAUUUA","5' UTR"
"PY17X_0937500",419,"UGUAAUUUA","5' UTR"
"PY17X_0939200",548,"UGUAAUUUA","5' UTR"
"PY17X_1003800",168,"UGUAAUUUA","5' UTR"
"PY17X_1005500",197,"UGUAAUUUA","5' UTR"
"PY17X_1005900",789,"UGUAAUUUA","5' UTR"
"PY17X_1007300",529,"UGUAAUUUA","5' UTR"
"PY17X_1010000",466,"UGUAAUUUA","5' UTR"
"PY17X_1012200",451,"UGUAAUUUA","5' UTR"
"PY17X_1014900",767,"UGUAAUUUA","5' UTR"
"PY17X_1018000",225,"UGUAAUUUA","5' UTR"
"PY17X_1026100",115,"UGUAAUUUA","5' UTR"
"PY17X_1029800",605,"UGUAAUUUA","5' UTR"
"PY17X_1036300",144,"UGUAAUUUA","5' UTR"
"PY17X_1039200",333,"UGUAAUUUA","5' UTR"
"PY17X_1102300",394,"UGUAAUUUA","5' UTR"
"PY17X_1108500",629,"UGUAAUUUA","5' UTR"
"PY17X_1111900",748,"UGUAAUUUA","5' UTR"
"PY17X_1114300",609,"UGUAAUUUA","5' UTR"
"PY17X_1115300",449,"UGUAAUUUA","5' UTR"
"PY17X_1123300",653,"UGUAAUUUA","5' UTR"
"PY17X_1123900",203,"UGUAAUUUA","5' UTR"
"PY17X_1127200",785,"UGUAAUUUA","5' UTR"
"PY17X_1128100",490,"UGUAAUUUA","5' UTR"
"PY17X_1139000",299,"UGUAAUUUA","5' UTR"
"PY17X_1140500",546,"UGUAAUUUA","5' UTR"
"PY17X_1142600",104,"UGUAAUUUA","5' UTR"
"PY17X_1145500",605,"UGUAAUUUA","5' UTR"
"PY17X_1200500",225,"UGUAAUUUA","5' UTR"
"PY17X_1203500",104,"UGUAAUUUA","5' UTR"
"PY17X_1204400",35,"UGUAAUUUA","5' UTR"
"PY17X_1206100",574,"UGUAAUUUA","5' UTR"
"PY17X_1207700",561,"UGUAAUUUA","5' UTR"
"PY17X_1208500",432,"UGUAAUUUA","5' UTR"
"PY17X_1213100",633,"UGUAAUUUA","5' UTR"
"PY17X_1215200",299,"UGUAAUUUA","5' UTR"
"PY17X_1233200",99,"UGUAAUUUA","5' UTR"
"PY17X_1235700",8,"UGUAAUUUA","5' UTR"
"PY17X_1308800",202,"UGUAAUUUA","5' UTR"
"PY17X_1317000",483,"UGUAAUUUA","5' UTR"
"PY17X_1317500",743,"UGUAAUUUA","5' UTR"
"PY17X_1325900",339,"UGUAAUUUA","5' UTR"
"PY17X_1332200",242,"UGUAAUUUA","5' UTR"
"PY17X_1332700",266,"UGUAAUUUA","5' UTR"
"PY17X_1339500",606,"UGUAAUUUA","5' UTR"
"PY17X_1341100",128,"UGUAAUUUA","5' UTR"
"PY17X_1341600",372,"UGUAAUUUA","5' UTR"
"PY17X_1344600",299,"UGUAAUUUA","5' UTR"
"PY17X_1345800",540,"UGUAAUUUA","5' UTR"
"PY17X_1349300",83,"UGUAAUUUA","5' UTR"
"PY17X_1352200",323,"UGUAAUUUA","5' UTR"
"PY17X_1360700",419,"UGUAAUUUA","5' UTR"
"PY17X_1371000",571,"UGUAAUUUA","5' UTR"
"PY17X_1372300",133,"UGUAAUUUA","5' UTR"
"PY17X_1403700",121,"UGUAAUUUA","5' UTR"
"PY17X_1407300",741,"UGUAAUUUA","5' UTR"
"PY17X_1411800",266,"UGUAAUUUA","5' UTR"
"PY17X_1417200",238,"UGUAAUUUA","5' UTR"
"PY17X_1420100",527,"UGUAAUUUA","5' UTR"
"PY17X_1421000",146,"UGUAAUUUA","5' UTR"
"PY17X_1421800",649,"UGUAAUUUA","5' UTR"
"PY17X_1422000",201,"UGUAAUUUA","5' UTR"
"PY17X_1425400",357,"UGUAAUUUA","5' UTR"
"PY17X_1428400",225,"UGUAAUUUA","5' UTR"
"PY17X_1430300",321,"UGUAAUUUA","5' UTR"
"PY17X_1436000",193,"UGUAAUUUA","5' UTR"
"PY17X_1436700",430,"UGUAAUUUA","5' UTR"
"PY17X_1438100",601,"UGUAAUUUA","5' UTR"
"PY17X_1438800",541,"UGUAAUUUA","5' UTR"
"PY17X_1447600",597,"UGUAAUUUA","5' UTR"
"PY17X_1455500",766,"UGUAAUUUA","5' UTR"
"PY17X_1455900",798,"UGUAAUUUA","5' UTR"
"PY17X_1458500",303,"UGUAAUUUA","5' UTR"
"PY17X_1463700",663,"UGUAAUUUA","5' UTR"
"PY17X_API02300",162,"UGUAAUUUA","5' UTR"
"PY17X_API02400",383,"UGUAAUUUA","5' UTR"
"PY17X_API02500",786,"UGUAAUUUA","5' UTR"
"PY17X_0101900",46,"UGUAAUUUA","CDS"
"PY17X_0102800",2335,"UGUAAUUUA","CDS"
"PY17X_0104000",1629,"UGUAAUUUA","CDS"
"PY17X_0105300",241,"UGUAAUUUA","CDS"
"PY17X_0115700",46,"UGUAAUUUA","CDS"
"PY17X_0203400",232,"UGUAAUUUA","CDS"
"PY17X_0205200",535,"UGUAAUUUA","CDS"
"PY17X_0210300",82,"UGUAAUUUA","CDS"
"PY17X_0213100",1564,"UGUAAUUUA","CDS"
"PY17X_0223301",652,"UGUAAUUUA","CDS"
"PY17X_0305700",1851,"UGUAAUUUA","CDS"
"PY17X_0306000",3238,"UGUAAUUUA","CDS"
"PY17X_0311900",4615,"UGUAAUUUA","CDS"
"PY17X_0316800",675,"UGUAAUUUA","CDS"
"PY17X_0318100",46,"UGUAAUUUA","CDS"
"PY17X_0320201",628,"UGUAAUUUA","CDS"
"PY17X_0400047",625,"UGUAAUUUA","CDS"
"PY17X_0403400",3114,"UGUAAUUUA","CDS"
"PY17X_0407100",109,"UGUAAUUUA","CDS"
"PY17X_0408000",175,"UGUAAUUUA","CDS"
"PY17X_0408800",1515,"UGUAAUUUA","CDS"
"PY17X_0416400",127,"UGUAAUUUA","CDS"
"PY17X_0419900",3127,"UGUAAUUUA","CDS"
"PY17X_0420100",289,"UGUAAUUUA","CDS"
"PY17X_0421700",2863,"UGUAAUUUA","CDS"
"PY17X_0500071",628,"UGUAAUUUA","CDS"
"PY17X_0504800",2758,"UGUAAUUUA","CDS"
"PY17X_0506000",2704,"UGUAAUUUA","CDS"
"PY17X_0510800",1639,"UGUAAUUUA","CDS"
"PY17X_0510800",8620,"UGUAAUUUA","CDS"
"PY17X_0511800",100,"UGUAAUUUA","CDS"
"PY17X_0517000",1303,"UGUAAUUUA","CDS"
"PY17X_0517800",2206,"UGUAAUUUA","CDS"
"PY17X_0523400",913,"UGUAAUUUA","CDS"
"PY17X_0524300",6316,"UGUAAUUUA","CDS"
"PY17X_0600031",628,"UGUAAUUUA","CDS"
"PY17X_0600171",622,"UGUAAUUUA","CDS"
"PY17X_0600201",628,"UGUAAUUUA","CDS"
"PY17X_0603600",1426,"UGUAAUUUA","CDS"
"PY17X_0604800",829,"UGUAAUUUA","CDS"
"PY17X_0604900",2602,"UGUAAUUUA","CDS"
"PY17X_0609200",5014,"UGUAAUUUA","CDS"
"PY17X_0609200",8884,"UGUAAUUUA","CDS"
"PY17X_0613700",703,"UGUAAUUUA","CDS"
"PY17X_0618600",1365,"UGUAAUUUA","CDS"
"PY17X_0619000",118,"UGUAAUUUA","CDS"
"PY17X_0621300",415,"UGUAAUUUA","CDS"
"PY17X_0625100",2014,"UGUAAUUUA","CDS"
"PY17X_0625100",3286,"UGUAAUUUA","CDS"
"PY17X_0627000",631,"UGUAAUUUA","CDS"
"PY17X_0700013",625,"UGUAAUUUA","CDS"
"PY17X_0704800",12628,"UGUAAUUUA","CDS"
"PY17X_0704800",18580,"UGUAAUUUA","CDS"
"PY17X_0706700",1273,"UGUAAUUUA","CDS"
"PY17X_0706700",2940,"UGUAAUUUA","CDS"
"PY17X_0706700",3295,"UGUAAUUUA","CDS"
"PY17X_0717400",70,"UGUAAUUUA","CDS"
"PY17X_0717400",3706,"UGUAAUUUA","CDS"
"PY17X_0720600",400,"UGUAAUUUA","CDS"
"PY17X_0803000",804,"UGUAAUUUA","CDS"
"PY17X_0805000",3448,"UGUAAUUUA","CDS"
"PY17X_0809100",760,"UGUAAUUUA","CDS"
"PY17X_0810200",5422,"UGUAAUUUA","CDS"
"PY17X_0811100",5500,"UGUAAUUUA","CDS"
"PY17X_0815700",4624,"UGUAAUUUA","CDS"
"PY17X_0818200",907,"UGUAAUUUA","CDS"
"PY17X_0818200",2331,"UGUAAUUUA","CDS"
"PY17X_0818300",2230,"UGUAAUUUA","CDS"
"PY17X_0826600",385,"UGUAAUUUA","CDS"
"PY17X_0827000",8605,"UGUAAUUUA","CDS"
"PY17X_0838000",672,"UGUAAUUUA","CDS"
"PY17X_0840100",82,"UGUAAUUUA","CDS"
"PY17X_0903200",3072,"UGUAAUUUA","CDS"
"PY17X_0905200",679,"UGUAAUUUA","CDS"
"PY17X_0905300",2689,"UGUAAUUUA","CDS"
"PY17X_0909500",421,"UGUAAUUUA","CDS"
"PY17X_0909500",796,"UGUAAUUUA","CDS"
"PY17X_0910800",346,"UGUAAUUUA","CDS"
"PY17X_0915300",622,"UGUAAUUUA","CDS"
"PY17X_0916200",727,"UGUAAUUUA","CDS"
"PY17X_0919100",4177,"UGUAAUUUA","CDS"
"PY17X_0920200",259,"UGUAAUUUA","CDS"
"PY17X_0922600",414,"UGUAAUUUA","CDS"
"PY17X_0927200",3970,"UGUAAUUUA","CDS"
"PY17X_0931400",384,"UGUAAUUUA","CDS"
"PY17X_0932800",1837,"UGUAAUUUA","CDS"
"PY17X_0932800",3382,"UGUAAUUUA","CDS"
"PY17X_0939100",1135,"UGUAAUUUA","CDS"
"PY17X_0944100",853,"UGUAAUUUA","CDS"
"PY17X_0944200",28,"UGUAAUUUA","CDS"
"PY17X_0945600",3364,"UGUAAUUUA","CDS"
"PY17X_0949801",625,"UGUAAUUUA","CDS"
"PY17X_0952001",625,"UGUAAUUUA","CDS"
"PY17X_1000039",631,"UGUAAUUUA","CDS"
"PY17X_1001000",46,"UGUAAUUUA","CDS"
"PY17X_1001400",49,"UGUAAUUUA","CDS"
"PY17X_1009800",1282,"UGUAAUUUA","CDS"
"PY17X_1011900",6340,"UGUAAUUUA","CDS"
"PY17X_1012600",2524,"UGUAAUUUA","CDS"
"PY17X_1013300",1047,"UGUAAUUUA","CDS"
"PY17X_1015900",1570,"UGUAAUUUA","CDS"
"PY17X_1019400",2764,"UGUAAUUUA","CDS"
"PY17X_1024400",399,"UGUAAUUUA","CDS"
"PY17X_1024900",3076,"UGUAAUUUA","CDS"
"PY17X_1025200",559,"UGUAAUUUA","CDS"
"PY17X_1026200",805,"UGUAAUUUA","CDS"
"PY17X_1034600",8757,"UGUAAUUUA","CDS"
"PY17X_1047001",637,"UGUAAUUUA","CDS"
"PY17X_1047401",628,"UGUAAUUUA","CDS"
"PY17X_1049201",631,"UGUAAUUUA","CDS"
"PY17X_1051401",631,"UGUAAUUUA","CDS"
"PY17X_1100067",637,"UGUAAUUUA","CDS"
"PY17X_1104000",2128,"UGUAAUUUA","CDS"
"PY17X_1104700",5119,"UGUAAUUUA","CDS"
"PY17X_1105800",4837,"UGUAAUUUA","CDS"
"PY17X_1107900",60,"UGUAAUUUA","CDS"
"PY17X_1112200",1873,"UGUAAUUUA","CDS"
"PY17X_1112200",6931,"UGUAAUUUA","CDS"
"PY17X_1112200",20611,"UGUAAUUUA","CDS"
"PY17X_1112900",1119,"UGUAAUUUA","CDS"
"PY17X_1113600",2773,"UGUAAUUUA","CDS"
"PY17X_1114000",61,"UGUAAUUUA","CDS"
"PY17X_1114400",1141,"UGUAAUUUA","CDS"
"PY17X_1116300",679,"UGUAAUUUA","CDS"
"PY17X_1117600",1888,"UGUAAUUUA","CDS"
"PY17X_1123900",916,"UGUAAUUUA","CDS"
"PY17X_1124000",1272,"UGUAAUUUA","CDS"
"PY17X_1124200",364,"UGUAAUUUA","CDS"
"PY17X_1127000",904,"UGUAAUUUA","CDS"
"PY17X_1128300",6142,"UGUAAUUUA","CDS"
"PY17X_1129000",595,"UGUAAUUUA","CDS"
"PY17X_1130100",1297,"UGUAAUUUA","CDS"
"PY17X_1131500",451,"UGUAAUUUA","CDS"
"PY17X_1134600",3865,"UGUAAUUUA","CDS"
"PY17X_1135600",859,"UGUAAUUUA","CDS"
"PY17X_1136900",1642,"UGUAAUUUA","CDS"
"PY17X_1137400",5475,"UGUAAUUUA","CDS"
"PY17X_1140800",2179,"UGUAAUUUA","CDS"
"PY17X_1141200",1143,"UGUAAUUUA","CDS"
"PY17X_1141800",37,"UGUAAUUUA","CDS"
"PY17X_1143000",1171,"UGUAAUUUA","CDS"
"PY17X_1143500",6979,"UGUAAUUUA","CDS"
"PY17X_1200063",628,"UGUAAUUUA","CDS"
"PY17X_1205300",1171,"UGUAAUUUA","CDS"
"PY17X_1206900",1171,"UGUAAUUUA","CDS"
"PY17X_1208300",448,"UGUAAUUUA","CDS"
"PY17X_1211400",451,"UGUAAUUUA","CDS"
"PY17X_1212600",166,"UGUAAUUUA","CDS"
"PY17X_1214400",376,"UGUAAUUUA","CDS"
"PY17X_1215200",3108,"UGUAAUUUA","CDS"
"PY17X_1215600",169,"UGUAAUUUA","CDS"
"PY17X_1220400",1420,"UGUAAUUUA","CDS"
"PY17X_1221800",667,"UGUAAUUUA","CDS"
"PY17X_1227600",1882,"UGUAAUUUA","CDS"
"PY17X_1229100",3334,"UGUAAUUUA","CDS"
"PY17X_1231800",6886,"UGUAAUUUA","CDS"
"PY17X_1235100",340,"UGUAAUUUA","CDS"
"PY17X_1241700",1462,"UGUAAUUUA","CDS"
"PY17X_1300013",625,"UGUAAUUUA","CDS"
"PY17X_1300167",637,"UGUAAUUUA","CDS"
"PY17X_1303500",2866,"UGUAAUUUA","CDS"
"PY17X_1304400",4080,"UGUAAUUUA","CDS"
"PY17X_1307700",3630,"UGUAAUUUA","CDS"
"PY17X_1309000",5980,"UGUAAUUUA","CDS"
"PY17X_1310600",3307,"UGUAAUUUA","CDS"
"PY17X_1314800",253,"UGUAAUUUA","CDS"
"PY17X_1317600",135,"UGUAAUUUA","CDS"
"PY17X_1318400",718,"UGUAAUUUA","CDS"
"PY17X_1320100",8437,"UGUAAUUUA","CDS"
"PY17X_1320100",8806,"UGUAAUUUA","CDS"
"PY17X_1321800",2308,"UGUAAUUUA","CDS"
"PY17X_1322500",385,"UGUAAUUUA","CDS"
"PY17X_1327400",166,"UGUAAUUUA","CDS"
"PY17X_1333900",9484,"UGUAAUUUA","CDS"
"PY17X_1334900",153,"UGUAAUUUA","CDS"
"PY17X_1339200",447,"UGUAAUUUA","CDS"
"PY17X_1340800",274,"UGUAAUUUA","CDS"
"PY17X_1344000",1239,"UGUAAUUUA","CDS"
"PY17X_1349200",244,"UGUAAUUUA","CDS"
"PY17X_1352200",1636,"UGUAAUUUA","CDS"
"PY17X_1352900",1486,"UGUAAUUUA","CDS"
"PY17X_1353900",1288,"UGUAAUUUA","CDS"
"PY17X_1357400",97,"UGUAAUUUA","CDS"
"PY17X_1357800",18,"UGUAAUUUA","CDS"
"PY17X_1359400",364,"UGUAAUUUA","CDS"
"PY17X_1359700",702,"UGUAAUUUA","CDS"
"PY17X_1361700",2428,"UGUAAUUUA","CDS"
"PY17X_1363500",3960,"UGUAAUUUA","CDS"
"PY17X_1366800",3762,"UGUAAUUUA","CDS"
"PY17X_1370600",3078,"UGUAAUUUA","CDS"
"PY17X_1370900",1774,"UGUAAUUUA","CDS"
"PY17X_1371600",46,"UGUAAUUUA","CDS"
"PY17X_1403900",7804,"UGUAAUUUA","CDS"
"PY17X_1404300",565,"UGUAAUUUA","CDS"
"PY17X_1405000",3187,"UGUAAUUUA","CDS"
"PY17X_1406400",1017,"UGUAAUUUA","CDS"
"PY17X_1408400",5689,"UGUAAUUUA","CDS"
"PY17X_1408600",7339,"UGUAAUUUA","CDS"
"PY17X_1408600",10204,"UGUAAUUUA","CDS"
"PY17X_1411200",544,"UGUAAUUUA","CDS"
"PY17X_1413000",1954,"UGUAAUUUA","CDS"
"PY17X_1418200",387,"UGUAAUUUA","CDS"
"PY17X_1418600",1878,"UGUAAUUUA","CDS"
"PY17X_1423700",310,"UGUAAUUUA","CDS"
"PY17X_1429900",2041,"UGUAAUUUA","CDS"
"PY17X_1432300",1243,"UGUAAUUUA","CDS"
"PY17X_1444100",331,"UGUAAUUUA","CDS"
"PY17X_1447900",925,"UGUAAUUUA","CDS"
"PY17X_1453400",232,"UGUAAUUUA","CDS"
"PY17X_1463000",592,"UGUAAUUUA","CDS"
"PY17X_1465400",1168,"UGUAAUUUA","CDS"
"PY17X_1465700",640,"UGUAAUUUA","CDS"
"PY17X_1465900",646,"UGUAAUUUA","CDS"
"PY17X_1467300",951,"UGUAAUUUA","CDS"
"PY17X_1471801",640,"UGUAAUUUA","CDS"
"PY17X_API00400",417,"UGUAAUUUA","CDS"
"PY17X_API00600",2214,"UGUAAUUUA","CDS"
"PY17X_API00600",2275,"UGUAAUUUA","CDS"
"PY17X_API00700",187,"UGUAAUUUA","CDS"
"PY17X_0202100",475,"UGUACAAUA","3' UTR"
"PY17X_0310400",427,"UGUACAAUA","3' UTR"
"PY17X_0312400",83,"UGUACAAUA","3' UTR"
"PY17X_0314600",482,"UGUACAAUA","3' UTR"
"PY17X_0403200",178,"UGUACAAUA","3' UTR"
"PY17X_0419400",363,"UGUACAAUA","3' UTR"
"PY17X_0506300",323,"UGUACAAUA","3' UTR"
"PY17X_0604000",403,"UGUACAAUA","3' UTR"
"PY17X_0606000",249,"UGUACAAUA","3' UTR"
"PY17X_0615300",93,"UGUACAAUA","3' UTR"
"PY17X_0622900",264,"UGUACAAUA","3' UTR"
"PY17X_0713800",506,"UGUACAAUA","3' UTR"
"PY17X_0715900",680,"UGUACAAUA","3' UTR"
"PY17X_0816500",346,"UGUACAAUA","3' UTR"
"PY17X_0818500",603,"UGUACAAUA","3' UTR"
"PY17X_0818500",615,"UGUACAAUA","3' UTR"
"PY17X_0818500",627,"UGUACAAUA","3' UTR"
"PY17X_0818500",639,"UGUACAAUA","3' UTR"
"PY17X_0818500",664,"UGUACAAUA","3' UTR"
"PY17X_0818500",677,"UGUACAAUA","3' UTR"
"PY17X_0826800",566,"UGUACAAUA","3' UTR"
"PY17X_0941000",377,"UGUACAAUA","3' UTR"
"PY17X_1005400",375,"UGUACAAUA","3' UTR"
"PY17X_1008600",192,"UGUACAAUA","3' UTR"
"PY17X_1010400",20,"UGUACAAUA","3' UTR"
"PY17X_1015000",413,"UGUACAAUA","3' UTR"
"PY17X_1015900",237,"UGUACAAUA","3' UTR"
"PY17X_1025300",305,"UGUACAAUA","3' UTR"
"PY17X_1027100",266,"UGUACAAUA","3' UTR"
"PY17X_1031600",93,"UGUACAAUA","3' UTR"
"PY17X_1036500",526,"UGUACAAUA","3' UTR"
"PY17X_1102400",248,"UGUACAAUA","3' UTR"
"PY17X_1103100",352,"UGUACAAUA","3' UTR"
"PY17X_1108300",163,"UGUACAAUA","3' UTR"
"PY17X_1118200",142,"UGUACAAUA","3' UTR"
"PY17X_1118600",183,"UGUACAAUA","3' UTR"
"PY17X_1126900",159,"UGUACAAUA","3' UTR"
"PY17X_1129400",78,"UGUACAAUA","3' UTR"
"PY17X_1130200",493,"UGUACAAUA","3' UTR"
"PY17X_1139100",168,"UGUACAAUA","3' UTR"
"PY17X_1140400",44,"UGUACAAUA","3' UTR"
"PY17X_1216800",509,"UGUACAAUA","3' UTR"
"PY17X_1228100",25,"UGUACAAUA","3' UTR"
"PY17X_1231900",191,"UGUACAAUA","3' UTR"
"PY17X_1232600",322,"UGUACAAUA","3' UTR"
"PY17X_1313300",538,"UGUACAAUA","3' UTR"
"PY17X_1341100",84,"UGUACAAUA","3' UTR"
"PY17X_1358500",143,"UGUACAAUA","3' UTR"
"PY17X_1436700",312,"UGUACAAUA","3' UTR"
"PY17X_1441200",55,"UGUACAAUA","3' UTR"
"PY17X_0205900",582,"UGUACAAUA","5' UTR"
"PY17X_0412700",478,"UGUACAAUA","5' UTR"
"PY17X_0413300",117,"UGUACAAUA","5' UTR"
"PY17X_0414800",525,"UGUACAAUA","5' UTR"
"PY17X_0514100",338,"UGUACAAUA","5' UTR"
"PY17X_0514400",639,"UGUACAAUA","5' UTR"
"PY17X_0524600",245,"UGUACAAUA","5' UTR"
"PY17X_0600261",377,"UGUACAAUA","5' UTR"
"PY17X_0603900",181,"UGUACAAUA","5' UTR"
"PY17X_0606100",350,"UGUACAAUA","5' UTR"
"PY17X_0619200",325,"UGUACAAUA","5' UTR"
"PY17X_0622800",632,"UGUACAAUA","5' UTR"
"PY17X_0623000",127,"UGUACAAUA","5' UTR"
"PY17X_0702700",638,"UGUACAAUA","5' UTR"
"PY17X_0715800",145,"UGUACAAUA","5' UTR"
"PY17X_0806200",249,"UGUACAAUA","5' UTR"
"PY17X_0816400",147,"UGUACAAUA","5' UTR"
"PY17X_0822300",46,"UGUACAAUA","5' UTR"
"PY17X_0822600",615,"UGUACAAUA","5' UTR"
"PY17X_0829900",100,"UGUACAAUA","5' UTR"
"PY17X_0831700",426,"UGUACAAUA","5' UTR"
"PY17X_0914400",238,"UGUACAAUA","5' UTR"
"PY17X_0920200",652,"UGUACAAUA","5' UTR"
"PY17X_1004000",276,"UGUACAAUA","5' UTR"
"PY17X_1004400",33,"UGUACAAUA","5' UTR"
"PY17X_1007000",166,"UGUACAAUA","5' UTR"
"PY17X_1013100",790,"UGUACAAUA","5' UTR"
"PY17X_1027200",380,"UGUACAAUA","5' UTR"
"PY17X_1031700",15,"UGUACAAUA","5' UTR"
"PY17X_1032800",753,"UGUACAAUA","5' UTR"
"PY17X_1034300",7,"UGUACAAUA","5' UTR"
"PY17X_1041600",23,"UGUACAAUA","5' UTR"
"PY17X_1050901",379,"UGUACAAUA","5' UTR"
"PY17X_1108300",27,"UGUACAAUA","5' UTR"
"PY17X_1140500",130,"UGUACAAUA","5' UTR"
"PY17X_1204400",172,"UGUACAAUA","5' UTR"
"PY17X_1208100",8,"UGUACAAUA","5' UTR"
"PY17X_1208600",746,"UGUACAAUA","5' UTR"
"PY17X_1216700",166,"UGUACAAUA","5' UTR"
"PY17X_1219900",776,"UGUACAAUA","5' UTR"
"PY17X_1224700",707,"UGUACAAUA","5' UTR"
"PY17X_1225200",147,"UGUACAAUA","5' UTR"
"PY17X_1243100",696,"UGUACAAUA","5' UTR"
"PY17X_1244500",298,"UGUACAAUA","5' UTR"
"PY17X_1314100",544,"UGUACAAUA","5' UTR"
"PY17X_1314100",576,"UGUACAAUA","5' UTR"
"PY17X_1316500",600,"UGUACAAUA","5' UTR"
"PY17X_1334700",184,"UGUACAAUA","5' UTR"
"PY17X_1336200",232,"UGUACAAUA","5' UTR"
"PY17X_1336700",404,"UGUACAAUA","5' UTR"
"PY17X_1349400",232,"UGUACAAUA","5' UTR"
"PY17X_1408900",443,"UGUACAAUA","5' UTR"
"PY17X_1412500",645,"UGUACAAUA","5' UTR"
"PY17X_1415900",176,"UGUACAAUA","5' UTR"
"PY17X_1421000",694,"UGUACAAUA","5' UTR"
"PY17X_1427000",128,"UGUACAAUA","5' UTR"
"PY17X_1428300",347,"UGUACAAUA","5' UTR"
"PY17X_1432400",324,"UGUACAAUA","5' UTR"
"PY17X_1436500",546,"UGUACAAUA","5' UTR"
"PY17X_1436600",147,"UGUACAAUA","5' UTR"
"PY17X_1438500",114,"UGUACAAUA","5' UTR"
"PY17X_1442000",742,"UGUACAAUA","5' UTR"
"PY17X_1463300",509,"UGUACAAUA","5' UTR"
"PY17X_0102100",559,"UGUACAAUA","CDS"
"PY17X_0110900",433,"UGUACAAUA","CDS"
"PY17X_0113700",445,"UGUACAAUA","CDS"
"PY17X_0113800",826,"UGUACAAUA","CDS"
"PY17X_0203900",1944,"UGUACAAUA","CDS"
"PY17X_0207200",992,"UGUACAAUA","CDS"
"PY17X_0207900",220,"UGUACAAUA","CDS"
"PY17X_0211700",1427,"UGUACAAUA","CDS"
"PY17X_0212000",711,"UGUACAAUA","CDS"
"PY17X_0212500",2704,"UGUACAAUA","CDS"
"PY17X_0213600",8411,"UGUACAAUA","CDS"
"PY17X_0213600",12082,"UGUACAAUA","CDS"
"PY17X_0214100",3940,"UGUACAAUA","CDS"
"PY17X_0214300",643,"UGUACAAUA","CDS"
"PY17X_0215800",1010,"UGUACAAUA","CDS"
"PY17X_0220201",777,"UGUACAAUA","CDS"
"PY17X_0306700",7891,"UGUACAAUA","CDS"
"PY17X_0309800",5597,"UGUACAAUA","CDS"
"PY17X_0313300",2138,"UGUACAAUA","CDS"
"PY17X_0403600",179,"UGUACAAUA","CDS"
"PY17X_0405100",2174,"UGUACAAUA","CDS"
"PY17X_0406400",133,"UGUACAAUA","CDS"
"PY17X_0409200",13,"UGUACAAUA","CDS"
"PY17X_0414900",1106,"UGUACAAUA","CDS"
"PY17X_0415200",63,"UGUACAAUA","CDS"
"PY17X_0418800",2006,"UGUACAAUA","CDS"
"PY17X_0421700",3795,"UGUACAAUA","CDS"
"PY17X_0504000",776,"UGUACAAUA","CDS"
"PY17X_0507500",448,"UGUACAAUA","CDS"
"PY17X_0508100",1420,"UGUACAAUA","CDS"
"PY17X_0515200",3421,"UGUACAAUA","CDS"
"PY17X_0526500",911,"UGUACAAUA","CDS"
"PY17X_0610200",3520,"UGUACAAUA","CDS"
"PY17X_0611700",283,"UGUACAAUA","CDS"
"PY17X_0614100",2118,"UGUACAAUA","CDS"
"PY17X_0625100",2236,"UGUACAAUA","CDS"
"PY17X_0717700",503,"UGUACAAUA","CDS"
"PY17X_0718300",1739,"UGUACAAUA","CDS"
"PY17X_0720800",378,"UGUACAAUA","CDS"
"PY17X_0808700",256,"UGUACAAUA","CDS"
"PY17X_0810200",858,"UGUACAAUA","CDS"
"PY17X_0813600",1521,"UGUACAAUA","CDS"
"PY17X_0814700",4244,"UGUACAAUA","CDS"
"PY17X_0823700",358,"UGUACAAUA","CDS"
"PY17X_0826300",1491,"UGUACAAUA","CDS"
"PY17X_0831700",1033,"UGUACAAUA","CDS"
"PY17X_0833500",3493,"UGUACAAUA","CDS"
"PY17X_0834900",2597,"UGUACAAUA","CDS"
"PY17X_0839700",3754,"UGUACAAUA","CDS"
"PY17X_0911000",2942,"UGUACAAUA","CDS"
"PY17X_0918900",1681,"UGUACAAUA","CDS"
"PY17X_0919300",437,"UGUACAAUA","CDS"
"PY17X_0920500",1039,"UGUACAAUA","CDS"
"PY17X_0928700",296,"UGUACAAUA","CDS"
"PY17X_0935500",484,"UGUACAAUA","CDS"
"PY17X_0938300",251,"UGUACAAUA","CDS"
"PY17X_0939300",233,"UGUACAAUA","CDS"
"PY17X_0941500",4172,"UGUACAAUA","CDS"
"PY17X_0943800",1195,"UGUACAAUA","CDS"
"PY17X_0945100",756,"UGUACAAUA","CDS"
"PY17X_1002400",9224,"UGUACAAUA","CDS"
"PY17X_1003700",6634,"UGUACAAUA","CDS"
"PY17X_1008400",1445,"UGUACAAUA","CDS"
"PY17X_1017300",1923,"UGUACAAUA","CDS"
"PY17X_1018000",1473,"UGUACAAUA","CDS"
"PY17X_1027900",4880,"UGUACAAUA","CDS"
"PY17X_1037700",845,"UGUACAAUA","CDS"
"PY17X_1039200",2573,"UGUACAAUA","CDS"
"PY17X_1108400",1051,"UGUACAAUA","CDS"
"PY17X_1118400",1977,"UGUACAAUA","CDS"
"PY17X_1122000",4353,"UGUACAAUA","CDS"
"PY17X_1133900",2162,"UGUACAAUA","CDS"
"PY17X_1136000",1994,"UGUACAAUA","CDS"
"PY17X_1138200",6699,"UGUACAAUA","CDS"
"PY17X_1205300",2020,"UGUACAAUA","CDS"
"PY17X_1208700",149,"UGUACAAUA","CDS"
"PY17X_1211400",772,"UGUACAAUA","CDS"
"PY17X_1213700",320,"UGUACAAUA","CDS"
"PY17X_1222800",960,"UGUACAAUA","CDS"
"PY17X_1223000",649,"UGUACAAUA","CDS"
"PY17X_1223400",1494,"UGUACAAUA","CDS"
"PY17X_1223700",227,"UGUACAAUA","CDS"
"PY17X_1226800",419,"UGUACAAUA","CDS"
"PY17X_1232200",917,"UGUACAAUA","CDS"
"PY17X_1238300",1471,"UGUACAAUA","CDS"
"PY17X_1238600",122,"UGUACAAUA","CDS"
"PY17X_1244000",926,"UGUACAAUA","CDS"
"PY17X_1316900",815,"UGUACAAUA","CDS"
"PY17X_1320100",5616,"UGUACAAUA","CDS"
"PY17X_1320900",4478,"UGUACAAUA","CDS"
"PY17X_1335600",486,"UGUACAAUA","CDS"
"PY17X_1336000",4067,"UGUACAAUA","CDS"
"PY17X_1337400",948,"UGUACAAUA","CDS"
"PY17X_1340600",1558,"UGUACAAUA","CDS"
"PY17X_1350900",2440,"UGUACAAUA","CDS"
"PY17X_1353900",1182,"UGUACAAUA","CDS"
"PY17X_1356400",3850,"UGUACAAUA","CDS"
"PY17X_1362500",11212,"UGUACAAUA","CDS"
"PY17X_1363300",1148,"UGUACAAUA","CDS"
"PY17X_1369500",277,"UGUACAAUA","CDS"
"PY17X_1371100",3282,"UGUACAAUA","CDS"
"PY17X_1408600",14018,"UGUACAAUA","CDS"
"PY17X_1424400",108,"UGUACAAUA","CDS"
"PY17X_1441000",1247,"UGUACAAUA","CDS"
"PY17X_1446000",1744,"UGUACAAUA","CDS"
"PY17X_1451600",175,"UGUACAAUA","CDS"
"PY17X_1455800",958,"UGUACAAUA","CDS"
"PY17X_1457100",2387,"UGUACAAUA","CDS"
"PY17X_1460700",613,"UGUACAAUA","CDS"
"PY17X_1465400",1259,"UGUACAAUA","CDS"
"PY17X_0202400",627,"UGUACACUA","3' UTR"
"PY17X_0304200",118,"UGUACACUA","3' UTR"
"PY17X_0311800",262,"UGUACACUA","3' UTR"
"PY17X_0504000",103,"UGUACACUA","3' UTR"
"PY17X_0516400",224,"UGUACACUA","3' UTR"
"PY17X_0807900",599,"UGUACACUA","3' UTR"
"PY17X_0810000",246,"UGUACACUA","3' UTR"
"PY17X_0829700",366,"UGUACACUA","3' UTR"
"PY17X_0917600",424,"UGUACACUA","3' UTR"
"PY17X_1007500",34,"UGUACACUA","3' UTR"
"PY17X_1015800",67,"UGUACACUA","3' UTR"
"PY17X_1024600",108,"UGUACACUA","3' UTR"
"PY17X_1033100",510,"UGUACACUA","3' UTR"
"PY17X_1237700",584,"UGUACACUA","3' UTR"
"PY17X_1327800",603,"UGUACACUA","3' UTR"
"PY17X_1406700",367,"UGUACACUA","3' UTR"
"PY17X_1424100",92,"UGUACACUA","3' UTR"
"PY17X_1427100",328,"UGUACACUA","3' UTR"
"PY17X_1434500",586,"UGUACACUA","3' UTR"
"PY17X_1457400",335,"UGUACACUA","3' UTR"
"PY17X_0711400",242,"UGUACACUA","5' UTR"
"PY17X_0810100",21,"UGUACACUA","5' UTR"
"PY17X_0822700",270,"UGUACACUA","5' UTR"
"PY17X_0934900",186,"UGUACACUA","5' UTR"
"PY17X_0939900",112,"UGUACACUA","5' UTR"
"PY17X_1015700",279,"UGUACACUA","5' UTR"
"PY17X_1110400",334,"UGUACACUA","5' UTR"
"PY17X_1138000",499,"UGUACACUA","5' UTR"
"PY17X_1318500",53,"UGUACACUA","5' UTR"
"PY17X_1327700",93,"UGUACACUA","5' UTR"
"PY17X_1350200",552,"UGUACACUA","5' UTR"
"PY17X_1363600",514,"UGUACACUA","5' UTR"
"PY17X_1432800",412,"UGUACACUA","5' UTR"
"PY17X_0915200",811,"UGUACACUA","CDS"
"PY17X_0923600",611,"UGUACACUA","CDS"
"PY17X_1128000",1447,"UGUACACUA","CDS"
"PY17X_1132800",786,"UGUACACUA","CDS"
"PY17X_1137600",568,"UGUACACUA","CDS"
"PY17X_1228500",222,"UGUACACUA","CDS"
"PY17X_1307600",135,"UGUACACUA","CDS"
"PY17X_1321000",1310,"UGUACACUA","CDS"
"PY17X_1338700",548,"UGUACACUA","CDS"
"PY17X_1463900",543,"UGUACACUA","CDS"
"PY17X_0310800",570,"UGUACAGUA","3' UTR"
"PY17X_0924400",369,"UGUACAGUA","3' UTR"
"PY17X_1104600",119,"UGUACAGUA","3' UTR"
"PY17X_1439300",639,"UGUACAGUA","3' UTR"
"PY17X_0100400",375,"UGUACAGUA","5' UTR"
"PY17X_0217300",367,"UGUACAGUA","5' UTR"
"PY17X_0217800",393,"UGUACAGUA","5' UTR"
"PY17X_0318000",352,"UGUACAGUA","5' UTR"
"PY17X_0506300",770,"UGUACAGUA","5' UTR"
"PY17X_0601900",352,"UGUACAGUA","5' UTR"
"PY17X_0700085",417,"UGUACAGUA","5' UTR"
"PY17X_0842401",417,"UGUACAGUA","5' UTR"
"PY17X_0847301",413,"UGUACAGUA","5' UTR"
"PY17X_0914700",191,"UGUACAGUA","5' UTR"
"PY17X_0924200",758,"UGUACAGUA","5' UTR"
"PY17X_0935300",602,"UGUACAGUA","5' UTR"
"PY17X_1020000",327,"UGUACAGUA","5' UTR"
"PY17X_1049801",400,"UGUACAGUA","5' UTR"
"PY17X_1224400",457,"UGUACAGUA","5' UTR"
"PY17X_1226500",235,"UGUACAGUA","5' UTR"
"PY17X_1300237",403,"UGUACAGUA","5' UTR"
"PY17X_1314100",608,"UGUACAGUA","5' UTR"
"PY17X_1358300",603,"UGUACAGUA","5' UTR"
"PY17X_1372400",415,"UGUACAGUA","5' UTR"
"PY17X_1458200",443,"UGUACAGUA","5' UTR"
"PY17X_1472101",360,"UGUACAGUA","5' UTR"
"PY17X_0106900",1867,"UGUACAGUA","CDS"
"PY17X_0208900",124,"UGUACAGUA","CDS"
"PY17X_0306700",2755,"UGUACAGUA","CDS"
"PY17X_0612900",1231,"UGUACAGUA","CDS"
"PY17X_0914100",275,"UGUACAGUA","CDS"
"PY17X_0925700",58,"UGUACAGUA","CDS"
"PY17X_1003800",1190,"UGUACAGUA","CDS"
"PY17X_1128400",5926,"UGUACAGUA","CDS"
"PY17X_1365400",163,"UGUACAGUA","CDS"
"PY17X_1369500",2907,"UGUACAGUA","CDS"
"PY17X_1407300",2525,"UGUACAGUA","CDS"
"PY17X_1439400",104,"UGUACAGUA","CDS"
"PY17X_1455600",1189,"UGUACAGUA","CDS"
"PY17X_1465300",1065,"UGUACAGUA","CDS"
"PY17X_0213600",439,"UGUACAUUA","3' UTR"
"PY17X_0214900",160,"UGUACAUUA","3' UTR"
"PY17X_0215100",482,"UGUACAUUA","3' UTR"
"PY17X_0301700",555,"UGUACAUUA","3' UTR"
"PY17X_0310700",218,"UGUACAUUA","3' UTR"
"PY17X_0312800",333,"UGUACAUUA","3' UTR"
"PY17X_0412300",157,"UGUACAUUA","3' UTR"
"PY17X_0419200",490,"UGUACAUUA","3' UTR"
"PY17X_0420200",210,"UGUACAUUA","3' UTR"
"PY17X_0524100",79,"UGUACAUUA","3' UTR"
"PY17X_0600031",624,"UGUACAUUA","3' UTR"
"PY17X_0600121",150,"UGUACAUUA","3' UTR"
"PY17X_0600201",624,"UGUACAUUA","3' UTR"
"PY17X_0600341",160,"UGUACAUUA","3' UTR"
"PY17X_0604200",145,"UGUACAUUA","3' UTR"
"PY17X_0605900",420,"UGUACAUUA","3' UTR"
"PY17X_0616200",109,"UGUACAUUA","3' UTR"
"PY17X_0700013",624,"UGUACAUUA","3' UTR"
"PY17X_0700021",160,"UGUACAUUA","3' UTR"
"PY17X_0704900",402,"UGUACAUUA","3' UTR"
"PY17X_0711200",380,"UGUACAUUA","3' UTR"
"PY17X_0711800",660,"UGUACAUUA","3' UTR"
"PY17X_0719700",536,"UGUACAUUA","3' UTR"
"PY17X_0721500",24,"UGUACAUUA","3' UTR"
"PY17X_0804700",258,"UGUACAUUA","3' UTR"
"PY17X_0804800",566,"UGUACAUUA","3' UTR"
"PY17X_0819800",431,"UGUACAUUA","3' UTR"
"PY17X_0835400",472,"UGUACAUUA","3' UTR"
"PY17X_0835400",492,"UGUACAUUA","3' UTR"
"PY17X_0916200",588,"UGUACAUUA","3' UTR"
"PY17X_0927000",9,"UGUACAUUA","3' UTR"
"PY17X_0929900",409,"UGUACAUUA","3' UTR"
"PY17X_0935300",492,"UGUACAUUA","3' UTR"
"PY17X_0936100",498,"UGUACAUUA","3' UTR"
"PY17X_1018100",509,"UGUACAUUA","3' UTR"
"PY17X_1023200",362,"UGUACAUUA","3' UTR"
"PY17X_1036300",111,"UGUACAUUA","3' UTR"
"PY17X_1049201",632,"UGUACAUUA","3' UTR"
"PY17X_1100023",158,"UGUACAUUA","3' UTR"
"PY17X_1111900",151,"UGUACAUUA","3' UTR"
"PY17X_1122300",262,"UGUACAUUA","3' UTR"
"PY17X_1127900",429,"UGUACAUUA","3' UTR"
"PY17X_1129200",453,"UGUACAUUA","3' UTR"
"PY17X_1131800",72,"UGUACAUUA","3' UTR"
"PY17X_1134300",161,"UGUACAUUA","3' UTR"
"PY17X_1139200",637,"UGUACAUUA","3' UTR"
"PY17X_1149300",197,"UGUACAUUA","3' UTR"
"PY17X_1204800",257,"UGUACAUUA","3' UTR"
"PY17X_1218600",385,"UGUACAUUA","3' UTR"
"PY17X_1226400",470,"UGUACAUUA","3' UTR"
"PY17X_1239300",127,"UGUACAUUA","3' UTR"
"PY17X_1247800",151,"UGUACAUUA","3' UTR"
"PY17X_1300013",620,"UGUACAUUA","3' UTR"
"PY17X_1314600",55,"UGUACAUUA","3' UTR"
"PY17X_1321300",564,"UGUACAUUA","3' UTR"
"PY17X_1329000",32,"UGUACAUUA","3' UTR"
"PY17X_1339200",485,"UGUACAUUA","3' UTR"
"PY17X_1351300",212,"UGUACAUUA","3' UTR"
"PY17X_1364800",601,"UGUACAUUA","3' UTR"
"PY17X_1400083",168,"UGUACAUUA","3' UTR"
"PY17X_1404200",148,"UGUACAUUA","3' UTR"
"PY17X_1415800",660,"UGUACAUUA","3' UTR"
"PY17X_1425400",223,"UGUACAUUA","3' UTR"
"PY17X_1432100",200,"UGUACAUUA","3' UTR"
"PY17X_1434900",129,"UGUACAUUA","3' UTR"
"PY17X_1435300",427,"UGUACAUUA","3' UTR"
"PY17X_1447100",637,"UGUACAUUA","3' UTR"
"PY17X_1451400",471,"UGUACAUUA","3' UTR"
"PY17X_1457500",625,"UGUACAUUA","3' UTR"
"PY17X_1473001",160,"UGUACAUUA","3' UTR"
"PY17X_0118501",450,"UGUACAUUA","5' UTR"
"PY17X_0304300",472,"UGUACAUUA","5' UTR"
"PY17X_0314300",178,"UGUACAUUA","5' UTR"
"PY17X_0315600",75,"UGUACAUUA","5' UTR"
"PY17X_0400079",450,"UGUACAUUA","5' UTR"
"PY17X_0405000",564,"UGUACAUUA","5' UTR"
"PY17X_0411800",159,"UGUACAUUA","5' UTR"
"PY17X_0412800",150,"UGUACAUUA","5' UTR"
"PY17X_0421900",107,"UGUACAUUA","5' UTR"
"PY17X_0600700",397,"UGUACAUUA","5' UTR"
"PY17X_0604300",266,"UGUACAUUA","5' UTR"
"PY17X_0605800",625,"UGUACAUUA","5' UTR"
"PY17X_0614900",105,"UGUACAUUA","5' UTR"
"PY17X_0616100",386,"UGUACAUUA","5' UTR"
"PY17X_0705000",272,"UGUACAUUA","5' UTR"
"PY17X_0707000",343,"UGUACAUUA","5' UTR"
"PY17X_0711300",217,"UGUACAUUA","5' UTR"
"PY17X_0711700",183,"UGUACAUUA","5' UTR"
"PY17X_0719600",375,"UGUACAUUA","5' UTR"
"PY17X_0818900",417,"UGUACAUUA","5' UTR"
"PY17X_0819900",618,"UGUACAUUA","5' UTR"
"PY17X_0825400",565,"UGUACAUUA","5' UTR"
"PY17X_0825600",634,"UGUACAUUA","5' UTR"
"PY17X_0831900",225,"UGUACAUUA","5' UTR"
"PY17X_0835000",562,"UGUACAUUA","5' UTR"
"PY17X_0909700",69,"UGUACAUUA","5' UTR"
"PY17X_0916100",102,"UGUACAUUA","5' UTR"
"PY17X_0918000",621,"UGUACAUUA","5' UTR"
"PY17X_0918600",367,"UGUACAUUA","5' UTR"
"PY17X_0919700",323,"UGUACAUUA","5' UTR"
"PY17X_0929500",183,"UGUACAUUA","5' UTR"
"PY17X_0929800",264,"UGUACAUUA","5' UTR"
"PY17X_0934900",689,"UGUACAUUA","5' UTR"
"PY17X_0935200",399,"UGUACAUUA","5' UTR"
"PY17X_0936000",257,"UGUACAUUA","5' UTR"
"PY17X_0942300",521,"UGUACAUUA","5' UTR"
"PY17X_0946300",534,"UGUACAUUA","5' UTR"
"PY17X_1002900",511,"UGUACAUUA","5' UTR"
"PY17X_1003700",258,"UGUACAUUA","5' UTR"
"PY17X_1005400",369,"UGUACAUUA","5' UTR"
"PY17X_1018100",328,"UGUACAUUA","5' UTR"
"PY17X_1023300",474,"UGUACAUUA","5' UTR"
"PY17X_1031400",634,"UGUACAUUA","5' UTR"
"PY17X_1119500",712,"UGUACAUUA","5' UTR"
"PY17X_1123200",709,"UGUACAUUA","5' UTR"
"PY17X_1129100",619,"UGUACAUUA","5' UTR"
"PY17X_1129200",255,"UGUACAUUA","5' UTR"
"PY17X_1130400",53,"UGUACAUUA","5' UTR"
"PY17X_1137100",563,"UGUACAUUA","5' UTR"
"PY17X_1138500",259,"UGUACAUUA","5' UTR"
"PY17X_1203000",379,"UGUACAUUA","5' UTR"
"PY17X_1205100",388,"UGUACAUUA","5' UTR"
"PY17X_1209500",44,"UGUACAUUA","5' UTR"
"PY17X_1213900",491,"UGUACAUUA","5' UTR"
"PY17X_1218500",119,"UGUACAUUA","5' UTR"
"PY17X_1226300",404,"UGUACAUUA","5' UTR"
"PY17X_1235000",288,"UGUACAUUA","5' UTR"
"PY17X_1241000",288,"UGUACAUUA","5' UTR"
"PY17X_1330200",433,"UGUACAUUA","5' UTR"
"PY17X_1337800",205,"UGUACAUUA","5' UTR"
"PY17X_1344000",679,"UGUACAUUA","5' UTR"
"PY17X_1351000",108,"UGUACAUUA","5' UTR"
"PY17X_1357300",76,"UGUACAUUA","5' UTR"
"PY17X_1370200",751,"UGUACAUUA","5' UTR"
"PY17X_1410600",244,"UGUACAUUA","5' UTR"
"PY17X_1413800",346,"UGUACAUUA","5' UTR"
"PY17X_1414600",575,"UGUACAUUA","5' UTR"
"PY17X_1415700",231,"UGUACAUUA","5' UTR"
"PY17X_1444000",313,"UGUACAUUA","5' UTR"
"PY17X_1447000",367,"UGUACAUUA","5' UTR"
"PY17X_1450700",254,"UGUACAUUA","5' UTR"
"PY17X_1465400",484,"UGUACAUUA","5' UTR"
"PY17X_1467000",41,"UGUACAUUA","5' UTR"
"PY17X_0108400",2390,"UGUACAUUA","CDS"
"PY17X_0112600",148,"UGUACAUUA","CDS"
"PY17X_0116700",14,"UGUACAUUA","CDS"
"PY17X_0213600",12316,"UGUACAUUA","CDS"
"PY17X_0302000",1354,"UGUACAUUA","CDS"
"PY17X_0304900",336,"UGUACAUUA","CDS"
"PY17X_0305500",1507,"UGUACAUUA","CDS"
"PY17X_0307700",1659,"UGUACAUUA","CDS"
"PY17X_0307800",67,"UGUACAUUA","CDS"
"PY17X_0308900",1980,"UGUACAUUA","CDS"
"PY17X_0309800",4461,"UGUACAUUA","CDS"
"PY17X_0310300",657,"UGUACAUUA","CDS"
"PY17X_0311000",4467,"UGUACAUUA","CDS"
"PY17X_0405800",9109,"UGUACAUUA","CDS"
"PY17X_0406200",5952,"UGUACAUUA","CDS"
"PY17X_0502300",1455,"UGUACAUUA","CDS"
"PY17X_0522900",2782,"UGUACAUUA","CDS"
"PY17X_0524300",1186,"UGUACAUUA","CDS"
"PY17X_0609900",2878,"UGUACAUUA","CDS"
"PY17X_0612100",616,"UGUACAUUA","CDS"
"PY17X_0703300",1321,"UGUACAUUA","CDS"
"PY17X_0722200",500,"UGUACAUUA","CDS"
"PY17X_0801800",248,"UGUACAUUA","CDS"
"PY17X_0803900",3895,"UGUACAUUA","CDS"
"PY17X_0807000",439,"UGUACAUUA","CDS"
"PY17X_0812800",817,"UGUACAUUA","CDS"
"PY17X_0816700",846,"UGUACAUUA","CDS"
"PY17X_0824600",1192,"UGUACAUUA","CDS"
"PY17X_0838300",2026,"UGUACAUUA","CDS"
"PY17X_0904800",2,"UGUACAUUA","CDS"
"PY17X_0908300",3234,"UGUACAUUA","CDS"
"PY17X_0914700",955,"UGUACAUUA","CDS"
"PY17X_0915400",412,"UGUACAUUA","CDS"
"PY17X_0915400",2446,"UGUACAUUA","CDS"
"PY17X_0916000",3816,"UGUACAUUA","CDS"
"PY17X_0922300",1385,"UGUACAUUA","CDS"
"PY17X_0922600",321,"UGUACAUUA","CDS"
"PY17X_0925300",481,"UGUACAUUA","CDS"
"PY17X_0925800",373,"UGUACAUUA","CDS"
"PY17X_1003700",11281,"UGUACAUUA","CDS"
"PY17X_1004800",5316,"UGUACAUUA","CDS"
"PY17X_1012900",1495,"UGUACAUUA","CDS"
"PY17X_1014700",748,"UGUACAUUA","CDS"
"PY17X_1020200",377,"UGUACAUUA","CDS"
"PY17X_1027600",691,"UGUACAUUA","CDS"
"PY17X_1034600",7060,"UGUACAUUA","CDS"
"PY17X_1036200",13734,"UGUACAUUA","CDS"
"PY17X_1038400",2968,"UGUACAUUA","CDS"
"PY17X_1100800",476,"UGUACAUUA","CDS"
"PY17X_1107600",1507,"UGUACAUUA","CDS"
"PY17X_1111000",403,"UGUACAUUA","CDS"
"PY17X_1112900",295,"UGUACAUUA","CDS"
"PY17X_1123300",1375,"UGUACAUUA","CDS"
"PY17X_1124900",22,"UGUACAUUA","CDS"
"PY17X_1127000",127,"UGUACAUUA","CDS"
"PY17X_1136800",8650,"UGUACAUUA","CDS"
"PY17X_1138500",1396,"UGUACAUUA","CDS"
"PY17X_1146900",974,"UGUACAUUA","CDS"
"PY17X_1211500",1527,"UGUACAUUA","CDS"
"PY17X_1215200",2791,"UGUACAUUA","CDS"
"PY17X_1225800",946,"UGUACAUUA","CDS"
"PY17X_1233100",2290,"UGUACAUUA","CDS"
"PY17X_1233600",2104,"UGUACAUUA","CDS"
"PY17X_1235000",4989,"UGUACAUUA","CDS"
"PY17X_1237700",3406,"UGUACAUUA","CDS"
"PY17X_1304400",9079,"UGUACAUUA","CDS"
"PY17X_1306900",1193,"UGUACAUUA","CDS"
"PY17X_1320700",2983,"UGUACAUUA","CDS"
"PY17X_1323000",1237,"UGUACAUUA","CDS"
"PY17X_1330500",10185,"UGUACAUUA","CDS"
"PY17X_1336100",3847,"UGUACAUUA","CDS"
"PY17X_1348800",2365,"UGUACAUUA","CDS"
"PY17X_1351500",1261,"UGUACAUUA","CDS"
"PY17X_1352700",2691,"UGUACAUUA","CDS"
"PY17X_1403600",4726,"UGUACAUUA","CDS"
"PY17X_1437900",4041,"UGUACAUUA","CDS"
"PY17X_1441700",444,"UGUACAUUA","CDS"
"PY17X_1442500",1202,"UGUACAUUA","CDS"
"PY17X_1443200",1993,"UGUACAUUA","CDS"
"PY17X_1445000",1576,"UGUACAUUA","CDS"
"PY17X_1445400",1530,"UGUACAUUA","CDS"
"PY17X_1446600",733,"UGUACAUUA","CDS"
"PY17X_1459600",786,"UGUACAUUA","CDS"
"PY17X_1465300",5956,"UGUACAUUA","CDS"
"PY17X_0117200",511,"UGUACCAUA","3' UTR"
"PY17X_0200721",513,"UGUACCAUA","3' UTR"
"PY17X_0306300",55,"UGUACCAUA","3' UTR"
"PY17X_0321501",509,"UGUACCAUA","3' UTR"
"PY17X_0400023",209,"UGUACCAUA","3' UTR"
"PY17X_0400900",499,"UGUACCAUA","3' UTR"
"PY17X_0401700",546,"UGUACCAUA","3' UTR"
"PY17X_0405100",214,"UGUACCAUA","3' UTR"
"PY17X_0408900",353,"UGUACCAUA","3' UTR"
"PY17X_0500077",493,"UGUACCAUA","3' UTR"
"PY17X_0527500",509,"UGUACCAUA","3' UTR"
"PY17X_0601100",197,"UGUACCAUA","3' UTR"
"PY17X_0700033",207,"UGUACCAUA","3' UTR"
"PY17X_0715000",463,"UGUACCAUA","3' UTR"
"PY17X_0722700",651,"UGUACCAUA","3' UTR"
"PY17X_0800141",543,"UGUACCAUA","3' UTR"
"PY17X_0800400",472,"UGUACCAUA","3' UTR"
"PY17X_0801800",598,"UGUACCAUA","3' UTR"
"PY17X_0806800",217,"UGUACCAUA","3' UTR"
"PY17X_0808500",63,"UGUACCAUA","3' UTR"
"PY17X_0844801",509,"UGUACCAUA","3' UTR"
"PY17X_0900067",476,"UGUACCAUA","3' UTR"
"PY17X_0950401",515,"UGUACCAUA","3' UTR"
"PY17X_1000091",494,"UGUACCAUA","3' UTR"
"PY17X_1004000",50,"UGUACCAUA","3' UTR"
"PY17X_1023700",553,"UGUACCAUA","3' UTR"
"PY17X_1043400",530,"UGUACCAUA","3' UTR"
"PY17X_1043800",500,"UGUACCAUA","3' UTR"
"PY17X_1047501",490,"UGUACCAUA","3' UTR"
"PY17X_1048601",211,"UGUACCAUA","3' UTR"
"PY17X_1114900",123,"UGUACCAUA","3' UTR"
"PY17X_1124300",320,"UGUACCAUA","3' UTR"
"PY17X_1200171",530,"UGUACCAUA","3' UTR"
"PY17X_1203200",541,"UGUACCAUA","3' UTR"
"PY17X_1250100",216,"UGUACCAUA","3' UTR"
"PY17X_1304700",616,"UGUACCAUA","3' UTR"
"PY17X_1324000",675,"UGUACCAUA","3' UTR"
"PY17X_1328700",103,"UGUACCAUA","3' UTR"
"PY17X_1362700",69,"UGUACCAUA","3' UTR"
"PY17X_1400041",511,"UGUACCAUA","3' UTR"
"PY17X_1427900",336,"UGUACCAUA","3' UTR"
"PY17X_1446600",204,"UGUACCAUA","3' UTR"
"PY17X_1452700",389,"UGUACCAUA","3' UTR"
"PY17X_1457400",189,"UGUACCAUA","3' UTR"
"PY17X_1468200",541,"UGUACCAUA","3' UTR"
"PY17X_1469200",512,"UGUACCAUA","3' UTR"
"PY17X_1471001",461,"UGUACCAUA","3' UTR"
"PY17X_1472401",211,"UGUACCAUA","3' UTR"
"PY17X_0209400",19,"UGUACCAUA","5' UTR"
"PY17X_0409100",644,"UGUACCAUA","5' UTR"
"PY17X_0511800",716,"UGUACCAUA","5' UTR"
"PY17X_0811900",312,"UGUACCAUA","5' UTR"
"PY17X_0825300",733,"UGUACCAUA","5' UTR"
"PY17X_0829500",254,"UGUACCAUA","5' UTR"
"PY17X_0922200",305,"UGUACCAUA","5' UTR"
"PY17X_0922600",731,"UGUACCAUA","5' UTR"
"PY17X_1114800",277,"UGUACCAUA","5' UTR"
"PY17X_1145900",619,"UGUACCAUA","5' UTR"
"PY17X_1224800",315,"UGUACCAUA","5' UTR"
"PY17X_1245000",104,"UGUACCAUA","5' UTR"
"PY17X_1246000",364,"UGUACCAUA","5' UTR"
"PY17X_1304600",781,"UGUACCAUA","5' UTR"
"PY17X_1326900",609,"UGUACCAUA","5' UTR"
"PY17X_1331200",248,"UGUACCAUA","5' UTR"
"PY17X_1332000",258,"UGUACCAUA","5' UTR"
"PY17X_1345600",389,"UGUACCAUA","5' UTR"
"PY17X_1349200",173,"UGUACCAUA","5' UTR"
"PY17X_1402200",682,"UGUACCAUA","5' UTR"
"PY17X_1425500",670,"UGUACCAUA","5' UTR"
"PY17X_1443700",398,"UGUACCAUA","5' UTR"
"PY17X_1460600",713,"UGUACCAUA","5' UTR"
"PY17X_0209200",270,"UGUACCAUA","CDS"
"PY17X_0209300",408,"UGUACCAUA","CDS"
"PY17X_0300700",87,"UGUACCAUA","CDS"
"PY17X_0304200",639,"UGUACCAUA","CDS"
"PY17X_0305900",348,"UGUACCAUA","CDS"
"PY17X_0306800",1920,"UGUACCAUA","CDS"
"PY17X_0313000",687,"UGUACCAUA","CDS"
"PY17X_0521500",894,"UGUACCAUA","CDS"
"PY17X_0614100",1320,"UGUACCAUA","CDS"
"PY17X_0913400",1257,"UGUACCAUA","CDS"
"PY17X_0917500",2280,"UGUACCAUA","CDS"
"PY17X_1015100",552,"UGUACCAUA","CDS"
"PY17X_1023600",392,"UGUACCAUA","CDS"
"PY17X_1027700",3797,"UGUACCAUA","CDS"
"PY17X_1033000",300,"UGUACCAUA","CDS"
"PY17X_1034700",1374,"UGUACCAUA","CDS"
"PY17X_1036200",13812,"UGUACCAUA","CDS"
"PY17X_1115000",1575,"UGUACCAUA","CDS"
"PY17X_1132200",13,"UGUACCAUA","CDS"
"PY17X_1145900",1107,"UGUACCAUA","CDS"
"PY17X_1149300",84,"UGUACCAUA","CDS"
"PY17X_1243900",552,"UGUACCAUA","CDS"
"PY17X_1308100",3030,"UGUACCAUA","CDS"
"PY17X_1329300",4439,"UGUACCAUA","CDS"
"PY17X_1405200",2688,"UGUACCAUA","CDS"
"PY17X_1422200",4140,"UGUACCAUA","CDS"
"PY17X_1427100",534,"UGUACCAUA","CDS"
"PY17X_1445600",1530,"UGUACCAUA","CDS"
"PY17X_1448500",352,"UGUACCAUA","CDS"
"PY17X_0625000",171,"UGUACCCUA","3' UTR"
"PY17X_1010200",317,"UGUACCCUA","3' UTR"
"PY17X_1235700",19,"UGUACCCUA","3' UTR"
"PY17X_0500500",733,"UGUACCCUA","5' UTR"
"PY17X_1218200",642,"UGUACCCUA","5' UTR"
"PY17X_1424000",523,"UGUACCCUA","5' UTR"
"PY17X_1427500",583,"UGUACCCUA","5' UTR"
"PY17X_1104700",5059,"UGUACCCUA","CDS"
"PY17X_1209500",1787,"UGUACCCUA","CDS"
"PY17X_1224100",2,"UGUACCCUA","CDS"
"PY17X_0704100",456,"UGUACCGUA","5' UTR"
"PY17X_1407200",452,"UGUACCGUA","5' UTR"
"PY17X_0840800",193,"UGUACCGUA","CDS"
"PY17X_0626800",596,"UGUACCUUA","3' UTR"
"PY17X_0942500",625,"UGUACCUUA","3' UTR"
"PY17X_1037000",407,"UGUACCUUA","3' UTR"
"PY17X_1041600",492,"UGUACCUUA","3' UTR"
"PY17X_1221500",51,"UGUACCUUA","3' UTR"
"PY17X_1337400",106,"UGUACCUUA","3' UTR"
"PY17X_0062300",73,"UGUACCUUA","5' UTR"
"PY17X_0417900",386,"UGUACCUUA","5' UTR"
"PY17X_1032700",700,"UGUACCUUA","5' UTR"
"PY17X_1039400",189,"UGUACCUUA","5' UTR"
"PY17X_1041500",57,"UGUACCUUA","5' UTR"
"PY17X_1243200",451,"UGUACCUUA","5' UTR"
"PY17X_1402200",558,"UGUACCUUA","5' UTR"
"PY17X_1415200",406,"UGUACCUUA","5' UTR"
"PY17X_1418700",629,"UGUACCUUA","5' UTR"
"PY17X_0418900",15903,"UGUACCUUA","CDS"
"PY17X_0823700",5,"UGUACCUUA","CDS"
"PY17X_1002400",812,"UGUACCUUA","CDS"
"PY17X_1012700",3899,"UGUACCUUA","CDS"
"PY17X_1012900",1297,"UGUACCUUA","CDS"
"PY17X_1028600",1006,"UGUACCUUA","CDS"
"PY17X_1128300",18098,"UGUACCUUA","CDS"
"PY17X_1132800",331,"UGUACCUUA","CDS"
"PY17X_1141900",248,"UGUACCUUA","CDS"
"PY17X_1214700",3308,"UGUACCUUA","CDS"
"PY17X_1227200",4896,"UGUACCUUA","CDS"
"PY17X_1304400",9318,"UGUACCUUA","CDS"
"PY17X_1337100",747,"UGUACCUUA","CDS"
"PY17X_1407200",564,"UGUACCUUA","CDS"
"PY17X_1432500",345,"UGUACCUUA","CDS"
"PY17X_0103100",90,"UGUACGAUA","3' UTR"
"PY17X_0925000",243,"UGUACGAUA","3' UTR"
"PY17X_0926900",348,"UGUACGAUA","3' UTR"
"PY17X_1035400",318,"UGUACGAUA","3' UTR"
"PY17X_1120100",330,"UGUACGAUA","3' UTR"
"PY17X_1134700",595,"UGUACGAUA","3' UTR"
"PY17X_1139600",254,"UGUACGAUA","3' UTR"
"PY17X_1140100",81,"UGUACGAUA","3' UTR"
"PY17X_1145200",92,"UGUACGAUA","3' UTR"
"PY17X_1223700",350,"UGUACGAUA","3' UTR"
"PY17X_1314200",307,"UGUACGAUA","3' UTR"
"PY17X_1320200",81,"UGUACGAUA","3' UTR"
"PY17X_1341200",237,"UGUACGAUA","3' UTR"
"PY17X_1449100",191,"UGUACGAUA","3' UTR"
"PY17X_0834400",480,"UGUACGAUA","5' UTR"
"PY17X_0903500",737,"UGUACGAUA","5' UTR"
"PY17X_0911600",493,"UGUACGAUA","5' UTR"
"PY17X_1120000",305,"UGUACGAUA","5' UTR"
"PY17X_1237500",667,"UGUACGAUA","5' UTR"
"PY17X_1320300",187,"UGUACGAUA","5' UTR"
"PY17X_1407100",646,"UGUACGAUA","5' UTR"
"PY17X_0107000",596,"UGUACGAUA","CDS"
"PY17X_0409800",1142,"UGUACGAUA","CDS"
"PY17X_0514400",1685,"UGUACGAUA","CDS"
"PY17X_0619900",389,"UGUACGAUA","CDS"
"PY17X_0624800",1091,"UGUACGAUA","CDS"
"PY17X_0834900",1877,"UGUACGAUA","CDS"
"PY17X_0911300",4346,"UGUACGAUA","CDS"
"PY17X_0933900",3521,"UGUACGAUA","CDS"
"PY17X_1035300",228,"UGUACGAUA","CDS"
"PY17X_1113300",1100,"UGUACGAUA","CDS"
"PY17X_1146000",2834,"UGUACGAUA","CDS"
"PY17X_1306800",3459,"UGUACGAUA","CDS"
"PY17X_1323800",53,"UGUACGAUA","CDS"
"PY17X_1347900",5654,"UGUACGAUA","CDS"
"PY17X_1367200",1779,"UGUACGAUA","CDS"
"PY17X_0103900",15,"UGUACGCUA","3' UTR"
"PY17X_0832700",162,"UGUACGCUA","3' UTR"
"PY17X_1415900",247,"UGUACGCUA","3' UTR"
"PY17X_0806800",654,"UGUACGCUA","5' UTR"
"PY17X_0832600",117,"UGUACGCUA","5' UTR"
"PY17X_0905300",597,"UGUACGCUA","5' UTR"
"PY17X_1045300",617,"UGUACGCUA","5' UTR"
"PY17X_1104900",338,"UGUACGCUA","5' UTR"
"PY17X_1141800",413,"UGUACGCUA","5' UTR"
"PY17X_1327000",591,"UGUACGCUA","5' UTR"
"PY17X_1438900",592,"UGUACGCUA","5' UTR"
"PY17X_1019500",2376,"UGUACGCUA","CDS"
"PY17X_1446500",668,"UGUACGGUA","3' UTR"
"PY17X_1452100",382,"UGUACGGUA","3' UTR"
"PY17X_0906400",73,"UGUACGGUA","5' UTR"
"PY17X_0906400",115,"UGUACGGUA","5' UTR"
"PY17X_0906400",157,"UGUACGGUA","5' UTR"
"PY17X_0906400",187,"UGUACGGUA","5' UTR"
"PY17X_0906400",217,"UGUACGGUA","5' UTR"
"PY17X_1136600",11,"UGUACGGUA","CDS"
"PY17X_1411700",1281,"UGUACGGUA","CDS"
"PY17X_0507300",488,"UGUACGUUA","3' UTR"
"PY17X_1032000",331,"UGUACGUUA","3' UTR"
"PY17X_1100009",666,"UGUACGUUA","3' UTR"
"PY17X_1215700",512,"UGUACGUUA","3' UTR"
"PY17X_1227300",190,"UGUACGUUA","3' UTR"
"PY17X_0211000",323,"UGUACGUUA","5' UTR"
"PY17X_0400055",328,"UGUACGUUA","5' UTR"
"PY17X_0500137",381,"UGUACGUUA","5' UTR"
"PY17X_0601700",612,"UGUACGUUA","5' UTR"
"PY17X_0700059",382,"UGUACGUUA","5' UTR"
"PY17X_0801700",384,"UGUACGUUA","5' UTR"
"PY17X_0839200",682,"UGUACGUUA","5' UTR"
"PY17X_0927900",188,"UGUACGUUA","5' UTR"
"PY17X_1038600",678,"UGUACGUUA","5' UTR"
"PY17X_1041500",701,"UGUACGUUA","5' UTR"
"PY17X_1043600",611,"UGUACGUUA","5' UTR"
"PY17X_1200053",390,"UGUACGUUA","5' UTR"
"PY17X_1209900",667,"UGUACGUUA","5' UTR"
"PY17X_1215800",27,"UGUACGUUA","5' UTR"
"PY17X_1240800",228,"UGUACGUUA","5' UTR"
"PY17X_1252101",390,"UGUACGUUA","5' UTR"
"PY17X_0820700",2492,"UGUACGUUA","CDS"
"PY17X_0839300",210,"UGUACGUUA","CDS"
"PY17X_1035900",330,"UGUACGUUA","CDS"
"PY17X_1455300",465,"UGUACGUUA","CDS"
"PY17X_0100095",210,"UGUACUAUA","3' UTR"
"PY17X_0116300",544,"UGUACUAUA","3' UTR"
"PY17X_0118001",643,"UGUACUAUA","3' UTR"
"PY17X_0200871",566,"UGUACUAUA","3' UTR"
"PY17X_0218801",189,"UGUACUAUA","3' UTR"
"PY17X_0220401",650,"UGUACUAUA","3' UTR"
"PY17X_0221601",199,"UGUACUAUA","3' UTR"
"PY17X_0222001",189,"UGUACUAUA","3' UTR"
"PY17X_0303200",429,"UGUACUAUA","3' UTR"
"PY17X_0307600",636,"UGUACUAUA","3' UTR"
"PY17X_0319200",191,"UGUACUAUA","3' UTR"
"PY17X_0320401",210,"UGUACUAUA","3' UTR"
"PY17X_0321001",337,"UGUACUAUA","3' UTR"
"PY17X_0400003",191,"UGUACUAUA","3' UTR"
"PY17X_0400035",223,"UGUACUAUA","3' UTR"
"PY17X_0400039",189,"UGUACUAUA","3' UTR"
"PY17X_0400051",320,"UGUACUAUA","3' UTR"
"PY17X_0400085",230,"UGUACUAUA","3' UTR"
"PY17X_0400091",189,"UGUACUAUA","3' UTR"
"PY17X_0400091",626,"UGUACUAUA","3' UTR"
"PY17X_0400500",198,"UGUACUAUA","3' UTR"
"PY17X_0400900",210,"UGUACUAUA","3' UTR"
"PY17X_0401800",191,"UGUACUAUA","3' UTR"
"PY17X_0402200",391,"UGUACUAUA","3' UTR"
"PY17X_0407400",326,"UGUACUAUA","3' UTR"
"PY17X_0412400",376,"UGUACUAUA","3' UTR"
"PY17X_0413400",141,"UGUACUAUA","3' UTR"
"PY17X_0416100",221,"UGUACUAUA","3' UTR"
"PY17X_0500097",194,"UGUACUAUA","3' UTR"
"PY17X_0500131",320,"UGUACUAUA","3' UTR"
"PY17X_0505100",194,"UGUACUAUA","3' UTR"
"PY17X_0527000",192,"UGUACUAUA","3' UTR"
"PY17X_0527400",179,"UGUACUAUA","3' UTR"
"PY17X_0527400",617,"UGUACUAUA","3' UTR"
"PY17X_0528001",668,"UGUACUAUA","3' UTR"
"PY17X_0528101",223,"UGUACUAUA","3' UTR"
"PY17X_0528201",210,"UGUACUAUA","3' UTR"
"PY17X_0528201",659,"UGUACUAUA","3' UTR"
"PY17X_0600181",337,"UGUACUAUA","3' UTR"
"PY17X_0600800",222,"UGUACUAUA","3' UTR"
"PY17X_0601500",667,"UGUACUAUA","3' UTR"
"PY17X_0700009",340,"UGUACUAUA","3' UTR"
"PY17X_0700037",222,"UGUACUAUA","3' UTR"
"PY17X_0700047",209,"UGUACUAUA","3' UTR"
"PY17X_0700049",188,"UGUACUAUA","3' UTR"
"PY17X_0700051",190,"UGUACUAUA","3' UTR"
"PY17X_0700057",320,"UGUACUAUA","3' UTR"
"PY17X_0702600",679,"UGUACUAUA","3' UTR"
"PY17X_0712700",318,"UGUACUAUA","3' UTR"
"PY17X_0723600",215,"UGUACUAUA","3' UTR"
"PY17X_0800031",660,"UGUACUAUA","3' UTR"
"PY17X_0800121",208,"UGUACUAUA","3' UTR"
"PY17X_0800161",318,"UGUACUAUA","3' UTR"
"PY17X_0800200",221,"UGUACUAUA","3' UTR"
"PY17X_0800500",189,"UGUACUAUA","3' UTR"
"PY17X_0801500",222,"UGUACUAUA","3' UTR"
"PY17X_0809600",10,"UGUACUAUA","3' UTR"
"PY17X_0815700",506,"UGUACUAUA","3' UTR"
"PY17X_0818500",651,"UGUACUAUA","3' UTR"
"PY17X_0834300",76,"UGUACUAUA","3' UTR"
"PY17X_0842701",657,"UGUACUAUA","3' UTR"
"PY17X_0843401",192,"UGUACUAUA","3' UTR"
"PY17X_0847401",340,"UGUACUAUA","3' UTR"
"PY17X_0847701",188,"UGUACUAUA","3' UTR"
"PY17X_0847701",640,"UGUACUAUA","3' UTR"
"PY17X_0900200",212,"UGUACUAUA","3' UTR"
"PY17X_0920200",600,"UGUACUAUA","3' UTR"
"PY17X_0921500",418,"UGUACUAUA","3' UTR"
"PY17X_0922000",398,"UGUACUAUA","3' UTR"
"PY17X_0939700",273,"UGUACUAUA","3' UTR"
"PY17X_0952401",337,"UGUACUAUA","3' UTR"
"PY17X_1000067",190,"UGUACUAUA","3' UTR"
"PY17X_1000093",189,"UGUACUAUA","3' UTR"
"PY17X_1000093",667,"UGUACUAUA","3' UTR"
"PY17X_1000400",229,"UGUACUAUA","3' UTR"
"PY17X_1000600",232,"UGUACUAUA","3' UTR"
"PY17X_1003500",411,"UGUACUAUA","3' UTR"
"PY17X_1004500",99,"UGUACUAUA","3' UTR"
"PY17X_1020300",148,"UGUACUAUA","3' UTR"
"PY17X_1035000",167,"UGUACUAUA","3' UTR"
"PY17X_1036600",464,"UGUACUAUA","3' UTR"
"PY17X_1042800",243,"UGUACUAUA","3' UTR"
"PY17X_1044600",201,"UGUACUAUA","3' UTR"
"PY17X_1044900",214,"UGUACUAUA","3' UTR"
"PY17X_1045800",210,"UGUACUAUA","3' UTR"
"PY17X_1046701",636,"UGUACUAUA","3' UTR"
"PY17X_1048001",211,"UGUACUAUA","3' UTR"
"PY17X_1048101",192,"UGUACUAUA","3' UTR"
"PY17X_1048301",208,"UGUACUAUA","3' UTR"
"PY17X_1050201",341,"UGUACUAUA","3' UTR"
"PY17X_1100037",208,"UGUACUAUA","3' UTR"
"PY17X_1100039",318,"UGUACUAUA","3' UTR"
"PY17X_1100061",337,"UGUACUAUA","3' UTR"
"PY17X_1100077",654,"UGUACUAUA","3' UTR"
"PY17X_1100083",181,"UGUACUAUA","3' UTR"
"PY17X_1100085",193,"UGUACUAUA","3' UTR"
"PY17X_1100200",674,"UGUACUAUA","3' UTR"
"PY17X_1101200",211,"UGUACUAUA","3' UTR"
"PY17X_1130800",31,"UGUACUAUA","3' UTR"
"PY17X_1142700",499,"UGUACUAUA","3' UTR"
"PY17X_1143800",165,"UGUACUAUA","3' UTR"
"PY17X_1148100",503,"UGUACUAUA","3' UTR"
"PY17X_1148200",190,"UGUACUAUA","3' UTR"
"PY17X_1149100",209,"UGUACUAUA","3' UTR"
"PY17X_1149900",673,"UGUACUAUA","3' UTR"
"PY17X_1200023",191,"UGUACUAUA","3' UTR"
"PY17X_1200047",320,"UGUACUAUA","3' UTR"
"PY17X_1200141",210,"UGUACUAUA","3' UTR"
"PY17X_1200181",190,"UGUACUAUA","3' UTR"
"PY17X_1200181",627,"UGUACUAUA","3' UTR"
"PY17X_1202600",643,"UGUACUAUA","3' UTR"
"PY17X_1203200",209,"UGUACUAUA","3' UTR"
"PY17X_1208700",583,"UGUACUAUA","3' UTR"
"PY17X_1210800",182,"UGUACUAUA","3' UTR"
"PY17X_1213000",485,"UGUACUAUA","3' UTR"
"PY17X_1221700",382,"UGUACUAUA","3' UTR"
"PY17X_1225900",18,"UGUACUAUA","3' UTR"
"PY17X_1250900",679,"UGUACUAUA","3' UTR"
"PY17X_1251400",189,"UGUACUAUA","3' UTR"
"PY17X_1251400",667,"UGUACUAUA","3' UTR"
"PY17X_1300363",220,"UGUACUAUA","3' UTR"
"PY17X_1300471",676,"UGUACUAUA","3' UTR"
"PY17X_1300500",291,"UGUACUAUA","3' UTR"
"PY17X_1300900",191,"UGUACUAUA","3' UTR"
"PY17X_1302100",201,"UGUACUAUA","3' UTR"
"PY17X_1302200",177,"UGUACUAUA","3' UTR"
"PY17X_1328800",384,"UGUACUAUA","3' UTR"
"PY17X_1333600",661,"UGUACUAUA","3' UTR"
"PY17X_1339300",248,"UGUACUAUA","3' UTR"
"PY17X_1353400",665,"UGUACUAUA","3' UTR"
"PY17X_1355200",676,"UGUACUAUA","3' UTR"
"PY17X_1357200",323,"UGUACUAUA","3' UTR"
"PY17X_1360000",515,"UGUACUAUA","3' UTR"
"PY17X_1373700",428,"UGUACUAUA","3' UTR"
"PY17X_1401600",197,"UGUACUAUA","3' UTR"
"PY17X_1420200",581,"UGUACUAUA","3' UTR"
"PY17X_1429000",531,"UGUACUAUA","3' UTR"
"PY17X_1440100",361,"UGUACUAUA","3' UTR"
"PY17X_1454400",609,"UGUACUAUA","3' UTR"
"PY17X_1460800",396,"UGUACUAUA","3' UTR"
"PY17X_1464000",519,"UGUACUAUA","3' UTR"
"PY17X_1468400",669,"UGUACUAUA","3' UTR"
"PY17X_1468700",275,"UGUACUAUA","3' UTR"
"PY17X_1469100",200,"UGUACUAUA","3' UTR"
"PY17X_1469200",207,"UGUACUAUA","3' UTR"
"PY17X_1470101",187,"UGUACUAUA","3' UTR"
"PY17X_1470101",658,"UGUACUAUA","3' UTR"
"PY17X_1472201",209,"UGUACUAUA","3' UTR"
"PY17X_1472201",659,"UGUACUAUA","3' UTR"
"PY17X_0102100",656,"UGUACUAUA","5' UTR"
"PY17X_0102400",175,"UGUACUAUA","5' UTR"
"PY17X_0200571",427,"UGUACUAUA","5' UTR"
"PY17X_0207200",791,"UGUACUAUA","5' UTR"
"PY17X_0217500",355,"UGUACUAUA","5' UTR"
"PY17X_0300081",265,"UGUACUAUA","5' UTR"
"PY17X_0410900",705,"UGUACUAUA","5' UTR"
"PY17X_0413600",427,"UGUACUAUA","5' UTR"
"PY17X_0422101",353,"UGUACUAUA","5' UTR"
"PY17X_0505000",102,"UGUACUAUA","5' UTR"
"PY17X_0526600",59,"UGUACUAUA","5' UTR"
"PY17X_0606900",535,"UGUACUAUA","5' UTR"
"PY17X_0609300",467,"UGUACUAUA","5' UTR"
"PY17X_0618300",476,"UGUACUAUA","5' UTR"
"PY17X_0700097",359,"UGUACUAUA","5' UTR"
"PY17X_0714700",163,"UGUACUAUA","5' UTR"
"PY17X_0714900",25,"UGUACUAUA","5' UTR"
"PY17X_0802400",7,"UGUACUAUA","5' UTR"
"PY17X_0817200",1,"UGUACUAUA","5' UTR"
"PY17X_0834200",279,"UGUACUAUA","5' UTR"
"PY17X_0839800",779,"UGUACUAUA","5' UTR"
"PY17X_0842101",434,"UGUACUAUA","5' UTR"
"PY17X_0903200",367,"UGUACUAUA","5' UTR"
"PY17X_0909900",412,"UGUACUAUA","5' UTR"
"PY17X_0913800",538,"UGUACUAUA","5' UTR"
"PY17X_0920700",98,"UGUACUAUA","5' UTR"
"PY17X_0937100",630,"UGUACUAUA","5' UTR"
"PY17X_0939600",410,"UGUACUAUA","5' UTR"
"PY17X_0945400",149,"UGUACUAUA","5' UTR"
"PY17X_1002500",571,"UGUACUAUA","5' UTR"
"PY17X_1042100",188,"UGUACUAUA","5' UTR"
"PY17X_1101100",235,"UGUACUAUA","5' UTR"
"PY17X_1105900",339,"UGUACUAUA","5' UTR"
"PY17X_1116200",307,"UGUACUAUA","5' UTR"
"PY17X_1133900",438,"UGUACUAUA","5' UTR"
"PY17X_1142800",177,"UGUACUAUA","5' UTR"
"PY17X_1149300",2,"UGUACUAUA","5' UTR"
"PY17X_1205700",186,"UGUACUAUA","5' UTR"
"PY17X_1208800",166,"UGUACUAUA","5' UTR"
"PY17X_1213900",250,"UGUACUAUA","5' UTR"
"PY17X_1245300",436,"UGUACUAUA","5' UTR"
"PY17X_1331700",158,"UGUACUAUA","5' UTR"
"PY17X_1338400",683,"UGUACUAUA","5' UTR"
"PY17X_1340800",96,"UGUACUAUA","5' UTR"
"PY17X_1342100",363,"UGUACUAUA","5' UTR"
"PY17X_1353300",64,"UGUACUAUA","5' UTR"
"PY17X_1402800",562,"UGUACUAUA","5' UTR"
"PY17X_1416300",732,"UGUACUAUA","5' UTR"
"PY17X_1436200",705,"UGUACUAUA","5' UTR"
"PY17X_1438300",456,"UGUACUAUA","5' UTR"
"PY17X_1445100",74,"UGUACUAUA","5' UTR"
"PY17X_1446800",23,"UGUACUAUA","5' UTR"
"PY17X_1449100",667,"UGUACUAUA","5' UTR"
"PY17X_1449200",748,"UGUACUAUA","5' UTR"
"PY17X_1450200",595,"UGUACUAUA","5' UTR"
"PY17X_1451100",555,"UGUACUAUA","5' UTR"
"PY17X_1455000",643,"UGUACUAUA","5' UTR"
"PY17X_1456600",509,"UGUACUAUA","5' UTR"
"PY17X_1464300",338,"UGUACUAUA","5' UTR"
"PY17X_1467900",434,"UGUACUAUA","5' UTR"
"PY17X_0108900",1144,"UGUACUAUA","CDS"
"PY17X_0206500",475,"UGUACUAUA","CDS"
"PY17X_0212000",4126,"UGUACUAUA","CDS"
"PY17X_0215600",531,"UGUACUAUA","CDS"
"PY17X_0305800",355,"UGUACUAUA","CDS"
"PY17X_0312900",3817,"UGUACUAUA","CDS"
"PY17X_0410800",2092,"UGUACUAUA","CDS"
"PY17X_0601600",466,"UGUACUAUA","CDS"
"PY17X_0609100",1255,"UGUACUAUA","CDS"
"PY17X_0610200",3850,"UGUACUAUA","CDS"
"PY17X_0704200",724,"UGUACUAUA","CDS"
"PY17X_0706200",85,"UGUACUAUA","CDS"
"PY17X_0801600",466,"UGUACUAUA","CDS"
"PY17X_0802800",463,"UGUACUAUA","CDS"
"PY17X_0809900",8945,"UGUACUAUA","CDS"
"PY17X_1001800",466,"UGUACUAUA","CDS"
"PY17X_1021500",88,"UGUACUAUA","CDS"
"PY17X_1040600",3412,"UGUACUAUA","CDS"
"PY17X_1107500",1081,"UGUACUAUA","CDS"
"PY17X_1109800",2956,"UGUACUAUA","CDS"
"PY17X_1123300",1210,"UGUACUAUA","CDS"
"PY17X_1126700",688,"UGUACUAUA","CDS"
"PY17X_1127000",1297,"UGUACUAUA","CDS"
"PY17X_1130000",9536,"UGUACUAUA","CDS"
"PY17X_1201900",463,"UGUACUAUA","CDS"
"PY17X_1215600",713,"UGUACUAUA","CDS"
"PY17X_1215900",2785,"UGUACUAUA","CDS"
"PY17X_1305600",11191,"UGUACUAUA","CDS"
"PY17X_1306100",3328,"UGUACUAUA","CDS"
"PY17X_1306300",618,"UGUACUAUA","CDS"
"PY17X_1330500",4814,"UGUACUAUA","CDS"
"PY17X_1336000",5077,"UGUACUAUA","CDS"
"PY17X_1361700",10975,"UGUACUAUA","CDS"
"PY17X_1402800",975,"UGUACUAUA","CDS"
"PY17X_1407000",228,"UGUACUAUA","CDS"
"PY17X_1408600",14594,"UGUACUAUA","CDS"
"PY17X_1428300",1161,"UGUACUAUA","CDS"
"PY17X_1428400",63,"UGUACUAUA","CDS"
"PY17X_1441000",2623,"UGUACUAUA","CDS"
"PY17X_1450400",3052,"UGUACUAUA","CDS"
"PY17X_1454100",517,"UGUACUAUA","CDS"
"PY17X_1457900",283,"UGUACUAUA","CDS"
"PY17X_0420600",640,"UGUACUCUA","3' UTR"
"PY17X_0912600",617,"UGUACUCUA","3' UTR"
"PY17X_1424500",107,"UGUACUCUA","3' UTR"
"PY17X_1438200",425,"UGUACUCUA","3' UTR"
"PY17X_0214200",94,"UGUACUCUA","5' UTR"
"PY17X_0701500",630,"UGUACUCUA","5' UTR"
"PY17X_0825700",658,"UGUACUCUA","5' UTR"
"PY17X_0828700",647,"UGUACUCUA","5' UTR"
"PY17X_0912700",467,"UGUACUCUA","5' UTR"
"PY17X_1127300",725,"UGUACUCUA","5' UTR"
"PY17X_1027000",6074,"UGUACUCUA","CDS"
"PY17X_1041300",2681,"UGUACUCUA","CDS"
"PY17X_1427900",1076,"UGUACUCUA","CDS"
"PY17X_0115000",543,"UGUACUGUA","3' UTR"
"PY17X_0309400",252,"UGUACUGUA","3' UTR"
"PY17X_0817800",310,"UGUACUGUA","3' UTR"
"PY17X_0911600",600,"UGUACUGUA","3' UTR"
"PY17X_1354000",669,"UGUACUGUA","3' UTR"
"PY17X_0406100",366,"UGUACUGUA","5' UTR"
"PY17X_0410400",588,"UGUACUGUA","5' UTR"
"PY17X_0513500",537,"UGUACUGUA","5' UTR"
"PY17X_0516400",344,"UGUACUGUA","5' UTR"
"PY17X_0518500",771,"UGUACUGUA","5' UTR"
"PY17X_0817700",423,"UGUACUGUA","5' UTR"
"PY17X_0837700",613,"UGUACUGUA","5' UTR"
"PY17X_0837700",653,"UGUACUGUA","5' UTR"
"PY17X_0837700",693,"UGUACUGUA","5' UTR"
"PY17X_0945400",144,"UGUACUGUA","5' UTR"
"PY17X_1242500",576,"UGUACUGUA","5' UTR"
"PY17X_1304000",247,"UGUACUGUA","5' UTR"
"PY17X_1410800",713,"UGUACUGUA","5' UTR"
"PY17X_0711800",59,"UGUACUGUA","CDS"
"PY17X_0911700",3652,"UGUACUGUA","CDS"
"PY17X_0924200",2893,"UGUACUGUA","CDS"
"PY17X_0933300",1756,"UGUACUGUA","CDS"
"PY17X_0943400",1066,"UGUACUGUA","CDS"
"PY17X_1000087",104,"UGUACUGUA","CDS"
"PY17X_1110900",1657,"UGUACUGUA","CDS"
"PY17X_1122500",886,"UGUACUGUA","CDS"
"PY17X_1230300",649,"UGUACUGUA","CDS"
"PY17X_1235200",421,"UGUACUGUA","CDS"
"PY17X_1407500",919,"UGUACUGUA","CDS"
"PY17X_1413300",859,"UGUACUGUA","CDS"
"PY17X_1440300",733,"UGUACUGUA","CDS"
"PY17X_0102300",368,"UGUACUUUA","3' UTR"
"PY17X_0110500",406,"UGUACUUUA","3' UTR"
"PY17X_0117600",47,"UGUACUUUA","3' UTR"
"PY17X_0215500",148,"UGUACUUUA","3' UTR"
"PY17X_0300500",413,"UGUACUUUA","3' UTR"
"PY17X_0511700",552,"UGUACUUUA","3' UTR"
"PY17X_0601400",47,"UGUACUUUA","3' UTR"
"PY17X_0608000",247,"UGUACUUUA","3' UTR"
"PY17X_0616000",273,"UGUACUUUA","3' UTR"
"PY17X_0625900",247,"UGUACUUUA","3' UTR"
"PY17X_0703200",549,"UGUACUUUA","3' UTR"
"PY17X_0843001",47,"UGUACUUUA","3' UTR"
"PY17X_1117800",72,"UGUACUUUA","3' UTR"
"PY17X_1117800",84,"UGUACUUUA","3' UTR"
"PY17X_1117800",96,"UGUACUUUA","3' UTR"
"PY17X_1117800",108,"UGUACUUUA","3' UTR"
"PY17X_1117800",120,"UGUACUUUA","3' UTR"
"PY17X_1139200",183,"UGUACUUUA","3' UTR"
"PY17X_1200131",47,"UGUACUUUA","3' UTR"
"PY17X_1214400",473,"UGUACUUUA","3' UTR"
"PY17X_1300800",283,"UGUACUUUA","3' UTR"
"PY17X_1322000",359,"UGUACUUUA","3' UTR"
"PY17X_1323700",554,"UGUACUUUA","3' UTR"
"PY17X_1335100",170,"UGUACUUUA","3' UTR"
"PY17X_1354300",624,"UGUACUUUA","3' UTR"
"PY17X_1403400",7,"UGUACUUUA","3' UTR"
"PY17X_1440700",32,"UGUACUUUA","3' UTR"
"PY17X_1442200",627,"UGUACUUUA","3' UTR"
"PY17X_1460500",431,"UGUACUUUA","3' UTR"
"PY17X_1472601",47,"UGUACUUUA","3' UTR"
"PY17X_0118401",471,"UGUACUUUA","5' UTR"
"PY17X_0202100",148,"UGUACUUUA","5' UTR"
"PY17X_0321101",330,"UGUACUUUA","5' UTR"
"PY17X_0404800",132,"UGUACUUUA","5' UTR"
"PY17X_0500500",459,"UGUACUUUA","5' UTR"
"PY17X_0617700",239,"UGUACUUUA","5' UTR"
"PY17X_0700037",459,"UGUACUUUA","5' UTR"
"PY17X_0700059",553,"UGUACUUUA","5' UTR"
"PY17X_0717900",618,"UGUACUUUA","5' UTR"
"PY17X_0813300",516,"UGUACUUUA","5' UTR"
"PY17X_0846501",330,"UGUACUUUA","5' UTR"
"PY17X_0900800",481,"UGUACUUUA","5' UTR"
"PY17X_0936900",463,"UGUACUUUA","5' UTR"
"PY17X_0949701",471,"UGUACUUUA","5' UTR"
"PY17X_1011300",2,"UGUACUUUA","5' UTR"
"PY17X_1021600",380,"UGUACUUUA","5' UTR"
"PY17X_1033900",569,"UGUACUUUA","5' UTR"
"PY17X_1049201",326,"UGUACUUUA","5' UTR"
"PY17X_1051401",326,"UGUACUUUA","5' UTR"
"PY17X_1100057",330,"UGUACUUUA","5' UTR"
"PY17X_1124800",135,"UGUACUUUA","5' UTR"
"PY17X_1146700",117,"UGUACUUUA","5' UTR"
"PY17X_1203100",475,"UGUACUUUA","5' UTR"
"PY17X_1211100",358,"UGUACUUUA","5' UTR"
"PY17X_1218700",15,"UGUACUUUA","5' UTR"
"PY17X_1223500",607,"UGUACUUUA","5' UTR"
"PY17X_1230600",581,"UGUACUUUA","5' UTR"
"PY17X_1300153",469,"UGUACUUUA","5' UTR"
"PY17X_1327800",731,"UGUACUUUA","5' UTR"
"PY17X_1330200",380,"UGUACUUUA","5' UTR"
"PY17X_1336400",243,"UGUACUUUA","5' UTR"
"PY17X_1354600",557,"UGUACUUUA","5' UTR"
"PY17X_1361300",214,"UGUACUUUA","5' UTR"
"PY17X_1400085",468,"UGUACUUUA","5' UTR"
"PY17X_1400800",472,"UGUACUUUA","5' UTR"
"PY17X_1420200",151,"UGUACUUUA","5' UTR"
"PY17X_1425600",402,"UGUACUUUA","5' UTR"
"PY17X_1428600",503,"UGUACUUUA","5' UTR"
"PY17X_0100049",607,"UGUACUUUA","CDS"
"PY17X_0100081",613,"UGUACUUUA","CDS"
"PY17X_0116200",598,"UGUACUUUA","CDS"
"PY17X_0200181",610,"UGUACUUUA","CDS"
"PY17X_0200271",610,"UGUACUUUA","CDS"
"PY17X_0200691",607,"UGUACUUUA","CDS"
"PY17X_0200961",673,"UGUACUUUA","CDS"
"PY17X_0210300",457,"UGUACUUUA","CDS"
"PY17X_0222201",640,"UGUACUUUA","CDS"
"PY17X_0305800",2887,"UGUACUUUA","CDS"
"PY17X_0319801",607,"UGUACUUUA","CDS"
"PY17X_0320301",640,"UGUACUUUA","CDS"
"PY17X_0320401",580,"UGUACUUUA","CDS"
"PY17X_0321301",637,"UGUACUUUA","CDS"
"PY17X_0322001",601,"UGUACUUUA","CDS"
"PY17X_0322301",616,"UGUACUUUA","CDS"
"PY17X_0400063",583,"UGUACUUUA","CDS"
"PY17X_0400091",607,"UGUACUUUA","CDS"
"PY17X_0400400",637,"UGUACUUUA","CDS"
"PY17X_0400800",601,"UGUACUUUA","CDS"
"PY17X_0401100",610,"UGUACUUUA","CDS"
"PY17X_0401400",607,"UGUACUUUA","CDS"
"PY17X_0412200",433,"UGUACUUUA","CDS"
"PY17X_0420400",3126,"UGUACUUUA","CDS"
"PY17X_0423001",616,"UGUACUUUA","CDS"
"PY17X_0500091",640,"UGUACUUUA","CDS"
"PY17X_0500097",607,"UGUACUUUA","CDS"
"PY17X_0500117",589,"UGUACUUUA","CDS"
"PY17X_0500121",658,"UGUACUUUA","CDS"
"PY17X_0500151",655,"UGUACUUUA","CDS"
"PY17X_0501200",607,"UGUACUUUA","CDS"
"PY17X_0501900",1051,"UGUACUUUA","CDS"
"PY17X_0508400",15253,"UGUACUUUA","CDS"
"PY17X_0518000",3220,"UGUACUUUA","CDS"
"PY17X_0521000",2585,"UGUACUUUA","CDS"
"PY17X_0528601",607,"UGUACUUUA","CDS"
"PY17X_0602000",652,"UGUACUUUA","CDS"
"PY17X_0602400",610,"UGUACUUUA","CDS"
"PY17X_0615900",2817,"UGUACUUUA","CDS"
"PY17X_0616700",1279,"UGUACUUUA","CDS"
"PY17X_0628001",607,"UGUACUUUA","CDS"
"PY17X_0700041",589,"UGUACUUUA","CDS"
"PY17X_0700045",634,"UGUACUUUA","CDS"
"PY17X_0700049",604,"UGUACUUUA","CDS"
"PY17X_0716000",53,"UGUACUUUA","CDS"
"PY17X_0800121",613,"UGUACUUUA","CDS"
"PY17X_0800700",613,"UGUACUUUA","CDS"
"PY17X_0803900",2983,"UGUACUUUA","CDS"
"PY17X_0805000",1177,"UGUACUUUA","CDS"
"PY17X_0810100",812,"UGUACUUUA","CDS"
"PY17X_0835900",1720,"UGUACUUUA","CDS"
"PY17X_0836500",268,"UGUACUUUA","CDS"
"PY17X_0843401",616,"UGUACUUUA","CDS"
"PY17X_0844401",607,"UGUACUUUA","CDS"
"PY17X_0900079",604,"UGUACUUUA","CDS"
"PY17X_0900083",604,"UGUACUUUA","CDS"
"PY17X_0901000",640,"UGUACUUUA","CDS"
"PY17X_0901100",598,"UGUACUUUA","CDS"
"PY17X_0901200",583,"UGUACUUUA","CDS"
"PY17X_0902100",622,"UGUACUUUA","CDS"
"PY17X_0904900",1664,"UGUACUUUA","CDS"
"PY17X_0927400",265,"UGUACUUUA","CDS"
"PY17X_0948701",613,"UGUACUUUA","CDS"
"PY17X_1000067",604,"UGUACUUUA","CDS"
"PY17X_1020700",330,"UGUACUUUA","CDS"
"PY17X_1043900",616,"UGUACUUUA","CDS"
"PY17X_1044700",613,"UGUACUUUA","CDS"
"PY17X_1046301",604,"UGUACUUUA","CDS"
"PY17X_1046401",601,"UGUACUUUA","CDS"
"PY17X_1049301",640,"UGUACUUUA","CDS"
"PY17X_1049401",604,"UGUACUUUA","CDS"
"PY17X_1100081",640,"UGUACUUUA","CDS"
"PY17X_1103300",618,"UGUACUUUA","CDS"
"PY17X_1138100",931,"UGUACUUUA","CDS"
"PY17X_1148100",607,"UGUACUUUA","CDS"
"PY17X_1149600",625,"UGUACUUUA","CDS"
"PY17X_1200017",589,"UGUACUUUA","CDS"
"PY17X_1200033",589,"UGUACUUUA","CDS"
"PY17X_1200073",610,"UGUACUUUA","CDS"
"PY17X_1200111",622,"UGUACUUUA","CDS"
"PY17X_1200181",607,"UGUACUUUA","CDS"
"PY17X_1212700",442,"UGUACUUUA","CDS"
"PY17X_1222000",6477,"UGUACUUUA","CDS"
"PY17X_1231400",1885,"UGUACUUUA","CDS"
"PY17X_1246500",780,"UGUACUUUA","CDS"
"PY17X_1300111",604,"UGUACUUUA","CDS"
"PY17X_1300181",607,"UGUACUUUA","CDS"
"PY17X_1300217",613,"UGUACUUUA","CDS"
"PY17X_1300363",586,"UGUACUUUA","CDS"
"PY17X_1300399",613,"UGUACUUUA","CDS"
"PY17X_1300441",607,"UGUACUUUA","CDS"
"PY17X_1310000",4,"UGUACUUUA","CDS"
"PY17X_1310600",5417,"UGUACUUUA","CDS"
"PY17X_1321100",3845,"UGUACUUUA","CDS"
"PY17X_1323100",2662,"UGUACUUUA","CDS"
"PY17X_1346500",466,"UGUACUUUA","CDS"
"PY17X_1362200",48,"UGUACUUUA","CDS"
"PY17X_1367700",2110,"UGUACUUUA","CDS"
"PY17X_1372800",610,"UGUACUUUA","CDS"
"PY17X_1400067",607,"UGUACUUUA","CDS"
"PY17X_1400071",601,"UGUACUUUA","CDS"
"PY17X_1400097",598,"UGUACUUUA","CDS"
"PY17X_1418100",540,"UGUACUUUA","CDS"
"PY17X_1427800",989,"UGUACUUUA","CDS"
"PY17X_1468300",598,"UGUACUUUA","CDS"
"PY17X_1469100",607,"UGUACUUUA","CDS"
"PY17X_1469901",607,"UGUACUUUA","CDS"
"PY17X_1470001",610,"UGUACUUUA","CDS"
"PY17X_1471001",637,"UGUACUUUA","CDS"
"PY17X_1471701",613,"UGUACUUUA","CDS"
"PY17X_1472201",613,"UGUACUUUA","CDS"
"PY17X_0113100",312,"UGUAGAAUA","3' UTR"
"PY17X_0307300",277,"UGUAGAAUA","3' UTR"
"PY17X_0403300",160,"UGUAGAAUA","3' UTR"
"PY17X_0404500",528,"UGUAGAAUA","3' UTR"
"PY17X_0404800",138,"UGUAGAAUA","3' UTR"
"PY17X_0406200",328,"UGUAGAAUA","3' UTR"
"PY17X_0406700",476,"UGUAGAAUA","3' UTR"
"PY17X_0412000",338,"UGUAGAAUA","3' UTR"
"PY17X_0421600",98,"UGUAGAAUA","3' UTR"
"PY17X_0505400",143,"UGUAGAAUA","3' UTR"
"PY17X_0509400",104,"UGUAGAAUA","3' UTR"
"PY17X_0518700",422,"UGUAGAAUA","3' UTR"
"PY17X_0605200",9,"UGUAGAAUA","3' UTR"
"PY17X_0606900",95,"UGUAGAAUA","3' UTR"
"PY17X_0609200",288,"UGUAGAAUA","3' UTR"
"PY17X_0611300",420,"UGUAGAAUA","3' UTR"
"PY17X_0619000",402,"UGUAGAAUA","3' UTR"
"PY17X_0722000",581,"UGUAGAAUA","3' UTR"
"PY17X_0722100",621,"UGUAGAAUA","3' UTR"
"PY17X_0809300",371,"UGUAGAAUA","3' UTR"
"PY17X_0834900",570,"UGUAGAAUA","3' UTR"
"PY17X_0838100",222,"UGUAGAAUA","3' UTR"
"PY17X_0916800",406,"UGUAGAAUA","3' UTR"
"PY17X_0920100",344,"UGUAGAAUA","3' UTR"
"PY17X_0923900",380,"UGUAGAAUA","3' UTR"
"PY17X_0940300",183,"UGUAGAAUA","3' UTR"
"PY17X_1012000",537,"UGUAGAAUA","3' UTR"
"PY17X_1015100",476,"UGUAGAAUA","3' UTR"
"PY17X_1020000",168,"UGUAGAAUA","3' UTR"
"PY17X_1047701",516,"UGUAGAAUA","3' UTR"
"PY17X_1116900",61,"UGUAGAAUA","3' UTR"
"PY17X_1117500",313,"UGUAGAAUA","3' UTR"
"PY17X_1120900",14,"UGUAGAAUA","3' UTR"
"PY17X_1122900",420,"UGUAGAAUA","3' UTR"
"PY17X_1145800",16,"UGUAGAAUA","3' UTR"
"PY17X_1204200",269,"UGUAGAAUA","3' UTR"
"PY17X_1207300",451,"UGUAGAAUA","3' UTR"
"PY17X_1245400",677,"UGUAGAAUA","3' UTR"
"PY17X_1246900",584,"UGUAGAAUA","3' UTR"
"PY17X_1318700",479,"UGUAGAAUA","3' UTR"
"PY17X_1322200",579,"UGUAGAAUA","3' UTR"
"PY17X_1334400",550,"UGUAGAAUA","3' UTR"
"PY17X_1338400",509,"UGUAGAAUA","3' UTR"
"PY17X_1340200",349,"UGUAGAAUA","3' UTR"
"PY17X_1341400",679,"UGUAGAAUA","3' UTR"
"PY17X_1345400",435,"UGUAGAAUA","3' UTR"
"PY17X_1351500",510,"UGUAGAAUA","3' UTR"
"PY17X_1357100",597,"UGUAGAAUA","3' UTR"
"PY17X_1408700",567,"UGUAGAAUA","3' UTR"
"PY17X_1408800",642,"UGUAGAAUA","3' UTR"
"PY17X_1419500",371,"UGUAGAAUA","3' UTR"
"PY17X_1426700",342,"UGUAGAAUA","3' UTR"
"PY17X_1435100",455,"UGUAGAAUA","3' UTR"
"PY17X_1453750",223,"UGUAGAAUA","3' UTR"
"PY17X_1467000",568,"UGUAGAAUA","3' UTR"
"PY17X_0101200",154,"UGUAGAAUA","5' UTR"
"PY17X_0108900",271,"UGUAGAAUA","5' UTR"
"PY17X_0201800",439,"UGUAGAAUA","5' UTR"
"PY17X_0213000",263,"UGUAGAAUA","5' UTR"
"PY17X_0300700",182,"UGUAGAAUA","5' UTR"
"PY17X_0301000",338,"UGUAGAAUA","5' UTR"
"PY17X_0306800",75,"UGUAGAAUA","5' UTR"
"PY17X_0402600",554,"UGUAGAAUA","5' UTR"
"PY17X_0402800",551,"UGUAGAAUA","5' UTR"
"PY17X_0404700",63,"UGUAGAAUA","5' UTR"
"PY17X_0409600",541,"UGUAGAAUA","5' UTR"
"PY17X_0413700",80,"UGUAGAAUA","5' UTR"
"PY17X_0421900",534,"UGUAGAAUA","5' UTR"
"PY17X_0508200",608,"UGUAGAAUA","5' UTR"
"PY17X_0515900",301,"UGUAGAAUA","5' UTR"
"PY17X_0517500",537,"UGUAGAAUA","5' UTR"
"PY17X_0523400",768,"UGUAGAAUA","5' UTR"
"PY17X_0721200",370,"UGUAGAAUA","5' UTR"
"PY17X_0805400",143,"UGUAGAAUA","5' UTR"
"PY17X_0816500",545,"UGUAGAAUA","5' UTR"
"PY17X_0818700",622,"UGUAGAAUA","5' UTR"
"PY17X_0827000",334,"UGUAGAAUA","5' UTR"
"PY17X_0828300",652,"UGUAGAAUA","5' UTR"
"PY17X_0829600",683,"UGUAGAAUA","5' UTR"
"PY17X_0900900",152,"UGUAGAAUA","5' UTR"
"PY17X_0922300",714,"UGUAGAAUA","5' UTR"
"PY17X_0924600",439,"UGUAGAAUA","5' UTR"
"PY17X_0925400",30,"UGUAGAAUA","5' UTR"
"PY17X_0937200",453,"UGUAGAAUA","5' UTR"
"PY17X_0938700",618,"UGUAGAAUA","5' UTR"
"PY17X_0943000",682,"UGUAGAAUA","5' UTR"
"PY17X_0944700",615,"UGUAGAAUA","5' UTR"
"PY17X_0945000",13,"UGUAGAAUA","5' UTR"
"PY17X_1011700",464,"UGUAGAAUA","5' UTR"
"PY17X_1014000",512,"UGUAGAAUA","5' UTR"
"PY17X_1045300",438,"UGUAGAAUA","5' UTR"
"PY17X_1110100",151,"UGUAGAAUA","5' UTR"
"PY17X_1110300",656,"UGUAGAAUA","5' UTR"
"PY17X_1113600",624,"UGUAGAAUA","5' UTR"
"PY17X_1115500",201,"UGUAGAAUA","5' UTR"
"PY17X_1126700",547,"UGUAGAAUA","5' UTR"
"PY17X_1148400",510,"UGUAGAAUA","5' UTR"
"PY17X_1148900",144,"UGUAGAAUA","5' UTR"
"PY17X_1214300",664,"UGUAGAAUA","5' UTR"
"PY17X_1241300",229,"UGUAGAAUA","5' UTR"
"PY17X_1246800",86,"UGUAGAAUA","5' UTR"
"PY17X_1248200",255,"UGUAGAAUA","5' UTR"
"PY17X_1300600",149,"UGUAGAAUA","5' UTR"
"PY17X_1304000",795,"UGUAGAAUA","5' UTR"
"PY17X_1313500",530,"UGUAGAAUA","5' UTR"
"PY17X_1318700",111,"UGUAGAAUA","5' UTR"
"PY17X_1322300",190,"UGUAGAAUA","5' UTR"
"PY17X_1331600",576,"UGUAGAAUA","5' UTR"
"PY17X_1337300",492,"UGUAGAAUA","5' UTR"
"PY17X_1338400",109,"UGUAGAAUA","5' UTR"
"PY17X_1347700",684,"UGUAGAAUA","5' UTR"
"PY17X_1351400",216,"UGUAGAAUA","5' UTR"
"PY17X_1361000",521,"UGUAGAAUA","5' UTR"
"PY17X_1363500",652,"UGUAGAAUA","5' UTR"
"PY17X_1408700",44,"UGUAGAAUA","5' UTR"
"PY17X_1408700",374,"UGUAGAAUA","5' UTR"
"PY17X_1419400",92,"UGUAGAAUA","5' UTR"
"PY17X_1421100",126,"UGUAGAAUA","5' UTR"
"PY17X_1424500",253,"UGUAGAAUA","5' UTR"
"PY17X_1426400",286,"UGUAGAAUA","5' UTR"
"PY17X_1435000",528,"UGUAGAAUA","5' UTR"
"PY17X_1436900",773,"UGUAGAAUA","5' UTR"
"PY17X_1440300",365,"UGUAGAAUA","5' UTR"
"PY17X_1441500",720,"UGUAGAAUA","5' UTR"
"PY17X_1447300",422,"UGUAGAAUA","5' UTR"
"PY17X_1449300",484,"UGUAGAAUA","5' UTR"
"PY17X_1460600",452,"UGUAGAAUA","5' UTR"
"PY17X_1463900",20,"UGUAGAAUA","5' UTR"
"PY17X_1467100",159,"UGUAGAAUA","5' UTR"
"PY17X_0109600",1350,"UGUAGAAUA","CDS"
"PY17X_0204100",1224,"UGUAGAAUA","CDS"
"PY17X_0204400",1332,"UGUAGAAUA","CDS"
"PY17X_0207300",705,"UGUAGAAUA","CDS"
"PY17X_0209200",16,"UGUAGAAUA","CDS"
"PY17X_0210200",6166,"UGUAGAAUA","CDS"
"PY17X_0210800",1660,"UGUAGAAUA","CDS"
"PY17X_0211700",798,"UGUAGAAUA","CDS"
"PY17X_0213400",2919,"UGUAGAAUA","CDS"
"PY17X_0214400",528,"UGUAGAAUA","CDS"
"PY17X_0302400",1968,"UGUAGAAUA","CDS"
"PY17X_0308500",415,"UGUAGAAUA","CDS"
"PY17X_0309000",490,"UGUAGAAUA","CDS"
"PY17X_0313300",1768,"UGUAGAAUA","CDS"
"PY17X_0313700",1245,"UGUAGAAUA","CDS"
"PY17X_0316900",4410,"UGUAGAAUA","CDS"
"PY17X_0405100",2787,"UGUAGAAUA","CDS"
"PY17X_0413600",525,"UGUAGAAUA","CDS"
"PY17X_0420900",1402,"UGUAGAAUA","CDS"
"PY17X_0504400",1698,"UGUAGAAUA","CDS"
"PY17X_0504800",531,"UGUAGAAUA","CDS"
"PY17X_0508000",601,"UGUAGAAUA","CDS"
"PY17X_0523100",2709,"UGUAGAAUA","CDS"
"PY17X_0601200",16,"UGUAGAAUA","CDS"
"PY17X_0607700",1011,"UGUAGAAUA","CDS"
"PY17X_0610800",727,"UGUAGAAUA","CDS"
"PY17X_0616600",765,"UGUAGAAUA","CDS"
"PY17X_0617500",654,"UGUAGAAUA","CDS"
"PY17X_0702700",1641,"UGUAGAAUA","CDS"
"PY17X_0704800",22173,"UGUAGAAUA","CDS"
"PY17X_0708200",481,"UGUAGAAUA","CDS"
"PY17X_0719200",949,"UGUAGAAUA","CDS"
"PY17X_0723600",16,"UGUAGAAUA","CDS"
"PY17X_0801900",16,"UGUAGAAUA","CDS"
"PY17X_0804400",6427,"UGUAGAAUA","CDS"
"PY17X_0807000",1906,"UGUAGAAUA","CDS"
"PY17X_0809500",3012,"UGUAGAAUA","CDS"
"PY17X_0814200",1780,"UGUAGAAUA","CDS"
"PY17X_0815500",900,"UGUAGAAUA","CDS"
"PY17X_0818200",1782,"UGUAGAAUA","CDS"
"PY17X_0825800",1275,"UGUAGAAUA","CDS"
"PY17X_0825800",1375,"UGUAGAAUA","CDS"
"PY17X_0827600",1515,"UGUAGAAUA","CDS"
"PY17X_0831300",2235,"UGUAGAAUA","CDS"
"PY17X_0833800",291,"UGUAGAAUA","CDS"
"PY17X_0834900",3924,"UGUAGAAUA","CDS"
"PY17X_0835500",1191,"UGUAGAAUA","CDS"
"PY17X_0839100",498,"UGUAGAAUA","CDS"
"PY17X_0910600",57,"UGUAGAAUA","CDS"
"PY17X_0911000",2898,"UGUAGAAUA","CDS"
"PY17X_0911700",5257,"UGUAGAAUA","CDS"
"PY17X_0913800",828,"UGUAGAAUA","CDS"
"PY17X_0915200",579,"UGUAGAAUA","CDS"
"PY17X_1002900",186,"UGUAGAAUA","CDS"
"PY17X_1004100",271,"UGUAGAAUA","CDS"
"PY17X_1004800",4020,"UGUAGAAUA","CDS"
"PY17X_1011300",777,"UGUAGAAUA","CDS"
"PY17X_1011900",3795,"UGUAGAAUA","CDS"
"PY17X_1016800",3303,"UGUAGAAUA","CDS"
"PY17X_1024200",1048,"UGUAGAAUA","CDS"
"PY17X_1033900",2166,"UGUAGAAUA","CDS"
"PY17X_1040300",117,"UGUAGAAUA","CDS"
"PY17X_1107600",1323,"UGUAGAAUA","CDS"
"PY17X_1109800",1074,"UGUAGAAUA","CDS"
"PY17X_1112200",4389,"UGUAGAAUA","CDS"
"PY17X_1112900",1603,"UGUAGAAUA","CDS"
"PY17X_1114900",1504,"UGUAGAAUA","CDS"
"PY17X_1119600",4822,"UGUAGAAUA","CDS"
"PY17X_1120700",1098,"UGUAGAAUA","CDS"
"PY17X_1121700",57,"UGUAGAAUA","CDS"
"PY17X_1128000",1906,"UGUAGAAUA","CDS"
"PY17X_1130600",6843,"UGUAGAAUA","CDS"
"PY17X_1133400",1176,"UGUAGAAUA","CDS"
"PY17X_1137400",7992,"UGUAGAAUA","CDS"
"PY17X_1140200",981,"UGUAGAAUA","CDS"
"PY17X_1140500",1101,"UGUAGAAUA","CDS"
"PY17X_1141700",5466,"UGUAGAAUA","CDS"
"PY17X_1204900",3489,"UGUAGAAUA","CDS"
"PY17X_1205200",1618,"UGUAGAAUA","CDS"
"PY17X_1209500",9310,"UGUAGAAUA","CDS"
"PY17X_1211100",726,"UGUAGAAUA","CDS"
"PY17X_1219000",2790,"UGUAGAAUA","CDS"
"PY17X_1219400",649,"UGUAGAAUA","CDS"
"PY17X_1221300",4203,"UGUAGAAUA","CDS"
"PY17X_1222500",309,"UGUAGAAUA","CDS"
"PY17X_1225200",1860,"UGUAGAAUA","CDS"
"PY17X_1225900",1417,"UGUAGAAUA","CDS"
"PY17X_1235000",471,"UGUAGAAUA","CDS"
"PY17X_1240400",6582,"UGUAGAAUA","CDS"
"PY17X_1248400",339,"UGUAGAAUA","CDS"
"PY17X_1304300",3774,"UGUAGAAUA","CDS"
"PY17X_1305600",5733,"UGUAGAAUA","CDS"
"PY17X_1306800",4645,"UGUAGAAUA","CDS"
"PY17X_1306800",5208,"UGUAGAAUA","CDS"
"PY17X_1309900",616,"UGUAGAAUA","CDS"
"PY17X_1315600",3237,"UGUAGAAUA","CDS"
"PY17X_1317900",2514,"UGUAGAAUA","CDS"
"PY17X_1322200",366,"UGUAGAAUA","CDS"
"PY17X_1326900",540,"UGUAGAAUA","CDS"
"PY17X_1330500",2353,"UGUAGAAUA","CDS"
"PY17X_1339300",1207,"UGUAGAAUA","CDS"
"PY17X_1343200",201,"UGUAGAAUA","CDS"
"PY17X_1344200",4392,"UGUAGAAUA","CDS"
"PY17X_1344200",7506,"UGUAGAAUA","CDS"
"PY17X_1344200",9541,"UGUAGAAUA","CDS"
"PY17X_1346000",1165,"UGUAGAAUA","CDS"
"PY17X_1346400",3406,"UGUAGAAUA","CDS"
"PY17X_1350900",1926,"UGUAGAAUA","CDS"
"PY17X_1351000",747,"UGUAGAAUA","CDS"
"PY17X_1353600",426,"UGUAGAAUA","CDS"
"PY17X_1360900",2650,"UGUAGAAUA","CDS"
"PY17X_1407800",1380,"UGUAGAAUA","CDS"
"PY17X_1420000",580,"UGUAGAAUA","CDS"
"PY17X_1432100",195,"UGUAGAAUA","CDS"
"PY17X_1438900",1164,"UGUAGAAUA","CDS"
"PY17X_1440000",6175,"UGUAGAAUA","CDS"
"PY17X_1445000",1305,"UGUAGAAUA","CDS"
"PY17X_1450700",573,"UGUAGAAUA","CDS"
"PY17X_1452400",2988,"UGUAGAAUA","CDS"
"PY17X_1452900",4684,"UGUAGAAUA","CDS"
"PY17X_1455500",846,"UGUAGAAUA","CDS"
"PY17X_1455900",172,"UGUAGAAUA","CDS"
"PY17X_1459700",370,"UGUAGAAUA","CDS"
"PY17X_1461400",241,"UGUAGAAUA","CDS"
"PY17X_0306700",29,"UGUAGACUA","3' UTR"
"PY17X_0414200",479,"UGUAGACUA","3' UTR"
"PY17X_0720900",389,"UGUAGACUA","3' UTR"
"PY17X_1316700",179,"UGUAGACUA","3' UTR"
"PY17X_0610900",539,"UGUAGACUA","5' UTR"
"PY17X_1225200",11,"UGUAGACUA","5' UTR"
"PY17X_1317700",447,"UGUAGACUA","5' UTR"
"PY17X_1456900",559,"UGUAGACUA","5' UTR"
"PY17X_0313300",936,"UGUAGACUA","CDS"
"PY17X_0710400",1356,"UGUAGACUA","CDS"
"PY17X_0843101",348,"UGUAGACUA","CDS"
"PY17X_0937800",174,"UGUAGACUA","CDS"
"PY17X_1027300",2496,"UGUAGACUA","CDS"
"PY17X_1106200",2707,"UGUAGACUA","CDS"
"PY17X_1111900",396,"UGUAGACUA","CDS"
"PY17X_1204300",2589,"UGUAGACUA","CDS"
"PY17X_1318300",1002,"UGUAGACUA","CDS"
"PY17X_1405000",3372,"UGUAGACUA","CDS"
"PY17X_1421500",2166,"UGUAGACUA","CDS"
"PY17X_0209500",25,"UGUAGAGUA","3' UTR"
"PY17X_0822700",55,"UGUAGAGUA","3' UTR"
"PY17X_0911700",25,"UGUAGAGUA","3' UTR"
"PY17X_1035800",246,"UGUAGAGUA","3' UTR"
"PY17X_1114600",472,"UGUAGAGUA","3' UTR"
"PY17X_1205500",66,"UGUAGAGUA","3' UTR"
"PY17X_1235900",260,"UGUAGAGUA","3' UTR"
"PY17X_1303900",452,"UGUAGAGUA","3' UTR"
"PY17X_0417400",7,"UGUAGAGUA","5' UTR"
"PY17X_0911750",73,"UGUAGAGUA","5' UTR"
"PY17X_0948301",744,"UGUAGAGUA","5' UTR"
"PY17X_1106400",46,"UGUAGAGUA","5' UTR"
"PY17X_1234700",434,"UGUAGAGUA","5' UTR"
"PY17X_0213300",3844,"UGUAGAGUA","CDS"
"PY17X_0616000",174,"UGUAGAGUA","CDS"
"PY17X_0624000",2797,"UGUAGAGUA","CDS"
"PY17X_0809500",3937,"UGUAGAGUA","CDS"
"PY17X_0924400",288,"UGUAGAGUA","CDS"
"PY17X_1110100",4615,"UGUAGAGUA","CDS"
"PY17X_1127000",499,"UGUAGAGUA","CDS"
"PY17X_1241400",888,"UGUAGAGUA","CDS"
"PY17X_1349000",156,"UGUAGAGUA","CDS"
"PY17X_1438600",2113,"UGUAGAGUA","CDS"
"PY17X_1439500",1650,"UGUAGAGUA","CDS"
"PY17X_0212100",168,"UGUAGAUUA","3' UTR"
"PY17X_0314700",376,"UGUAGAUUA","3' UTR"
"PY17X_0405000",187,"UGUAGAUUA","3' UTR"
"PY17X_0513700",56,"UGUAGAUUA","3' UTR"
"PY17X_0514000",139,"UGUAGAUUA","3' UTR"
"PY17X_0515200",408,"UGUAGAUUA","3' UTR"
"PY17X_0622400",389,"UGUAGAUUA","3' UTR"
"PY17X_0701800",511,"UGUAGAUUA","3' UTR"
"PY17X_0935600",664,"UGUAGAUUA","3' UTR"
"PY17X_1042400",485,"UGUAGAUUA","3' UTR"
"PY17X_1106700",451,"UGUAGAUUA","3' UTR"
"PY17X_1124200",432,"UGUAGAUUA","3' UTR"
"PY17X_1140700",365,"UGUAGAUUA","3' UTR"
"PY17X_1214000",117,"UGUAGAUUA","3' UTR"
"PY17X_1328500",616,"UGUAGAUUA","3' UTR"
"PY17X_1344000",637,"UGUAGAUUA","3' UTR"
"PY17X_1429000",604,"UGUAGAUUA","3' UTR"
"PY17X_1467100",130,"UGUAGAUUA","3' UTR"
"PY17X_0106200",242,"UGUAGAUUA","5' UTR"
"PY17X_0115100",769,"UGUAGAUUA","5' UTR"
"PY17X_0115400",769,"UGUAGAUUA","5' UTR"
"PY17X_0217601",690,"UGUAGAUUA","5' UTR"
"PY17X_0302000",722,"UGUAGAUUA","5' UTR"
"PY17X_0410900",493,"UGUAGAUUA","5' UTR"
"PY17X_0412500",338,"UGUAGAUUA","5' UTR"
"PY17X_0605500",597,"UGUAGAUUA","5' UTR"
"PY17X_0711900",153,"UGUAGAUUA","5' UTR"
"PY17X_0723000",690,"UGUAGAUUA","5' UTR"
"PY17X_0802500",781,"UGUAGAUUA","5' UTR"
"PY17X_0809100",81,"UGUAGAUUA","5' UTR"
"PY17X_0815800",486,"UGUAGAUUA","5' UTR"
"PY17X_0817500",651,"UGUAGAUUA","5' UTR"
"PY17X_0921700",237,"UGUAGAUUA","5' UTR"
"PY17X_0935300",798,"UGUAGAUUA","5' UTR"
"PY17X_0935500",241,"UGUAGAUUA","5' UTR"
"PY17X_1000600",51,"UGUAGAUUA","5' UTR"
"PY17X_1010600",46,"UGUAGAUUA","5' UTR"
"PY17X_1033400",456,"UGUAGAUUA","5' UTR"
"PY17X_1042500",712,"UGUAGAUUA","5' UTR"
"PY17X_1115400",641,"UGUAGAUUA","5' UTR"
"PY17X_1130800",344,"UGUAGAUUA","5' UTR"
"PY17X_1226900",359,"UGUAGAUUA","5' UTR"
"PY17X_1235400",645,"UGUAGAUUA","5' UTR"
"PY17X_1240600",533,"UGUAGAUUA","5' UTR"
"PY17X_1242900",168,"UGUAGAUUA","5' UTR"
"PY17X_1328600",716,"UGUAGAUUA","5' UTR"
"PY17X_1355900",140,"UGUAGAUUA","5' UTR"
"PY17X_1358700",596,"UGUAGAUUA","5' UTR"
"PY17X_1360300",309,"UGUAGAUUA","5' UTR"
"PY17X_1435300",466,"UGUAGAUUA","5' UTR"
"PY17X_1441400",14,"UGUAGAUUA","5' UTR"
"PY17X_1444000",654,"UGUAGAUUA","5' UTR"
"PY17X_1448700",301,"UGUAGAUUA","5' UTR"
"PY17X_1467000",248,"UGUAGAUUA","5' UTR"
"PY17X_0200481",438,"UGUAGAUUA","CDS"
"PY17X_0207100",219,"UGUAGAUUA","CDS"
"PY17X_0313300",1134,"UGUAGAUUA","CDS"
"PY17X_0316700",1854,"UGUAGAUUA","CDS"
"PY17X_0405500",213,"UGUAGAUUA","CDS"
"PY17X_0406500",1698,"UGUAGAUUA","CDS"
"PY17X_0409800",4896,"UGUAGAUUA","CDS"
"PY17X_0506000",3010,"UGUAGAUUA","CDS"
"PY17X_0509300",450,"UGUAGAUUA","CDS"
"PY17X_0510400",708,"UGUAGAUUA","CDS"
"PY17X_0523200",267,"UGUAGAUUA","CDS"
"PY17X_0525500",618,"UGUAGAUUA","CDS"
"PY17X_0609000",238,"UGUAGAUUA","CDS"
"PY17X_0612000",2904,"UGUAGAUUA","CDS"
"PY17X_0620900",1176,"UGUAGAUUA","CDS"
"PY17X_0621200",2989,"UGUAGAUUA","CDS"
"PY17X_0700045",261,"UGUAGAUUA","CDS"
"PY17X_0706400",487,"UGUAGAUUA","CDS"
"PY17X_0804300",10848,"UGUAGAUUA","CDS"
"PY17X_0815200",930,"UGUAGAUUA","CDS"
"PY17X_0817100",504,"UGUAGAUUA","CDS"
"PY17X_0821600",517,"UGUAGAUUA","CDS"
"PY17X_0822000",385,"UGUAGAUUA","CDS"
"PY17X_0824100",2670,"UGUAGAUUA","CDS"
"PY17X_0829900",372,"UGUAGAUUA","CDS"
"PY17X_0840700",1284,"UGUAGAUUA","CDS"
"PY17X_0843901",714,"UGUAGAUUA","CDS"
"PY17X_0843901",735,"UGUAGAUUA","CDS"
"PY17X_0845201",726,"UGUAGAUUA","CDS"
"PY17X_0846701",438,"UGUAGAUUA","CDS"
"PY17X_0904600",2733,"UGUAGAUUA","CDS"
"PY17X_0908400",1545,"UGUAGAUUA","CDS"
"PY17X_0911000",5634,"UGUAGAUUA","CDS"
"PY17X_0913800",1137,"UGUAGAUUA","CDS"
"PY17X_0926200",1209,"UGUAGAUUA","CDS"
"PY17X_0927200",528,"UGUAGAUUA","CDS"
"PY17X_0928600",111,"UGUAGAUUA","CDS"
"PY17X_0931600",367,"UGUAGAUUA","CDS"
"PY17X_0934500",1491,"UGUAGAUUA","CDS"
"PY17X_0942900",1947,"UGUAGAUUA","CDS"
"PY17X_1000900",438,"UGUAGAUUA","CDS"
"PY17X_1008000",5106,"UGUAGAUUA","CDS"
"PY17X_1008200",942,"UGUAGAUUA","CDS"
"PY17X_1017700",2670,"UGUAGAUUA","CDS"
"PY17X_1033900",1506,"UGUAGAUUA","CDS"
"PY17X_1034600",4386,"UGUAGAUUA","CDS"
"PY17X_1034700",1360,"UGUAGAUUA","CDS"
"PY17X_1036200",8230,"UGUAGAUUA","CDS"
"PY17X_1038700",2005,"UGUAGAUUA","CDS"
"PY17X_1100003",438,"UGUAGAUUA","CDS"
"PY17X_1103900",1104,"UGUAGAUUA","CDS"
"PY17X_1114500",939,"UGUAGAUUA","CDS"
"PY17X_1116100",4824,"UGUAGAUUA","CDS"
"PY17X_1122600",1618,"UGUAGAUUA","CDS"
"PY17X_1123900",177,"UGUAGAUUA","CDS"
"PY17X_1126200",816,"UGUAGAUUA","CDS"
"PY17X_1126300",726,"UGUAGAUUA","CDS"
"PY17X_1126400",840,"UGUAGAUUA","CDS"
"PY17X_1126600",628,"UGUAGAUUA","CDS"
"PY17X_1130000",982,"UGUAGAUUA","CDS"
"PY17X_1139800",2788,"UGUAGAUUA","CDS"
"PY17X_1139900",717,"UGUAGAUUA","CDS"
"PY17X_1143700",183,"UGUAGAUUA","CDS"
"PY17X_1205500",403,"UGUAGAUUA","CDS"
"PY17X_1240400",4236,"UGUAGAUUA","CDS"
"PY17X_1306400",1245,"UGUAGAUUA","CDS"
"PY17X_1306800",2820,"UGUAGAUUA","CDS"
"PY17X_1309000",3126,"UGUAGAUUA","CDS"
"PY17X_1314100",4650,"UGUAGAUUA","CDS"
"PY17X_1320100",6234,"UGUAGAUUA","CDS"
"PY17X_1321000",58,"UGUAGAUUA","CDS"
"PY17X_1321600",237,"UGUAGAUUA","CDS"
"PY17X_1321700",1293,"UGUAGAUUA","CDS"
"PY17X_1321800",2881,"UGUAGAUUA","CDS"
"PY17X_1326900",1920,"UGUAGAUUA","CDS"
"PY17X_1328500",708,"UGUAGAUUA","CDS"
"PY17X_1330200",748,"UGUAGAUUA","CDS"
"PY17X_1334700",414,"UGUAGAUUA","CDS"
"PY17X_1344700",402,"UGUAGAUUA","CDS"
"PY17X_1352900",763,"UGUAGAUUA","CDS"
"PY17X_1353700",28,"UGUAGAUUA","CDS"
"PY17X_1361600",1035,"UGUAGAUUA","CDS"
"PY17X_1361700",2499,"UGUAGAUUA","CDS"
"PY17X_1363300",1996,"UGUAGAUUA","CDS"
"PY17X_1366400",4687,"UGUAGAUUA","CDS"
"PY17X_1367200",1972,"UGUAGAUUA","CDS"
"PY17X_1367300",3042,"UGUAGAUUA","CDS"
"PY17X_1368000",1188,"UGUAGAUUA","CDS"
"PY17X_1368900",615,"UGUAGAUUA","CDS"
"PY17X_1403900",12291,"UGUAGAUUA","CDS"
"PY17X_1404800",729,"UGUAGAUUA","CDS"
"PY17X_1408800",1089,"UGUAGAUUA","CDS"
"PY17X_1409200",969,"UGUAGAUUA","CDS"
"PY17X_1433100",1050,"UGUAGAUUA","CDS"
"PY17X_1434300",339,"UGUAGAUUA","CDS"
"PY17X_1436200",2997,"UGUAGAUUA","CDS"
"PY17X_1437000",801,"UGUAGAUUA","CDS"
"PY17X_1437900",6000,"UGUAGAUUA","CDS"
"PY17X_1440700",966,"UGUAGAUUA","CDS"
"PY17X_1442500",3276,"UGUAGAUUA","CDS"
"PY17X_1445800",1437,"UGUAGAUUA","CDS"
"PY17X_1446300",756,"UGUAGAUUA","CDS"
"PY17X_1451300",2916,"UGUAGAUUA","CDS"
"PY17X_1457700",1870,"UGUAGAUUA","CDS"
"PY17X_0105400",545,"UGUAGCAUA","3' UTR"
"PY17X_0112600",30,"UGUAGCAUA","3' UTR"
"PY17X_0117800",523,"UGUAGCAUA","3' UTR"
"PY17X_0215700",670,"UGUAGCAUA","3' UTR"
"PY17X_0400100",524,"UGUAGCAUA","3' UTR"
"PY17X_0400500",524,"UGUAGCAUA","3' UTR"
"PY17X_0408300",658,"UGUAGCAUA","3' UTR"
"PY17X_0500107",511,"UGUAGCAUA","3' UTR"
"PY17X_0601100",265,"UGUAGCAUA","3' UTR"
"PY17X_0720700",115,"UGUAGCAUA","3' UTR"
"PY17X_0823200",240,"UGUAGCAUA","3' UTR"
"PY17X_0907100",374,"UGUAGCAUA","3' UTR"
"PY17X_0916800",341,"UGUAGCAUA","3' UTR"
"PY17X_0919900",561,"UGUAGCAUA","3' UTR"
"PY17X_1018300",69,"UGUAGCAUA","3' UTR"
"PY17X_1046901",524,"UGUAGCAUA","3' UTR"
"PY17X_1048601",279,"UGUAGCAUA","3' UTR"
"PY17X_1122500",200,"UGUAGCAUA","3' UTR"
"PY17X_1124800",74,"UGUAGCAUA","3' UTR"
"PY17X_1221200",321,"UGUAGCAUA","3' UTR"
"PY17X_1229200",289,"UGUAGCAUA","3' UTR"
"PY17X_1300600",675,"UGUAGCAUA","3' UTR"
"PY17X_1305600",322,"UGUAGCAUA","3' UTR"
"PY17X_1316200",613,"UGUAGCAUA","3' UTR"
"PY17X_1335100",546,"UGUAGCAUA","3' UTR"
"PY17X_1365200",331,"UGUAGCAUA","3' UTR"
"PY17X_1427900",387,"UGUAGCAUA","3' UTR"
"PY17X_1431300",541,"UGUAGCAUA","3' UTR"
"PY17X_1436300",161,"UGUAGCAUA","3' UTR"
"PY17X_1451200",672,"UGUAGCAUA","3' UTR"
"PY17X_1472401",279,"UGUAGCAUA","3' UTR"
"PY17X_0110900",40,"UGUAGCAUA","5' UTR"
"PY17X_0410800",140,"UGUAGCAUA","5' UTR"
"PY17X_0412100",463,"UGUAGCAUA","5' UTR"
"PY17X_0516500",130,"UGUAGCAUA","5' UTR"
"PY17X_0516500",158,"UGUAGCAUA","5' UTR"
"PY17X_0519800",154,"UGUAGCAUA","5' UTR"
"PY17X_0520700",274,"UGUAGCAUA","5' UTR"
"PY17X_0613100",280,"UGUAGCAUA","5' UTR"
"PY17X_0616200",641,"UGUAGCAUA","5' UTR"
"PY17X_0702600",445,"UGUAGCAUA","5' UTR"
"PY17X_0702700",521,"UGUAGCAUA","5' UTR"
"PY17X_0720800",196,"UGUAGCAUA","5' UTR"
"PY17X_0802800",232,"UGUAGCAUA","5' UTR"
"PY17X_0820100",362,"UGUAGCAUA","5' UTR"
"PY17X_0830300",167,"UGUAGCAUA","5' UTR"
"PY17X_0839900",546,"UGUAGCAUA","5' UTR"
"PY17X_0840500",266,"UGUAGCAUA","5' UTR"
"PY17X_0945800",572,"UGUAGCAUA","5' UTR"
"PY17X_1004400",149,"UGUAGCAUA","5' UTR"
"PY17X_1028300",409,"UGUAGCAUA","5' UTR"
"PY17X_1029500",534,"UGUAGCAUA","5' UTR"
"PY17X_1037500",337,"UGUAGCAUA","5' UTR"
"PY17X_1105500",39,"UGUAGCAUA","5' UTR"
"PY17X_1117900",611,"UGUAGCAUA","5' UTR"
"PY17X_1212700",222,"UGUAGCAUA","5' UTR"
"PY17X_1212700",246,"UGUAGCAUA","5' UTR"
"PY17X_1212700",282,"UGUAGCAUA","5' UTR"
"PY17X_1220100",394,"UGUAGCAUA","5' UTR"
"PY17X_1309300",701,"UGUAGCAUA","5' UTR"
"PY17X_1326600",752,"UGUAGCAUA","5' UTR"
"PY17X_1331400",258,"UGUAGCAUA","5' UTR"
"PY17X_1331900",256,"UGUAGCAUA","5' UTR"
"PY17X_1338300",62,"UGUAGCAUA","5' UTR"
"PY17X_1414200",266,"UGUAGCAUA","5' UTR"
"PY17X_1421300",86,"UGUAGCAUA","5' UTR"
"PY17X_1451300",449,"UGUAGCAUA","5' UTR"
"PY17X_1458600",403,"UGUAGCAUA","5' UTR"
"PY17X_1464400",129,"UGUAGCAUA","5' UTR"
"PY17X_0109100",2034,"UGUAGCAUA","CDS"
"PY17X_0515600",285,"UGUAGCAUA","CDS"
"PY17X_0701200",3444,"UGUAGCAUA","CDS"
"PY17X_0709500",564,"UGUAGCAUA","CDS"
"PY17X_0901000",499,"UGUAGCAUA","CDS"
"PY17X_0933200",1650,"UGUAGCAUA","CDS"
"PY17X_0942000",180,"UGUAGCAUA","CDS"
"PY17X_1007900",2046,"UGUAGCAUA","CDS"
"PY17X_1027500",4233,"UGUAGCAUA","CDS"
"PY17X_1133200",240,"UGUAGCAUA","CDS"
"PY17X_1141400",1186,"UGUAGCAUA","CDS"
"PY17X_1238900",2751,"UGUAGCAUA","CDS"
"PY17X_1304400",14649,"UGUAGCAUA","CDS"
"PY17X_1305400",3706,"UGUAGCAUA","CDS"
"PY17X_1325200",1746,"UGUAGCAUA","CDS"
"PY17X_1341800",1083,"UGUAGCAUA","CDS"
"PY17X_1345300",1672,"UGUAGCAUA","CDS"
"PY17X_1366500",2188,"UGUAGCAUA","CDS"
"PY17X_1404200",1806,"UGUAGCAUA","CDS"
"PY17X_1417500",447,"UGUAGCAUA","CDS"
"PY17X_1420300",904,"UGUAGCAUA","CDS"
"PY17X_1429300",1020,"UGUAGCAUA","CDS"
"PY17X_1434700",2872,"UGUAGCAUA","CDS"
"PY17X_1446300",4897,"UGUAGCAUA","CDS"
"PY17X_1450700",13356,"UGUAGCAUA","CDS"
"PY17X_1454600",4440,"UGUAGCAUA","CDS"
"PY17X_1014700",277,"UGUAGCCUA","3' UTR"
"PY17X_1411800",449,"UGUAGCCUA","3' UTR"
"PY17X_1437000",529,"UGUAGCCUA","3' UTR"
"PY17X_0215800",3096,"UGUAGCCUA","CDS"
"PY17X_0609500",550,"UGUAGCGUA","5' UTR"
"PY17X_1009900",38,"UGUAGCGUA","5' UTR"
"PY17X_1332200",578,"UGUAGCGUA","5' UTR"
"PY17X_1417600",106,"UGUAGCGUA","5' UTR"
"PY17X_1442800",646,"UGUAGCGUA","5' UTR"
"PY17X_0915600",5617,"UGUAGCGUA","CDS"
"PY17X_1015800",1614,"UGUAGCGUA","CDS"
"PY17X_1305100",864,"UGUAGCGUA","CDS"
"PY17X_1333600",2328,"UGUAGCGUA","CDS"
"PY17X_0105700",271,"UGUAGCUUA","3' UTR"
"PY17X_0513700",476,"UGUAGCUUA","3' UTR"
"PY17X_0611100",72,"UGUAGCUUA","3' UTR"
"PY17X_0814900",638,"UGUAGCUUA","3' UTR"
"PY17X_0908100",534,"UGUAGCUUA","3' UTR"
"PY17X_1009500",181,"UGUAGCUUA","3' UTR"
"PY17X_1128300",214,"UGUAGCUUA","3' UTR"
"PY17X_1232000",118,"UGUAGCUUA","3' UTR"
"PY17X_1232000",139,"UGUAGCUUA","3' UTR"
"PY17X_1353600",531,"UGUAGCUUA","3' UTR"
"PY17X_1354900",308,"UGUAGCUUA","3' UTR"
"PY17X_1364900",9,"UGUAGCUUA","3' UTR"
"PY17X_0300900",52,"UGUAGCUUA","5' UTR"
"PY17X_0400039",219,"UGUAGCUUA","5' UTR"
"PY17X_1105100",141,"UGUAGCUUA","5' UTR"
"PY17X_1142700",25,"UGUAGCUUA","5' UTR"
"PY17X_1145100",724,"UGUAGCUUA","5' UTR"
"PY17X_1355000",358,"UGUAGCUUA","5' UTR"
"PY17X_1366500",404,"UGUAGCUUA","5' UTR"
"PY17X_1407500",306,"UGUAGCUUA","5' UTR"
"PY17X_1419800",448,"UGUAGCUUA","5' UTR"
"PY17X_1419800",519,"UGUAGCUUA","5' UTR"
"PY17X_0315600",1015,"UGUAGCUUA","CDS"
"PY17X_0400085",669,"UGUAGCUUA","CDS"
"PY17X_0609900",1222,"UGUAGCUUA","CDS"
"PY17X_0610900",139,"UGUAGCUUA","CDS"
"PY17X_0626100",216,"UGUAGCUUA","CDS"
"PY17X_0805000",4941,"UGUAGCUUA","CDS"
"PY17X_0834600",2209,"UGUAGCUUA","CDS"
"PY17X_0933400",592,"UGUAGCUUA","CDS"
"PY17X_1016400",2713,"UGUAGCUUA","CDS"
"PY17X_1029800",148,"UGUAGCUUA","CDS"
"PY17X_1318400",846,"UGUAGCUUA","CDS"
"PY17X_1362700",1225,"UGUAGCUUA","CDS"
"PY17X_1402600",4990,"UGUAGCUUA","CDS"
"PY17X_1430600",1135,"UGUAGCUUA","CDS"
"PY17X_1441600",367,"UGUAGCUUA","CDS"
"PY17X_1445400",2125,"UGUAGCUUA","CDS"
"PY17X_1472501",678,"UGUAGCUUA","CDS"
"PY17X_API00400",1560,"UGUAGCUUA","CDS"
"PY17X_0104500",490,"UGUAGGAUA","3' UTR"
"PY17X_0105100",78,"UGUAGGAUA","3' UTR"
"PY17X_0114900",410,"UGUAGGAUA","3' UTR"
"PY17X_0321901",363,"UGUAGGAUA","3' UTR"
"PY17X_0400007",363,"UGUAGGAUA","3' UTR"
"PY17X_0507400",367,"UGUAGGAUA","3' UTR"
"PY17X_0823100",269,"UGUAGGAUA","3' UTR"
"PY17X_1117800",517,"UGUAGGAUA","3' UTR"
"PY17X_1131400",356,"UGUAGGAUA","3' UTR"
"PY17X_1310500",642,"UGUAGGAUA","3' UTR"
"PY17X_1312300",367,"UGUAGGAUA","3' UTR"
"PY17X_1323000",462,"UGUAGGAUA","3' UTR"
"PY17X_1366000",15,"UGUAGGAUA","3' UTR"
"PY17X_1432700",112,"UGUAGGAUA","3' UTR"
"PY17X_0105000",118,"UGUAGGAUA","5' UTR"
"PY17X_0113500",393,"UGUAGGAUA","5' UTR"
"PY17X_0302000",274,"UGUAGGAUA","5' UTR"
"PY17X_0312500",314,"UGUAGGAUA","5' UTR"
"PY17X_0312900",55,"UGUAGGAUA","5' UTR"
"PY17X_0718300",593,"UGUAGGAUA","5' UTR"
"PY17X_0818800",150,"UGUAGGAUA","5' UTR"
"PY17X_0820000",19,"UGUAGGAUA","5' UTR"
"PY17X_0925600",468,"UGUAGGAUA","5' UTR"
"PY17X_0926300",743,"UGUAGGAUA","5' UTR"
"PY17X_1131500",216,"UGUAGGAUA","5' UTR"
"PY17X_1144400",536,"UGUAGGAUA","5' UTR"
"PY17X_1208400",758,"UGUAGGAUA","5' UTR"
"PY17X_1237500",133,"UGUAGGAUA","5' UTR"
"PY17X_1315000",17,"UGUAGGAUA","5' UTR"
"PY17X_1368700",347,"UGUAGGAUA","5' UTR"
"PY17X_1443700",380,"UGUAGGAUA","5' UTR"
"PY17X_API00200",44,"UGUAGGAUA","5' UTR"
"PY17X_0210200",5013,"UGUAGGAUA","CDS"
"PY17X_0314300",408,"UGUAGGAUA","CDS"
"PY17X_0514400",666,"UGUAGGAUA","CDS"
"PY17X_0809800",126,"UGUAGGAUA","CDS"
"PY17X_0821900",627,"UGUAGGAUA","CDS"
"PY17X_0839400",3114,"UGUAGGAUA","CDS"
"PY17X_0936900",256,"UGUAGGAUA","CDS"
"PY17X_1009300",366,"UGUAGGAUA","CDS"
"PY17X_1024000",627,"UGUAGGAUA","CDS"
"PY17X_1038000",2586,"UGUAGGAUA","CDS"
"PY17X_1116100",5154,"UGUAGGAUA","CDS"
"PY17X_1150300",90,"UGUAGGAUA","CDS"
"PY17X_1227600",387,"UGUAGGAUA","CDS"
"PY17X_1234800",1269,"UGUAGGAUA","CDS"
"PY17X_1302400",168,"UGUAGGAUA","CDS"
"PY17X_1365700",1012,"UGUAGGAUA","CDS"
"PY17X_1417800",372,"UGUAGGAUA","CDS"
"PY17X_1457400",1116,"UGUAGGAUA","CDS"
"PY17X_API00100",675,"UGUAGGAUA","CDS"
"PY17X_0721300",625,"UGUAGGCUA","3' UTR"
"PY17X_1242000",46,"UGUAGGCUA","3' UTR"
"PY17X_1333300",84,"UGUAGGCUA","3' UTR"
"PY17X_0303700",542,"UGUAGGCUA","5' UTR"
"PY17X_1315300",247,"UGUAGGCUA","CDS"
"PY17X_1468100",849,"UGUAGGCUA","CDS"
"PY17X_0309100",442,"UGUAGGGUA","3' UTR"
"PY17X_0703700",404,"UGUAGGGUA","3' UTR"
"PY17X_1119100",466,"UGUAGGGUA","3' UTR"
"PY17X_0703600",646,"UGUAGGGUA","5' UTR"
"PY17X_1041300",611,"UGUAGGGUA","5' UTR"
"PY17X_1324400",467,"UGUAGGGUA","5' UTR"
"PY17X_0203300",409,"UGUAGGUUA","3' UTR"
"PY17X_0700019",113,"UGUAGGUUA","3' UTR"
"PY17X_0925600",198,"UGUAGGUUA","3' UTR"
"PY17X_1001100",518,"UGUAGGUUA","3' UTR"
"PY17X_1004300",526,"UGUAGGUUA","3' UTR"
"PY17X_1028400",164,"UGUAGGUUA","3' UTR"
"PY17X_1430000",407,"UGUAGGUUA","3' UTR"
"PY17X_1431800",498,"UGUAGGUUA","3' UTR"
"PY17X_0206700",478,"UGUAGGUUA","5' UTR"
"PY17X_0207500",742,"UGUAGGUUA","5' UTR"
"PY17X_0624200",162,"UGUAGGUUA","5' UTR"
"PY17X_0701100",130,"UGUAGGUUA","5' UTR"
"PY17X_0805400",578,"UGUAGGUUA","5' UTR"
"PY17X_0806900",535,"UGUAGGUUA","5' UTR"
"PY17X_1222800",319,"UGUAGGUUA","5' UTR"
"PY17X_1366900",215,"UGUAGGUUA","5' UTR"
"PY17X_1431700",601,"UGUAGGUUA","5' UTR"
"PY17X_0400059",390,"UGUAGGUUA","CDS"
"PY17X_0613500",165,"UGUAGGUUA","CDS"
"PY17X_0621200",5061,"UGUAGGUUA","CDS"
"PY17X_0803900",5308,"UGUAGGUUA","CDS"
"PY17X_0952301",390,"UGUAGGUUA","CDS"
"PY17X_1249200",177,"UGUAGGUUA","CDS"
"PY17X_1364400",2403,"UGUAGGUUA","CDS"
"PY17X_1402800",1164,"UGUAGGUUA","CDS"
"PY17X_1441600",892,"UGUAGGUUA","CDS"
"PY17X_0100017",385,"UGUAGUAUA","3' UTR"
"PY17X_0110000",58,"UGUAGUAUA","3' UTR"
"PY17X_0403600",69,"UGUAGUAUA","3' UTR"
"PY17X_0406000",149,"UGUAGUAUA","3' UTR"
"PY17X_0612800",36,"UGUAGUAUA","3' UTR"
"PY17X_0705400",44,"UGUAGUAUA","3' UTR"
"PY17X_0716800",27,"UGUAGUAUA","3' UTR"
"PY17X_0808800",238,"UGUAGUAUA","3' UTR"
"PY17X_0813200",542,"UGUAGUAUA","3' UTR"
"PY17X_0816900",360,"UGUAGUAUA","3' UTR"
"PY17X_0835200",439,"UGUAGUAUA","3' UTR"
"PY17X_0839900",472,"UGUAGUAUA","3' UTR"
"PY17X_0901800",242,"UGUAGUAUA","3' UTR"
"PY17X_0911200",128,"UGUAGUAUA","3' UTR"
"PY17X_0911200",224,"UGUAGUAUA","3' UTR"
"PY17X_0923900",635,"UGUAGUAUA","3' UTR"
"PY17X_0939900",461,"UGUAGUAUA","3' UTR"
"PY17X_1003300",419,"UGUAGUAUA","3' UTR"
"PY17X_1010100",608,"UGUAGUAUA","3' UTR"
"PY17X_1020200",196,"UGUAGUAUA","3' UTR"
"PY17X_1023100",556,"UGUAGUAUA","3' UTR"
"PY17X_1023100",567,"UGUAGUAUA","3' UTR"
"PY17X_1108200",95,"UGUAGUAUA","3' UTR"
"PY17X_1116300",154,"UGUAGUAUA","3' UTR"
"PY17X_1126500",625,"UGUAGUAUA","3' UTR"
"PY17X_1132500",607,"UGUAGUAUA","3' UTR"
"PY17X_1132500",617,"UGUAGUAUA","3' UTR"
"PY17X_1134400",639,"UGUAGUAUA","3' UTR"
"PY17X_1202600",496,"UGUAGUAUA","3' UTR"
"PY17X_1210700",632,"UGUAGUAUA","3' UTR"
"PY17X_1222200",40,"UGUAGUAUA","3' UTR"
"PY17X_1231700",570,"UGUAGUAUA","3' UTR"
"PY17X_1247900",277,"UGUAGUAUA","3' UTR"
"PY17X_1249800",182,"UGUAGUAUA","3' UTR"
"PY17X_1314300",32,"UGUAGUAUA","3' UTR"
"PY17X_1315200",641,"UGUAGUAUA","3' UTR"
"PY17X_1325900",25,"UGUAGUAUA","3' UTR"
"PY17X_1332100",553,"UGUAGUAUA","3' UTR"
"PY17X_1349500",74,"UGUAGUAUA","3' UTR"
"PY17X_1403900",196,"UGUAGUAUA","3' UTR"
"PY17X_1429600",293,"UGUAGUAUA","3' UTR"
"PY17X_1435200",58,"UGUAGUAUA","3' UTR"
"PY17X_1444100",391,"UGUAGUAUA","3' UTR"
"PY17X_1462700",502,"UGUAGUAUA","3' UTR"
"PY17X_0110100",92,"UGUAGUAUA","5' UTR"
"PY17X_0112100",428,"UGUAGUAUA","5' UTR"
"PY17X_0114800",748,"UGUAGUAUA","5' UTR"
"PY17X_0202600",525,"UGUAGUAUA","5' UTR"
"PY17X_0310200",228,"UGUAGUAUA","5' UTR"
"PY17X_0313900",394,"UGUAGUAUA","5' UTR"
"PY17X_0318800",371,"UGUAGUAUA","5' UTR"
"PY17X_0403600",566,"UGUAGUAUA","5' UTR"
"PY17X_0502900",470,"UGUAGUAUA","5' UTR"
"PY17X_0504700",399,"UGUAGUAUA","5' UTR"
"PY17X_0508500",161,"UGUAGUAUA","5' UTR"
"PY17X_0508500",453,"UGUAGUAUA","5' UTR"
"PY17X_0512700",198,"UGUAGUAUA","5' UTR"
"PY17X_0602800",417,"UGUAGUAUA","5' UTR"
"PY17X_0604000",536,"UGUAGUAUA","5' UTR"
"PY17X_0604400",418,"UGUAGUAUA","5' UTR"
"PY17X_0610200",61,"UGUAGUAUA","5' UTR"
"PY17X_0610800",131,"UGUAGUAUA","5' UTR"
"PY17X_0610800",148,"UGUAGUAUA","5' UTR"
"PY17X_0619700",646,"UGUAGUAUA","5' UTR"
"PY17X_0620100",601,"UGUAGUAUA","5' UTR"
"PY17X_0709200",172,"UGUAGUAUA","5' UTR"
"PY17X_0722400",748,"UGUAGUAUA","5' UTR"
"PY17X_0809900",514,"UGUAGUAUA","5' UTR"
"PY17X_0810500",328,"UGUAGUAUA","5' UTR"
"PY17X_0813100",745,"UGUAGUAUA","5' UTR"
"PY17X_0817000",575,"UGUAGUAUA","5' UTR"
"PY17X_0818600",701,"UGUAGUAUA","5' UTR"
"PY17X_0819000",597,"UGUAGUAUA","5' UTR"
"PY17X_0830300",103,"UGUAGUAUA","5' UTR"
"PY17X_0832000",669,"UGUAGUAUA","5' UTR"
"PY17X_0835100",234,"UGUAGUAUA","5' UTR"
"PY17X_0837400",481,"UGUAGUAUA","5' UTR"
"PY17X_0841700",732,"UGUAGUAUA","5' UTR"
"PY17X_0906100",517,"UGUAGUAUA","5' UTR"
"PY17X_0908800",365,"UGUAGUAUA","5' UTR"
"PY17X_0914700",393,"UGUAGUAUA","5' UTR"
"PY17X_0920100",488,"UGUAGUAUA","5' UTR"
"PY17X_0930700",23,"UGUAGUAUA","5' UTR"
"PY17X_0935700",57,"UGUAGUAUA","5' UTR"
"PY17X_0940300",58,"UGUAGUAUA","5' UTR"
"PY17X_1005800",663,"UGUAGUAUA","5' UTR"
"PY17X_1010000",9,"UGUAGUAUA","5' UTR"
"PY17X_1017300",299,"UGUAGUAUA","5' UTR"
"PY17X_1017800",141,"UGUAGUAUA","5' UTR"
"PY17X_1038500",376,"UGUAGUAUA","5' UTR"
"PY17X_1039600",93,"UGUAGUAUA","5' UTR"
"PY17X_1106500",717,"UGUAGUAUA","5' UTR"
"PY17X_1106800",593,"UGUAGUAUA","5' UTR"
"PY17X_1109500",451,"UGUAGUAUA","5' UTR"
"PY17X_1126400",187,"UGUAGUAUA","5' UTR"
"PY17X_1127800",530,"UGUAGUAUA","5' UTR"
"PY17X_1129300",321,"UGUAGUAUA","5' UTR"
"PY17X_1130800",186,"UGUAGUAUA","5' UTR"
"PY17X_1136600",706,"UGUAGUAUA","5' UTR"
"PY17X_1146800",452,"UGUAGUAUA","5' UTR"
"PY17X_1149100",748,"UGUAGUAUA","5' UTR"
"PY17X_1200121",748,"UGUAGUAUA","5' UTR"
"PY17X_1204900",563,"UGUAGUAUA","5' UTR"
"PY17X_1219300",584,"UGUAGUAUA","5' UTR"
"PY17X_1219900",428,"UGUAGUAUA","5' UTR"
"PY17X_1222600",763,"UGUAGUAUA","5' UTR"
"PY17X_1232800",511,"UGUAGUAUA","5' UTR"
"PY17X_1239200",373,"UGUAGUAUA","5' UTR"
"PY17X_1245500",632,"UGUAGUAUA","5' UTR"
"PY17X_1251600",543,"UGUAGUAUA","5' UTR"
"PY17X_1300119",390,"UGUAGUAUA","5' UTR"
"PY17X_1320000",679,"UGUAGUAUA","5' UTR"
"PY17X_1322600",690,"UGUAGUAUA","5' UTR"
"PY17X_1360300",579,"UGUAGUAUA","5' UTR"
"PY17X_1361900",117,"UGUAGUAUA","5' UTR"
"PY17X_1373600",748,"UGUAGUAUA","5' UTR"
"PY17X_1407500",566,"UGUAGUAUA","5' UTR"
"PY17X_1408400",80,"UGUAGUAUA","5' UTR"
"PY17X_1410000",575,"UGUAGUAUA","5' UTR"
"PY17X_1415400",91,"UGUAGUAUA","5' UTR"
"PY17X_1429700",172,"UGUAGUAUA","5' UTR"
"PY17X_1437600",747,"UGUAGUAUA","5' UTR"
"PY17X_1445100",312,"UGUAGUAUA","5' UTR"
"PY17X_1450400",139,"UGUAGUAUA","5' UTR"
"PY17X_1454600",391,"UGUAGUAUA","5' UTR"
"PY17X_1460200",648,"UGUAGUAUA","5' UTR"
"PY17X_1461600",595,"UGUAGUAUA","5' UTR"
"PY17X_0109800",3271,"UGUAGUAUA","CDS"
"PY17X_0113000",63,"UGUAGUAUA","CDS"
"PY17X_0114100",1201,"UGUAGUAUA","CDS"
"PY17X_0213300",1869,"UGUAGUAUA","CDS"
"PY17X_0213300",2106,"UGUAGUAUA","CDS"
"PY17X_0214600",6612,"UGUAGUAUA","CDS"
"PY17X_0302900",565,"UGUAGUAUA","CDS"
"PY17X_0306300",538,"UGUAGUAUA","CDS"
"PY17X_0306800",114,"UGUAGUAUA","CDS"
"PY17X_0313500",2830,"UGUAGUAUA","CDS"
"PY17X_0403300",3195,"UGUAGUAUA","CDS"
"PY17X_0404000",382,"UGUAGUAUA","CDS"
"PY17X_0404500",936,"UGUAGUAUA","CDS"
"PY17X_0405800",6061,"UGUAGUAUA","CDS"
"PY17X_0405800",9997,"UGUAGUAUA","CDS"
"PY17X_0419000",229,"UGUAGUAUA","CDS"
"PY17X_0517800",3666,"UGUAGUAUA","CDS"
"PY17X_0521400",340,"UGUAGUAUA","CDS"
"PY17X_0611100",721,"UGUAGUAUA","CDS"
"PY17X_0612900",4201,"UGUAGUAUA","CDS"
"PY17X_0616500",1123,"UGUAGUAUA","CDS"
"PY17X_0618200",3247,"UGUAGUAUA","CDS"
"PY17X_0710100",2455,"UGUAGUAUA","CDS"
"PY17X_0717700",237,"UGUAGUAUA","CDS"
"PY17X_0718300",967,"UGUAGUAUA","CDS"
"PY17X_0722000",7657,"UGUAGUAUA","CDS"
"PY17X_0722600",460,"UGUAGUAUA","CDS"
"PY17X_0723700",685,"UGUAGUAUA","CDS"
"PY17X_0803900",3243,"UGUAGUAUA","CDS"
"PY17X_0809900",10579,"UGUAGUAUA","CDS"
"PY17X_0828300",22,"UGUAGUAUA","CDS"
"PY17X_0907700",187,"UGUAGUAUA","CDS"
"PY17X_0920500",1369,"UGUAGUAUA","CDS"
"PY17X_0922000",3067,"UGUAGUAUA","CDS"
"PY17X_1005800",484,"UGUAGUAUA","CDS"
"PY17X_1006000",232,"UGUAGUAUA","CDS"
"PY17X_1024700",403,"UGUAGUAUA","CDS"
"PY17X_1026200",1063,"UGUAGUAUA","CDS"
"PY17X_1047201",469,"UGUAGUAUA","CDS"
"PY17X_1109200",3147,"UGUAGUAUA","CDS"
"PY17X_1112200",16237,"UGUAGUAUA","CDS"
"PY17X_1116300",762,"UGUAGUAUA","CDS"
"PY17X_1128000",1713,"UGUAGUAUA","CDS"
"PY17X_1137100",127,"UGUAGUAUA","CDS"
"PY17X_1138200",8206,"UGUAGUAUA","CDS"
"PY17X_1144100",726,"UGUAGUAUA","CDS"
"PY17X_1205600",3130,"UGUAGUAUA","CDS"
"PY17X_1229300",12073,"UGUAGUAUA","CDS"
"PY17X_1231800",6106,"UGUAGUAUA","CDS"
"PY17X_1232000",2761,"UGUAGUAUA","CDS"
"PY17X_1233600",3189,"UGUAGUAUA","CDS"
"PY17X_1300245",469,"UGUAGUAUA","CDS"
"PY17X_1300405",469,"UGUAGUAUA","CDS"
"PY17X_1322400",90,"UGUAGUAUA","CDS"
"PY17X_1323000",1912,"UGUAGUAUA","CDS"
"PY17X_1325400",1432,"UGUAGUAUA","CDS"
"PY17X_1325500",147,"UGUAGUAUA","CDS"
"PY17X_1334400",2287,"UGUAGUAUA","CDS"
"PY17X_1360400",1476,"UGUAGUAUA","CDS"
"PY17X_1365300",220,"UGUAGUAUA","CDS"
"PY17X_1366100",58,"UGUAGUAUA","CDS"
"PY17X_1408400",570,"UGUAGUAUA","CDS"
"PY17X_1414200",2785,"UGUAGUAUA","CDS"
"PY17X_1437000",2848,"UGUAGUAUA","CDS"
"PY17X_1447800",982,"UGUAGUAUA","CDS"
"PY17X_1454200",4936,"UGUAGUAUA","CDS"
"PY17X_1459700",853,"UGUAGUAUA","CDS"
"PY17X_1459700",1962,"UGUAGUAUA","CDS"
"PY17X_1461400",490,"UGUAGUAUA","CDS"
"PY17X_1464100",1768,"UGUAGUAUA","CDS"
"PY17X_API00400",1939,"UGUAGUAUA","CDS"
"PY17X_0526400",141,"UGUAGUCUA","3' UTR"
"PY17X_0603300",138,"UGUAGUCUA","5' UTR"
"PY17X_0923200",291,"UGUAGUCUA","5' UTR"
"PY17X_1019300",166,"UGUAGUCUA","5' UTR"
"PY17X_1110900",155,"UGUAGUCUA","5' UTR"
"PY17X_1217700",648,"UGUAGUCUA","5' UTR"
"PY17X_1466800",681,"UGUAGUCUA","5' UTR"
"PY17X_0404000",1753,"UGUAGUCUA","CDS"
"PY17X_0814400",3379,"UGUAGUCUA","CDS"
"PY17X_1000200",16,"UGUAGUCUA","CDS"
"PY17X_1027900",11536,"UGUAGUCUA","CDS"
"PY17X_1217800",504,"UGUAGUCUA","CDS"
"PY17X_1423500",64,"UGUAGUCUA","CDS"
"PY17X_0114200",264,"UGUAGUGUA","3' UTR"
"PY17X_0315400",562,"UGUAGUGUA","3' UTR"
"PY17X_0410500",161,"UGUAGUGUA","3' UTR"
"PY17X_0509200",657,"UGUAGUGUA","3' UTR"
"PY17X_0617600",356,"UGUAGUGUA","3' UTR"
"PY17X_0829800",660,"UGUAGUGUA","3' UTR"
"PY17X_1334900",527,"UGUAGUGUA","3' UTR"
"PY17X_1365300",8,"UGUAGUGUA","3' UTR"
"PY17X_1371300",624,"UGUAGUGUA","3' UTR"
"PY17X_1460800",564,"UGUAGUGUA","3' UTR"
"PY17X_0311600",568,"UGUAGUGUA","5' UTR"
"PY17X_0400800",746,"UGUAGUGUA","5' UTR"
"PY17X_0422901",745,"UGUAGUGUA","5' UTR"
"PY17X_0601000",746,"UGUAGUGUA","5' UTR"
"PY17X_0602200",745,"UGUAGUGUA","5' UTR"
"PY17X_0618800",309,"UGUAGUGUA","5' UTR"
"PY17X_0626200",553,"UGUAGUGUA","5' UTR"
"PY17X_0703500",677,"UGUAGUGUA","5' UTR"
"PY17X_0900079",746,"UGUAGUGUA","5' UTR"
"PY17X_0921800",790,"UGUAGUGUA","5' UTR"
"PY17X_1009300",233,"UGUAGUGUA","5' UTR"
"PY17X_1120400",630,"UGUAGUGUA","5' UTR"
"PY17X_1130200",666,"UGUAGUGUA","5' UTR"
"PY17X_1209600",668,"UGUAGUGUA","5' UTR"
"PY17X_1310300",34,"UGUAGUGUA","5' UTR"
"PY17X_1346000",10,"UGUAGUGUA","5' UTR"
"PY17X_1470301",746,"UGUAGUGUA","5' UTR"
"PY17X_0405400",1096,"UGUAGUGUA","CDS"
"PY17X_0620900",2947,"UGUAGUGUA","CDS"
"PY17X_0704700",1123,"UGUAGUGUA","CDS"
"PY17X_0708100",283,"UGUAGUGUA","CDS"
"PY17X_0708200",1891,"UGUAGUGUA","CDS"
"PY17X_0709900",141,"UGUAGUGUA","CDS"
"PY17X_0805200",46,"UGUAGUGUA","CDS"
"PY17X_0805900",5776,"UGUAGUGUA","CDS"
"PY17X_0810700",127,"UGUAGUGUA","CDS"
"PY17X_0914800",1939,"UGUAGUGUA","CDS"
"PY17X_1105100",16,"UGUAGUGUA","CDS"
"PY17X_1111200",748,"UGUAGUGUA","CDS"
"PY17X_1130000",15502,"UGUAGUGUA","CDS"
"PY17X_1134700",48,"UGUAGUGUA","CDS"
"PY17X_1306600",220,"UGUAGUGUA","CDS"
"PY17X_1362500",10603,"UGUAGUGUA","CDS"
"PY17X_1400500",484,"UGUAGUGUA","CDS"
"PY17X_1426000",1396,"UGUAGUGUA","CDS"
"PY17X_0111700",243,"UGUAGUUUA","3' UTR"
"PY17X_0217000",406,"UGUAGUUUA","3' UTR"
"PY17X_0220901",645,"UGUAGUUUA","3' UTR"
"PY17X_0310300",178,"UGUAGUUUA","3' UTR"
"PY17X_0417500",73,"UGUAGUUUA","3' UTR"
"PY17X_0521100",265,"UGUAGUUUA","3' UTR"
"PY17X_0703800",51,"UGUAGUUUA","3' UTR"
"PY17X_0716700",65,"UGUAGUUUA","3' UTR"
"PY17X_0818200",1,"UGUAGUUUA","3' UTR"
"PY17X_0933200",97,"UGUAGUUUA","3' UTR"
"PY17X_1011500",107,"UGUAGUUUA","3' UTR"
"PY17X_1019900",185,"UGUAGUUUA","3' UTR"
"PY17X_1033500",90,"UGUAGUUUA","3' UTR"
"PY17X_1034000",290,"UGUAGUUUA","3' UTR"
"PY17X_1200083",629,"UGUAGUUUA","3' UTR"
"PY17X_1224900",629,"UGUAGUUUA","3' UTR"
"PY17X_1225200",255,"UGUAGUUUA","3' UTR"
"PY17X_1300481",630,"UGUAGUUUA","3' UTR"
"PY17X_1319600",518,"UGUAGUUUA","3' UTR"
"PY17X_1333500",14,"UGUAGUUUA","3' UTR"
"PY17X_1370100",658,"UGUAGUUUA","3' UTR"
"PY17X_1400019",350,"UGUAGUUUA","3' UTR"
"PY17X_1443500",384,"UGUAGUUUA","3' UTR"
"PY17X_0106100",652,"UGUAGUUUA","5' UTR"
"PY17X_0211400",580,"UGUAGUUUA","5' UTR"
"PY17X_0313000",433,"UGUAGUUUA","5' UTR"
"PY17X_0620600",625,"UGUAGUUUA","5' UTR"
"PY17X_0703700",240,"UGUAGUUUA","5' UTR"
"PY17X_0810800",47,"UGUAGUUUA","5' UTR"
"PY17X_0827400",64,"UGUAGUUUA","5' UTR"
"PY17X_0830300",129,"UGUAGUUUA","5' UTR"
"PY17X_0831900",44,"UGUAGUUUA","5' UTR"
"PY17X_0913600",572,"UGUAGUUUA","5' UTR"
"PY17X_0927500",372,"UGUAGUUUA","5' UTR"
"PY17X_0927700",694,"UGUAGUUUA","5' UTR"
"PY17X_0941000",274,"UGUAGUUUA","5' UTR"
"PY17X_1002900",553,"UGUAGUUUA","5' UTR"
"PY17X_1005600",631,"UGUAGUUUA","5' UTR"
"PY17X_1011400",71,"UGUAGUUUA","5' UTR"
"PY17X_1017700",341,"UGUAGUUUA","5' UTR"
"PY17X_1210400",223,"UGUAGUUUA","5' UTR"
"PY17X_1214500",577,"UGUAGUUUA","5' UTR"
"PY17X_1220900",403,"UGUAGUUUA","5' UTR"
"PY17X_1319700",557,"UGUAGUUUA","5' UTR"
"PY17X_1334800",589,"UGUAGUUUA","5' UTR"
"PY17X_1339000",634,"UGUAGUUUA","5' UTR"
"PY17X_1352500",584,"UGUAGUUUA","5' UTR"
"PY17X_1371100",135,"UGUAGUUUA","5' UTR"
"PY17X_1429100",736,"UGUAGUUUA","5' UTR"
"PY17X_1440200",202,"UGUAGUUUA","5' UTR"
"PY17X_1448100",645,"UGUAGUUUA","5' UTR"
"PY17X_1450600",170,"UGUAGUUUA","5' UTR"
"PY17X_API03000",466,"UGUAGUUUA","5' UTR"
"PY17X_0100033",586,"UGUAGUUUA","CDS"
"PY17X_0110300",99,"UGUAGUUUA","CDS"
"PY17X_0208700",1582,"UGUAGUUUA","CDS"
"PY17X_0223001",586,"UGUAGUUUA","CDS"
"PY17X_0300800",214,"UGUAGUUUA","CDS"
"PY17X_0304700",1441,"UGUAGUUUA","CDS"
"PY17X_0307700",3082,"UGUAGUUUA","CDS"
"PY17X_0312900",586,"UGUAGUUUA","CDS"
"PY17X_0403200",1543,"UGUAGUUUA","CDS"
"PY17X_0414000",1705,"UGUAGUUUA","CDS"
"PY17X_0415700",460,"UGUAGUUUA","CDS"
"PY17X_0415900",3880,"UGUAGUUUA","CDS"
"PY17X_0507600",912,"UGUAGUUUA","CDS"
"PY17X_0509000",997,"UGUAGUUUA","CDS"
"PY17X_0510800",4885,"UGUAGUUUA","CDS"
"PY17X_0522700",112,"UGUAGUUUA","CDS"
"PY17X_0615900",1804,"UGUAGUUUA","CDS"
"PY17X_0704400",1779,"UGUAGUUUA","CDS"
"PY17X_0804300",9900,"UGUAGUUUA","CDS"
"PY17X_0811200",3166,"UGUAGUUUA","CDS"
"PY17X_0815900",19,"UGUAGUUUA","CDS"
"PY17X_0819000",661,"UGUAGUUUA","CDS"
"PY17X_0822500",499,"UGUAGUUUA","CDS"
"PY17X_0830500",1429,"UGUAGUUUA","CDS"
"PY17X_0837200",19,"UGUAGUUUA","CDS"
"PY17X_0909300",120,"UGUAGUUUA","CDS"
"PY17X_0923600",16,"UGUAGUUUA","CDS"
"PY17X_0927900",790,"UGUAGUUUA","CDS"
"PY17X_0937400",414,"UGUAGUUUA","CDS"
"PY17X_0946000",2982,"UGUAGUUUA","CDS"
"PY17X_1004000",343,"UGUAGUUUA","CDS"
"PY17X_1005000",583,"UGUAGUUUA","CDS"
"PY17X_1008100",1030,"UGUAGUUUA","CDS"
"PY17X_1019100",1195,"UGUAGUUUA","CDS"
"PY17X_1026000",1198,"UGUAGUUUA","CDS"
"PY17X_1028500",4549,"UGUAGUUUA","CDS"
"PY17X_1029000",1465,"UGUAGUUUA","CDS"
"PY17X_1034200",480,"UGUAGUUUA","CDS"
"PY17X_1041200",322,"UGUAGUUUA","CDS"
"PY17X_1105700",4837,"UGUAGUUUA","CDS"
"PY17X_1135800",2004,"UGUAGUUUA","CDS"
"PY17X_1142000",609,"UGUAGUUUA","CDS"
"PY17X_1230500",976,"UGUAGUUUA","CDS"
"PY17X_1243100",1468,"UGUAGUUUA","CDS"
"PY17X_1248400",1612,"UGUAGUUUA","CDS"
"PY17X_1310700",1465,"UGUAGUUUA","CDS"
"PY17X_1311400",786,"UGUAGUUUA","CDS"
"PY17X_1317900",364,"UGUAGUUUA","CDS"
"PY17X_1322000",418,"UGUAGUUUA","CDS"
"PY17X_1328300",825,"UGUAGUUUA","CDS"
"PY17X_1334100",544,"UGUAGUUUA","CDS"
"PY17X_1337200",682,"UGUAGUUUA","CDS"
"PY17X_1355900",2008,"UGUAGUUUA","CDS"
"PY17X_1362500",7030,"UGUAGUUUA","CDS"
"PY17X_1363400",298,"UGUAGUUUA","CDS"
"PY17X_1364000",3907,"UGUAGUUUA","CDS"
"PY17X_1367800",3397,"UGUAGUUUA","CDS"
"PY17X_1409600",1879,"UGUAGUUUA","CDS"
"PY17X_1429900",8659,"UGUAGUUUA","CDS"
"PY17X_1448600",2356,"UGUAGUUUA","CDS"
"PY17X_1450700",12076,"UGUAGUUUA","CDS"
"PY17X_1455500",2605,"UGUAGUUUA","CDS"
"PY17X_0100013",618,"UGUAUAAUA","3' UTR"
"PY17X_0100037",529,"UGUAUAAUA","3' UTR"
"PY17X_0100041",652,"UGUAUAAUA","3' UTR"
"PY17X_0100045",497,"UGUAUAAUA","3' UTR"
"PY17X_0100045",620,"UGUAUAAUA","3' UTR"
"PY17X_0103200",32,"UGUAUAAUA","3' UTR"
"PY17X_0104400",347,"UGUAUAAUA","3' UTR"
"PY17X_0104500",37,"UGUAUAAUA","3' UTR"
"PY17X_0108600",376,"UGUAUAAUA","3' UTR"
"PY17X_0111600",176,"UGUAUAAUA","3' UTR"
"PY17X_0111600",443,"UGUAUAAUA","3' UTR"
"PY17X_0116600",462,"UGUAUAAUA","3' UTR"
"PY17X_0117200",661,"UGUAUAAUA","3' UTR"
"PY17X_0117500",635,"UGUAUAAUA","3' UTR"
"PY17X_0117700",524,"UGUAUAAUA","3' UTR"
"PY17X_0200031",680,"UGUAUAAUA","3' UTR"
"PY17X_0200211",658,"UGUAUAAUA","3' UTR"
"PY17X_0200331",251,"UGUAUAAUA","3' UTR"
"PY17X_0200331",602,"UGUAUAAUA","3' UTR"
"PY17X_0200481",471,"UGUAUAAUA","3' UTR"
"PY17X_0201300",667,"UGUAUAAUA","3' UTR"
"PY17X_0201600",512,"UGUAUAAUA","3' UTR"
"PY17X_0202700",425,"UGUAUAAUA","3' UTR"
"PY17X_0203200",108,"UGUAUAAUA","3' UTR"
"PY17X_0203900",460,"UGUAUAAUA","3' UTR"
"PY17X_0210200",142,"UGUAUAAUA","3' UTR"
"PY17X_0210600",42,"UGUAUAAUA","3' UTR"
"PY17X_0211500",551,"UGUAUAAUA","3' UTR"
"PY17X_0213500",664,"UGUAUAAUA","3' UTR"
"PY17X_0213900",617,"UGUAUAAUA","3' UTR"
"PY17X_0217800",470,"UGUAUAAUA","3' UTR"
"PY17X_0219201",613,"UGUAUAAUA","3' UTR"
"PY17X_0219701",610,"UGUAUAAUA","3' UTR"
"PY17X_0220201",659,"UGUAUAAUA","3' UTR"
"PY17X_0221001",607,"UGUAUAAUA","3' UTR"
"PY17X_0221701",640,"UGUAUAAUA","3' UTR"
"PY17X_0222301",541,"UGUAUAAUA","3' UTR"
"PY17X_0301100",353,"UGUAUAAUA","3' UTR"
"PY17X_0302800",384,"UGUAUAAUA","3' UTR"
"PY17X_0305500",173,"UGUAUAAUA","3' UTR"
"PY17X_0313700",298,"UGUAUAAUA","3' UTR"
"PY17X_0317300",648,"UGUAUAAUA","3' UTR"
"PY17X_0318000",520,"UGUAUAAUA","3' UTR"
"PY17X_0320201",251,"UGUAUAAUA","3' UTR"
"PY17X_0320201",602,"UGUAUAAUA","3' UTR"
"PY17X_0320601",660,"UGUAUAAUA","3' UTR"
"PY17X_0321801",610,"UGUAUAAUA","3' UTR"
"PY17X_0400047",606,"UGUAUAAUA","3' UTR"
"PY17X_0400067",670,"UGUAUAAUA","3' UTR"
"PY17X_0400093",652,"UGUAUAAUA","3' UTR"
"PY17X_0405300",33,"UGUAUAAUA","3' UTR"
"PY17X_0411500",274,"UGUAUAAUA","3' UTR"
"PY17X_0412900",113,"UGUAUAAUA","3' UTR"
"PY17X_0414300",648,"UGUAUAAUA","3' UTR"
"PY17X_0415300",515,"UGUAUAAUA","3' UTR"
"PY17X_0417700",292,"UGUAUAAUA","3' UTR"
"PY17X_0421000",192,"UGUAUAAUA","3' UTR"
"PY17X_0421900",493,"UGUAUAAUA","3' UTR"
"PY17X_0422401",463,"UGUAUAAUA","3' UTR"
"PY17X_0422801",662,"UGUAUAAUA","3' UTR"
"PY17X_0500121",535,"UGUAUAAUA","3' UTR"
"PY17X_0500127",584,"UGUAUAAUA","3' UTR"
"PY17X_0500161",291,"UGUAUAAUA","3' UTR"
"PY17X_0500161",550,"UGUAUAAUA","3' UTR"
"PY17X_0500161",673,"UGUAUAAUA","3' UTR"
"PY17X_0500300",652,"UGUAUAAUA","3' UTR"
"PY17X_0502700",195,"UGUAUAAUA","3' UTR"
"PY17X_0502800",87,"UGUAUAAUA","3' UTR"
"PY17X_0503500",330,"UGUAUAAUA","3' UTR"
"PY17X_0504000",444,"UGUAUAAUA","3' UTR"
"PY17X_0505100",498,"UGUAUAAUA","3' UTR"
"PY17X_0505900",616,"UGUAUAAUA","3' UTR"
"PY17X_0507200",58,"UGUAUAAUA","3' UTR"
"PY17X_0509200",82,"UGUAUAAUA","3' UTR"
"PY17X_0518600",326,"UGUAUAAUA","3' UTR"
"PY17X_0521300",250,"UGUAUAAUA","3' UTR"
"PY17X_0521900",70,"UGUAUAAUA","3' UTR"
"PY17X_0524800",226,"UGUAUAAUA","3' UTR"
"PY17X_0526100",434,"UGUAUAAUA","3' UTR"
"PY17X_0527300",544,"UGUAUAAUA","3' UTR"
"PY17X_0528401",658,"UGUAUAAUA","3' UTR"
"PY17X_0600600",617,"UGUAUAAUA","3' UTR"
"PY17X_0600700",617,"UGUAUAAUA","3' UTR"
"PY17X_0601100",617,"UGUAUAAUA","3' UTR"
"PY17X_0601300",645,"UGUAUAAUA","3' UTR"
"PY17X_0601400",628,"UGUAUAAUA","3' UTR"
"PY17X_0601900",501,"UGUAUAAUA","3' UTR"
"PY17X_0602200",653,"UGUAUAAUA","3' UTR"
"PY17X_0605400",619,"UGUAUAAUA","3' UTR"
"PY17X_0606700",606,"UGUAUAAUA","3' UTR"
"PY17X_0607000",332,"UGUAUAAUA","3' UTR"
"PY17X_0607100",255,"UGUAUAAUA","3' UTR"
"PY17X_0609900",199,"UGUAUAAUA","3' UTR"
"PY17X_0610100",518,"UGUAUAAUA","3' UTR"
"PY17X_0610800",406,"UGUAUAAUA","3' UTR"
"PY17X_0611500",324,"UGUAUAAUA","3' UTR"
"PY17X_0611700",428,"UGUAUAAUA","3' UTR"
"PY17X_0613900",185,"UGUAUAAUA","3' UTR"
"PY17X_0614000",662,"UGUAUAAUA","3' UTR"
"PY17X_0615600",559,"UGUAUAAUA","3' UTR"
"PY17X_0615800",369,"UGUAUAAUA","3' UTR"
"PY17X_0617600",40,"UGUAUAAUA","3' UTR"
"PY17X_0621900",403,"UGUAUAAUA","3' UTR"
"PY17X_0626600",158,"UGUAUAAUA","3' UTR"
"PY17X_0627000",250,"UGUAUAAUA","3' UTR"
"PY17X_0700055",633,"UGUAUAAUA","3' UTR"
"PY17X_0700085",470,"UGUAUAAUA","3' UTR"
"PY17X_0701171",219,"UGUAUAAUA","3' UTR"
"PY17X_0702500",347,"UGUAUAAUA","3' UTR"
"PY17X_0705000",415,"UGUAUAAUA","3' UTR"
"PY17X_0709500",604,"UGUAUAAUA","3' UTR"
"PY17X_0710500",358,"UGUAUAAUA","3' UTR"
"PY17X_0710500",367,"UGUAUAAUA","3' UTR"
"PY17X_0712300",539,"UGUAUAAUA","3' UTR"
"PY17X_0715600",329,"UGUAUAAUA","3' UTR"
"PY17X_0716600",127,"UGUAUAAUA","3' UTR"
"PY17X_0716600",215,"UGUAUAAUA","3' UTR"
"PY17X_0721900",19,"UGUAUAAUA","3' UTR"
"PY17X_0800071",560,"UGUAUAAUA","3' UTR"
"PY17X_0800081",635,"UGUAUAAUA","3' UTR"
"PY17X_0800700",630,"UGUAUAAUA","3' UTR"
"PY17X_0800800",661,"UGUAUAAUA","3' UTR"
"PY17X_0803000",594,"UGUAUAAUA","3' UTR"
"PY17X_0803400",479,"UGUAUAAUA","3' UTR"
"PY17X_0805000",223,"UGUAUAAUA","3' UTR"
"PY17X_0805900",536,"UGUAUAAUA","3' UTR"
"PY17X_0808200",277,"UGUAUAAUA","3' UTR"
"PY17X_0811000",447,"UGUAUAAUA","3' UTR"
"PY17X_0811300",560,"UGUAUAAUA","3' UTR"
"PY17X_0814000",320,"UGUAUAAUA","3' UTR"
"PY17X_0818100",529,"UGUAUAAUA","3' UTR"
"PY17X_0818600",18,"UGUAUAAUA","3' UTR"
"PY17X_0824100",59,"UGUAUAAUA","3' UTR"
"PY17X_0824600",574,"UGUAUAAUA","3' UTR"
"PY17X_0825900",208,"UGUAUAAUA","3' UTR"
"PY17X_0826200",522,"UGUAUAAUA","3' UTR"
"PY17X_0828200",247,"UGUAUAAUA","3' UTR"
"PY17X_0831300",661,"UGUAUAAUA","3' UTR"
"PY17X_0833000",254,"UGUAUAAUA","3' UTR"
"PY17X_0833700",131,"UGUAUAAUA","3' UTR"
"PY17X_0834900",426,"UGUAUAAUA","3' UTR"
"PY17X_0840600",554,"UGUAUAAUA","3' UTR"
"PY17X_0841000",553,"UGUAUAAUA","3' UTR"
"PY17X_0842401",474,"UGUAUAAUA","3' UTR"
"PY17X_0842901",617,"UGUAUAAUA","3' UTR"
"PY17X_0845201",563,"UGUAUAAUA","3' UTR"
"PY17X_0846601",678,"UGUAUAAUA","3' UTR"
"PY17X_0847501",618,"UGUAUAAUA","3' UTR"
"PY17X_0900019",475,"UGUAUAAUA","3' UTR"
"PY17X_0900043",431,"UGUAUAAUA","3' UTR"
"PY17X_0900091",497,"UGUAUAAUA","3' UTR"
"PY17X_0900091",620,"UGUAUAAUA","3' UTR"
"PY17X_0904300",313,"UGUAUAAUA","3' UTR"
"PY17X_0904700",667,"UGUAUAAUA","3' UTR"
"PY17X_0905600",604,"UGUAUAAUA","3' UTR"
"PY17X_0909700",508,"UGUAUAAUA","3' UTR"
"PY17X_0911500",392,"UGUAUAAUA","3' UTR"
"PY17X_0912200",13,"UGUAUAAUA","3' UTR"
"PY17X_0915300",522,"UGUAUAAUA","3' UTR"
"PY17X_0915600",264,"UGUAUAAUA","3' UTR"
"PY17X_0917000",69,"UGUAUAAUA","3' UTR"
"PY17X_0919700",34,"UGUAUAAUA","3' UTR"
"PY17X_0921600",406,"UGUAUAAUA","3' UTR"
"PY17X_0923400",399,"UGUAUAAUA","3' UTR"
"PY17X_0924800",11,"UGUAUAAUA","3' UTR"
"PY17X_0930300",521,"UGUAUAAUA","3' UTR"
"PY17X_0931400",591,"UGUAUAAUA","3' UTR"
"PY17X_0932400",88,"UGUAUAAUA","3' UTR"
"PY17X_0932800",352,"UGUAUAAUA","3' UTR"
"PY17X_0936000",581,"UGUAUAAUA","3' UTR"
"PY17X_0936200",324,"UGUAUAAUA","3' UTR"
"PY17X_0937800",326,"UGUAUAAUA","3' UTR"
"PY17X_0941200",136,"UGUAUAAUA","3' UTR"
"PY17X_0941200",572,"UGUAUAAUA","3' UTR"
"PY17X_0942400",540,"UGUAUAAUA","3' UTR"
"PY17X_0942800",187,"UGUAUAAUA","3' UTR"
"PY17X_0947601",474,"UGUAUAAUA","3' UTR"
"PY17X_0948001",528,"UGUAUAAUA","3' UTR"
"PY17X_0948301",535,"UGUAUAAUA","3' UTR"
"PY17X_0948501",617,"UGUAUAAUA","3' UTR"
"PY17X_0950001",543,"UGUAUAAUA","3' UTR"
"PY17X_1000055",497,"UGUAUAAUA","3' UTR"
"PY17X_1000055",620,"UGUAUAAUA","3' UTR"
"PY17X_1000200",641,"UGUAUAAUA","3' UTR"
"PY17X_1000400",540,"UGUAUAAUA","3' UTR"
"PY17X_1002100",572,"UGUAUAAUA","3' UTR"
"PY17X_1002600",420,"UGUAUAAUA","3' UTR"
"PY17X_1002600",616,"UGUAUAAUA","3' UTR"
"PY17X_1003900",357,"UGUAUAAUA","3' UTR"
"PY17X_1007600",72,"UGUAUAAUA","3' UTR"
"PY17X_1011000",276,"UGUAUAAUA","3' UTR"
"PY17X_1014600",403,"UGUAUAAUA","3' UTR"
"PY17X_1015200",305,"UGUAUAAUA","3' UTR"
"PY17X_1018400",533,"UGUAUAAUA","3' UTR"
"PY17X_1019400",248,"UGUAUAAUA","3' UTR"
"PY17X_1020400",603,"UGUAUAAUA","3' UTR"
"PY17X_1023100",452,"UGUAUAAUA","3' UTR"
"PY17X_1023600",170,"UGUAUAAUA","3' UTR"
"PY17X_1030400",332,"UGUAUAAUA","3' UTR"
"PY17X_1031200",323,"UGUAUAAUA","3' UTR"
"PY17X_1031900",342,"UGUAUAAUA","3' UTR"
"PY17X_1036400",92,"UGUAUAAUA","3' UTR"
"PY17X_1039800",528,"UGUAUAAUA","3' UTR"
"PY17X_1040100",544,"UGUAUAAUA","3' UTR"
"PY17X_1040400",536,"UGUAUAAUA","3' UTR"
"PY17X_1042000",124,"UGUAUAAUA","3' UTR"
"PY17X_1042500",553,"UGUAUAAUA","3' UTR"
"PY17X_1046801",677,"UGUAUAAUA","3' UTR"
"PY17X_1047001",637,"UGUAUAAUA","3' UTR"
"PY17X_1047401",621,"UGUAUAAUA","3' UTR"
"PY17X_1048701",644,"UGUAUAAUA","3' UTR"
"PY17X_1051401",251,"UGUAUAAUA","3' UTR"
"PY17X_1051401",602,"UGUAUAAUA","3' UTR"
"PY17X_1100005",679,"UGUAUAAUA","3' UTR"
"PY17X_1100035",620,"UGUAUAAUA","3' UTR"
"PY17X_1100075",629,"UGUAUAAUA","3' UTR"
"PY17X_1100081",639,"UGUAUAAUA","3' UTR"
"PY17X_1100083",616,"UGUAUAAUA","3' UTR"
"PY17X_1100089",563,"UGUAUAAUA","3' UTR"
"PY17X_1100151",672,"UGUAUAAUA","3' UTR"
"PY17X_1101700",511,"UGUAUAAUA","3' UTR"
"PY17X_1102200",53,"UGUAUAAUA","3' UTR"
"PY17X_1104500",78,"UGUAUAAUA","3' UTR"
"PY17X_1105000",636,"UGUAUAAUA","3' UTR"
"PY17X_1110700",91,"UGUAUAAUA","3' UTR"
"PY17X_1112400",440,"UGUAUAAUA","3' UTR"
"PY17X_1112900",51,"UGUAUAAUA","3' UTR"
"PY17X_1115000",478,"UGUAUAAUA","3' UTR"
"PY17X_1122400",485,"UGUAUAAUA","3' UTR"
"PY17X_1125000",67,"UGUAUAAUA","3' UTR"
"PY17X_1125200",276,"UGUAUAAUA","3' UTR"
"PY17X_1136600",581,"UGUAUAAUA","3' UTR"
"PY17X_1136900",405,"UGUAUAAUA","3' UTR"
"PY17X_1139700",258,"UGUAUAAUA","3' UTR"
"PY17X_1140700",535,"UGUAUAAUA","3' UTR"
"PY17X_1140800",512,"UGUAUAAUA","3' UTR"
"PY17X_1141900",549,"UGUAUAAUA","3' UTR"
"PY17X_1142400",646,"UGUAUAAUA","3' UTR"
"PY17X_1143100",365,"UGUAUAAUA","3' UTR"
"PY17X_1143200",293,"UGUAUAAUA","3' UTR"
"PY17X_1143200",307,"UGUAUAAUA","3' UTR"
"PY17X_1147800",229,"UGUAUAAUA","3' UTR"
"PY17X_1150400",282,"UGUAUAAUA","3' UTR"
"PY17X_1200043",671,"UGUAUAAUA","3' UTR"
"PY17X_1200077",615,"UGUAUAAUA","3' UTR"
"PY17X_1200191",652,"UGUAUAAUA","3' UTR"
"PY17X_1201000",312,"UGUAUAAUA","3' UTR"
"PY17X_1201000",678,"UGUAUAAUA","3' UTR"
"PY17X_1207600",383,"UGUAUAAUA","3' UTR"
"PY17X_1209100",463,"UGUAUAAUA","3' UTR"
"PY17X_1214500",290,"UGUAUAAUA","3' UTR"
"PY17X_1214900",674,"UGUAUAAUA","3' UTR"
"PY17X_1215000",384,"UGUAUAAUA","3' UTR"
"PY17X_1215700",397,"UGUAUAAUA","3' UTR"
"PY17X_1216100",667,"UGUAUAAUA","3' UTR"
"PY17X_1218600",513,"UGUAUAAUA","3' UTR"
"PY17X_1220400",612,"UGUAUAAUA","3' UTR"
"PY17X_1222200",262,"UGUAUAAUA","3' UTR"
"PY17X_1224300",11,"UGUAUAAUA","3' UTR"
"PY17X_1225000",375,"UGUAUAAUA","3' UTR"
"PY17X_1225600",120,"UGUAUAAUA","3' UTR"
"PY17X_1226900",521,"UGUAUAAUA","3' UTR"
"PY17X_1228900",131,"UGUAUAAUA","3' UTR"
"PY17X_1230400",426,"UGUAUAAUA","3' UTR"
"PY17X_1231700",222,"UGUAUAAUA","3' UTR"
"PY17X_1231700",255,"UGUAUAAUA","3' UTR"
"PY17X_1232200",455,"UGUAUAAUA","3' UTR"
"PY17X_1232400",274,"UGUAUAAUA","3' UTR"
"PY17X_1232700",21,"UGUAUAAUA","3' UTR"
"PY17X_1234300",80,"UGUAUAAUA","3' UTR"
"PY17X_1237500",181,"UGUAUAAUA","3' UTR"
"PY17X_1239400",353,"UGUAUAAUA","3' UTR"
"PY17X_1239600",375,"UGUAUAAUA","3' UTR"
"PY17X_1241900",376,"UGUAUAAUA","3' UTR"
"PY17X_1242700",648,"UGUAUAAUA","3' UTR"
"PY17X_1243000",373,"UGUAUAAUA","3' UTR"
"PY17X_1244200",587,"UGUAUAAUA","3' UTR"
"PY17X_1246800",278,"UGUAUAAUA","3' UTR"
"PY17X_1300007",271,"UGUAUAAUA","3' UTR"
"PY17X_1300055",475,"UGUAUAAUA","3' UTR"
"PY17X_1300153",530,"UGUAUAAUA","3' UTR"
"PY17X_1302900",254,"UGUAUAAUA","3' UTR"
"PY17X_1307900",30,"UGUAUAAUA","3' UTR"
"PY17X_1308900",486,"UGUAUAAUA","3' UTR"
"PY17X_1309200",299,"UGUAUAAUA","3' UTR"
"PY17X_1310000",98,"UGUAUAAUA","3' UTR"
"PY17X_1312400",505,"UGUAUAAUA","3' UTR"
"PY17X_1316200",357,"UGUAUAAUA","3' UTR"
"PY17X_1319400",92,"UGUAUAAUA","3' UTR"
"PY17X_1320100",190,"UGUAUAAUA","3' UTR"
"PY17X_1320200",522,"UGUAUAAUA","3' UTR"
"PY17X_1321100",548,"UGUAUAAUA","3' UTR"
"PY17X_1322000",451,"UGUAUAAUA","3' UTR"
"PY17X_1325800",591,"UGUAUAAUA","3' UTR"
"PY17X_1326000",385,"UGUAUAAUA","3' UTR"
"PY17X_1328900",180,"UGUAUAAUA","3' UTR"
"PY17X_1328900",333,"UGUAUAAUA","3' UTR"
"PY17X_1330500",540,"UGUAUAAUA","3' UTR"
"PY17X_1330900",83,"UGUAUAAUA","3' UTR"
"PY17X_1332000",77,"UGUAUAAUA","3' UTR"
"PY17X_1336100",496,"UGUAUAAUA","3' UTR"
"PY17X_1337000",650,"UGUAUAAUA","3' UTR"
"PY17X_1337400",90,"UGUAUAAUA","3' UTR"
"PY17X_1339200",560,"UGUAUAAUA","3' UTR"
"PY17X_1341300",639,"UGUAUAAUA","3' UTR"
"PY17X_1342200",455,"UGUAUAAUA","3' UTR"
"PY17X_1343200",270,"UGUAUAAUA","3' UTR"
"PY17X_1343300",310,"UGUAUAAUA","3' UTR"
"PY17X_1345800",185,"UGUAUAAUA","3' UTR"
"PY17X_1347200",599,"UGUAUAAUA","3' UTR"
"PY17X_1349700",619,"UGUAUAAUA","3' UTR"
"PY17X_1351200",466,"UGUAUAAUA","3' UTR"
"PY17X_1352400",270,"UGUAUAAUA","3' UTR"
"PY17X_1355600",22,"UGUAUAAUA","3' UTR"
"PY17X_1355600",58,"UGUAUAAUA","3' UTR"
"PY17X_1355900",334,"UGUAUAAUA","3' UTR"
"PY17X_1357500",268,"UGUAUAAUA","3' UTR"
"PY17X_1357700",614,"UGUAUAAUA","3' UTR"
"PY17X_1361400",92,"UGUAUAAUA","3' UTR"
"PY17X_1364900",579,"UGUAUAAUA","3' UTR"
"PY17X_1369700",150,"UGUAUAAUA","3' UTR"
"PY17X_1369900",675,"UGUAUAAUA","3' UTR"
"PY17X_1372400",467,"UGUAUAAUA","3' UTR"
"PY17X_1374000",652,"UGUAUAAUA","3' UTR"
"PY17X_1400059",547,"UGUAUAAUA","3' UTR"
"PY17X_1400059",669,"UGUAUAAUA","3' UTR"
"PY17X_1401000",662,"UGUAUAAUA","3' UTR"
"PY17X_1405400",569,"UGUAUAAUA","3' UTR"
"PY17X_1405600",532,"UGUAUAAUA","3' UTR"
"PY17X_1406100",186,"UGUAUAAUA","3' UTR"
"PY17X_1408500",484,"UGUAUAAUA","3' UTR"
"PY17X_1410200",296,"UGUAUAAUA","3' UTR"
"PY17X_1410900",339,"UGUAUAAUA","3' UTR"
"PY17X_1411700",243,"UGUAUAAUA","3' UTR"
"PY17X_1414700",514,"UGUAUAAUA","3' UTR"
"PY17X_1417700",240,"UGUAUAAUA","3' UTR"
"PY17X_1420800",216,"UGUAUAAUA","3' UTR"
"PY17X_1421800",383,"UGUAUAAUA","3' UTR"
"PY17X_1423900",372,"UGUAUAAUA","3' UTR"
"PY17X_1425100",603,"UGUAUAAUA","3' UTR"
"PY17X_1425600",221,"UGUAUAAUA","3' UTR"
"PY17X_1429700",402,"UGUAUAAUA","3' UTR"
"PY17X_1432300",512,"UGUAUAAUA","3' UTR"
"PY17X_1433200",322,"UGUAUAAUA","3' UTR"
"PY17X_1435500",326,"UGUAUAAUA","3' UTR"
"PY17X_1436100",118,"UGUAUAAUA","3' UTR"
"PY17X_1436400",464,"UGUAUAAUA","3' UTR"
"PY17X_1438800",585,"UGUAUAAUA","3' UTR"
"PY17X_1438900",454,"UGUAUAAUA","3' UTR"
"PY17X_1442900",259,"UGUAUAAUA","3' UTR"
"PY17X_1443700",269,"UGUAUAAUA","3' UTR"
"PY17X_1445800",465,"UGUAUAAUA","3' UTR"
"PY17X_1446200",438,"UGUAUAAUA","3' UTR"
"PY17X_1446300",232,"UGUAUAAUA","3' UTR"
"PY17X_1446600",588,"UGUAUAAUA","3' UTR"
"PY17X_1459000",456,"UGUAUAAUA","3' UTR"
"PY17X_1460400",219,"UGUAUAAUA","3' UTR"
"PY17X_1463900",429,"UGUAUAAUA","3' UTR"
"PY17X_1469601",551,"UGUAUAAUA","3' UTR"
"PY17X_1470701",675,"UGUAUAAUA","3' UTR"
"PY17X_1471901",666,"UGUAUAAUA","3' UTR"
"PY17X_1472401",631,"UGUAUAAUA","3' UTR"
"PY17X_1472501",640,"UGUAUAAUA","3' UTR"
"PY17X_1473001",431,"UGUAUAAUA","3' UTR"
"PY17X_API03700",529,"UGUAUAAUA","3' UTR"
"PY17X_0101800",782,"UGUAUAAUA","5' UTR"
"PY17X_0103900",313,"UGUAUAAUA","5' UTR"
"PY17X_0104000",431,"UGUAUAAUA","5' UTR"
"PY17X_0105300",213,"UGUAUAAUA","5' UTR"
"PY17X_0107700",674,"UGUAUAAUA","5' UTR"
"PY17X_0108700",215,"UGUAUAAUA","5' UTR"
"PY17X_0109600",757,"UGUAUAAUA","5' UTR"
"PY17X_0109800",654,"UGUAUAAUA","5' UTR"
"PY17X_0110500",189,"UGUAUAAUA","5' UTR"
"PY17X_0110600",397,"UGUAUAAUA","5' UTR"
"PY17X_0110700",87,"UGUAUAAUA","5' UTR"
"PY17X_0111100",397,"UGUAUAAUA","5' UTR"
"PY17X_0113000",241,"UGUAUAAUA","5' UTR"
"PY17X_0117700",653,"UGUAUAAUA","5' UTR"
"PY17X_0118501",652,"UGUAUAAUA","5' UTR"
"PY17X_0118601",141,"UGUAUAAUA","5' UTR"
"PY17X_0200361",626,"UGUAUAAUA","5' UTR"
"PY17X_0200481",509,"UGUAUAAUA","5' UTR"
"PY17X_0203300",794,"UGUAUAAUA","5' UTR"
"PY17X_0203500",475,"UGUAUAAUA","5' UTR"
"PY17X_0204000",570,"UGUAUAAUA","5' UTR"
"PY17X_0206200",452,"UGUAUAAUA","5' UTR"
"PY17X_0206600",62,"UGUAUAAUA","5' UTR"
"PY17X_0208400",736,"UGUAUAAUA","5' UTR"
"PY17X_0209100",345,"UGUAUAAUA","5' UTR"
"PY17X_0209900",666,"UGUAUAAUA","5' UTR"
"PY17X_0209900",723,"UGUAUAAUA","5' UTR"
"PY17X_0211600",282,"UGUAUAAUA","5' UTR"
"PY17X_0214100",692,"UGUAUAAUA","5' UTR"
"PY17X_0214800",127,"UGUAUAAUA","5' UTR"
"PY17X_0216300",278,"UGUAUAAUA","5' UTR"
"PY17X_0217300",509,"UGUAUAAUA","5' UTR"
"PY17X_0217551",447,"UGUAUAAUA","5' UTR"
"PY17X_0217800",509,"UGUAUAAUA","5' UTR"
"PY17X_0303500",317,"UGUAUAAUA","5' UTR"
"PY17X_0306200",165,"UGUAUAAUA","5' UTR"
"PY17X_0307300",402,"UGUAUAAUA","5' UTR"
"PY17X_0310200",192,"UGUAUAAUA","5' UTR"
"PY17X_0310200",531,"UGUAUAAUA","5' UTR"
"PY17X_0314300",105,"UGUAUAAUA","5' UTR"
"PY17X_0317200",30,"UGUAUAAUA","5' UTR"
"PY17X_0317300",44,"UGUAUAAUA","5' UTR"
"PY17X_0318000",495,"UGUAUAAUA","5' UTR"
"PY17X_0400039",653,"UGUAUAAUA","5' UTR"
"PY17X_0400079",652,"UGUAUAAUA","5' UTR"
"PY17X_0400097",653,"UGUAUAAUA","5' UTR"
"PY17X_0400700",653,"UGUAUAAUA","5' UTR"
"PY17X_0403700",208,"UGUAUAAUA","5' UTR"
"PY17X_0404000",216,"UGUAUAAUA","5' UTR"
"PY17X_0409700",722,"UGUAUAAUA","5' UTR"
"PY17X_0409900",88,"UGUAUAAUA","5' UTR"
"PY17X_0410600",261,"UGUAUAAUA","5' UTR"
"PY17X_0412900",102,"UGUAUAAUA","5' UTR"
"PY17X_0414200",465,"UGUAUAAUA","5' UTR"
"PY17X_0419300",319,"UGUAUAAUA","5' UTR"
"PY17X_0419400",720,"UGUAUAAUA","5' UTR"
"PY17X_0420500",701,"UGUAUAAUA","5' UTR"
"PY17X_0422401",509,"UGUAUAAUA","5' UTR"
"PY17X_0500051",114,"UGUAUAAUA","5' UTR"
"PY17X_0503100",256,"UGUAUAAUA","5' UTR"
"PY17X_0505000",406,"UGUAUAAUA","5' UTR"
"PY17X_0506000",34,"UGUAUAAUA","5' UTR"
"PY17X_0507100",174,"UGUAUAAUA","5' UTR"
"PY17X_0507900",527,"UGUAUAAUA","5' UTR"
"PY17X_0510300",684,"UGUAUAAUA","5' UTR"
"PY17X_0512200",269,"UGUAUAAUA","5' UTR"
"PY17X_0515100",345,"UGUAUAAUA","5' UTR"
"PY17X_0516100",662,"UGUAUAAUA","5' UTR"
"PY17X_0516400",672,"UGUAUAAUA","5' UTR"
"PY17X_0518700",331,"UGUAUAAUA","5' UTR"
"PY17X_0519200",262,"UGUAUAAUA","5' UTR"
"PY17X_0519900",14,"UGUAUAAUA","5' UTR"
"PY17X_0521800",227,"UGUAUAAUA","5' UTR"
"PY17X_0522100",523,"UGUAUAAUA","5' UTR"
"PY17X_0525300",12,"UGUAUAAUA","5' UTR"
"PY17X_0527200",651,"UGUAUAAUA","5' UTR"
"PY17X_0528301",83,"UGUAUAAUA","5' UTR"
"PY17X_0600121",114,"UGUAUAAUA","5' UTR"
"PY17X_0600151",653,"UGUAUAAUA","5' UTR"
"PY17X_0601900",495,"UGUAUAAUA","5' UTR"
"PY17X_0607100",144,"UGUAUAAUA","5' UTR"
"PY17X_0610700",33,"UGUAUAAUA","5' UTR"
"PY17X_0610900",236,"UGUAUAAUA","5' UTR"
"PY17X_0611600",276,"UGUAUAAUA","5' UTR"
"PY17X_0612600",452,"UGUAUAAUA","5' UTR"
"PY17X_0614000",335,"UGUAUAAUA","5' UTR"
"PY17X_0614700",214,"UGUAUAAUA","5' UTR"
"PY17X_0614700",428,"UGUAUAAUA","5' UTR"
"PY17X_0616300",527,"UGUAUAAUA","5' UTR"
"PY17X_0616700",288,"UGUAUAAUA","5' UTR"
"PY17X_0616700",349,"UGUAUAAUA","5' UTR"
"PY17X_0616700",362,"UGUAUAAUA","5' UTR"
"PY17X_0621800",440,"UGUAUAAUA","5' UTR"
"PY17X_0626000",518,"UGUAUAAUA","5' UTR"
"PY17X_0700021",547,"UGUAUAAUA","5' UTR"
"PY17X_0700033",656,"UGUAUAAUA","5' UTR"
"PY17X_0700049",654,"UGUAUAAUA","5' UTR"
"PY17X_0700085",533,"UGUAUAAUA","5' UTR"
"PY17X_0701000",157,"UGUAUAAUA","5' UTR"
"PY17X_0701200",435,"UGUAUAAUA","5' UTR"
"PY17X_0704900",81,"UGUAUAAUA","5' UTR"
"PY17X_0705900",287,"UGUAUAAUA","5' UTR"
"PY17X_0710400",10,"UGUAUAAUA","5' UTR"
"PY17X_0710400",19,"UGUAUAAUA","5' UTR"
"PY17X_0712400",539,"UGUAUAAUA","5' UTR"
"PY17X_0715200",507,"UGUAUAAUA","5' UTR"
"PY17X_0716400",265,"UGUAUAAUA","5' UTR"
"PY17X_0719200",522,"UGUAUAAUA","5' UTR"
"PY17X_0720700",384,"UGUAUAAUA","5' UTR"
"PY17X_0800011",653,"UGUAUAAUA","5' UTR"
"PY17X_0802900",445,"UGUAUAAUA","5' UTR"
"PY17X_0803500",456,"UGUAUAAUA","5' UTR"
"PY17X_0803900",416,"UGUAUAAUA","5' UTR"
"PY17X_0804100",62,"UGUAUAAUA","5' UTR"
"PY17X_0805000",631,"UGUAUAAUA","5' UTR"
"PY17X_0808600",267,"UGUAUAAUA","5' UTR"
"PY17X_0810600",537,"UGUAUAAUA","5' UTR"
"PY17X_0816200",549,"UGUAUAAUA","5' UTR"
"PY17X_0819300",531,"UGUAUAAUA","5' UTR"
"PY17X_0824100",439,"UGUAUAAUA","5' UTR"
"PY17X_0824200",399,"UGUAUAAUA","5' UTR"
"PY17X_0824700",27,"UGUAUAAUA","5' UTR"
"PY17X_0828300",515,"UGUAUAAUA","5' UTR"
"PY17X_0829300",525,"UGUAUAAUA","5' UTR"
"PY17X_0830400",241,"UGUAUAAUA","5' UTR"
"PY17X_0831400",47,"UGUAUAAUA","5' UTR"
"PY17X_0831900",122,"UGUAUAAUA","5' UTR"
"PY17X_0832100",782,"UGUAUAAUA","5' UTR"
"PY17X_0833100",304,"UGUAUAAUA","5' UTR"
"PY17X_0835000",370,"UGUAUAAUA","5' UTR"
"PY17X_0835000",749,"UGUAUAAUA","5' UTR"
"PY17X_0835200",567,"UGUAUAAUA","5' UTR"
"PY17X_0837700",712,"UGUAUAAUA","5' UTR"
"PY17X_0842401",533,"UGUAUAAUA","5' UTR"
"PY17X_0843101",653,"UGUAUAAUA","5' UTR"
"PY17X_0846701",495,"UGUAUAAUA","5' UTR"
"PY17X_0900019",509,"UGUAUAAUA","5' UTR"
"PY17X_0900065",653,"UGUAUAAUA","5' UTR"
"PY17X_0901200",654,"UGUAUAAUA","5' UTR"
"PY17X_0902900",36,"UGUAUAAUA","5' UTR"
"PY17X_0904400",133,"UGUAUAAUA","5' UTR"
"PY17X_0904800",97,"UGUAUAAUA","5' UTR"
"PY17X_0905800",583,"UGUAUAAUA","5' UTR"
"PY17X_0906100",569,"UGUAUAAUA","5' UTR"
"PY17X_0906500",744,"UGUAUAAUA","5' UTR"
"PY17X_0912900",297,"UGUAUAAUA","5' UTR"
"PY17X_0913200",162,"UGUAUAAUA","5' UTR"
"PY17X_0913900",624,"UGUAUAAUA","5' UTR"
"PY17X_0923400",52,"UGUAUAAUA","5' UTR"
"PY17X_0924100",75,"UGUAUAAUA","5' UTR"
"PY17X_0925500",565,"UGUAUAAUA","5' UTR"
"PY17X_0927400",451,"UGUAUAAUA","5' UTR"
"PY17X_0930200",113,"UGUAUAAUA","5' UTR"
"PY17X_0931500",209,"UGUAUAAUA","5' UTR"
"PY17X_0932600",116,"UGUAUAAUA","5' UTR"
"PY17X_0934300",577,"UGUAUAAUA","5' UTR"
"PY17X_0935900",519,"UGUAUAAUA","5' UTR"
"PY17X_0936200",365,"UGUAUAAUA","5' UTR"
"PY17X_0936500",11,"UGUAUAAUA","5' UTR"
"PY17X_0937700",593,"UGUAUAAUA","5' UTR"
"PY17X_0947601",509,"UGUAUAAUA","5' UTR"
"PY17X_0949201",653,"UGUAUAAUA","5' UTR"
"PY17X_0950001",614,"UGUAUAAUA","5' UTR"
"PY17X_1000093",653,"UGUAUAAUA","5' UTR"
"PY17X_1000400",490,"UGUAUAAUA","5' UTR"
"PY17X_1000900",495,"UGUAUAAUA","5' UTR"
"PY17X_1001500",782,"UGUAUAAUA","5' UTR"
"PY17X_1002200",499,"UGUAUAAUA","5' UTR"
"PY17X_1003400",661,"UGUAUAAUA","5' UTR"
"PY17X_1003800",309,"UGUAUAAUA","5' UTR"
"PY17X_1005100",81,"UGUAUAAUA","5' UTR"
"PY17X_1006700",133,"UGUAUAAUA","5' UTR"
"PY17X_1011800",112,"UGUAUAAUA","5' UTR"
"PY17X_1011800",340,"UGUAUAAUA","5' UTR"
"PY17X_1013600",508,"UGUAUAAUA","5' UTR"
"PY17X_1017900",418,"UGUAUAAUA","5' UTR"
"PY17X_1019500",309,"UGUAUAAUA","5' UTR"
"PY17X_1020300",436,"UGUAUAAUA","5' UTR"
"PY17X_1020600",229,"UGUAUAAUA","5' UTR"
"PY17X_1020900",565,"UGUAUAAUA","5' UTR"
"PY17X_1022300",255,"UGUAUAAUA","5' UTR"
"PY17X_1023000",307,"UGUAUAAUA","5' UTR"
"PY17X_1023800",717,"UGUAUAAUA","5' UTR"
"PY17X_1023900",594,"UGUAUAAUA","5' UTR"
"PY17X_1025700",314,"UGUAUAAUA","5' UTR"
"PY17X_1025700",428,"UGUAUAAUA","5' UTR"
"PY17X_1025900",538,"UGUAUAAUA","5' UTR"
"PY17X_1027500",498,"UGUAUAAUA","5' UTR"
"PY17X_1027800",410,"UGUAUAAUA","5' UTR"
"PY17X_1029800",178,"UGUAUAAUA","5' UTR"
"PY17X_1030300",331,"UGUAUAAUA","5' UTR"
"PY17X_1030900",644,"UGUAUAAUA","5' UTR"
"PY17X_1032500",773,"UGUAUAAUA","5' UTR"
"PY17X_1032700",478,"UGUAUAAUA","5' UTR"
"PY17X_1033400",253,"UGUAUAAUA","5' UTR"
"PY17X_1034000",509,"UGUAUAAUA","5' UTR"
"PY17X_1034100",153,"UGUAUAAUA","5' UTR"
"PY17X_1036300",524,"UGUAUAAUA","5' UTR"
"PY17X_1036600",578,"UGUAUAAUA","5' UTR"
"PY17X_1039900",431,"UGUAUAAUA","5' UTR"
"PY17X_1040000",452,"UGUAUAAUA","5' UTR"
"PY17X_1041600",39,"UGUAUAAUA","5' UTR"
"PY17X_1041800",264,"UGUAUAAUA","5' UTR"
"PY17X_1041800",470,"UGUAUAAUA","5' UTR"
"PY17X_1044300",653,"UGUAUAAUA","5' UTR"
"PY17X_1045100",652,"UGUAUAAUA","5' UTR"
"PY17X_1046701",655,"UGUAUAAUA","5' UTR"
"PY17X_1047001",653,"UGUAUAAUA","5' UTR"
"PY17X_1049801",625,"UGUAUAAUA","5' UTR"
"PY17X_1100003",495,"UGUAUAAUA","5' UTR"
"PY17X_1100085",653,"UGUAUAAUA","5' UTR"
"PY17X_1102200",292,"UGUAUAAUA","5' UTR"
"PY17X_1104000",112,"UGUAUAAUA","5' UTR"
"PY17X_1104400",111,"UGUAUAAUA","5' UTR"
"PY17X_1106000",342,"UGUAUAAUA","5' UTR"
"PY17X_1106800",289,"UGUAUAAUA","5' UTR"
"PY17X_1107200",337,"UGUAUAAUA","5' UTR"
"PY17X_1107900",74,"UGUAUAAUA","5' UTR"
"PY17X_1111700",134,"UGUAUAAUA","5' UTR"
"PY17X_1112800",135,"UGUAUAAUA","5' UTR"
"PY17X_1114200",540,"UGUAUAAUA","5' UTR"
"PY17X_1115100",423,"UGUAUAAUA","5' UTR"
"PY17X_1118600",202,"UGUAUAAUA","5' UTR"
"PY17X_1119700",724,"UGUAUAAUA","5' UTR"
"PY17X_1121700",284,"UGUAUAAUA","5' UTR"
"PY17X_1122000",471,"UGUAUAAUA","5' UTR"
"PY17X_1123000",37,"UGUAUAAUA","5' UTR"
"PY17X_1124500",353,"UGUAUAAUA","5' UTR"
"PY17X_1126300",619,"UGUAUAAUA","5' UTR"
"PY17X_1127400",746,"UGUAUAAUA","5' UTR"
"PY17X_1130000",435,"UGUAUAAUA","5' UTR"
"PY17X_1130100",371,"UGUAUAAUA","5' UTR"
"PY17X_1130800",104,"UGUAUAAUA","5' UTR"
"PY17X_1131000",521,"UGUAUAAUA","5' UTR"
"PY17X_1131000",536,"UGUAUAAUA","5' UTR"
"PY17X_1133500",528,"UGUAUAAUA","5' UTR"
"PY17X_1135900",65,"UGUAUAAUA","5' UTR"
"PY17X_1135900",74,"UGUAUAAUA","5' UTR"
"PY17X_1136600",216,"UGUAUAAUA","5' UTR"
"PY17X_1138200",573,"UGUAUAAUA","5' UTR"
"PY17X_1143100",160,"UGUAUAAUA","5' UTR"
"PY17X_1144000",270,"UGUAUAAUA","5' UTR"
"PY17X_1144200",337,"UGUAUAAUA","5' UTR"
"PY17X_1145400",596,"UGUAUAAUA","5' UTR"
"PY17X_1146900",446,"UGUAUAAUA","5' UTR"
"PY17X_1147900",199,"UGUAUAAUA","5' UTR"
"PY17X_1149000",653,"UGUAUAAUA","5' UTR"
"PY17X_1200087",653,"UGUAUAAUA","5' UTR"
"PY17X_1200300",653,"UGUAUAAUA","5' UTR"
"PY17X_1203700",792,"UGUAUAAUA","5' UTR"
"PY17X_1204000",482,"UGUAUAAUA","5' UTR"
"PY17X_1209900",772,"UGUAUAAUA","5' UTR"
"PY17X_1212400",230,"UGUAUAAUA","5' UTR"
"PY17X_1212700",590,"UGUAUAAUA","5' UTR"
"PY17X_1213000",631,"UGUAUAAUA","5' UTR"
"PY17X_1214600",280,"UGUAUAAUA","5' UTR"
"PY17X_1214600",638,"UGUAUAAUA","5' UTR"
"PY17X_1214900",63,"UGUAUAAUA","5' UTR"
"PY17X_1215900",158,"UGUAUAAUA","5' UTR"
"PY17X_1216700",669,"UGUAUAAUA","5' UTR"
"PY17X_1217400",353,"UGUAUAAUA","5' UTR"
"PY17X_1217400",374,"UGUAUAAUA","5' UTR"
"PY17X_1218500",247,"UGUAUAAUA","5' UTR"
"PY17X_1219500",625,"UGUAUAAUA","5' UTR"
"PY17X_1220400",679,"UGUAUAAUA","5' UTR"
"PY17X_1220500",476,"UGUAUAAUA","5' UTR"
"PY17X_1220900",176,"UGUAUAAUA","5' UTR"
"PY17X_1221200",530,"UGUAUAAUA","5' UTR"
"PY17X_1222100",193,"UGUAUAAUA","5' UTR"
"PY17X_1223300",683,"UGUAUAAUA","5' UTR"
"PY17X_1223300",707,"UGUAUAAUA","5' UTR"
"PY17X_1223700",426,"UGUAUAAUA","5' UTR"
"PY17X_1224700",216,"UGUAUAAUA","5' UTR"
"PY17X_1225100",193,"UGUAUAAUA","5' UTR"
"PY17X_1226200",473,"UGUAUAAUA","5' UTR"
"PY17X_1226500",525,"UGUAUAAUA","5' UTR"
"PY17X_1229000",38,"UGUAUAAUA","5' UTR"
"PY17X_1229000",129,"UGUAUAAUA","5' UTR"
"PY17X_1231800",179,"UGUAUAAUA","5' UTR"
"PY17X_1232600",212,"UGUAUAAUA","5' UTR"
"PY17X_1239400",657,"UGUAUAAUA","5' UTR"
"PY17X_1240900",127,"UGUAUAAUA","5' UTR"
"PY17X_1241200",345,"UGUAUAAUA","5' UTR"
"PY17X_1242800",535,"UGUAUAAUA","5' UTR"
"PY17X_1244500",269,"UGUAUAAUA","5' UTR"
"PY17X_1245500",279,"UGUAUAAUA","5' UTR"
"PY17X_1248000",738,"UGUAUAAUA","5' UTR"
"PY17X_1250200",652,"UGUAUAAUA","5' UTR"
"PY17X_1250600",653,"UGUAUAAUA","5' UTR"
"PY17X_1300055",509,"UGUAUAAUA","5' UTR"
"PY17X_1300491",653,"UGUAUAAUA","5' UTR"
"PY17X_1304400",16,"UGUAUAAUA","5' UTR"
"PY17X_1304600",22,"UGUAUAAUA","5' UTR"
"PY17X_1306600",426,"UGUAUAAUA","5' UTR"
"PY17X_1308700",788,"UGUAUAAUA","5' UTR"
"PY17X_1309900",27,"UGUAUAAUA","5' UTR"
"PY17X_1313400",218,"UGUAUAAUA","5' UTR"
"PY17X_1315000",531,"UGUAUAAUA","5' UTR"
"PY17X_1315700",44,"UGUAUAAUA","5' UTR"
"PY17X_1316100",210,"UGUAUAAUA","5' UTR"
"PY17X_1316200",296,"UGUAUAAUA","5' UTR"
"PY17X_1318300",21,"UGUAUAAUA","5' UTR"
"PY17X_1320200",273,"UGUAUAAUA","5' UTR"
"PY17X_1320300",628,"UGUAUAAUA","5' UTR"
"PY17X_1321000",347,"UGUAUAAUA","5' UTR"
"PY17X_1322100",720,"UGUAUAAUA","5' UTR"
"PY17X_1324200",131,"UGUAUAAUA","5' UTR"
"PY17X_1324600",167,"UGUAUAAUA","5' UTR"
"PY17X_1325000",183,"UGUAUAAUA","5' UTR"
"PY17X_1326100",131,"UGUAUAAUA","5' UTR"
"PY17X_1327000",318,"UGUAUAAUA","5' UTR"
"PY17X_1328400",524,"UGUAUAAUA","5' UTR"
"PY17X_1329300",111,"UGUAUAAUA","5' UTR"
"PY17X_1330400",259,"UGUAUAAUA","5' UTR"
"PY17X_1331000",582,"UGUAUAAUA","5' UTR"
"PY17X_1332000",305,"UGUAUAAUA","5' UTR"
"PY17X_1333500",365,"UGUAUAAUA","5' UTR"
"PY17X_1336100",457,"UGUAUAAUA","5' UTR"
"PY17X_1336400",321,"UGUAUAAUA","5' UTR"
"PY17X_1338000",746,"UGUAUAAUA","5' UTR"
"PY17X_1338600",14,"UGUAUAAUA","5' UTR"
"PY17X_1338800",273,"UGUAUAAUA","5' UTR"
"PY17X_1339400",236,"UGUAUAAUA","5' UTR"
"PY17X_1340000",712,"UGUAUAAUA","5' UTR"
"PY17X_1342400",408,"UGUAUAAUA","5' UTR"
"PY17X_1345700",447,"UGUAUAAUA","5' UTR"
"PY17X_1345800",1,"UGUAUAAUA","5' UTR"
"PY17X_1347500",495,"UGUAUAAUA","5' UTR"
"PY17X_1349800",431,"UGUAUAAUA","5' UTR"
"PY17X_1350900",334,"UGUAUAAUA","5' UTR"
"PY17X_1351300",173,"UGUAUAAUA","5' UTR"
"PY17X_1351800",396,"UGUAUAAUA","5' UTR"
"PY17X_1352800",707,"UGUAUAAUA","5' UTR"
"PY17X_1355700",482,"UGUAUAAUA","5' UTR"
"PY17X_1355800",623,"UGUAUAAUA","5' UTR"
"PY17X_1357800",159,"UGUAUAAUA","5' UTR"
"PY17X_1359200",370,"UGUAUAAUA","5' UTR"
"PY17X_1359700",278,"UGUAUAAUA","5' UTR"
"PY17X_1362100",477,"UGUAUAAUA","5' UTR"
"PY17X_1362900",667,"UGUAUAAUA","5' UTR"
"PY17X_1364900",58,"UGUAUAAUA","5' UTR"
"PY17X_1366200",393,"UGUAUAAUA","5' UTR"
"PY17X_1366600",609,"UGUAUAAUA","5' UTR"
"PY17X_1367800",438,"UGUAUAAUA","5' UTR"
"PY17X_1369100",405,"UGUAUAAUA","5' UTR"
"PY17X_1372000",654,"UGUAUAAUA","5' UTR"
"PY17X_1372400",531,"UGUAUAAUA","5' UTR"
"PY17X_1372800",652,"UGUAUAAUA","5' UTR"
"PY17X_1373700",431,"UGUAUAAUA","5' UTR"
"PY17X_1373800",652,"UGUAUAAUA","5' UTR"
"PY17X_1400900",534,"UGUAUAAUA","5' UTR"
"PY17X_1403400",35,"UGUAUAAUA","5' UTR"
"PY17X_1403600",493,"UGUAUAAUA","5' UTR"
"PY17X_1404300",738,"UGUAUAAUA","5' UTR"
"PY17X_1405000",593,"UGUAUAAUA","5' UTR"
"PY17X_1406500",539,"UGUAUAAUA","5' UTR"
"PY17X_1406600",700,"UGUAUAAUA","5' UTR"
"PY17X_1408100",107,"UGUAUAAUA","5' UTR"
"PY17X_1410300",63,"UGUAUAAUA","5' UTR"
"PY17X_1410900",53,"UGUAUAAUA","5' UTR"
"PY17X_1412500",576,"UGUAUAAUA","5' UTR"
"PY17X_1414000",608,"UGUAUAAUA","5' UTR"
"PY17X_1414400",523,"UGUAUAAUA","5' UTR"
"PY17X_1414600",351,"UGUAUAAUA","5' UTR"
"PY17X_1415900",637,"UGUAUAAUA","5' UTR"
"PY17X_1420500",541,"UGUAUAAUA","5' UTR"
"PY17X_1420700",215,"UGUAUAAUA","5' UTR"
"PY17X_1420900",310,"UGUAUAAUA","5' UTR"
"PY17X_1421400",246,"UGUAUAAUA","5' UTR"
"PY17X_1421900",465,"UGUAUAAUA","5' UTR"
"PY17X_1422200",652,"UGUAUAAUA","5' UTR"
"PY17X_1424000",191,"UGUAUAAUA","5' UTR"
"PY17X_1424200",431,"UGUAUAAUA","5' UTR"
"PY17X_1424800",604,"UGUAUAAUA","5' UTR"
"PY17X_1425200",168,"UGUAUAAUA","5' UTR"
"PY17X_1426300",84,"UGUAUAAUA","5' UTR"
"PY17X_1426800",403,"UGUAUAAUA","5' UTR"
"PY17X_1429700",657,"UGUAUAAUA","5' UTR"
"PY17X_1429800",405,"UGUAUAAUA","5' UTR"
"PY17X_1431000",12,"UGUAUAAUA","5' UTR"
"PY17X_1431400",360,"UGUAUAAUA","5' UTR"
"PY17X_1432200",568,"UGUAUAAUA","5' UTR"
"PY17X_1432600",664,"UGUAUAAUA","5' UTR"
"PY17X_1433300",343,"UGUAUAAUA","5' UTR"
"PY17X_1433400",541,"UGUAUAAUA","5' UTR"
"PY17X_1434400",695,"UGUAUAAUA","5' UTR"
"PY17X_1434900",349,"UGUAUAAUA","5' UTR"
"PY17X_1435300",699,"UGUAUAAUA","5' UTR"
"PY17X_1436400",422,"UGUAUAAUA","5' UTR"
"PY17X_1436900",140,"UGUAUAAUA","5' UTR"
"PY17X_1436900",625,"UGUAUAAUA","5' UTR"
"PY17X_1441400",214,"UGUAUAAUA","5' UTR"
"PY17X_1441500",701,"UGUAUAAUA","5' UTR"
"PY17X_1444100",488,"UGUAUAAUA","5' UTR"
"PY17X_1445900",429,"UGUAUAAUA","5' UTR"
"PY17X_1445900",441,"UGUAUAAUA","5' UTR"
"PY17X_1447300",362,"UGUAUAAUA","5' UTR"
"PY17X_1448900",250,"UGUAUAAUA","5' UTR"
"PY17X_1449700",262,"UGUAUAAUA","5' UTR"
"PY17X_1450000",89,"UGUAUAAUA","5' UTR"
"PY17X_1452200",664,"UGUAUAAUA","5' UTR"
"PY17X_1454600",287,"UGUAUAAUA","5' UTR"
"PY17X_1462200",792,"UGUAUAAUA","5' UTR"
"PY17X_1465800",201,"UGUAUAAUA","5' UTR"
"PY17X_1465800",571,"UGUAUAAUA","5' UTR"
"PY17X_1472201",655,"UGUAUAAUA","5' UTR"
"PY17X_API02800",577,"UGUAUAAUA","5' UTR"
"PY17X_API03000",256,"UGUAUAAUA","5' UTR"
"PY17X_0103000",1004,"UGUAUAAUA","CDS"
"PY17X_0105100",1361,"UGUAUAAUA","CDS"
"PY17X_0106100",5216,"UGUAUAAUA","CDS"
"PY17X_0106700",1906,"UGUAUAAUA","CDS"
"PY17X_0106900",1160,"UGUAUAAUA","CDS"
"PY17X_0108400",2404,"UGUAUAAUA","CDS"
"PY17X_0109200",2797,"UGUAUAAUA","CDS"
"PY17X_0111700",6482,"UGUAUAAUA","CDS"
"PY17X_0112100",7805,"UGUAUAAUA","CDS"
"PY17X_0117800",626,"UGUAUAAUA","CDS"
"PY17X_0200421",473,"UGUAUAAUA","CDS"
"PY17X_0205900",16,"UGUAUAAUA","CDS"
"PY17X_0206100",571,"UGUAUAAUA","CDS"
"PY17X_0206600",1697,"UGUAUAAUA","CDS"
"PY17X_0206600",4013,"UGUAUAAUA","CDS"
"PY17X_0213400",4201,"UGUAUAAUA","CDS"
"PY17X_0214200",1148,"UGUAUAAUA","CDS"
"PY17X_0220201",488,"UGUAUAAUA","CDS"
"PY17X_0302500",467,"UGUAUAAUA","CDS"
"PY17X_0302500",797,"UGUAUAAUA","CDS"
"PY17X_0302700",2,"UGUAUAAUA","CDS"
"PY17X_0304200",1687,"UGUAUAAUA","CDS"
"PY17X_0304600",3268,"UGUAUAAUA","CDS"
"PY17X_0305100",2141,"UGUAUAAUA","CDS"
"PY17X_0305400",917,"UGUAUAAUA","CDS"
"PY17X_0306000",298,"UGUAUAAUA","CDS"
"PY17X_0306600",1795,"UGUAUAAUA","CDS"
"PY17X_0307100",506,"UGUAUAAUA","CDS"
"PY17X_0307300",299,"UGUAUAAUA","CDS"
"PY17X_0309500",1781,"UGUAUAAUA","CDS"
"PY17X_0309700",242,"UGUAUAAUA","CDS"
"PY17X_0309800",8762,"UGUAUAAUA","CDS"
"PY17X_0309900",6149,"UGUAUAAUA","CDS"
"PY17X_0313700",3941,"UGUAUAAUA","CDS"
"PY17X_0315800",3818,"UGUAUAAUA","CDS"
"PY17X_0321101",545,"UGUAUAAUA","CDS"
"PY17X_0400300",326,"UGUAUAAUA","CDS"
"PY17X_0404100",368,"UGUAUAAUA","CDS"
"PY17X_0405100",1276,"UGUAUAAUA","CDS"
"PY17X_0408300",1811,"UGUAUAAUA","CDS"
"PY17X_0408700",1823,"UGUAUAAUA","CDS"
"PY17X_0409800",167,"UGUAUAAUA","CDS"
"PY17X_0414800",3143,"UGUAUAAUA","CDS"
"PY17X_0415800",2159,"UGUAUAAUA","CDS"
"PY17X_0416400",223,"UGUAUAAUA","CDS"
"PY17X_0418900",3449,"UGUAUAAUA","CDS"
"PY17X_0419300",2968,"UGUAUAAUA","CDS"
"PY17X_0420100",1855,"UGUAUAAUA","CDS"
"PY17X_0422601",473,"UGUAUAAUA","CDS"
"PY17X_0500057",377,"UGUAUAAUA","CDS"
"PY17X_0500077",626,"UGUAUAAUA","CDS"
"PY17X_0501900",425,"UGUAUAAUA","CDS"
"PY17X_0504900",1234,"UGUAUAAUA","CDS"
"PY17X_0505900",3283,"UGUAUAAUA","CDS"
"PY17X_0507000",419,"UGUAUAAUA","CDS"
"PY17X_0507000",14978,"UGUAUAAUA","CDS"
"PY17X_0507100",3371,"UGUAUAAUA","CDS"
"PY17X_0509200",1088,"UGUAUAAUA","CDS"
"PY17X_0509400",3002,"UGUAUAAUA","CDS"
"PY17X_0516000",358,"UGUAUAAUA","CDS"
"PY17X_0517000",2804,"UGUAUAAUA","CDS"
"PY17X_0518000",929,"UGUAUAAUA","CDS"
"PY17X_0518900",1768,"UGUAUAAUA","CDS"
"PY17X_0519200",911,"UGUAUAAUA","CDS"
"PY17X_0523500",2669,"UGUAUAAUA","CDS"
"PY17X_0523500",4417,"UGUAUAAUA","CDS"
"PY17X_0524300",3449,"UGUAUAAUA","CDS"
"PY17X_0526500",425,"UGUAUAAUA","CDS"
"PY17X_0600131",377,"UGUAUAAUA","CDS"
"PY17X_0603800",12799,"UGUAUAAUA","CDS"
"PY17X_0604100",5659,"UGUAUAAUA","CDS"
"PY17X_0605600",1241,"UGUAUAAUA","CDS"
"PY17X_0606700",1732,"UGUAUAAUA","CDS"
"PY17X_0607100",889,"UGUAUAAUA","CDS"
"PY17X_0609400",143,"UGUAUAAUA","CDS"
"PY17X_0611600",2357,"UGUAUAAUA","CDS"
"PY17X_0611600",3077,"UGUAUAAUA","CDS"
"PY17X_0613200",167,"UGUAUAAUA","CDS"
"PY17X_0615700",107,"UGUAUAAUA","CDS"
"PY17X_0618400",8255,"UGUAUAAUA","CDS"
"PY17X_0620100",3152,"UGUAUAAUA","CDS"
"PY17X_0620900",1063,"UGUAUAAUA","CDS"
"PY17X_0621200",3062,"UGUAUAAUA","CDS"
"PY17X_0621500",784,"UGUAUAAUA","CDS"
"PY17X_0621700",958,"UGUAUAAUA","CDS"
"PY17X_0626800",470,"UGUAUAAUA","CDS"
"PY17X_0701500",6523,"UGUAUAAUA","CDS"
"PY17X_0702400",1340,"UGUAUAAUA","CDS"
"PY17X_0702800",1256,"UGUAUAAUA","CDS"
"PY17X_0703800",2789,"UGUAUAAUA","CDS"
"PY17X_0704800",9392,"UGUAUAAUA","CDS"
"PY17X_0704800",15443,"UGUAUAAUA","CDS"
"PY17X_0704800",15959,"UGUAUAAUA","CDS"
"PY17X_0713700",3689,"UGUAUAAUA","CDS"
"PY17X_0718100",494,"UGUAUAAUA","CDS"
"PY17X_0718500",3389,"UGUAUAAUA","CDS"
"PY17X_0719000",2597,"UGUAUAAUA","CDS"
"PY17X_0719500",9689,"UGUAUAAUA","CDS"
"PY17X_0720100",2147,"UGUAUAAUA","CDS"
"PY17X_0722300",512,"UGUAUAAUA","CDS"
"PY17X_0722500",548,"UGUAUAAUA","CDS"
"PY17X_0805000",4763,"UGUAUAAUA","CDS"
"PY17X_0805800",940,"UGUAUAAUA","CDS"
"PY17X_0806800",1658,"UGUAUAAUA","CDS"
"PY17X_0806800",3320,"UGUAUAAUA","CDS"
"PY17X_0809900",9371,"UGUAUAAUA","CDS"
"PY17X_0811900",2815,"UGUAUAAUA","CDS"
"PY17X_0817500",568,"UGUAUAAUA","CDS"
"PY17X_0817600",1570,"UGUAUAAUA","CDS"
"PY17X_0819700",2033,"UGUAUAAUA","CDS"
"PY17X_0821200",457,"UGUAUAAUA","CDS"
"PY17X_0824000",178,"UGUAUAAUA","CDS"
"PY17X_0825000",1208,"UGUAUAAUA","CDS"
"PY17X_0826800",521,"UGUAUAAUA","CDS"
"PY17X_0827500",626,"UGUAUAAUA","CDS"
"PY17X_0830200",2051,"UGUAUAAUA","CDS"
"PY17X_0830800",571,"UGUAUAAUA","CDS"
"PY17X_0833300",443,"UGUAUAAUA","CDS"
"PY17X_0836300",25,"UGUAUAAUA","CDS"
"PY17X_0837200",1853,"UGUAUAAUA","CDS"
"PY17X_0837800",904,"UGUAUAAUA","CDS"
"PY17X_0900083",470,"UGUAUAAUA","CDS"
"PY17X_0902700",814,"UGUAUAAUA","CDS"
"PY17X_0902700",2521,"UGUAUAAUA","CDS"
"PY17X_0902900",410,"UGUAUAAUA","CDS"
"PY17X_0903300",779,"UGUAUAAUA","CDS"
"PY17X_0903300",6578,"UGUAUAAUA","CDS"
"PY17X_0903300",7052,"UGUAUAAUA","CDS"
"PY17X_0904900",1838,"UGUAUAAUA","CDS"
"PY17X_0908500",1069,"UGUAUAAUA","CDS"
"PY17X_0909900",3401,"UGUAUAAUA","CDS"
"PY17X_0910400",53,"UGUAUAAUA","CDS"
"PY17X_0910600",1108,"UGUAUAAUA","CDS"
"PY17X_0910600",4957,"UGUAUAAUA","CDS"
"PY17X_0911000",3854,"UGUAUAAUA","CDS"
"PY17X_0911300",4019,"UGUAUAAUA","CDS"
"PY17X_0912100",3227,"UGUAUAAUA","CDS"
"PY17X_0914300",131,"UGUAUAAUA","CDS"
"PY17X_0915400",1108,"UGUAUAAUA","CDS"
"PY17X_0915600",1118,"UGUAUAAUA","CDS"
"PY17X_0918000",1193,"UGUAUAAUA","CDS"
"PY17X_0921600",1268,"UGUAUAAUA","CDS"
"PY17X_0922000",2752,"UGUAUAAUA","CDS"
"PY17X_0924600",497,"UGUAUAAUA","CDS"
"PY17X_0925800",134,"UGUAUAAUA","CDS"
"PY17X_0927400",2336,"UGUAUAAUA","CDS"
"PY17X_0927400",5989,"UGUAUAAUA","CDS"
"PY17X_0927400",8555,"UGUAUAAUA","CDS"
"PY17X_0928500",3626,"UGUAUAAUA","CDS"
"PY17X_0929600",1802,"UGUAUAAUA","CDS"
"PY17X_0930700",2591,"UGUAUAAUA","CDS"
"PY17X_0933600",253,"UGUAUAAUA","CDS"
"PY17X_0935300",1285,"UGUAUAAUA","CDS"
"PY17X_0935800",2066,"UGUAUAAUA","CDS"
"PY17X_0936100",932,"UGUAUAAUA","CDS"
"PY17X_0936600",6800,"UGUAUAAUA","CDS"
"PY17X_0937300",2591,"UGUAUAAUA","CDS"
"PY17X_0937900",710,"UGUAUAAUA","CDS"
"PY17X_0939300",346,"UGUAUAAUA","CDS"
"PY17X_0947801",473,"UGUAUAAUA","CDS"
"PY17X_1002700",2120,"UGUAUAAUA","CDS"
"PY17X_1003200",449,"UGUAUAAUA","CDS"
"PY17X_1003700",5936,"UGUAUAAUA","CDS"
"PY17X_1006700",989,"UGUAUAAUA","CDS"
"PY17X_1008600",2846,"UGUAUAAUA","CDS"
"PY17X_1011100",2306,"UGUAUAAUA","CDS"
"PY17X_1012100",944,"UGUAUAAUA","CDS"
"PY17X_1013000",7067,"UGUAUAAUA","CDS"
"PY17X_1013300",941,"UGUAUAAUA","CDS"
"PY17X_1013800",3107,"UGUAUAAUA","CDS"
"PY17X_1013900",1133,"UGUAUAAUA","CDS"
"PY17X_1014000",3787,"UGUAUAAUA","CDS"
"PY17X_1016800",6308,"UGUAUAAUA","CDS"
"PY17X_1022800",892,"UGUAUAAUA","CDS"
"PY17X_1022900",3539,"UGUAUAAUA","CDS"
"PY17X_1024400",562,"UGUAUAAUA","CDS"
"PY17X_1024600",1418,"UGUAUAAUA","CDS"
"PY17X_1026100",2108,"UGUAUAAUA","CDS"
"PY17X_1027500",1214,"UGUAUAAUA","CDS"
"PY17X_1027700",4859,"UGUAUAAUA","CDS"
"PY17X_1027900",5435,"UGUAUAAUA","CDS"
"PY17X_1028500",5234,"UGUAUAAUA","CDS"
"PY17X_1029700",929,"UGUAUAAUA","CDS"
"PY17X_1031300",1009,"UGUAUAAUA","CDS"
"PY17X_1032600",3125,"UGUAUAAUA","CDS"
"PY17X_1033300",196,"UGUAUAAUA","CDS"
"PY17X_1033500",638,"UGUAUAAUA","CDS"
"PY17X_1036200",1787,"UGUAUAAUA","CDS"
"PY17X_1036200",1862,"UGUAUAAUA","CDS"
"PY17X_1036200",2288,"UGUAUAAUA","CDS"
"PY17X_1037200",398,"UGUAUAAUA","CDS"
"PY17X_1038500",1016,"UGUAUAAUA","CDS"
"PY17X_1042200",320,"UGUAUAAUA","CDS"
"PY17X_1100025",377,"UGUAUAAUA","CDS"
"PY17X_1100057",545,"UGUAUAAUA","CDS"
"PY17X_1102800",814,"UGUAUAAUA","CDS"
"PY17X_1103200",389,"UGUAUAAUA","CDS"
"PY17X_1105500",7682,"UGUAUAAUA","CDS"
"PY17X_1105500",11975,"UGUAUAAUA","CDS"
"PY17X_1105700",4325,"UGUAUAAUA","CDS"
"PY17X_1105800",883,"UGUAUAAUA","CDS"
"PY17X_1105800",3302,"UGUAUAAUA","CDS"
"PY17X_1105800",3665,"UGUAUAAUA","CDS"
"PY17X_1109600",8129,"UGUAUAAUA","CDS"
"PY17X_1112200",4412,"UGUAUAAUA","CDS"
"PY17X_1112200",15101,"UGUAUAAUA","CDS"
"PY17X_1113200",355,"UGUAUAAUA","CDS"
"PY17X_1113700",232,"UGUAUAAUA","CDS"
"PY17X_1114800",931,"UGUAUAAUA","CDS"
"PY17X_1114900",929,"UGUAUAAUA","CDS"
"PY17X_1115500",4211,"UGUAUAAUA","CDS"
"PY17X_1115600",1823,"UGUAUAAUA","CDS"
"PY17X_1119500",2468,"UGUAUAAUA","CDS"
"PY17X_1121300",352,"UGUAUAAUA","CDS"
"PY17X_1122000",3323,"UGUAUAAUA","CDS"
"PY17X_1124000",1198,"UGUAUAAUA","CDS"
"PY17X_1126300",298,"UGUAUAAUA","CDS"
"PY17X_1128000",821,"UGUAUAAUA","CDS"
"PY17X_1128300",21200,"UGUAUAAUA","CDS"
"PY17X_1128400",2,"UGUAUAAUA","CDS"
"PY17X_1128900",1625,"UGUAUAAUA","CDS"
"PY17X_1130000",10748,"UGUAUAAUA","CDS"
"PY17X_1131500",232,"UGUAUAAUA","CDS"
"PY17X_1132800",1637,"UGUAUAAUA","CDS"
"PY17X_1133100",1898,"UGUAUAAUA","CDS"
"PY17X_1133700",493,"UGUAUAAUA","CDS"
"PY17X_1136800",1787,"UGUAUAAUA","CDS"
"PY17X_1137900",76,"UGUAUAAUA","CDS"
"PY17X_1138700",1325,"UGUAUAAUA","CDS"
"PY17X_1140300",2282,"UGUAUAAUA","CDS"
"PY17X_1140300",2339,"UGUAUAAUA","CDS"
"PY17X_1141700",6872,"UGUAUAAUA","CDS"
"PY17X_1141800",355,"UGUAUAAUA","CDS"
"PY17X_1143500",8894,"UGUAUAAUA","CDS"
"PY17X_1144300",992,"UGUAUAAUA","CDS"
"PY17X_1144500",2,"UGUAUAAUA","CDS"
"PY17X_1144600",2459,"UGUAUAAUA","CDS"
"PY17X_1146600",175,"UGUAUAAUA","CDS"
"PY17X_1146800",304,"UGUAUAAUA","CDS"
"PY17X_1201100",317,"UGUAUAAUA","CDS"
"PY17X_1204300",1331,"UGUAUAAUA","CDS"
"PY17X_1205600",2771,"UGUAUAAUA","CDS"
"PY17X_1207500",160,"UGUAUAAUA","CDS"
"PY17X_1208600",92,"UGUAUAAUA","CDS"
"PY17X_1209500",6943,"UGUAUAAUA","CDS"
"PY17X_1211500",625,"UGUAUAAUA","CDS"
"PY17X_1214400",1499,"UGUAUAAUA","CDS"
"PY17X_1215200",2447,"UGUAUAAUA","CDS"
"PY17X_1215600",532,"UGUAUAAUA","CDS"
"PY17X_1216200",353,"UGUAUAAUA","CDS"
"PY17X_1219000",938,"UGUAUAAUA","CDS"
"PY17X_1219000",1759,"UGUAUAAUA","CDS"
"PY17X_1220000",2827,"UGUAUAAUA","CDS"
"PY17X_1225000",1289,"UGUAUAAUA","CDS"
"PY17X_1225900",1504,"UGUAUAAUA","CDS"
"PY17X_1226600",928,"UGUAUAAUA","CDS"
"PY17X_1226700",235,"UGUAUAAUA","CDS"
"PY17X_1229300",9160,"UGUAUAAUA","CDS"
"PY17X_1229300",10727,"UGUAUAAUA","CDS"
"PY17X_1231100",4952,"UGUAUAAUA","CDS"
"PY17X_1231300",2146,"UGUAUAAUA","CDS"
"PY17X_1231600",2753,"UGUAUAAUA","CDS"
"PY17X_1231700",256,"UGUAUAAUA","CDS"
"PY17X_1231800",7367,"UGUAUAAUA","CDS"
"PY17X_1232200",437,"UGUAUAAUA","CDS"
"PY17X_1233800",3356,"UGUAUAAUA","CDS"
"PY17X_1236900",3121,"UGUAUAAUA","CDS"
"PY17X_1238000",65,"UGUAUAAUA","CDS"
"PY17X_1240400",4658,"UGUAUAAUA","CDS"
"PY17X_1240400",7057,"UGUAUAAUA","CDS"
"PY17X_1241700",2308,"UGUAUAAUA","CDS"
"PY17X_1241800",311,"UGUAUAAUA","CDS"
"PY17X_1244400",229,"UGUAUAAUA","CDS"
"PY17X_1244400",973,"UGUAUAAUA","CDS"
"PY17X_1248200",1801,"UGUAUAAUA","CDS"
"PY17X_1300097",377,"UGUAUAAUA","CDS"
"PY17X_1304700",4084,"UGUAUAAUA","CDS"
"PY17X_1305400",1049,"UGUAUAAUA","CDS"
"PY17X_1305400",1478,"UGUAUAAUA","CDS"
"PY17X_1306100",782,"UGUAUAAUA","CDS"
"PY17X_1306300",533,"UGUAUAAUA","CDS"
"PY17X_1306800",2020,"UGUAUAAUA","CDS"
"PY17X_1307900",335,"UGUAUAAUA","CDS"
"PY17X_1309000",6140,"UGUAUAAUA","CDS"
"PY17X_1309900",2021,"UGUAUAAUA","CDS"
"PY17X_1311100",2089,"UGUAUAAUA","CDS"
"PY17X_1312700",1490,"UGUAUAAUA","CDS"
"PY17X_1313900",2867,"UGUAUAAUA","CDS"
"PY17X_1314000",1144,"UGUAUAAUA","CDS"
"PY17X_1315900",203,"UGUAUAAUA","CDS"
"PY17X_1318900",2296,"UGUAUAAUA","CDS"
"PY17X_1321300",2417,"UGUAUAAUA","CDS"
"PY17X_1323100",1874,"UGUAUAAUA","CDS"
"PY17X_1324500",1048,"UGUAUAAUA","CDS"
"PY17X_1325400",4886,"UGUAUAAUA","CDS"
"PY17X_1329800",1325,"UGUAUAAUA","CDS"
"PY17X_1330500",4780,"UGUAUAAUA","CDS"
"PY17X_1330500",5531,"UGUAUAAUA","CDS"
"PY17X_1331800",239,"UGUAUAAUA","CDS"
"PY17X_1332700",3965,"UGUAUAAUA","CDS"
"PY17X_1333900",299,"UGUAUAAUA","CDS"
"PY17X_1333900",10541,"UGUAUAAUA","CDS"
"PY17X_1337000",398,"UGUAUAAUA","CDS"
"PY17X_1337500",95,"UGUAUAAUA","CDS"
"PY17X_1338400",493,"UGUAUAAUA","CDS"
"PY17X_1339800",1031,"UGUAUAAUA","CDS"
"PY17X_1341000",155,"UGUAUAAUA","CDS"
"PY17X_1342000",212,"UGUAUAAUA","CDS"
"PY17X_1344200",4145,"UGUAUAAUA","CDS"
"PY17X_1346500",2195,"UGUAUAAUA","CDS"
"PY17X_1346900",763,"UGUAUAAUA","CDS"
"PY17X_1347400",1589,"UGUAUAAUA","CDS"
"PY17X_1347700",1300,"UGUAUAAUA","CDS"
"PY17X_1348100",5596,"UGUAUAAUA","CDS"
"PY17X_1348400",754,"UGUAUAAUA","CDS"
"PY17X_1349300",1334,"UGUAUAAUA","CDS"
"PY17X_1349400",298,"UGUAUAAUA","CDS"
"PY17X_1350300",1004,"UGUAUAAUA","CDS"
"PY17X_1353600",302,"UGUAUAAUA","CDS"
"PY17X_1354600",1652,"UGUAUAAUA","CDS"
"PY17X_1354700",1997,"UGUAUAAUA","CDS"
"PY17X_1357100",253,"UGUAUAAUA","CDS"
"PY17X_1357400",1943,"UGUAUAAUA","CDS"
"PY17X_1357800",2173,"UGUAUAAUA","CDS"
"PY17X_1362000",865,"UGUAUAAUA","CDS"
"PY17X_1364300",632,"UGUAUAAUA","CDS"
"PY17X_1365000",1310,"UGUAUAAUA","CDS"
"PY17X_1370200",1157,"UGUAUAAUA","CDS"
"PY17X_1370200",1325,"UGUAUAAUA","CDS"
"PY17X_1370600",767,"UGUAUAAUA","CDS"
"PY17X_1403000",1325,"UGUAUAAUA","CDS"
"PY17X_1403800",2822,"UGUAUAAUA","CDS"
"PY17X_1403900",19787,"UGUAUAAUA","CDS"
"PY17X_1405500",3455,"UGUAUAAUA","CDS"
"PY17X_1405700",2078,"UGUAUAAUA","CDS"
"PY17X_1408600",7388,"UGUAUAAUA","CDS"
"PY17X_1408600",8246,"UGUAUAAUA","CDS"
"PY17X_1411500",304,"UGUAUAAUA","CDS"
"PY17X_1416700",350,"UGUAUAAUA","CDS"
"PY17X_1417100",337,"UGUAUAAUA","CDS"
"PY17X_1417400",431,"UGUAUAAUA","CDS"
"PY17X_1418500",2318,"UGUAUAAUA","CDS"
"PY17X_1420900",194,"UGUAUAAUA","CDS"
"PY17X_1421100",6032,"UGUAUAAUA","CDS"
"PY17X_1421300",5741,"UGUAUAAUA","CDS"
"PY17X_1421300",6716,"UGUAUAAUA","CDS"
"PY17X_1422500",1745,"UGUAUAAUA","CDS"
"PY17X_1427200",326,"UGUAUAAUA","CDS"
"PY17X_1427900",2969,"UGUAUAAUA","CDS"
"PY17X_1428300",3521,"UGUAUAAUA","CDS"
"PY17X_1429900",2908,"UGUAUAAUA","CDS"
"PY17X_1430400",1198,"UGUAUAAUA","CDS"
"PY17X_1431500",1019,"UGUAUAAUA","CDS"
"PY17X_1437100",416,"UGUAUAAUA","CDS"
"PY17X_1437800",1751,"UGUAUAAUA","CDS"
"PY17X_1444500",3317,"UGUAUAAUA","CDS"
"PY17X_1444600",194,"UGUAUAAUA","CDS"
"PY17X_1444700",6617,"UGUAUAAUA","CDS"
"PY17X_1448800",2935,"UGUAUAAUA","CDS"
"PY17X_1450400",2117,"UGUAUAAUA","CDS"
"PY17X_1451200",9113,"UGUAUAAUA","CDS"
"PY17X_1451900",3337,"UGUAUAAUA","CDS"
"PY17X_1454300",2711,"UGUAUAAUA","CDS"
"PY17X_1455900",887,"UGUAUAAUA","CDS"
"PY17X_1456200",809,"UGUAUAAUA","CDS"
"PY17X_1456900",1049,"UGUAUAAUA","CDS"
"PY17X_1461800",1706,"UGUAUAAUA","CDS"
"PY17X_1467000",955,"UGUAUAAUA","CDS"
"PY17X_1467100",1490,"UGUAUAAUA","CDS"
"PY17X_1467600",6323,"UGUAUAAUA","CDS"
"PY17X_0103700",52,"UGUAUACUA","3' UTR"
"PY17X_0221901",667,"UGUAUACUA","3' UTR"
"PY17X_0318200",630,"UGUAUACUA","3' UTR"
"PY17X_0401500",388,"UGUAUACUA","3' UTR"
"PY17X_0402900",372,"UGUAUACUA","3' UTR"
"PY17X_0406700",249,"UGUAUACUA","3' UTR"
"PY17X_0420900",203,"UGUAUACUA","3' UTR"
"PY17X_0421200",133,"UGUAUACUA","3' UTR"
"PY17X_0500500",667,"UGUAUACUA","3' UTR"
"PY17X_0501700",277,"UGUAUACUA","3' UTR"
"PY17X_0503200",176,"UGUAUACUA","3' UTR"
"PY17X_0503700",55,"UGUAUACUA","3' UTR"
"PY17X_0517800",317,"UGUAUACUA","3' UTR"
"PY17X_0521000",407,"UGUAUACUA","3' UTR"
"PY17X_0525800",216,"UGUAUACUA","3' UTR"
"PY17X_0528601",677,"UGUAUACUA","3' UTR"
"PY17X_0600281",375,"UGUAUACUA","3' UTR"
"PY17X_0609300",395,"UGUAUACUA","3' UTR"
"PY17X_0615600",99,"UGUAUACUA","3' UTR"
"PY17X_0617100",425,"UGUAUACUA","3' UTR"
"PY17X_0700600",408,"UGUAUACUA","3' UTR"
"PY17X_0707000",90,"UGUAUACUA","3' UTR"
"PY17X_0719000",159,"UGUAUACUA","3' UTR"
"PY17X_0802300",330,"UGUAUACUA","3' UTR"
"PY17X_0808100",181,"UGUAUACUA","3' UTR"
"PY17X_0841200",337,"UGUAUACUA","3' UTR"
"PY17X_0900089",659,"UGUAUACUA","3' UTR"
"PY17X_0923800",89,"UGUAUACUA","3' UTR"
"PY17X_0930600",514,"UGUAUACUA","3' UTR"
"PY17X_0937300",249,"UGUAUACUA","3' UTR"
"PY17X_0942300",679,"UGUAUACUA","3' UTR"
"PY17X_0943200",305,"UGUAUACUA","3' UTR"
"PY17X_0948201",673,"UGUAUACUA","3' UTR"
"PY17X_1000051",660,"UGUAUACUA","3' UTR"
"PY17X_1000065",539,"UGUAUACUA","3' UTR"
"PY17X_1007600",202,"UGUAUACUA","3' UTR"
"PY17X_1008000",322,"UGUAUACUA","3' UTR"
"PY17X_1024700",45,"UGUAUACUA","3' UTR"
"PY17X_1038700",249,"UGUAUACUA","3' UTR"
"PY17X_1042000",55,"UGUAUACUA","3' UTR"
"PY17X_1100033",660,"UGUAUACUA","3' UTR"
"PY17X_1100500",283,"UGUAUACUA","3' UTR"
"PY17X_1102200",132,"UGUAUACUA","3' UTR"
"PY17X_1104300",243,"UGUAUACUA","3' UTR"
"PY17X_1105000",565,"UGUAUACUA","3' UTR"
"PY17X_1105300",498,"UGUAUACUA","3' UTR"
"PY17X_1105900",395,"UGUAUACUA","3' UTR"
"PY17X_1106500",269,"UGUAUACUA","3' UTR"
"PY17X_1107400",45,"UGUAUACUA","3' UTR"
"PY17X_1112600",100,"UGUAUACUA","3' UTR"
"PY17X_1116200",471,"UGUAUACUA","3' UTR"
"PY17X_1119400",83,"UGUAUACUA","3' UTR"
"PY17X_1134100",330,"UGUAUACUA","3' UTR"
"PY17X_1135100",441,"UGUAUACUA","3' UTR"
"PY17X_1144500",402,"UGUAUACUA","3' UTR"
"PY17X_1202900",389,"UGUAUACUA","3' UTR"
"PY17X_1204600",22,"UGUAUACUA","3' UTR"
"PY17X_1211200",172,"UGUAUACUA","3' UTR"
"PY17X_1228600",436,"UGUAUACUA","3' UTR"
"PY17X_1231400",88,"UGUAUACUA","3' UTR"
"PY17X_1232400",481,"UGUAUACUA","3' UTR"
"PY17X_1245300",503,"UGUAUACUA","3' UTR"
"PY17X_1300301",376,"UGUAUACUA","3' UTR"
"PY17X_1301800",515,"UGUAUACUA","3' UTR"
"PY17X_1303200",351,"UGUAUACUA","3' UTR"
"PY17X_1304800",202,"UGUAUACUA","3' UTR"
"PY17X_1319100",151,"UGUAUACUA","3' UTR"
"PY17X_1340900",221,"UGUAUACUA","3' UTR"
"PY17X_1342900",502,"UGUAUACUA","3' UTR"
"PY17X_1349700",249,"UGUAUACUA","3' UTR"
"PY17X_1353400",194,"UGUAUACUA","3' UTR"
"PY17X_1355000",55,"UGUAUACUA","3' UTR"
"PY17X_1366000",108,"UGUAUACUA","3' UTR"
"PY17X_1372200",505,"UGUAUACUA","3' UTR"
"PY17X_1406300",173,"UGUAUACUA","3' UTR"
"PY17X_1411300",40,"UGUAUACUA","3' UTR"
"PY17X_1414200",78,"UGUAUACUA","3' UTR"
"PY17X_1428800",645,"UGUAUACUA","3' UTR"
"PY17X_1430400",579,"UGUAUACUA","3' UTR"
"PY17X_1436300",148,"UGUAUACUA","3' UTR"
"PY17X_1437300",470,"UGUAUACUA","3' UTR"
"PY17X_1443100",375,"UGUAUACUA","3' UTR"
"PY17X_1445600",553,"UGUAUACUA","3' UTR"
"PY17X_1472101",675,"UGUAUACUA","3' UTR"
"PY17X_1473301",376,"UGUAUACUA","3' UTR"
"PY17X_0101261",172,"UGUAUACUA","5' UTR"
"PY17X_0103900",685,"UGUAUACUA","5' UTR"
"PY17X_0113900",623,"UGUAUACUA","5' UTR"
"PY17X_0210100",650,"UGUAUACUA","5' UTR"
"PY17X_0210500",658,"UGUAUACUA","5' UTR"
"PY17X_0307300",191,"UGUAUACUA","5' UTR"
"PY17X_0503300",54,"UGUAUACUA","5' UTR"
"PY17X_0517700",48,"UGUAUACUA","5' UTR"
"PY17X_0517900",382,"UGUAUACUA","5' UTR"
"PY17X_0520900",264,"UGUAUACUA","5' UTR"
"PY17X_0600301",127,"UGUAUACUA","5' UTR"
"PY17X_0619400",534,"UGUAUACUA","5' UTR"
"PY17X_0621900",391,"UGUAUACUA","5' UTR"
"PY17X_0626000",122,"UGUAUACUA","5' UTR"
"PY17X_0704800",685,"UGUAUACUA","5' UTR"
"PY17X_0712200",720,"UGUAUACUA","5' UTR"
"PY17X_0810300",582,"UGUAUACUA","5' UTR"
"PY17X_0834000",778,"UGUAUACUA","5' UTR"
"PY17X_0839400",134,"UGUAUACUA","5' UTR"
"PY17X_0907300",20,"UGUAUACUA","5' UTR"
"PY17X_0936900",372,"UGUAUACUA","5' UTR"
"PY17X_0942200",427,"UGUAUACUA","5' UTR"
"PY17X_1004700",682,"UGUAUACUA","5' UTR"
"PY17X_1005200",728,"UGUAUACUA","5' UTR"
"PY17X_1007400",719,"UGUAUACUA","5' UTR"
"PY17X_1100600",96,"UGUAUACUA","5' UTR"
"PY17X_1112700",178,"UGUAUACUA","5' UTR"
"PY17X_1122500",719,"UGUAUACUA","5' UTR"
"PY17X_1135200",15,"UGUAUACUA","5' UTR"
"PY17X_1145500",448,"UGUAUACUA","5' UTR"
"PY17X_1205900",358,"UGUAUACUA","5' UTR"
"PY17X_1208200",7,"UGUAUACUA","5' UTR"
"PY17X_1212500",766,"UGUAUACUA","5' UTR"
"PY17X_1232400",253,"UGUAUACUA","5' UTR"
"PY17X_1239300",287,"UGUAUACUA","5' UTR"
"PY17X_1244600",85,"UGUAUACUA","5' UTR"
"PY17X_1245200",12,"UGUAUACUA","5' UTR"
"PY17X_1300307",142,"UGUAUACUA","5' UTR"
"PY17X_1301100",652,"UGUAUACUA","5' UTR"
"PY17X_1304700",612,"UGUAUACUA","5' UTR"
"PY17X_1315300",24,"UGUAUACUA","5' UTR"
"PY17X_1319000",313,"UGUAUACUA","5' UTR"
"PY17X_1327200",284,"UGUAUACUA","5' UTR"
"PY17X_1343300",212,"UGUAUACUA","5' UTR"
"PY17X_1347400",216,"UGUAUACUA","5' UTR"
"PY17X_1348200",375,"UGUAUACUA","5' UTR"
"PY17X_1349800",61,"UGUAUACUA","5' UTR"
"PY17X_1353300",168,"UGUAUACUA","5' UTR"
"PY17X_1353300",181,"UGUAUACUA","5' UTR"
"PY17X_1365600",23,"UGUAUACUA","5' UTR"
"PY17X_1408500",190,"UGUAUACUA","5' UTR"
"PY17X_1417200",606,"UGUAUACUA","5' UTR"
"PY17X_1425300",503,"UGUAUACUA","5' UTR"
"PY17X_1430500",133,"UGUAUACUA","5' UTR"
"PY17X_1435500",747,"UGUAUACUA","5' UTR"
"PY17X_1445700",45,"UGUAUACUA","5' UTR"
"PY17X_1466500",324,"UGUAUACUA","5' UTR"
"PY17X_1466500",344,"UGUAUACUA","5' UTR"
"PY17X_1466500",364,"UGUAUACUA","5' UTR"
"PY17X_1473201",128,"UGUAUACUA","5' UTR"
"PY17X_MIT00900",241,"UGUAUACUA","5' UTR"
"PY17X_0100033",449,"UGUAUACUA","CDS"
"PY17X_0100400",473,"UGUAUACUA","CDS"
"PY17X_0100800",452,"UGUAUACUA","CDS"
"PY17X_0106500",425,"UGUAUACUA","CDS"
"PY17X_0210400",320,"UGUAUACUA","CDS"
"PY17X_0217100",245,"UGUAUACUA","CDS"
"PY17X_0220301",311,"UGUAUACUA","CDS"
"PY17X_0222301",446,"UGUAUACUA","CDS"
"PY17X_0222401",320,"UGUAUACUA","CDS"
"PY17X_0223001",449,"UGUAUACUA","CDS"
"PY17X_0300600",443,"UGUAUACUA","CDS"
"PY17X_0303000",2336,"UGUAUACUA","CDS"
"PY17X_0312600",1162,"UGUAUACUA","CDS"
"PY17X_0320401",449,"UGUAUACUA","CDS"
"PY17X_0320801",476,"UGUAUACUA","CDS"
"PY17X_0400063",449,"UGUAUACUA","CDS"
"PY17X_0500117",452,"UGUAUACUA","CDS"
"PY17X_0500147",452,"UGUAUACUA","CDS"
"PY17X_0508300",959,"UGUAUACUA","CDS"
"PY17X_0525400",3374,"UGUAUACUA","CDS"
"PY17X_0528301",317,"UGUAUACUA","CDS"
"PY17X_0600111",320,"UGUAUACUA","CDS"
"PY17X_0600151",449,"UGUAUACUA","CDS"
"PY17X_0616600",157,"UGUAUACUA","CDS"
"PY17X_0624200",3878,"UGUAUACUA","CDS"
"PY17X_0627400",476,"UGUAUACUA","CDS"
"PY17X_0700041",452,"UGUAUACUA","CDS"
"PY17X_0701500",5618,"UGUAUACUA","CDS"
"PY17X_0801900",479,"UGUAUACUA","CDS"
"PY17X_0831500",689,"UGUAUACUA","CDS"
"PY17X_0834900",1694,"UGUAUACUA","CDS"
"PY17X_0837600",92,"UGUAUACUA","CDS"
"PY17X_0841800",461,"UGUAUACUA","CDS"
"PY17X_0844001",476,"UGUAUACUA","CDS"
"PY17X_0845501",503,"UGUAUACUA","CDS"
"PY17X_0846901",320,"UGUAUACUA","CDS"
"PY17X_0900065",470,"UGUAUACUA","CDS"
"PY17X_0901200",449,"UGUAUACUA","CDS"
"PY17X_0903300",4592,"UGUAUACUA","CDS"
"PY17X_0903700",5603,"UGUAUACUA","CDS"
"PY17X_0904800",1405,"UGUAUACUA","CDS"
"PY17X_0906300",173,"UGUAUACUA","CDS"
"PY17X_0911900",359,"UGUAUACUA","CDS"
"PY17X_0916800",1420,"UGUAUACUA","CDS"
"PY17X_0945400",1680,"UGUAUACUA","CDS"
"PY17X_0949201",446,"UGUAUACUA","CDS"
"PY17X_0951701",320,"UGUAUACUA","CDS"
"PY17X_0952201",449,"UGUAUACUA","CDS"
"PY17X_1000007",320,"UGUAUACUA","CDS"
"PY17X_1000045",452,"UGUAUACUA","CDS"
"PY17X_1007200",1174,"UGUAUACUA","CDS"
"PY17X_1011900",15740,"UGUAUACUA","CDS"
"PY17X_1016400",1577,"UGUAUACUA","CDS"
"PY17X_1032900",1447,"UGUAUACUA","CDS"
"PY17X_1036200",4198,"UGUAUACUA","CDS"
"PY17X_1036200",18575,"UGUAUACUA","CDS"
"PY17X_1049001",503,"UGUAUACUA","CDS"
"PY17X_1049301",506,"UGUAUACUA","CDS"
"PY17X_1100021",305,"UGUAUACUA","CDS"
"PY17X_1100029",452,"UGUAUACUA","CDS"
"PY17X_1100077",311,"UGUAUACUA","CDS"
"PY17X_1101200",473,"UGUAUACUA","CDS"
"PY17X_1115000",1850,"UGUAUACUA","CDS"
"PY17X_1145600",522,"UGUAUACUA","CDS"
"PY17X_1150601",500,"UGUAUACUA","CDS"
"PY17X_1200017",452,"UGUAUACUA","CDS"
"PY17X_1200033",452,"UGUAUACUA","CDS"
"PY17X_1231600",5468,"UGUAUACUA","CDS"
"PY17X_1231800",10799,"UGUAUACUA","CDS"
"PY17X_1236300",2288,"UGUAUACUA","CDS"
"PY17X_1237800",326,"UGUAUACUA","CDS"
"PY17X_1239100",2817,"UGUAUACUA","CDS"
"PY17X_1250200",311,"UGUAUACUA","CDS"
"PY17X_1250900",476,"UGUAUACUA","CDS"
"PY17X_1251300",326,"UGUAUACUA","CDS"
"PY17X_1300133",446,"UGUAUACUA","CDS"
"PY17X_1300343",452,"UGUAUACUA","CDS"
"PY17X_1300363",449,"UGUAUACUA","CDS"
"PY17X_1300441",473,"UGUAUACUA","CDS"
"PY17X_1302200",473,"UGUAUACUA","CDS"
"PY17X_1305600",11875,"UGUAUACUA","CDS"
"PY17X_1313400",2423,"UGUAUACUA","CDS"
"PY17X_1318500",1378,"UGUAUACUA","CDS"
"PY17X_1326900",630,"UGUAUACUA","CDS"
"PY17X_1352000",290,"UGUAUACUA","CDS"
"PY17X_1361700",3626,"UGUAUACUA","CDS"
"PY17X_1411100",2038,"UGUAUACUA","CDS"
"PY17X_1413600",2362,"UGUAUACUA","CDS"
"PY17X_1425200",904,"UGUAUACUA","CDS"
"PY17X_1437800",1913,"UGUAUACUA","CDS"
"PY17X_1444700",1413,"UGUAUACUA","CDS"
"PY17X_1447000",4151,"UGUAUACUA","CDS"
"PY17X_1469701",467,"UGUAUACUA","CDS"
"PY17X_MIT00800",710,"UGUAUACUA","CDS"
"PY17X_0200121",624,"UGUAUAGUA","3' UTR"
"PY17X_0214000",36,"UGUAUAGUA","3' UTR"
"PY17X_0301200",221,"UGUAUAGUA","3' UTR"
"PY17X_0314300",346,"UGUAUAGUA","3' UTR"
"PY17X_0416100",675,"UGUAUAGUA","3' UTR"
"PY17X_0418000",261,"UGUAUAGUA","3' UTR"
"PY17X_0501300",678,"UGUAUAGUA","3' UTR"
"PY17X_0508300",379,"UGUAUAGUA","3' UTR"
"PY17X_0606800",596,"UGUAUAGUA","3' UTR"
"PY17X_0619800",612,"UGUAUAGUA","3' UTR"
"PY17X_0718100",300,"UGUAUAGUA","3' UTR"
"PY17X_0802900",101,"UGUAUAGUA","3' UTR"
"PY17X_0817800",540,"UGUAUAGUA","3' UTR"
"PY17X_0820500",474,"UGUAUAGUA","3' UTR"
"PY17X_0830500",229,"UGUAUAGUA","3' UTR"
"PY17X_0834400",58,"UGUAUAGUA","3' UTR"
"PY17X_0834400",280,"UGUAUAGUA","3' UTR"
"PY17X_0835500",509,"UGUAUAGUA","3' UTR"
"PY17X_0903100",401,"UGUAUAGUA","3' UTR"
"PY17X_0914200",502,"UGUAUAGUA","3' UTR"
"PY17X_0916900",115,"UGUAUAGUA","3' UTR"
"PY17X_0917100",330,"UGUAUAGUA","3' UTR"
"PY17X_0922500",464,"UGUAUAGUA","3' UTR"
"PY17X_0933100",390,"UGUAUAGUA","3' UTR"
"PY17X_0936400",171,"UGUAUAGUA","3' UTR"
"PY17X_0940300",61,"UGUAUAGUA","3' UTR"
"PY17X_0943600",585,"UGUAUAGUA","3' UTR"
"PY17X_0951601",293,"UGUAUAGUA","3' UTR"
"PY17X_1000007",125,"UGUAUAGUA","3' UTR"
"PY17X_1000083",624,"UGUAUAGUA","3' UTR"
"PY17X_1000700",302,"UGUAUAGUA","3' UTR"
"PY17X_1003200",216,"UGUAUAGUA","3' UTR"
"PY17X_1010100",13,"UGUAUAGUA","3' UTR"
"PY17X_1012000",11,"UGUAUAGUA","3' UTR"
"PY17X_1013800",512,"UGUAUAGUA","3' UTR"
"PY17X_1020200",310,"UGUAUAGUA","3' UTR"
"PY17X_1028800",341,"UGUAUAGUA","3' UTR"
"PY17X_1102200",405,"UGUAUAGUA","3' UTR"
"PY17X_1104600",611,"UGUAUAGUA","3' UTR"
"PY17X_1107300",672,"UGUAUAGUA","3' UTR"
"PY17X_1113600",443,"UGUAUAGUA","3' UTR"
"PY17X_1116300",169,"UGUAUAGUA","3' UTR"
"PY17X_1117000",236,"UGUAUAGUA","3' UTR"
"PY17X_1142400",597,"UGUAUAGUA","3' UTR"
"PY17X_1210700",321,"UGUAUAGUA","3' UTR"
"PY17X_1310200",507,"UGUAUAGUA","3' UTR"
"PY17X_1311300",14,"UGUAUAGUA","3' UTR"
"PY17X_1311400",475,"UGUAUAGUA","3' UTR"
"PY17X_1319200",312,"UGUAUAGUA","3' UTR"
"PY17X_1322900",149,"UGUAUAGUA","3' UTR"
"PY17X_1324000",305,"UGUAUAGUA","3' UTR"
"PY17X_1345400",575,"UGUAUAGUA","3' UTR"
"PY17X_1346500",598,"UGUAUAGUA","3' UTR"
"PY17X_1359300",255,"UGUAUAGUA","3' UTR"
"PY17X_1373200",320,"UGUAUAGUA","3' UTR"
"PY17X_1406700",280,"UGUAUAGUA","3' UTR"
"PY17X_1413100",578,"UGUAUAGUA","3' UTR"
"PY17X_1415200",401,"UGUAUAGUA","3' UTR"
"PY17X_1420700",59,"UGUAUAGUA","3' UTR"
"PY17X_1433200",465,"UGUAUAGUA","3' UTR"
"PY17X_1435500",376,"UGUAUAGUA","3' UTR"
"PY17X_1440800",284,"UGUAUAGUA","3' UTR"
"PY17X_1457800",630,"UGUAUAGUA","3' UTR"
"PY17X_0103000",449,"UGUAUAGUA","5' UTR"
"PY17X_0206500",185,"UGUAUAGUA","5' UTR"
"PY17X_0207500",649,"UGUAUAGUA","5' UTR"
"PY17X_0313700",728,"UGUAUAGUA","5' UTR"
"PY17X_0315400",526,"UGUAUAGUA","5' UTR"
"PY17X_0407700",124,"UGUAUAGUA","5' UTR"
"PY17X_0416500",657,"UGUAUAGUA","5' UTR"
"PY17X_0421000",595,"UGUAUAGUA","5' UTR"
"PY17X_0507600",695,"UGUAUAGUA","5' UTR"
"PY17X_0523200",742,"UGUAUAGUA","5' UTR"
"PY17X_0600341",459,"UGUAUAGUA","5' UTR"
"PY17X_0612500",511,"UGUAUAGUA","5' UTR"
"PY17X_0612900",241,"UGUAUAGUA","5' UTR"
"PY17X_0701000",355,"UGUAUAGUA","5' UTR"
"PY17X_0703100",684,"UGUAUAGUA","5' UTR"
"PY17X_0707800",515,"UGUAUAGUA","5' UTR"
"PY17X_0719800",561,"UGUAUAGUA","5' UTR"
"PY17X_0809100",444,"UGUAUAGUA","5' UTR"
"PY17X_0817700",653,"UGUAUAGUA","5' UTR"
"PY17X_0834500",12,"UGUAUAGUA","5' UTR"
"PY17X_0838600",518,"UGUAUAGUA","5' UTR"
"PY17X_0906000",574,"UGUAUAGUA","5' UTR"
"PY17X_0914400",125,"UGUAUAGUA","5' UTR"
"PY17X_0920000",464,"UGUAUAGUA","5' UTR"
"PY17X_0922600",121,"UGUAUAGUA","5' UTR"
"PY17X_0927600",445,"UGUAUAGUA","5' UTR"
"PY17X_0932600",449,"UGUAUAGUA","5' UTR"
"PY17X_0933900",139,"UGUAUAGUA","5' UTR"
"PY17X_0937100",658,"UGUAUAGUA","5' UTR"
"PY17X_0951201",459,"UGUAUAGUA","5' UTR"
"PY17X_1003100",165,"UGUAUAGUA","5' UTR"
"PY17X_1005000",631,"UGUAUAGUA","5' UTR"
"PY17X_1006700",722,"UGUAUAGUA","5' UTR"
"PY17X_1010000",140,"UGUAUAGUA","5' UTR"
"PY17X_1013600",388,"UGUAUAGUA","5' UTR"
"PY17X_1037400",558,"UGUAUAGUA","5' UTR"
"PY17X_1037600",573,"UGUAUAGUA","5' UTR"
"PY17X_1103200",227,"UGUAUAGUA","5' UTR"
"PY17X_1104500",149,"UGUAUAGUA","5' UTR"
"PY17X_1113500",570,"UGUAUAGUA","5' UTR"
"PY17X_1117400",613,"UGUAUAGUA","5' UTR"
"PY17X_1121300",239,"UGUAUAGUA","5' UTR"
"PY17X_1134100",675,"UGUAUAGUA","5' UTR"
"PY17X_1136600",742,"UGUAUAGUA","5' UTR"
"PY17X_1139900",757,"UGUAUAGUA","5' UTR"
"PY17X_1140300",797,"UGUAUAGUA","5' UTR"
"PY17X_1142300",548,"UGUAUAGUA","5' UTR"
"PY17X_1208000",138,"UGUAUAGUA","5' UTR"
"PY17X_1223700",241,"UGUAUAGUA","5' UTR"
"PY17X_1228200",779,"UGUAUAGUA","5' UTR"
"PY17X_1239700",528,"UGUAUAGUA","5' UTR"
"PY17X_1245500",620,"UGUAUAGUA","5' UTR"
"PY17X_1249300",688,"UGUAUAGUA","5' UTR"
"PY17X_1250200",268,"UGUAUAGUA","5' UTR"
"PY17X_1300091",462,"UGUAUAGUA","5' UTR"
"PY17X_1304900",496,"UGUAUAGUA","5' UTR"
"PY17X_1310000",471,"UGUAUAGUA","5' UTR"
"PY17X_1311300",292,"UGUAUAGUA","5' UTR"
"PY17X_1311900",683,"UGUAUAGUA","5' UTR"
"PY17X_1314100",554,"UGUAUAGUA","5' UTR"
"PY17X_1319100",291,"UGUAUAGUA","5' UTR"
"PY17X_1321200",577,"UGUAUAGUA","5' UTR"
"PY17X_1329800",546,"UGUAUAGUA","5' UTR"
"PY17X_1330500",621,"UGUAUAGUA","5' UTR"
"PY17X_1343300",119,"UGUAUAGUA","5' UTR"
"PY17X_1369800",526,"UGUAUAGUA","5' UTR"
"PY17X_1370300",590,"UGUAUAGUA","5' UTR"
"PY17X_1407200",722,"UGUAUAGUA","5' UTR"
"PY17X_1415300",408,"UGUAUAGUA","5' UTR"
"PY17X_1424500",228,"UGUAUAGUA","5' UTR"
"PY17X_1425800",724,"UGUAUAGUA","5' UTR"
"PY17X_1428300",742,"UGUAUAGUA","5' UTR"
"PY17X_1428700",307,"UGUAUAGUA","5' UTR"
"PY17X_1432400",211,"UGUAUAGUA","5' UTR"
"PY17X_1455000",340,"UGUAUAGUA","5' UTR"
"PY17X_1469501",424,"UGUAUAGUA","5' UTR"
"PY17X_0103000",116,"UGUAUAGUA","CDS"
"PY17X_0104200",1189,"UGUAUAGUA","CDS"
"PY17X_0200151",476,"UGUAUAGUA","CDS"
"PY17X_0206900",61,"UGUAUAGUA","CDS"
"PY17X_0209100",632,"UGUAUAGUA","CDS"
"PY17X_0211100",917,"UGUAUAGUA","CDS"
"PY17X_0218201",473,"UGUAUAGUA","CDS"
"PY17X_0309800",7703,"UGUAUAGUA","CDS"
"PY17X_0310800",451,"UGUAUAGUA","CDS"
"PY17X_0405900",2363,"UGUAUAGUA","CDS"
"PY17X_0407900",223,"UGUAUAGUA","CDS"
"PY17X_0413000",41,"UGUAUAGUA","CDS"
"PY17X_0415900",388,"UGUAUAGUA","CDS"
"PY17X_0500097",473,"UGUAUAGUA","CDS"
"PY17X_0508400",2513,"UGUAUAGUA","CDS"
"PY17X_0604000",391,"UGUAUAGUA","CDS"
"PY17X_0612100",110,"UGUAUAGUA","CDS"
"PY17X_0620900",4283,"UGUAUAGUA","CDS"
"PY17X_0700077",473,"UGUAUAGUA","CDS"
"PY17X_0710900",104,"UGUAUAGUA","CDS"
"PY17X_0711900",217,"UGUAUAGUA","CDS"
"PY17X_0722000",1502,"UGUAUAGUA","CDS"
"PY17X_0804900",3446,"UGUAUAGUA","CDS"
"PY17X_0831500",1499,"UGUAUAGUA","CDS"
"PY17X_0844401",473,"UGUAUAGUA","CDS"
"PY17X_0915300",1367,"UGUAUAGUA","CDS"
"PY17X_0917400",2165,"UGUAUAGUA","CDS"
"PY17X_0917500",1234,"UGUAUAGUA","CDS"
"PY17X_0922600",77,"UGUAUAGUA","CDS"
"PY17X_0943400",359,"UGUAUAGUA","CDS"
"PY17X_1000067",470,"UGUAUAGUA","CDS"
"PY17X_1000500",476,"UGUAUAGUA","CDS"
"PY17X_1022400",118,"UGUAUAGUA","CDS"
"PY17X_1029000",1241,"UGUAUAGUA","CDS"
"PY17X_1032900",1207,"UGUAUAGUA","CDS"
"PY17X_1041300",5360,"UGUAUAGUA","CDS"
"PY17X_1100037",476,"UGUAUAGUA","CDS"
"PY17X_1101500",886,"UGUAUAGUA","CDS"
"PY17X_1110500",2488,"UGUAUAGUA","CDS"
"PY17X_1124900",6188,"UGUAUAGUA","CDS"
"PY17X_1129600",2051,"UGUAUAGUA","CDS"
"PY17X_1135800",4765,"UGUAUAGUA","CDS"
"PY17X_1140200",2615,"UGUAUAGUA","CDS"
"PY17X_1140500",778,"UGUAUAGUA","CDS"
"PY17X_1146000",743,"UGUAUAGUA","CDS"
"PY17X_1146600",1045,"UGUAUAGUA","CDS"
"PY17X_1201700",238,"UGUAUAGUA","CDS"
"PY17X_1205200",2155,"UGUAUAGUA","CDS"
"PY17X_1214700",2279,"UGUAUAGUA","CDS"
"PY17X_1217900",1661,"UGUAUAGUA","CDS"
"PY17X_1240400",7885,"UGUAUAGUA","CDS"
"PY17X_1247300",2591,"UGUAUAGUA","CDS"
"PY17X_1300500",470,"UGUAUAGUA","CDS"
"PY17X_1332100",1613,"UGUAUAGUA","CDS"
"PY17X_1333000",1286,"UGUAUAGUA","CDS"
"PY17X_1335900",3670,"UGUAUAGUA","CDS"
"PY17X_1347900",358,"UGUAUAGUA","CDS"
"PY17X_1347900",4601,"UGUAUAGUA","CDS"
"PY17X_1360800",298,"UGUAUAGUA","CDS"
"PY17X_1360900",325,"UGUAUAGUA","CDS"
"PY17X_1362500",8392,"UGUAUAGUA","CDS"
"PY17X_1365000",10775,"UGUAUAGUA","CDS"
"PY17X_1368200",536,"UGUAUAGUA","CDS"
"PY17X_1406500",2,"UGUAUAGUA","CDS"
"PY17X_1417400",353,"UGUAUAGUA","CDS"
"PY17X_1421600",191,"UGUAUAGUA","CDS"
"PY17X_1440700",3109,"UGUAUAGUA","CDS"
"PY17X_1444600",632,"UGUAUAGUA","CDS"
"PY17X_1444600",1007,"UGUAUAGUA","CDS"
"PY17X_1460300",1501,"UGUAUAGUA","CDS"
"PY17X_1462900",118,"UGUAUAGUA","CDS"
"PY17X_1465300",1268,"UGUAUAGUA","CDS"
"PY17X_0103400",606,"UGUAUAUUA","3' UTR"
"PY17X_0105000",512,"UGUAUAUUA","3' UTR"
"PY17X_0105700",34,"UGUAUAUUA","3' UTR"
"PY17X_0110400",105,"UGUAUAUUA","3' UTR"
"PY17X_0113000",357,"UGUAUAUUA","3' UTR"
"PY17X_0116000",116,"UGUAUAUUA","3' UTR"
"PY17X_0116300",256,"UGUAUAUUA","3' UTR"
"PY17X_0203000",397,"UGUAUAUUA","3' UTR"
"PY17X_0203900",179,"UGUAUAUUA","3' UTR"
"PY17X_0209400",109,"UGUAUAUUA","3' UTR"
"PY17X_0213800",501,"UGUAUAUUA","3' UTR"
"PY17X_0214500",378,"UGUAUAUUA","3' UTR"
"PY17X_0216400",166,"UGUAUAUUA","3' UTR"
"PY17X_0217300",534,"UGUAUAUUA","3' UTR"
"PY17X_0301800",163,"UGUAUAUUA","3' UTR"
"PY17X_0309000",357,"UGUAUAUUA","3' UTR"
"PY17X_0313500",439,"UGUAUAUUA","3' UTR"
"PY17X_0318400",120,"UGUAUAUUA","3' UTR"
"PY17X_0401500",86,"UGUAUAUUA","3' UTR"
"PY17X_0402900",173,"UGUAUAUUA","3' UTR"
"PY17X_0403000",527,"UGUAUAUUA","3' UTR"
"PY17X_0405200",549,"UGUAUAUUA","3' UTR"
"PY17X_0407700",84,"UGUAUAUUA","3' UTR"
"PY17X_0408000",674,"UGUAUAUUA","3' UTR"
"PY17X_0413300",440,"UGUAUAUUA","3' UTR"
"PY17X_0413400",317,"UGUAUAUUA","3' UTR"
"PY17X_0416100",346,"UGUAUAUUA","3' UTR"
"PY17X_0417000",675,"UGUAUAUUA","3' UTR"
"PY17X_0420800",112,"UGUAUAUUA","3' UTR"
"PY17X_0421200",441,"UGUAUAUUA","3' UTR"
"PY17X_0421400",144,"UGUAUAUUA","3' UTR"
"PY17X_0500107",658,"UGUAUAUUA","3' UTR"
"PY17X_0501700",62,"UGUAUAUUA","3' UTR"
"PY17X_0505500",404,"UGUAUAUUA","3' UTR"
"PY17X_0507300",128,"UGUAUAUUA","3' UTR"
"PY17X_0507600",82,"UGUAUAUUA","3' UTR"
"PY17X_0508200",576,"UGUAUAUUA","3' UTR"
"PY17X_0512000",52,"UGUAUAUUA","3' UTR"
"PY17X_0516400",544,"UGUAUAUUA","3' UTR"
"PY17X_0518900",85,"UGUAUAUUA","3' UTR"
"PY17X_0521900",106,"UGUAUAUUA","3' UTR"
"PY17X_0522300",479,"UGUAUAUUA","3' UTR"
"PY17X_0524700",401,"UGUAUAUUA","3' UTR"
"PY17X_0525600",234,"UGUAUAUUA","3' UTR"
"PY17X_0602800",676,"UGUAUAUUA","3' UTR"
"PY17X_0606200",46,"UGUAUAUUA","3' UTR"
"PY17X_0606500",600,"UGUAUAUUA","3' UTR"
"PY17X_0606800",619,"UGUAUAUUA","3' UTR"
"PY17X_0613800",197,"UGUAUAUUA","3' UTR"
"PY17X_0615000",210,"UGUAUAUUA","3' UTR"
"PY17X_0615300",673,"UGUAUAUUA","3' UTR"
"PY17X_0616900",447,"UGUAUAUUA","3' UTR"
"PY17X_0617200",566,"UGUAUAUUA","3' UTR"
"PY17X_0624700",154,"UGUAUAUUA","3' UTR"
"PY17X_0625400",357,"UGUAUAUUA","3' UTR"
"PY17X_0706300",93,"UGUAUAUUA","3' UTR"
"PY17X_0708100",22,"UGUAUAUUA","3' UTR"
"PY17X_0709100",239,"UGUAUAUUA","3' UTR"
"PY17X_0709600",528,"UGUAUAUUA","3' UTR"
"PY17X_0715600",588,"UGUAUAUUA","3' UTR"
"PY17X_0716400",637,"UGUAUAUUA","3' UTR"
"PY17X_0717900",297,"UGUAUAUUA","3' UTR"
"PY17X_0721500",412,"UGUAUAUUA","3' UTR"
"PY17X_0722200",52,"UGUAUAUUA","3' UTR"
"PY17X_0722900",229,"UGUAUAUUA","3' UTR"
"PY17X_0806100",482,"UGUAUAUUA","3' UTR"
"PY17X_0807600",593,"UGUAUAUUA","3' UTR"
"PY17X_0808100",360,"UGUAUAUUA","3' UTR"
"PY17X_0808600",412,"UGUAUAUUA","3' UTR"
"PY17X_0810400",205,"UGUAUAUUA","3' UTR"
"PY17X_0814800",194,"UGUAUAUUA","3' UTR"
"PY17X_0816400",629,"UGUAUAUUA","3' UTR"
"PY17X_0820000",192,"UGUAUAUUA","3' UTR"
"PY17X_0822100",637,"UGUAUAUUA","3' UTR"
"PY17X_0825600",515,"UGUAUAUUA","3' UTR"
"PY17X_0826200",636,"UGUAUAUUA","3' UTR"
"PY17X_0826300",642,"UGUAUAUUA","3' UTR"
"PY17X_0827900",571,"UGUAUAUUA","3' UTR"
"PY17X_0830100",289,"UGUAUAUUA","3' UTR"
"PY17X_0832250",47,"UGUAUAUUA","3' UTR"
"PY17X_0833800",200,"UGUAUAUUA","3' UTR"
"PY17X_0838400",637,"UGUAUAUUA","3' UTR"
"PY17X_0838600",3,"UGUAUAUUA","3' UTR"
"PY17X_0846201",659,"UGUAUAUUA","3' UTR"
"PY17X_0903500",503,"UGUAUAUUA","3' UTR"
"PY17X_0908300",474,"UGUAUAUUA","3' UTR"
"PY17X_0908600",253,"UGUAUAUUA","3' UTR"
"PY17X_0910700",452,"UGUAUAUUA","3' UTR"
"PY17X_0915500",656,"UGUAUAUUA","3' UTR"
"PY17X_0916800",640,"UGUAUAUUA","3' UTR"
"PY17X_0917700",270,"UGUAUAUUA","3' UTR"
"PY17X_0919700",329,"UGUAUAUUA","3' UTR"
"PY17X_0920000",181,"UGUAUAUUA","3' UTR"
"PY17X_0921400",68,"UGUAUAUUA","3' UTR"
"PY17X_0921800",670,"UGUAUAUUA","3' UTR"
"PY17X_0924700",294,"UGUAUAUUA","3' UTR"
"PY17X_0925500",380,"UGUAUAUUA","3' UTR"
"PY17X_0926600",523,"UGUAUAUUA","3' UTR"
"PY17X_0932800",246,"UGUAUAUUA","3' UTR"
"PY17X_0933900",185,"UGUAUAUUA","3' UTR"
"PY17X_0935600",551,"UGUAUAUUA","3' UTR"
"PY17X_0936700",117,"UGUAUAUUA","3' UTR"
"PY17X_0937800",58,"UGUAUAUUA","3' UTR"
"PY17X_0940400",182,"UGUAUAUUA","3' UTR"
"PY17X_0940600",263,"UGUAUAUUA","3' UTR"
"PY17X_0942800",227,"UGUAUAUUA","3' UTR"
"PY17X_0947801",304,"UGUAUAUUA","3' UTR"
"PY17X_0949501",677,"UGUAUAUUA","3' UTR"
"PY17X_0952001",600,"UGUAUAUUA","3' UTR"
"PY17X_1010700",38,"UGUAUAUUA","3' UTR"
"PY17X_1013400",27,"UGUAUAUUA","3' UTR"
"PY17X_1016000",126,"UGUAUAUUA","3' UTR"
"PY17X_1018500",249,"UGUAUAUUA","3' UTR"
"PY17X_1018700",536,"UGUAUAUUA","3' UTR"
"PY17X_1019300",403,"UGUAUAUUA","3' UTR"
"PY17X_1020100",586,"UGUAUAUUA","3' UTR"
"PY17X_1020400",310,"UGUAUAUUA","3' UTR"
"PY17X_1022300",281,"UGUAUAUUA","3' UTR"
"PY17X_1023300",340,"UGUAUAUUA","3' UTR"
"PY17X_1024800",249,"UGUAUAUUA","3' UTR"
"PY17X_1025200",306,"UGUAUAUUA","3' UTR"
"PY17X_1031200",273,"UGUAUAUUA","3' UTR"
"PY17X_1032000",292,"UGUAUAUUA","3' UTR"
"PY17X_1033700",78,"UGUAUAUUA","3' UTR"
"PY17X_1038600",386,"UGUAUAUUA","3' UTR"
"PY17X_1040300",382,"UGUAUAUUA","3' UTR"
"PY17X_1041500",398,"UGUAUAUUA","3' UTR"
"PY17X_1044000",134,"UGUAUAUUA","3' UTR"
"PY17X_1047701",677,"UGUAUAUUA","3' UTR"
"PY17X_1101000",123,"UGUAUAUUA","3' UTR"
"PY17X_1101900",231,"UGUAUAUUA","3' UTR"
"PY17X_1103200",653,"UGUAUAUUA","3' UTR"
"PY17X_1105400",345,"UGUAUAUUA","3' UTR"
"PY17X_1105800",145,"UGUAUAUUA","3' UTR"
"PY17X_1108600",147,"UGUAUAUUA","3' UTR"
"PY17X_1109900",115,"UGUAUAUUA","3' UTR"
"PY17X_1113500",284,"UGUAUAUUA","3' UTR"
"PY17X_1114300",153,"UGUAUAUUA","3' UTR"
"PY17X_1117400",367,"UGUAUAUUA","3' UTR"
"PY17X_1119400",272,"UGUAUAUUA","3' UTR"
"PY17X_1121000",178,"UGUAUAUUA","3' UTR"
"PY17X_1121500",20,"UGUAUAUUA","3' UTR"
"PY17X_1123400",381,"UGUAUAUUA","3' UTR"
"PY17X_1125600",268,"UGUAUAUUA","3' UTR"
"PY17X_1125800",643,"UGUAUAUUA","3' UTR"
"PY17X_1127600",235,"UGUAUAUUA","3' UTR"
"PY17X_1129400",567,"UGUAUAUUA","3' UTR"
"PY17X_1129600",273,"UGUAUAUUA","3' UTR"
"PY17X_1130300",133,"UGUAUAUUA","3' UTR"
"PY17X_1130700",439,"UGUAUAUUA","3' UTR"
"PY17X_1132700",533,"UGUAUAUUA","3' UTR"
"PY17X_1133600",302,"UGUAUAUUA","3' UTR"
"PY17X_1135000",253,"UGUAUAUUA","3' UTR"
"PY17X_1135900",597,"UGUAUAUUA","3' UTR"
"PY17X_1139400",126,"UGUAUAUUA","3' UTR"
"PY17X_1140000",168,"UGUAUAUUA","3' UTR"
"PY17X_1140200",290,"UGUAUAUUA","3' UTR"
"PY17X_1140600",239,"UGUAUAUUA","3' UTR"
"PY17X_1141700",279,"UGUAUAUUA","3' UTR"
"PY17X_1142900",284,"UGUAUAUUA","3' UTR"
"PY17X_1143000",93,"UGUAUAUUA","3' UTR"
"PY17X_1145700",483,"UGUAUAUUA","3' UTR"
"PY17X_1148000",333,"UGUAUAUUA","3' UTR"
"PY17X_1149800",225,"UGUAUAUUA","3' UTR"
"PY17X_1150400",680,"UGUAUAUUA","3' UTR"
"PY17X_1210100",412,"UGUAUAUUA","3' UTR"
"PY17X_1211200",121,"UGUAUAUUA","3' UTR"
"PY17X_1212800",448,"UGUAUAUUA","3' UTR"
"PY17X_1213200",482,"UGUAUAUUA","3' UTR"
"PY17X_1214000",442,"UGUAUAUUA","3' UTR"
"PY17X_1215100",399,"UGUAUAUUA","3' UTR"
"PY17X_1215400",221,"UGUAUAUUA","3' UTR"
"PY17X_1217300",148,"UGUAUAUUA","3' UTR"
"PY17X_1218600",62,"UGUAUAUUA","3' UTR"
"PY17X_1219800",485,"UGUAUAUUA","3' UTR"
"PY17X_1220500",354,"UGUAUAUUA","3' UTR"
"PY17X_1223500",671,"UGUAUAUUA","3' UTR"
"PY17X_1224100",372,"UGUAUAUUA","3' UTR"
"PY17X_1225300",436,"UGUAUAUUA","3' UTR"
"PY17X_1231600",666,"UGUAUAUUA","3' UTR"
"PY17X_1234600",508,"UGUAUAUUA","3' UTR"
"PY17X_1235600",520,"UGUAUAUUA","3' UTR"
"PY17X_1238200",75,"UGUAUAUUA","3' UTR"
"PY17X_1239000",95,"UGUAUAUUA","3' UTR"
"PY17X_1240100",224,"UGUAUAUUA","3' UTR"
"PY17X_1242100",398,"UGUAUAUUA","3' UTR"
"PY17X_1245900",7,"UGUAUAUUA","3' UTR"
"PY17X_1250000",596,"UGUAUAUUA","3' UTR"
"PY17X_1251700",453,"UGUAUAUUA","3' UTR"
"PY17X_1300343",668,"UGUAUAUUA","3' UTR"
"PY17X_1303200",132,"UGUAUAUUA","3' UTR"
"PY17X_1303700",161,"UGUAUAUUA","3' UTR"
"PY17X_1304200",154,"UGUAUAUUA","3' UTR"
"PY17X_1307700",234,"UGUAUAUUA","3' UTR"
"PY17X_1312400",302,"UGUAUAUUA","3' UTR"
"PY17X_1317800",159,"UGUAUAUUA","3' UTR"
"PY17X_1318400",41,"UGUAUAUUA","3' UTR"
"PY17X_1320000",621,"UGUAUAUUA","3' UTR"
"PY17X_1320100",475,"UGUAUAUUA","3' UTR"
"PY17X_1322100",144,"UGUAUAUUA","3' UTR"
"PY17X_1323500",517,"UGUAUAUUA","3' UTR"
"PY17X_1323800",566,"UGUAUAUUA","3' UTR"
"PY17X_1324800",277,"UGUAUAUUA","3' UTR"
"PY17X_1325000",437,"UGUAUAUUA","3' UTR"
"PY17X_1325600",137,"UGUAUAUUA","3' UTR"
"PY17X_1327300",147,"UGUAUAUUA","3' UTR"
"PY17X_1328200",676,"UGUAUAUUA","3' UTR"
"PY17X_1329000",52,"UGUAUAUUA","3' UTR"
"PY17X_1330800",402,"UGUAUAUUA","3' UTR"
"PY17X_1331100",278,"UGUAUAUUA","3' UTR"
"PY17X_1340100",456,"UGUAUAUUA","3' UTR"
"PY17X_1344600",280,"UGUAUAUUA","3' UTR"
"PY17X_1346300",380,"UGUAUAUUA","3' UTR"
"PY17X_1353800",271,"UGUAUAUUA","3' UTR"
"PY17X_1355000",612,"UGUAUAUUA","3' UTR"
"PY17X_1355600",400,"UGUAUAUUA","3' UTR"
"PY17X_1359200",34,"UGUAUAUUA","3' UTR"
"PY17X_1360800",147,"UGUAUAUUA","3' UTR"
"PY17X_1361200",574,"UGUAUAUUA","3' UTR"
"PY17X_1361400",113,"UGUAUAUUA","3' UTR"
"PY17X_1364100",195,"UGUAUAUUA","3' UTR"
"PY17X_1365300",37,"UGUAUAUUA","3' UTR"
"PY17X_1365500",100,"UGUAUAUUA","3' UTR"
"PY17X_1368800",565,"UGUAUAUUA","3' UTR"
"PY17X_1369300",651,"UGUAUAUUA","3' UTR"
"PY17X_1373400",218,"UGUAUAUUA","3' UTR"
"PY17X_1402400",85,"UGUAUAUUA","3' UTR"
"PY17X_1403400",127,"UGUAUAUUA","3' UTR"
"PY17X_1408600",128,"UGUAUAUUA","3' UTR"
"PY17X_1416900",83,"UGUAUAUUA","3' UTR"
"PY17X_1417700",159,"UGUAUAUUA","3' UTR"
"PY17X_1419300",19,"UGUAUAUUA","3' UTR"
"PY17X_1420500",43,"UGUAUAUUA","3' UTR"
"PY17X_1420800",322,"UGUAUAUUA","3' UTR"
"PY17X_1422100",186,"UGUAUAUUA","3' UTR"
"PY17X_1422800",168,"UGUAUAUUA","3' UTR"
"PY17X_1423800",453,"UGUAUAUUA","3' UTR"
"PY17X_1425700",347,"UGUAUAUUA","3' UTR"
"PY17X_1426400",297,"UGUAUAUUA","3' UTR"
"PY17X_1426800",53,"UGUAUAUUA","3' UTR"
"PY17X_1429100",28,"UGUAUAUUA","3' UTR"
"PY17X_1429800",494,"UGUAUAUUA","3' UTR"
"PY17X_1433500",212,"UGUAUAUUA","3' UTR"
"PY17X_1433600",36,"UGUAUAUUA","3' UTR"
"PY17X_1437400",262,"UGUAUAUUA","3' UTR"
"PY17X_1438300",464,"UGUAUAUUA","3' UTR"
"PY17X_1438500",456,"UGUAUAUUA","3' UTR"
"PY17X_1440200",85,"UGUAUAUUA","3' UTR"
"PY17X_1441000",344,"UGUAUAUUA","3' UTR"
"PY17X_1441000",370,"UGUAUAUUA","3' UTR"
"PY17X_1441000",395,"UGUAUAUUA","3' UTR"
"PY17X_1441000",420,"UGUAUAUUA","3' UTR"
"PY17X_1443100",618,"UGUAUAUUA","3' UTR"
"PY17X_1448200",418,"UGUAUAUUA","3' UTR"
"PY17X_1451800",562,"UGUAUAUUA","3' UTR"
"PY17X_1453750",559,"UGUAUAUUA","3' UTR"
"PY17X_1454600",210,"UGUAUAUUA","3' UTR"
"PY17X_1458500",153,"UGUAUAUUA","3' UTR"
"PY17X_1458500",552,"UGUAUAUUA","3' UTR"
"PY17X_1459400",505,"UGUAUAUUA","3' UTR"
"PY17X_1459800",290,"UGUAUAUUA","3' UTR"
"PY17X_1464200",104,"UGUAUAUUA","3' UTR"
"PY17X_1464300",418,"UGUAUAUUA","3' UTR"
"PY17X_1466300",405,"UGUAUAUUA","3' UTR"
"PY17X_1467600",302,"UGUAUAUUA","3' UTR"
"PY17X_1469000",614,"UGUAUAUUA","3' UTR"
"PY17X_API00700",276,"UGUAUAUUA","3' UTR"
"PY17X_0101900",680,"UGUAUAUUA","5' UTR"
"PY17X_0104800",586,"UGUAUAUUA","5' UTR"
"PY17X_0106800",575,"UGUAUAUUA","5' UTR"
"PY17X_0107900",249,"UGUAUAUUA","5' UTR"
"PY17X_0109400",491,"UGUAUAUUA","5' UTR"
"PY17X_0110300",73,"UGUAUAUUA","5' UTR"
"PY17X_0113100",222,"UGUAUAUUA","5' UTR"
"PY17X_0115951",432,"UGUAUAUUA","5' UTR"
"PY17X_0200451",765,"UGUAUAUUA","5' UTR"
"PY17X_0202500",448,"UGUAUAUUA","5' UTR"
"PY17X_0202600",680,"UGUAUAUUA","5' UTR"
"PY17X_0203200",783,"UGUAUAUUA","5' UTR"
"PY17X_0203400",206,"UGUAUAUUA","5' UTR"
"PY17X_0204000",289,"UGUAUAUUA","5' UTR"
"PY17X_0208200",476,"UGUAUAUUA","5' UTR"
"PY17X_0210300",285,"UGUAUAUUA","5' UTR"
"PY17X_0210700",387,"UGUAUAUUA","5' UTR"
"PY17X_0213400",236,"UGUAUAUUA","5' UTR"
"PY17X_0215200",65,"UGUAUAUUA","5' UTR"
"PY17X_0216300",6,"UGUAUAUUA","5' UTR"
"PY17X_0216300",762,"UGUAUAUUA","5' UTR"
"PY17X_0217400",70,"UGUAUAUUA","5' UTR"
"PY17X_0222701",209,"UGUAUAUUA","5' UTR"
"PY17X_0305700",251,"UGUAUAUUA","5' UTR"
"PY17X_0307700",358,"UGUAUAUUA","5' UTR"
"PY17X_0307800",394,"UGUAUAUUA","5' UTR"
"PY17X_0309100",168,"UGUAUAUUA","5' UTR"
"PY17X_0309300",598,"UGUAUAUUA","5' UTR"
"PY17X_0311900",116,"UGUAUAUUA","5' UTR"
"PY17X_0313600",35,"UGUAUAUUA","5' UTR"
"PY17X_0314800",743,"UGUAUAUUA","5' UTR"
"PY17X_0317500",719,"UGUAUAUUA","5' UTR"
"PY17X_0322801",274,"UGUAUAUUA","5' UTR"
"PY17X_0400083",474,"UGUAUAUUA","5' UTR"
"PY17X_0402300",638,"UGUAUAUUA","5' UTR"
"PY17X_0403500",542,"UGUAUAUUA","5' UTR"
"PY17X_0403700",8,"UGUAUAUUA","5' UTR"
"PY17X_0405200",385,"UGUAUAUUA","5' UTR"
"PY17X_0406600",657,"UGUAUAUUA","5' UTR"
"PY17X_0409300",391,"UGUAUAUUA","5' UTR"
"PY17X_0409800",512,"UGUAUAUUA","5' UTR"
"PY17X_0413400",230,"UGUAUAUUA","5' UTR"
"PY17X_0415400",551,"UGUAUAUUA","5' UTR"
"PY17X_0416200",247,"UGUAUAUUA","5' UTR"
"PY17X_0416700",385,"UGUAUAUUA","5' UTR"
"PY17X_0417300",260,"UGUAUAUUA","5' UTR"
"PY17X_0417400",699,"UGUAUAUUA","5' UTR"
"PY17X_0418300",660,"UGUAUAUUA","5' UTR"
"PY17X_0419800",41,"UGUAUAUUA","5' UTR"
"PY17X_0420800",278,"UGUAUAUUA","5' UTR"
"PY17X_0422001",608,"UGUAUAUUA","5' UTR"
"PY17X_0422501",570,"UGUAUAUUA","5' UTR"
"PY17X_0500021",251,"UGUAUAUUA","5' UTR"
"PY17X_0500101",479,"UGUAUAUUA","5' UTR"
"PY17X_0500161",438,"UGUAUAUUA","5' UTR"
"PY17X_0501200",750,"UGUAUAUUA","5' UTR"
"PY17X_0501800",432,"UGUAUAUUA","5' UTR"
"PY17X_0504100",85,"UGUAUAUUA","5' UTR"
"PY17X_0505400",19,"UGUAUAUUA","5' UTR"
"PY17X_0507000",23,"UGUAUAUUA","5' UTR"
"PY17X_0507900",287,"UGUAUAUUA","5' UTR"
"PY17X_0508200",435,"UGUAUAUUA","5' UTR"
"PY17X_0512500",183,"UGUAUAUUA","5' UTR"
"PY17X_0513100",698,"UGUAUAUUA","5' UTR"
"PY17X_0515000",101,"UGUAUAUUA","5' UTR"
"PY17X_0516100",103,"UGUAUAUUA","5' UTR"
"PY17X_0516400",349,"UGUAUAUUA","5' UTR"
"PY17X_0516500",226,"UGUAUAUUA","5' UTR"
"PY17X_0517500",449,"UGUAUAUUA","5' UTR"
"PY17X_0518500",390,"UGUAUAUUA","5' UTR"
"PY17X_0518600",423,"UGUAUAUUA","5' UTR"
"PY17X_0521700",482,"UGUAUAUUA","5' UTR"
"PY17X_0521800",263,"UGUAUAUUA","5' UTR"
"PY17X_0522100",6,"UGUAUAUUA","5' UTR"
"PY17X_0522300",565,"UGUAUAUUA","5' UTR"
"PY17X_0525900",580,"UGUAUAUUA","5' UTR"
"PY17X_0600061",209,"UGUAUAUUA","5' UTR"
"PY17X_0600231",209,"UGUAUAUUA","5' UTR"
"PY17X_0604800",228,"UGUAUAUUA","5' UTR"
"PY17X_0606300",38,"UGUAUAUUA","5' UTR"
"PY17X_0606400",572,"UGUAUAUUA","5' UTR"
"PY17X_0610000",423,"UGUAUAUUA","5' UTR"
"PY17X_0610200",106,"UGUAUAUUA","5' UTR"
"PY17X_0611600",669,"UGUAUAUUA","5' UTR"
"PY17X_0613200",505,"UGUAUAUUA","5' UTR"
"PY17X_0613800",222,"UGUAUAUUA","5' UTR"
"PY17X_0614600",211,"UGUAUAUUA","5' UTR"
"PY17X_0617000",778,"UGUAUAUUA","5' UTR"
"PY17X_0617800",631,"UGUAUAUUA","5' UTR"
"PY17X_0620800",421,"UGUAUAUUA","5' UTR"
"PY17X_0622700",661,"UGUAUAUUA","5' UTR"
"PY17X_0624300",451,"UGUAUAUUA","5' UTR"
"PY17X_0700700",436,"UGUAUAUUA","5' UTR"
"PY17X_0701000",758,"UGUAUAUUA","5' UTR"
"PY17X_0701100",142,"UGUAUAUUA","5' UTR"
"PY17X_0701171",655,"UGUAUAUUA","5' UTR"
"PY17X_0701171",740,"UGUAUAUUA","5' UTR"
"PY17X_0704100",75,"UGUAUAUUA","5' UTR"
"PY17X_0705200",368,"UGUAUAUUA","5' UTR"
"PY17X_0706200",452,"UGUAUAUUA","5' UTR"
"PY17X_0708500",41,"UGUAUAUUA","5' UTR"
"PY17X_0709800",608,"UGUAUAUUA","5' UTR"
"PY17X_0710500",473,"UGUAUAUUA","5' UTR"
"PY17X_0711500",788,"UGUAUAUUA","5' UTR"
"PY17X_0717800",109,"UGUAUAUUA","5' UTR"
"PY17X_0718200",260,"UGUAUAUUA","5' UTR"
"PY17X_0718300",159,"UGUAUAUUA","5' UTR"
"PY17X_0718900",421,"UGUAUAUUA","5' UTR"
"PY17X_0719100",109,"UGUAUAUUA","5' UTR"
"PY17X_0719400",307,"UGUAUAUUA","5' UTR"
"PY17X_0719400",322,"UGUAUAUUA","5' UTR"
"PY17X_0720500",122,"UGUAUAUUA","5' UTR"
"PY17X_0720500",570,"UGUAUAUUA","5' UTR"
"PY17X_0721000",395,"UGUAUAUUA","5' UTR"
"PY17X_0722100",465,"UGUAUAUUA","5' UTR"
"PY17X_0722200",97,"UGUAUAUUA","5' UTR"
"PY17X_0722200",134,"UGUAUAUUA","5' UTR"
"PY17X_0723400",253,"UGUAUAUUA","5' UTR"
"PY17X_0800181",750,"UGUAUAUUA","5' UTR"
"PY17X_0800700",472,"UGUAUAUUA","5' UTR"
"PY17X_0802400",434,"UGUAUAUUA","5' UTR"
"PY17X_0804900",297,"UGUAUAUUA","5' UTR"
"PY17X_0805700",677,"UGUAUAUUA","5' UTR"
"PY17X_0806100",466,"UGUAUAUUA","5' UTR"
"PY17X_0806300",598,"UGUAUAUUA","5' UTR"
"PY17X_0808500",243,"UGUAUAUUA","5' UTR"
"PY17X_0809900",382,"UGUAUAUUA","5' UTR"
"PY17X_0810900",659,"UGUAUAUUA","5' UTR"
"PY17X_0811000",115,"UGUAUAUUA","5' UTR"
"PY17X_0811100",428,"UGUAUAUUA","5' UTR"
"PY17X_0814200",731,"UGUAUAUUA","5' UTR"
"PY17X_0814900",101,"UGUAUAUUA","5' UTR"
"PY17X_0815700",715,"UGUAUAUUA","5' UTR"
"PY17X_0816300",256,"UGUAUAUUA","5' UTR"
"PY17X_0821800",479,"UGUAUAUUA","5' UTR"
"PY17X_0822200",583,"UGUAUAUUA","5' UTR"
"PY17X_0826000",160,"UGUAUAUUA","5' UTR"
"PY17X_0831100",204,"UGUAUAUUA","5' UTR"
"PY17X_0831300",288,"UGUAUAUUA","5' UTR"
"PY17X_0831300",561,"UGUAUAUUA","5' UTR"
"PY17X_0832250",111,"UGUAUAUUA","5' UTR"
"PY17X_0833400",289,"UGUAUAUUA","5' UTR"
"PY17X_0834400",344,"UGUAUAUUA","5' UTR"
"PY17X_0834400",783,"UGUAUAUUA","5' UTR"
"PY17X_0834800",289,"UGUAUAUUA","5' UTR"
"PY17X_0834800",614,"UGUAUAUUA","5' UTR"
"PY17X_0835600",653,"UGUAUAUUA","5' UTR"
"PY17X_0838400",136,"UGUAUAUUA","5' UTR"
"PY17X_0840700",631,"UGUAUAUUA","5' UTR"
"PY17X_0840900",3,"UGUAUAUUA","5' UTR"
"PY17X_0840900",73,"UGUAUAUUA","5' UTR"
"PY17X_0841100",461,"UGUAUAUUA","5' UTR"
"PY17X_0843001",476,"UGUAUAUUA","5' UTR"
"PY17X_0843201",515,"UGUAUAUUA","5' UTR"
"PY17X_0846301",210,"UGUAUAUUA","5' UTR"
"PY17X_0846801",274,"UGUAUAUUA","5' UTR"
"PY17X_0900007",274,"UGUAUAUUA","5' UTR"
"PY17X_0900063",519,"UGUAUAUUA","5' UTR"
"PY17X_0901800",371,"UGUAUAUUA","5' UTR"
"PY17X_0901900",520,"UGUAUAUUA","5' UTR"
"PY17X_0902300",791,"UGUAUAUUA","5' UTR"
"PY17X_0903200",448,"UGUAUAUUA","5' UTR"
"PY17X_0903500",16,"UGUAUAUUA","5' UTR"
"PY17X_0906700",302,"UGUAUAUUA","5' UTR"
"PY17X_0910300",113,"UGUAUAUUA","5' UTR"
"PY17X_0910300",725,"UGUAUAUUA","5' UTR"
"PY17X_0911000",771,"UGUAUAUUA","5' UTR"
"PY17X_0912300",619,"UGUAUAUUA","5' UTR"
"PY17X_0912400",241,"UGUAUAUUA","5' UTR"
"PY17X_0914300",164,"UGUAUAUUA","5' UTR"
"PY17X_0914900",306,"UGUAUAUUA","5' UTR"
"PY17X_0915900",404,"UGUAUAUUA","5' UTR"
"PY17X_0916100",747,"UGUAUAUUA","5' UTR"
"PY17X_0916400",281,"UGUAUAUUA","5' UTR"
"PY17X_0917800",136,"UGUAUAUUA","5' UTR"
"PY17X_0919700",514,"UGUAUAUUA","5' UTR"
"PY17X_0924700",230,"UGUAUAUUA","5' UTR"
"PY17X_0925600",62,"UGUAUAUUA","5' UTR"
"PY17X_0926500",332,"UGUAUAUUA","5' UTR"
"PY17X_0927600",207,"UGUAUAUUA","5' UTR"
"PY17X_0929000",75,"UGUAUAUUA","5' UTR"
"PY17X_0935100",764,"UGUAUAUUA","5' UTR"
"PY17X_0935500",128,"UGUAUAUUA","5' UTR"
"PY17X_0935500",659,"UGUAUAUUA","5' UTR"
"PY17X_0935700",507,"UGUAUAUUA","5' UTR"
"PY17X_0936200",414,"UGUAUAUUA","5' UTR"
"PY17X_0937700",325,"UGUAUAUUA","5' UTR"
"PY17X_0938200",293,"UGUAUAUUA","5' UTR"
"PY17X_0942800",212,"UGUAUAUUA","5' UTR"
"PY17X_0942800",225,"UGUAUAUUA","5' UTR"
"PY17X_0942900",129,"UGUAUAUUA","5' UTR"
"PY17X_0944900",363,"UGUAUAUUA","5' UTR"
"PY17X_0945200",30,"UGUAUAUUA","5' UTR"
"PY17X_0946400",120,"UGUAUAUUA","5' UTR"
"PY17X_0951601",352,"UGUAUAUUA","5' UTR"
"PY17X_1000011",274,"UGUAUAUUA","5' UTR"
"PY17X_1000051",474,"UGUAUAUUA","5' UTR"
"PY17X_1000100",750,"UGUAUAUUA","5' UTR"
"PY17X_1002100",292,"UGUAUAUUA","5' UTR"
"PY17X_1004400",20,"UGUAUAUUA","5' UTR"
"PY17X_1006500",630,"UGUAUAUUA","5' UTR"
"PY17X_1006800",778,"UGUAUAUUA","5' UTR"
"PY17X_1007600",408,"UGUAUAUUA","5' UTR"
"PY17X_1008200",56,"UGUAUAUUA","5' UTR"
"PY17X_1011000",63,"UGUAUAUUA","5' UTR"
"PY17X_1011800",388,"UGUAUAUUA","5' UTR"
"PY17X_1012300",182,"UGUAUAUUA","5' UTR"
"PY17X_1012500",4,"UGUAUAUUA","5' UTR"
"PY17X_1016400",57,"UGUAUAUUA","5' UTR"
"PY17X_1016400",283,"UGUAUAUUA","5' UTR"
"PY17X_1016700",148,"UGUAUAUUA","5' UTR"
"PY17X_1017200",46,"UGUAUAUUA","5' UTR"
"PY17X_1017700",111,"UGUAUAUUA","5' UTR"
"PY17X_1020300",143,"UGUAUAUUA","5' UTR"
"PY17X_1024500",396,"UGUAUAUUA","5' UTR"
"PY17X_1025300",133,"UGUAUAUUA","5' UTR"
"PY17X_1025400",661,"UGUAUAUUA","5' UTR"
"PY17X_1027500",256,"UGUAUAUUA","5' UTR"
"PY17X_1027600",152,"UGUAUAUUA","5' UTR"
"PY17X_1028000",706,"UGUAUAUUA","5' UTR"
"PY17X_1028700",399,"UGUAUAUUA","5' UTR"
"PY17X_1030000",575,"UGUAUAUUA","5' UTR"
"PY17X_1030100",74,"UGUAUAUUA","5' UTR"
"PY17X_1031400",585,"UGUAUAUUA","5' UTR"
"PY17X_1034100",594,"UGUAUAUUA","5' UTR"
"PY17X_1035200",220,"UGUAUAUUA","5' UTR"
"PY17X_1037700",184,"UGUAUAUUA","5' UTR"
"PY17X_1039000",252,"UGUAUAUUA","5' UTR"
"PY17X_1039400",601,"UGUAUAUUA","5' UTR"
"PY17X_1040200",53,"UGUAUAUUA","5' UTR"
"PY17X_1041400",294,"UGUAUAUUA","5' UTR"
"PY17X_1042800",521,"UGUAUAUUA","5' UTR"
"PY17X_1048401",652,"UGUAUAUUA","5' UTR"
"PY17X_1051101",250,"UGUAUAUUA","5' UTR"
"PY17X_1100011",211,"UGUAUAUUA","5' UTR"
"PY17X_1100033",474,"UGUAUAUUA","5' UTR"
"PY17X_1101700",472,"UGUAUAUUA","5' UTR"
"PY17X_1102200",454,"UGUAUAUUA","5' UTR"
"PY17X_1102600",233,"UGUAUAUUA","5' UTR"
"PY17X_1104200",546,"UGUAUAUUA","5' UTR"
"PY17X_1106600",299,"UGUAUAUUA","5' UTR"
"PY17X_1107300",443,"UGUAUAUUA","5' UTR"
"PY17X_1111800",401,"UGUAUAUUA","5' UTR"
"PY17X_1113000",7,"UGUAUAUUA","5' UTR"
"PY17X_1117300",354,"UGUAUAUUA","5' UTR"
"PY17X_1117800",552,"UGUAUAUUA","5' UTR"
"PY17X_1117900",355,"UGUAUAUUA","5' UTR"
"PY17X_1121700",17,"UGUAUAUUA","5' UTR"
"PY17X_1123100",267,"UGUAUAUUA","5' UTR"
"PY17X_1123300",102,"UGUAUAUUA","5' UTR"
"PY17X_1123400",229,"UGUAUAUUA","5' UTR"
"PY17X_1123500",613,"UGUAUAUUA","5' UTR"
"PY17X_1124400",430,"UGUAUAUUA","5' UTR"
"PY17X_1126000",193,"UGUAUAUUA","5' UTR"
"PY17X_1127400",112,"UGUAUAUUA","5' UTR"
"PY17X_1128900",339,"UGUAUAUUA","5' UTR"
"PY17X_1132600",256,"UGUAUAUUA","5' UTR"
"PY17X_1133700",269,"UGUAUAUUA","5' UTR"
"PY17X_1134300",328,"UGUAUAUUA","5' UTR"
"PY17X_1135100",158,"UGUAUAUUA","5' UTR"
"PY17X_1135600",392,"UGUAUAUUA","5' UTR"
"PY17X_1135800",464,"UGUAUAUUA","5' UTR"
"PY17X_1135900",729,"UGUAUAUUA","5' UTR"
"PY17X_1138300",515,"UGUAUAUUA","5' UTR"
"PY17X_1140100",211,"UGUAUAUUA","5' UTR"
"PY17X_1140300",248,"UGUAUAUUA","5' UTR"
"PY17X_1141900",733,"UGUAUAUUA","5' UTR"
"PY17X_1142100",611,"UGUAUAUUA","5' UTR"
"PY17X_1203800",368,"UGUAUAUUA","5' UTR"
"PY17X_1203900",545,"UGUAUAUUA","5' UTR"
"PY17X_1205300",571,"UGUAUAUUA","5' UTR"
"PY17X_1205400",513,"UGUAUAUUA","5' UTR"
"PY17X_1205800",416,"UGUAUAUUA","5' UTR"
"PY17X_1209600",658,"UGUAUAUUA","5' UTR"
"PY17X_1209800",617,"UGUAUAUUA","5' UTR"
"PY17X_1211700",140,"UGUAUAUUA","5' UTR"
"PY17X_1212800",437,"UGUAUAUUA","5' UTR"
"PY17X_1212800",448,"UGUAUAUUA","5' UTR"
"PY17X_1212900",400,"UGUAUAUUA","5' UTR"
"PY17X_1213600",574,"UGUAUAUUA","5' UTR"
"PY17X_1214100",55,"UGUAUAUUA","5' UTR"
"PY17X_1216200",61,"UGUAUAUUA","5' UTR"
"PY17X_1216800",622,"UGUAUAUUA","5' UTR"
"PY17X_1217900",238,"UGUAUAUUA","5' UTR"
"PY17X_1218800",167,"UGUAUAUUA","5' UTR"
"PY17X_1219000",347,"UGUAUAUUA","5' UTR"
"PY17X_1219000",699,"UGUAUAUUA","5' UTR"
"PY17X_1221100",115,"UGUAUAUUA","5' UTR"
"PY17X_1221500",792,"UGUAUAUUA","5' UTR"
"PY17X_1225600",479,"UGUAUAUUA","5' UTR"
"PY17X_1225600",543,"UGUAUAUUA","5' UTR"
"PY17X_1229000",495,"UGUAUAUUA","5' UTR"
"PY17X_1229600",75,"UGUAUAUUA","5' UTR"
"PY17X_1231800",215,"UGUAUAUUA","5' UTR"
"PY17X_1234200",431,"UGUAUAUUA","5' UTR"
"PY17X_1234800",340,"UGUAUAUUA","5' UTR"
"PY17X_1235800",694,"UGUAUAUUA","5' UTR"
"PY17X_1236700",285,"UGUAUAUUA","5' UTR"
"PY17X_1237700",221,"UGUAUAUUA","5' UTR"
"PY17X_1239000",547,"UGUAUAUUA","5' UTR"
"PY17X_1239100",121,"UGUAUAUUA","5' UTR"
"PY17X_1241100",685,"UGUAUAUUA","5' UTR"
"PY17X_1242300",567,"UGUAUAUUA","5' UTR"
"PY17X_1246100",393,"UGUAUAUUA","5' UTR"
"PY17X_1247000",184,"UGUAUAUUA","5' UTR"
"PY17X_1248700",793,"UGUAUAUUA","5' UTR"
"PY17X_1249600",24,"UGUAUAUUA","5' UTR"
"PY17X_1250000",68,"UGUAUAUUA","5' UTR"
"PY17X_1300035",274,"UGUAUAUUA","5' UTR"
"PY17X_1300280",209,"UGUAUAUUA","5' UTR"
"PY17X_1301400",483,"UGUAUAUUA","5' UTR"
"PY17X_1303300",449,"UGUAUAUUA","5' UTR"
"PY17X_1305200",32,"UGUAUAUUA","5' UTR"
"PY17X_1305200",230,"UGUAUAUUA","5' UTR"
"PY17X_1305500",201,"UGUAUAUUA","5' UTR"
"PY17X_1305600",734,"UGUAUAUUA","5' UTR"
"PY17X_1306400",430,"UGUAUAUUA","5' UTR"
"PY17X_1307500",382,"UGUAUAUUA","5' UTR"
"PY17X_1312200",22,"UGUAUAUUA","5' UTR"
"PY17X_1313200",572,"UGUAUAUUA","5' UTR"
"PY17X_1314100",416,"UGUAUAUUA","5' UTR"
"PY17X_1314600",389,"UGUAUAUUA","5' UTR"
"PY17X_1314700",134,"UGUAUAUUA","5' UTR"
"PY17X_1316700",202,"UGUAUAUUA","5' UTR"
"PY17X_1316700",576,"UGUAUAUUA","5' UTR"
"PY17X_1317500",121,"UGUAUAUUA","5' UTR"
"PY17X_1318000",420,"UGUAUAUUA","5' UTR"
"PY17X_1318000",476,"UGUAUAUUA","5' UTR"
"PY17X_1318400",448,"UGUAUAUUA","5' UTR"
"PY17X_1319200",373,"UGUAUAUUA","5' UTR"
"PY17X_1319500",742,"UGUAUAUUA","5' UTR"
"PY17X_1320100",159,"UGUAUAUUA","5' UTR"
"PY17X_1320100",352,"UGUAUAUUA","5' UTR"
"PY17X_1320100",568,"UGUAUAUUA","5' UTR"
"PY17X_1320200",558,"UGUAUAUUA","5' UTR"
"PY17X_1321800",365,"UGUAUAUUA","5' UTR"
"PY17X_1321800",518,"UGUAUAUUA","5' UTR"
"PY17X_1323100",554,"UGUAUAUUA","5' UTR"
"PY17X_1325300",365,"UGUAUAUUA","5' UTR"
"PY17X_1325700",652,"UGUAUAUUA","5' UTR"
"PY17X_1327600",602,"UGUAUAUUA","5' UTR"
"PY17X_1328000",142,"UGUAUAUUA","5' UTR"
"PY17X_1328300",387,"UGUAUAUUA","5' UTR"
"PY17X_1330900",475,"UGUAUAUUA","5' UTR"
"PY17X_1331200",462,"UGUAUAUUA","5' UTR"
"PY17X_1333900",234,"UGUAUAUUA","5' UTR"
"PY17X_1335700",222,"UGUAUAUUA","5' UTR"
"PY17X_1340200",200,"UGUAUAUUA","5' UTR"
"PY17X_1340200",734,"UGUAUAUUA","5' UTR"
"PY17X_1340600",630,"UGUAUAUUA","5' UTR"
"PY17X_1341100",340,"UGUAUAUUA","5' UTR"
"PY17X_1341500",415,"UGUAUAUUA","5' UTR"
"PY17X_1342200",289,"UGUAUAUUA","5' UTR"
"PY17X_1342200",484,"UGUAUAUUA","5' UTR"
"PY17X_1345200",669,"UGUAUAUUA","5' UTR"
"PY17X_1346000",331,"UGUAUAUUA","5' UTR"
"PY17X_1346200",225,"UGUAUAUUA","5' UTR"
"PY17X_1349800",617,"UGUAUAUUA","5' UTR"
"PY17X_1351500",47,"UGUAUAUUA","5' UTR"
"PY17X_1352600",346,"UGUAUAUUA","5' UTR"
"PY17X_1352800",347,"UGUAUAUUA","5' UTR"
"PY17X_1355100",409,"UGUAUAUUA","5' UTR"
"PY17X_1355300",13,"UGUAUAUUA","5' UTR"
"PY17X_1358400",746,"UGUAUAUUA","5' UTR"
"PY17X_1359000",239,"UGUAUAUUA","5' UTR"
"PY17X_1359200",697,"UGUAUAUUA","5' UTR"
"PY17X_1360000",552,"UGUAUAUUA","5' UTR"
"PY17X_1360900",196,"UGUAUAUUA","5' UTR"
"PY17X_1361100",234,"UGUAUAUUA","5' UTR"
"PY17X_1362100",77,"UGUAUAUUA","5' UTR"
"PY17X_1364200",484,"UGUAUAUUA","5' UTR"
"PY17X_1365500",700,"UGUAUAUUA","5' UTR"
"PY17X_1367100",296,"UGUAUAUUA","5' UTR"
"PY17X_1368000",766,"UGUAUAUUA","5' UTR"
"PY17X_1368900",552,"UGUAUAUUA","5' UTR"
"PY17X_1369900",182,"UGUAUAUUA","5' UTR"
"PY17X_1373200",187,"UGUAUAUUA","5' UTR"
"PY17X_1400011",211,"UGUAUAUUA","5' UTR"
"PY17X_1400049",750,"UGUAUAUUA","5' UTR"
"PY17X_1400075",514,"UGUAUAUUA","5' UTR"
"PY17X_1400200",226,"UGUAUAUUA","5' UTR"
"PY17X_1403600",356,"UGUAUAUUA","5' UTR"
"PY17X_1405600",313,"UGUAUAUUA","5' UTR"
"PY17X_1407900",238,"UGUAUAUUA","5' UTR"
"PY17X_1408200",713,"UGUAUAUUA","5' UTR"
"PY17X_1413100",142,"UGUAUAUUA","5' UTR"
"PY17X_1421200",601,"UGUAUAUUA","5' UTR"
"PY17X_1422000",182,"UGUAUAUUA","5' UTR"
"PY17X_1422300",357,"UGUAUAUUA","5' UTR"
"PY17X_1422800",424,"UGUAUAUUA","5' UTR"
"PY17X_1422900",658,"UGUAUAUUA","5' UTR"
"PY17X_1423700",521,"UGUAUAUUA","5' UTR"
"PY17X_1423700",778,"UGUAUAUUA","5' UTR"
"PY17X_1425100",285,"UGUAUAUUA","5' UTR"
"PY17X_1425600",264,"UGUAUAUUA","5' UTR"
"PY17X_1427200",737,"UGUAUAUUA","5' UTR"
"PY17X_1429100",220,"UGUAUAUUA","5' UTR"
"PY17X_1430800",219,"UGUAUAUUA","5' UTR"
"PY17X_1431800",619,"UGUAUAUUA","5' UTR"
"PY17X_1431900",516,"UGUAUAUUA","5' UTR"
"PY17X_1432900",95,"UGUAUAUUA","5' UTR"
"PY17X_1434700",255,"UGUAUAUUA","5' UTR"
"PY17X_1435900",499,"UGUAUAUUA","5' UTR"
"PY17X_1437300",209,"UGUAUAUUA","5' UTR"
"PY17X_1438500",429,"UGUAUAUUA","5' UTR"
"PY17X_1443000",63,"UGUAUAUUA","5' UTR"
"PY17X_1443700",723,"UGUAUAUUA","5' UTR"
"PY17X_1444700",309,"UGUAUAUUA","5' UTR"
"PY17X_1445000",311,"UGUAUAUUA","5' UTR"
"PY17X_1445800",179,"UGUAUAUUA","5' UTR"
"PY17X_1446300",526,"UGUAUAUUA","5' UTR"
"PY17X_1448300",48,"UGUAUAUUA","5' UTR"
"PY17X_1449300",366,"UGUAUAUUA","5' UTR"
"PY17X_1457200",397,"UGUAUAUUA","5' UTR"
"PY17X_1458600",259,"UGUAUAUUA","5' UTR"
"PY17X_1459500",265,"UGUAUAUUA","5' UTR"
"PY17X_1459600",370,"UGUAUAUUA","5' UTR"
"PY17X_1466000",712,"UGUAUAUUA","5' UTR"
"PY17X_1472001",494,"UGUAUAUUA","5' UTR"
"PY17X_1473601",274,"UGUAUAUUA","5' UTR"
"PY17X_0101900",500,"UGUAUAUUA","CDS"
"PY17X_0103100",858,"UGUAUAUUA","CDS"
"PY17X_0103500",221,"UGUAUAUUA","CDS"
"PY17X_0104900",1400,"UGUAUAUUA","CDS"
"PY17X_0107500",1078,"UGUAUAUUA","CDS"
"PY17X_0107800",415,"UGUAUAUUA","CDS"
"PY17X_0109400",436,"UGUAUAUUA","CDS"
"PY17X_0110000",4705,"UGUAUAUUA","CDS"
"PY17X_0112000",703,"UGUAUAUUA","CDS"
"PY17X_0113200",787,"UGUAUAUUA","CDS"
"PY17X_0114000",345,"UGUAUAUUA","CDS"
"PY17X_0115700",497,"UGUAUAUUA","CDS"
"PY17X_0117200",491,"UGUAUAUUA","CDS"
"PY17X_0200331",476,"UGUAUAUUA","CDS"
"PY17X_0202600",500,"UGUAUAUUA","CDS"
"PY17X_0207300",922,"UGUAUAUUA","CDS"
"PY17X_0210200",5449,"UGUAUAUUA","CDS"
"PY17X_0211000",1132,"UGUAUAUUA","CDS"
"PY17X_0211200",469,"UGUAUAUUA","CDS"
"PY17X_0211700",1413,"UGUAUAUUA","CDS"
"PY17X_0212700",787,"UGUAUAUUA","CDS"
"PY17X_0215400",7258,"UGUAUAUUA","CDS"
"PY17X_0216900",248,"UGUAUAUUA","CDS"
"PY17X_0302000",845,"UGUAUAUUA","CDS"
"PY17X_0302500",755,"UGUAUAUUA","CDS"
"PY17X_0303100",898,"UGUAUAUUA","CDS"
"PY17X_0304600",4668,"UGUAUAUUA","CDS"
"PY17X_0309800",7438,"UGUAUAUUA","CDS"
"PY17X_0314200",325,"UGUAUAUUA","CDS"
"PY17X_0314400",2765,"UGUAUAUUA","CDS"
"PY17X_0318100",500,"UGUAUAUUA","CDS"
"PY17X_0320201",476,"UGUAUAUUA","CDS"
"PY17X_0403100",339,"UGUAUAUUA","CDS"
"PY17X_0403300",2040,"UGUAUAUUA","CDS"
"PY17X_0404300",4061,"UGUAUAUUA","CDS"
"PY17X_0406000",934,"UGUAUAUUA","CDS"
"PY17X_0407900",424,"UGUAUAUUA","CDS"
"PY17X_0408500",10309,"UGUAUAUUA","CDS"
"PY17X_0412600",1741,"UGUAUAUUA","CDS"
"PY17X_0414700",1202,"UGUAUAUUA","CDS"
"PY17X_0415500",1352,"UGUAUAUUA","CDS"
"PY17X_0418800",1447,"UGUAUAUUA","CDS"
"PY17X_0419100",3883,"UGUAUAUUA","CDS"
"PY17X_0419200",2,"UGUAUAUUA","CDS"
"PY17X_0419300",3559,"UGUAUAUUA","CDS"
"PY17X_0503100",2404,"UGUAUAUUA","CDS"
"PY17X_0506400",1469,"UGUAUAUUA","CDS"
"PY17X_0508300",1104,"UGUAUAUUA","CDS"
"PY17X_0515200",2413,"UGUAUAUUA","CDS"
"PY17X_0515500",367,"UGUAUAUUA","CDS"
"PY17X_0518400",482,"UGUAUAUUA","CDS"
"PY17X_0520900",1176,"UGUAUAUUA","CDS"
"PY17X_0522700",6340,"UGUAUAUUA","CDS"
"PY17X_0523500",5018,"UGUAUAUUA","CDS"
"PY17X_0603200",742,"UGUAUAUUA","CDS"
"PY17X_0603600",814,"UGUAUAUUA","CDS"
"PY17X_0603800",8230,"UGUAUAUUA","CDS"
"PY17X_0604500",2102,"UGUAUAUUA","CDS"
"PY17X_0604800",1469,"UGUAUAUUA","CDS"
"PY17X_0612200",607,"UGUAUAUUA","CDS"
"PY17X_0612200",3205,"UGUAUAUUA","CDS"
"PY17X_0612600",8163,"UGUAUAUUA","CDS"
"PY17X_0614500",439,"UGUAUAUUA","CDS"
"PY17X_0617100",1449,"UGUAUAUUA","CDS"
"PY17X_0618400",10912,"UGUAUAUUA","CDS"
"PY17X_0618600",5437,"UGUAUAUUA","CDS"
"PY17X_0620000",44,"UGUAUAUUA","CDS"
"PY17X_0621200",5811,"UGUAUAUUA","CDS"
"PY17X_0625000",964,"UGUAUAUUA","CDS"
"PY17X_0700051",491,"UGUAUAUUA","CDS"
"PY17X_0702000",1365,"UGUAUAUUA","CDS"
"PY17X_0702400",391,"UGUAUAUUA","CDS"
"PY17X_0702900",763,"UGUAUAUUA","CDS"
"PY17X_0704400",1222,"UGUAUAUUA","CDS"
"PY17X_0708700",3100,"UGUAUAUUA","CDS"
"PY17X_0710400",554,"UGUAUAUUA","CDS"
"PY17X_0713600",1192,"UGUAUAUUA","CDS"
"PY17X_0718600",413,"UGUAUAUUA","CDS"
"PY17X_0719500",11101,"UGUAUAUUA","CDS"
"PY17X_0719500",13005,"UGUAUAUUA","CDS"
"PY17X_0720100",5475,"UGUAUAUUA","CDS"
"PY17X_0723000",248,"UGUAUAUUA","CDS"
"PY17X_0804300",5759,"UGUAUAUUA","CDS"
"PY17X_0804400",2812,"UGUAUAUUA","CDS"
"PY17X_0804700",115,"UGUAUAUUA","CDS"
"PY17X_0805500",2431,"UGUAUAUUA","CDS"
"PY17X_0807500",1810,"UGUAUAUUA","CDS"
"PY17X_0809900",8548,"UGUAUAUUA","CDS"
"PY17X_0810400",156,"UGUAUAUUA","CDS"
"PY17X_0810700",1111,"UGUAUAUUA","CDS"
"PY17X_0813400",538,"UGUAUAUUA","CDS"
"PY17X_0813500",871,"UGUAUAUUA","CDS"
"PY17X_0816400",991,"UGUAUAUUA","CDS"
"PY17X_0821900",1225,"UGUAUAUUA","CDS"
"PY17X_0824500",96,"UGUAUAUUA","CDS"
"PY17X_0827000",5481,"UGUAUAUUA","CDS"
"PY17X_0827800",448,"UGUAUAUUA","CDS"
"PY17X_0832800",1108,"UGUAUAUUA","CDS"
"PY17X_0835200",817,"UGUAUAUUA","CDS"
"PY17X_0838000",271,"UGUAUAUUA","CDS"
"PY17X_0838900",601,"UGUAUAUUA","CDS"
"PY17X_0900025",248,"UGUAUAUUA","CDS"
"PY17X_0900700",491,"UGUAUAUUA","CDS"
"PY17X_0902900",626,"UGUAUAUUA","CDS"
"PY17X_0903000",2044,"UGUAUAUUA","CDS"
"PY17X_0904400",1099,"UGUAUAUUA","CDS"
"PY17X_0904900",526,"UGUAUAUUA","CDS"
"PY17X_0906900",2247,"UGUAUAUUA","CDS"
"PY17X_0909500",1747,"UGUAUAUUA","CDS"
"PY17X_0909700",1889,"UGUAUAUUA","CDS"
"PY17X_0912300",195,"UGUAUAUUA","CDS"
"PY17X_0913200",2377,"UGUAUAUUA","CDS"
"PY17X_0914500",1086,"UGUAUAUUA","CDS"
"PY17X_0917500",953,"UGUAUAUUA","CDS"
"PY17X_0919300",1571,"UGUAUAUUA","CDS"
"PY17X_0923500",218,"UGUAUAUUA","CDS"
"PY17X_0924600",256,"UGUAUAUUA","CDS"
"PY17X_0927400",9253,"UGUAUAUUA","CDS"
"PY17X_0928000",361,"UGUAUAUUA","CDS"
"PY17X_0931500",1042,"UGUAUAUUA","CDS"
"PY17X_0933000",620,"UGUAUAUUA","CDS"
"PY17X_0933400",364,"UGUAUAUUA","CDS"
"PY17X_0933400",723,"UGUAUAUUA","CDS"
"PY17X_0935800",1795,"UGUAUAUUA","CDS"
"PY17X_0936900",1146,"UGUAUAUUA","CDS"
"PY17X_0940800",1409,"UGUAUAUUA","CDS"
"PY17X_0941500",3494,"UGUAUAUUA","CDS"
"PY17X_0943400",250,"UGUAUAUUA","CDS"
"PY17X_0945600",2086,"UGUAUAUUA","CDS"
"PY17X_0945600",4237,"UGUAUAUUA","CDS"
"PY17X_0945600",7099,"UGUAUAUUA","CDS"
"PY17X_0947701",14,"UGUAUAUUA","CDS"
"PY17X_1001000",500,"UGUAUAUUA","CDS"
"PY17X_1002400",6118,"UGUAUAUUA","CDS"
"PY17X_1002600",2307,"UGUAUAUUA","CDS"
"PY17X_1002700",622,"UGUAUAUUA","CDS"
"PY17X_1003700",8283,"UGUAUAUUA","CDS"
"PY17X_1004100",409,"UGUAUAUUA","CDS"
"PY17X_1004800",6708,"UGUAUAUUA","CDS"
"PY17X_1008300",2059,"UGUAUAUUA","CDS"
"PY17X_1011300",792,"UGUAUAUUA","CDS"
"PY17X_1013000",12511,"UGUAUAUUA","CDS"
"PY17X_1014100",334,"UGUAUAUUA","CDS"
"PY17X_1015300",399,"UGUAUAUUA","CDS"
"PY17X_1015900",142,"UGUAUAUUA","CDS"
"PY17X_1016200",132,"UGUAUAUUA","CDS"
"PY17X_1016800",1540,"UGUAUAUUA","CDS"
"PY17X_1016800",6979,"UGUAUAUUA","CDS"
"PY17X_1017500",643,"UGUAUAUUA","CDS"
"PY17X_1018300",418,"UGUAUAUUA","CDS"
"PY17X_1018600",1729,"UGUAUAUUA","CDS"
"PY17X_1019900",817,"UGUAUAUUA","CDS"
"PY17X_1023400",220,"UGUAUAUUA","CDS"
"PY17X_1024500",1389,"UGUAUAUUA","CDS"
"PY17X_1024600",1505,"UGUAUAUUA","CDS"
"PY17X_1025700",4803,"UGUAUAUUA","CDS"
"PY17X_1028600",1081,"UGUAUAUUA","CDS"
"PY17X_1030600",3417,"UGUAUAUUA","CDS"
"PY17X_1031500",177,"UGUAUAUUA","CDS"
"PY17X_1032300",1649,"UGUAUAUUA","CDS"
"PY17X_1036200",13371,"UGUAUAUUA","CDS"
"PY17X_1038400",2218,"UGUAUAUUA","CDS"
"PY17X_1038500",217,"UGUAUAUUA","CDS"
"PY17X_1041200",33,"UGUAUAUUA","CDS"
"PY17X_1044600",491,"UGUAUAUUA","CDS"
"PY17X_1048101",395,"UGUAUAUUA","CDS"
"PY17X_1049201",479,"UGUAUAUUA","CDS"
"PY17X_1051401",479,"UGUAUAUUA","CDS"
"PY17X_1100067",485,"UGUAUAUUA","CDS"
"PY17X_1102900",1981,"UGUAUAUUA","CDS"
"PY17X_1102900",3130,"UGUAUAUUA","CDS"
"PY17X_1103300",1087,"UGUAUAUUA","CDS"
"PY17X_1105500",2521,"UGUAUAUUA","CDS"
"PY17X_1110900",940,"UGUAUAUUA","CDS"
"PY17X_1112200",23314,"UGUAUAUUA","CDS"
"PY17X_1114900",862,"UGUAUAUUA","CDS"
"PY17X_1115500",2757,"UGUAUAUUA","CDS"
"PY17X_1117100",3443,"UGUAUAUUA","CDS"
"PY17X_1118600",430,"UGUAUAUUA","CDS"
"PY17X_1119500",914,"UGUAUAUUA","CDS"
"PY17X_1120100",502,"UGUAUAUUA","CDS"
"PY17X_1122000",1743,"UGUAUAUUA","CDS"
"PY17X_1126600",644,"UGUAUAUUA","CDS"
"PY17X_1128300",6008,"UGUAUAUUA","CDS"
"PY17X_1128700",337,"UGUAUAUUA","CDS"
"PY17X_1128900",1701,"UGUAUAUUA","CDS"
"PY17X_1129600",2217,"UGUAUAUUA","CDS"
"PY17X_1130000",10282,"UGUAUAUUA","CDS"
"PY17X_1130000",12487,"UGUAUAUUA","CDS"
"PY17X_1130600",2737,"UGUAUAUUA","CDS"
"PY17X_1131300",3778,"UGUAUAUUA","CDS"
"PY17X_1131400",252,"UGUAUAUUA","CDS"
"PY17X_1134200",2289,"UGUAUAUUA","CDS"
"PY17X_1137100",2323,"UGUAUAUUA","CDS"
"PY17X_1138200",897,"UGUAUAUUA","CDS"
"PY17X_1138200",2056,"UGUAUAUUA","CDS"
"PY17X_1138200",4390,"UGUAUAUUA","CDS"
"PY17X_1141200",397,"UGUAUAUUA","CDS"
"PY17X_1141500",1620,"UGUAUAUUA","CDS"
"PY17X_1141700",511,"UGUAUAUUA","CDS"
"PY17X_1142500",1893,"UGUAUAUUA","CDS"
"PY17X_1144600",283,"UGUAUAUUA","CDS"
"PY17X_1205200",1476,"UGUAUAUUA","CDS"
"PY17X_1208600",970,"UGUAUAUUA","CDS"
"PY17X_1208600",979,"UGUAUAUUA","CDS"
"PY17X_1209400",2670,"UGUAUAUUA","CDS"
"PY17X_1209400",3592,"UGUAUAUUA","CDS"
"PY17X_1209900",241,"UGUAUAUUA","CDS"
"PY17X_1210800",1345,"UGUAUAUUA","CDS"
"PY17X_1213100",55,"UGUAUAUUA","CDS"
"PY17X_1214700",66,"UGUAUAUUA","CDS"
"PY17X_1215200",4970,"UGUAUAUUA","CDS"
"PY17X_1216900",721,"UGUAUAUUA","CDS"
"PY17X_1218600",2863,"UGUAUAUUA","CDS"
"PY17X_1221300",2,"UGUAUAUUA","CDS"
"PY17X_1222600",642,"UGUAUAUUA","CDS"
"PY17X_1229300",5548,"UGUAUAUUA","CDS"
"PY17X_1230200",1750,"UGUAUAUUA","CDS"
"PY17X_1230300",472,"UGUAUAUUA","CDS"
"PY17X_1230600",2559,"UGUAUAUUA","CDS"
"PY17X_1231700",2671,"UGUAUAUUA","CDS"
"PY17X_1233800",1069,"UGUAUAUUA","CDS"
"PY17X_1235600",2015,"UGUAUAUUA","CDS"
"PY17X_1240500",10,"UGUAUAUUA","CDS"
"PY17X_1251500",401,"UGUAUAUUA","CDS"
"PY17X_1300071",248,"UGUAUAUUA","CDS"
"PY17X_1304400",1181,"UGUAUAUUA","CDS"
"PY17X_1304400",3556,"UGUAUAUUA","CDS"
"PY17X_1306500",1480,"UGUAUAUUA","CDS"
"PY17X_1308900",193,"UGUAUAUUA","CDS"
"PY17X_1310100",2018,"UGUAUAUUA","CDS"
"PY17X_1310600",3759,"UGUAUAUUA","CDS"
"PY17X_1310600",4000,"UGUAUAUUA","CDS"
"PY17X_1310700",3454,"UGUAUAUUA","CDS"
"PY17X_1312900",642,"UGUAUAUUA","CDS"
"PY17X_1312900",790,"UGUAUAUUA","CDS"
"PY17X_1313000",2074,"UGUAUAUUA","CDS"
"PY17X_1315900",558,"UGUAUAUUA","CDS"
"PY17X_1318900",1801,"UGUAUAUUA","CDS"
"PY17X_1319300",1963,"UGUAUAUUA","CDS"
"PY17X_1327400",426,"UGUAUAUUA","CDS"
"PY17X_1328300",1314,"UGUAUAUUA","CDS"
"PY17X_1329100",804,"UGUAUAUUA","CDS"
"PY17X_1329400",2276,"UGUAUAUUA","CDS"
"PY17X_1330500",12889,"UGUAUAUUA","CDS"
"PY17X_1331500",2368,"UGUAUAUUA","CDS"
"PY17X_1333200",924,"UGUAUAUUA","CDS"
"PY17X_1334500",2361,"UGUAUAUUA","CDS"
"PY17X_1336000",1468,"UGUAUAUUA","CDS"
"PY17X_1338600",351,"UGUAUAUUA","CDS"
"PY17X_1339000",310,"UGUAUAUUA","CDS"
"PY17X_1339100",286,"UGUAUAUUA","CDS"
"PY17X_1339100",520,"UGUAUAUUA","CDS"
"PY17X_1341300",565,"UGUAUAUUA","CDS"
"PY17X_1342200",757,"UGUAUAUUA","CDS"
"PY17X_1342200",1339,"UGUAUAUUA","CDS"
"PY17X_1344400",2578,"UGUAUAUUA","CDS"
"PY17X_1346400",4780,"UGUAUAUUA","CDS"
"PY17X_1346800",403,"UGUAUAUUA","CDS"
"PY17X_1348800",826,"UGUAUAUUA","CDS"
"PY17X_1352700",1622,"UGUAUAUUA","CDS"
"PY17X_1355900",1204,"UGUAUAUUA","CDS"
"PY17X_1355900",2110,"UGUAUAUUA","CDS"
"PY17X_1359100",1801,"UGUAUAUUA","CDS"
"PY17X_1360300",407,"UGUAUAUUA","CDS"
"PY17X_1360400",385,"UGUAUAUUA","CDS"
"PY17X_1362700",1351,"UGUAUAUUA","CDS"
"PY17X_1366800",604,"UGUAUAUUA","CDS"
"PY17X_1368000",2166,"UGUAUAUUA","CDS"
"PY17X_1368000",3292,"UGUAUAUUA","CDS"
"PY17X_1369500",1650,"UGUAUAUUA","CDS"
"PY17X_1371600",497,"UGUAUAUUA","CDS"
"PY17X_1373500",868,"UGUAUAUUA","CDS"
"PY17X_1408400",1597,"UGUAUAUUA","CDS"
"PY17X_1408400",5875,"UGUAUAUUA","CDS"
"PY17X_1408600",9728,"UGUAUAUUA","CDS"
"PY17X_1410700",2199,"UGUAUAUUA","CDS"
"PY17X_1411500",1179,"UGUAUAUUA","CDS"
"PY17X_1412400",1627,"UGUAUAUUA","CDS"
"PY17X_1412400",1867,"UGUAUAUUA","CDS"
"PY17X_1424500",1297,"UGUAUAUUA","CDS"
"PY17X_1425200",196,"UGUAUAUUA","CDS"
"PY17X_1427200",734,"UGUAUAUUA","CDS"
"PY17X_1429700",807,"UGUAUAUUA","CDS"
"PY17X_1436100",342,"UGUAUAUUA","CDS"
"PY17X_1441000",1036,"UGUAUAUUA","CDS"
"PY17X_1442600",1419,"UGUAUAUUA","CDS"
"PY17X_1444500",533,"UGUAUAUUA","CDS"
"PY17X_1444500",3058,"UGUAUAUUA","CDS"
"PY17X_1444700",16252,"UGUAUAUUA","CDS"
"PY17X_1446300",661,"UGUAUAUUA","CDS"
"PY17X_1449700",1284,"UGUAUAUUA","CDS"
"PY17X_1449700",1924,"UGUAUAUUA","CDS"
"PY17X_1450700",10644,"UGUAUAUUA","CDS"
"PY17X_1451000",2479,"UGUAUAUUA","CDS"
"PY17X_1451200",5296,"UGUAUAUUA","CDS"
"PY17X_1453500",1478,"UGUAUAUUA","CDS"
"PY17X_1454800",421,"UGUAUAUUA","CDS"
"PY17X_1456700",1321,"UGUAUAUUA","CDS"
"PY17X_1457100",2806,"UGUAUAUUA","CDS"
"PY17X_1458700",943,"UGUAUAUUA","CDS"
"PY17X_1460300",860,"UGUAUAUUA","CDS"
"PY17X_1463100",688,"UGUAUAUUA","CDS"
"PY17X_1463200",1098,"UGUAUAUUA","CDS"
"PY17X_1465100",229,"UGUAUAUUA","CDS"
"PY17X_1465700",337,"UGUAUAUUA","CDS"
"PY17X_1469501",392,"UGUAUAUUA","CDS"
"PY17X_1473501",248,"UGUAUAUUA","CDS"
"PY17X_API00500",773,"UGUAUAUUA","CDS"
"PY17X_0100009",503,"UGUAUCAUA","3' UTR"
"PY17X_0100013",469,"UGUAUCAUA","3' UTR"
"PY17X_0100063",513,"UGUAUCAUA","3' UTR"
"PY17X_0100081",463,"UGUAUCAUA","3' UTR"
"PY17X_0100085",510,"UGUAUCAUA","3' UTR"
"PY17X_0100091",507,"UGUAUCAUA","3' UTR"
"PY17X_0100095",518,"UGUAUCAUA","3' UTR"
"PY17X_0100300",501,"UGUAUCAUA","3' UTR"
"PY17X_0100400",499,"UGUAUCAUA","3' UTR"
"PY17X_0100600",537,"UGUAUCAUA","3' UTR"
"PY17X_0100700",458,"UGUAUCAUA","3' UTR"
"PY17X_0100800",555,"UGUAUCAUA","3' UTR"
"PY17X_0102500",314,"UGUAUCAUA","3' UTR"
"PY17X_0109000",578,"UGUAUCAUA","3' UTR"
"PY17X_0109000",639,"UGUAUCAUA","3' UTR"
"PY17X_0112500",166,"UGUAUCAUA","3' UTR"
"PY17X_0114400",558,"UGUAUCAUA","3' UTR"
"PY17X_0114600",515,"UGUAUCAUA","3' UTR"
"PY17X_0115100",364,"UGUAUCAUA","3' UTR"
"PY17X_0116900",516,"UGUAUCAUA","3' UTR"
"PY17X_0117100",540,"UGUAUCAUA","3' UTR"
"PY17X_0117400",520,"UGUAUCAUA","3' UTR"
"PY17X_0117500",208,"UGUAUCAUA","3' UTR"
"PY17X_0117600",510,"UGUAUCAUA","3' UTR"
"PY17X_0117900",535,"UGUAUCAUA","3' UTR"
"PY17X_0118101",520,"UGUAUCAUA","3' UTR"
"PY17X_0118401",519,"UGUAUCAUA","3' UTR"
"PY17X_0118501",548,"UGUAUCAUA","3' UTR"
"PY17X_0200031",512,"UGUAUCAUA","3' UTR"
"PY17X_0200091",552,"UGUAUCAUA","3' UTR"
"PY17X_0200301",488,"UGUAUCAUA","3' UTR"
"PY17X_0200331",471,"UGUAUCAUA","3' UTR"
"PY17X_0200361",215,"UGUAUCAUA","3' UTR"
"PY17X_0200631",524,"UGUAUCAUA","3' UTR"
"PY17X_0200661",414,"UGUAUCAUA","3' UTR"
"PY17X_0200691",513,"UGUAUCAUA","3' UTR"
"PY17X_0200751",494,"UGUAUCAUA","3' UTR"
"PY17X_0200841",538,"UGUAUCAUA","3' UTR"
"PY17X_0200961",505,"UGUAUCAUA","3' UTR"
"PY17X_0201151",505,"UGUAUCAUA","3' UTR"
"PY17X_0201200",487,"UGUAUCAUA","3' UTR"
"PY17X_0201300",495,"UGUAUCAUA","3' UTR"
"PY17X_0201400",544,"UGUAUCAUA","3' UTR"
"PY17X_0202000",518,"UGUAUCAUA","3' UTR"
"PY17X_0202200",543,"UGUAUCAUA","3' UTR"
"PY17X_0206900",647,"UGUAUCAUA","3' UTR"
"PY17X_0218101",523,"UGUAUCAUA","3' UTR"
"PY17X_0218301",544,"UGUAUCAUA","3' UTR"
"PY17X_0218501",513,"UGUAUCAUA","3' UTR"
"PY17X_0219201",498,"UGUAUCAUA","3' UTR"
"PY17X_0219301",504,"UGUAUCAUA","3' UTR"
"PY17X_0219401",510,"UGUAUCAUA","3' UTR"
"PY17X_0219501",532,"UGUAUCAUA","3' UTR"
"PY17X_0219701",459,"UGUAUCAUA","3' UTR"
"PY17X_0220801",487,"UGUAUCAUA","3' UTR"
"PY17X_0221101",496,"UGUAUCAUA","3' UTR"
"PY17X_0221301",551,"UGUAUCAUA","3' UTR"
"PY17X_0221501",533,"UGUAUCAUA","3' UTR"
"PY17X_0221601",527,"UGUAUCAUA","3' UTR"
"PY17X_0221801",503,"UGUAUCAUA","3' UTR"
"PY17X_0222201",640,"UGUAUCAUA","3' UTR"
"PY17X_0222501",523,"UGUAUCAUA","3' UTR"
"PY17X_0222501",644,"UGUAUCAUA","3' UTR"
"PY17X_0300200",512,"UGUAUCAUA","3' UTR"
"PY17X_0300700",489,"UGUAUCAUA","3' UTR"
"PY17X_0308200",267,"UGUAUCAUA","3' UTR"
"PY17X_0312500",676,"UGUAUCAUA","3' UTR"
"PY17X_0315000",199,"UGUAUCAUA","3' UTR"
"PY17X_0315600",515,"UGUAUCAUA","3' UTR"
"PY17X_0318200",480,"UGUAUCAUA","3' UTR"
"PY17X_0318400",680,"UGUAUCAUA","3' UTR"
"PY17X_0318500",518,"UGUAUCAUA","3' UTR"
"PY17X_0319000",451,"UGUAUCAUA","3' UTR"
"PY17X_0319300",553,"UGUAUCAUA","3' UTR"
"PY17X_0319400",558,"UGUAUCAUA","3' UTR"
"PY17X_0319701",522,"UGUAUCAUA","3' UTR"
"PY17X_0320101",515,"UGUAUCAUA","3' UTR"
"PY17X_0320201",471,"UGUAUCAUA","3' UTR"
"PY17X_0320301",493,"UGUAUCAUA","3' UTR"
"PY17X_0320601",491,"UGUAUCAUA","3' UTR"
"PY17X_0320701",447,"UGUAUCAUA","3' UTR"
"PY17X_0321201",525,"UGUAUCAUA","3' UTR"
"PY17X_0321401",443,"UGUAUCAUA","3' UTR"
"PY17X_0321601",565,"UGUAUCAUA","3' UTR"
"PY17X_0321801",459,"UGUAUCAUA","3' UTR"
"PY17X_0322201",512,"UGUAUCAUA","3' UTR"
"PY17X_0322301",533,"UGUAUCAUA","3' UTR"
"PY17X_0400005",493,"UGUAUCAUA","3' UTR"
"PY17X_0400011",529,"UGUAUCAUA","3' UTR"
"PY17X_0400015",489,"UGUAUCAUA","3' UTR"
"PY17X_0400019",524,"UGUAUCAUA","3' UTR"
"PY17X_0400023",509,"UGUAUCAUA","3' UTR"
"PY17X_0400025",496,"UGUAUCAUA","3' UTR"
"PY17X_0400027",651,"UGUAUCAUA","3' UTR"
"PY17X_0400039",520,"UGUAUCAUA","3' UTR"
"PY17X_0400047",473,"UGUAUCAUA","3' UTR"
"PY17X_0400059",640,"UGUAUCAUA","3' UTR"
"PY17X_0400065",512,"UGUAUCAUA","3' UTR"
"PY17X_0400071",543,"UGUAUCAUA","3' UTR"
"PY17X_0400079",552,"UGUAUCAUA","3' UTR"
"PY17X_0400083",509,"UGUAUCAUA","3' UTR"
"PY17X_0400085",539,"UGUAUCAUA","3' UTR"
"PY17X_0400089",553,"UGUAUCAUA","3' UTR"
"PY17X_0400093",501,"UGUAUCAUA","3' UTR"
"PY17X_0400097",505,"UGUAUCAUA","3' UTR"
"PY17X_0400400",465,"UGUAUCAUA","3' UTR"
"PY17X_0400700",540,"UGUAUCAUA","3' UTR"
"PY17X_0401000",561,"UGUAUCAUA","3' UTR"
"PY17X_0401300",476,"UGUAUCAUA","3' UTR"
"PY17X_0401600",589,"UGUAUCAUA","3' UTR"
"PY17X_0402000",525,"UGUAUCAUA","3' UTR"
"PY17X_0402100",526,"UGUAUCAUA","3' UTR"
"PY17X_0402500",506,"UGUAUCAUA","3' UTR"
"PY17X_0402600",552,"UGUAUCAUA","3' UTR"
"PY17X_0402800",551,"UGUAUCAUA","3' UTR"
"PY17X_0403900",99,"UGUAUCAUA","3' UTR"
"PY17X_0415500",576,"UGUAUCAUA","3' UTR"
"PY17X_0422601",521,"UGUAUCAUA","3' UTR"
"PY17X_0422901",510,"UGUAUCAUA","3' UTR"
"PY17X_0500021",618,"UGUAUCAUA","3' UTR"
"PY17X_0500047",462,"UGUAUCAUA","3' UTR"
"PY17X_0500051",487,"UGUAUCAUA","3' UTR"
"PY17X_0500067",530,"UGUAUCAUA","3' UTR"
"PY17X_0500071",474,"UGUAUCAUA","3' UTR"
"PY17X_0500081",522,"UGUAUCAUA","3' UTR"
"PY17X_0500087",511,"UGUAUCAUA","3' UTR"
"PY17X_0500097",521,"UGUAUCAUA","3' UTR"
"PY17X_0500101",473,"UGUAUCAUA","3' UTR"
"PY17X_0500111",464,"UGUAUCAUA","3' UTR"
"PY17X_0500141",618,"UGUAUCAUA","3' UTR"
"PY17X_0500181",499,"UGUAUCAUA","3' UTR"
"PY17X_0500191",494,"UGUAUCAUA","3' UTR"
"PY17X_0501000",466,"UGUAUCAUA","3' UTR"
"PY17X_0501200",472,"UGUAUCAUA","3' UTR"
"PY17X_0506300",140,"UGUAUCAUA","3' UTR"
"PY17X_0521900",458,"UGUAUCAUA","3' UTR"
"PY17X_0522000",601,"UGUAUCAUA","3' UTR"
"PY17X_0523500",517,"UGUAUCAUA","3' UTR"
"PY17X_0527200",542,"UGUAUCAUA","3' UTR"
"PY17X_0528201",512,"UGUAUCAUA","3' UTR"
"PY17X_0528401",484,"UGUAUCAUA","3' UTR"
"PY17X_0528501",522,"UGUAUCAUA","3' UTR"
"PY17X_0528601",496,"UGUAUCAUA","3' UTR"
"PY17X_0600081",523,"UGUAUCAUA","3' UTR"
"PY17X_0600081",644,"UGUAUCAUA","3' UTR"
"PY17X_0600111",435,"UGUAUCAUA","3' UTR"
"PY17X_0600121",463,"UGUAUCAUA","3' UTR"
"PY17X_0600151",540,"UGUAUCAUA","3' UTR"
"PY17X_0600261",523,"UGUAUCAUA","3' UTR"
"PY17X_0600261",644,"UGUAUCAUA","3' UTR"
"PY17X_0600341",489,"UGUAUCAUA","3' UTR"
"PY17X_0600341",504,"UGUAUCAUA","3' UTR"
"PY17X_0600400",553,"UGUAUCAUA","3' UTR"
"PY17X_0600500",489,"UGUAUCAUA","3' UTR"
"PY17X_0600800",523,"UGUAUCAUA","3' UTR"
"PY17X_0600900",516,"UGUAUCAUA","3' UTR"
"PY17X_0601100",486,"UGUAUCAUA","3' UTR"
"PY17X_0601200",545,"UGUAUCAUA","3' UTR"
"PY17X_0601300",494,"UGUAUCAUA","3' UTR"
"PY17X_0602200",485,"UGUAUCAUA","3' UTR"
"PY17X_0602300",510,"UGUAUCAUA","3' UTR"
"PY17X_0602800",526,"UGUAUCAUA","3' UTR"
"PY17X_0606300",210,"UGUAUCAUA","3' UTR"
"PY17X_0626800",468,"UGUAUCAUA","3' UTR"
"PY17X_0627000",465,"UGUAUCAUA","3' UTR"
"PY17X_0627601",491,"UGUAUCAUA","3' UTR"
"PY17X_0627701",555,"UGUAUCAUA","3' UTR"
"PY17X_0628001",538,"UGUAUCAUA","3' UTR"
"PY17X_0700005",548,"UGUAUCAUA","3' UTR"
"PY17X_0700019",436,"UGUAUCAUA","3' UTR"
"PY17X_0700021",487,"UGUAUCAUA","3' UTR"
"PY17X_0700027",548,"UGUAUCAUA","3' UTR"
"PY17X_0700029",511,"UGUAUCAUA","3' UTR"
"PY17X_0700033",508,"UGUAUCAUA","3' UTR"
"PY17X_0700035",457,"UGUAUCAUA","3' UTR"
"PY17X_0700041",463,"UGUAUCAUA","3' UTR"
"PY17X_0700043",484,"UGUAUCAUA","3' UTR"
"PY17X_0700049",516,"UGUAUCAUA","3' UTR"
"PY17X_0700053",509,"UGUAUCAUA","3' UTR"
"PY17X_0700055",464,"UGUAUCAUA","3' UTR"
"PY17X_0700061",627,"UGUAUCAUA","3' UTR"
"PY17X_0700063",531,"UGUAUCAUA","3' UTR"
"PY17X_0700065",485,"UGUAUCAUA","3' UTR"
"PY17X_0700071",513,"UGUAUCAUA","3' UTR"
"PY17X_0700079",523,"UGUAUCAUA","3' UTR"
"PY17X_0702200",215,"UGUAUCAUA","3' UTR"
"PY17X_0708700",530,"UGUAUCAUA","3' UTR"
"PY17X_0717300",198,"UGUAUCAUA","3' UTR"
"PY17X_0720200",208,"UGUAUCAUA","3' UTR"
"PY17X_0722300",501,"UGUAUCAUA","3' UTR"
"PY17X_0722600",554,"UGUAUCAUA","3' UTR"
"PY17X_0723300",524,"UGUAUCAUA","3' UTR"
"PY17X_0723400",527,"UGUAUCAUA","3' UTR"
"PY17X_0723800",619,"UGUAUCAUA","3' UTR"
"PY17X_0800021",528,"UGUAUCAUA","3' UTR"
"PY17X_0800061",540,"UGUAUCAUA","3' UTR"
"PY17X_0800200",549,"UGUAUCAUA","3' UTR"
"PY17X_0800300",510,"UGUAUCAUA","3' UTR"
"PY17X_0800500",520,"UGUAUCAUA","3' UTR"
"PY17X_0800700",479,"UGUAUCAUA","3' UTR"
"PY17X_0801000",535,"UGUAUCAUA","3' UTR"
"PY17X_0802000",494,"UGUAUCAUA","3' UTR"
"PY17X_0821300",624,"UGUAUCAUA","3' UTR"
"PY17X_0821500",562,"UGUAUCAUA","3' UTR"
"PY17X_0822100",58,"UGUAUCAUA","3' UTR"
"PY17X_0836400",459,"UGUAUCAUA","3' UTR"
"PY17X_0841300",609,"UGUAUCAUA","3' UTR"
"PY17X_0841500",500,"UGUAUCAUA","3' UTR"
"PY17X_0841900",554,"UGUAUCAUA","3' UTR"
"PY17X_0842000",525,"UGUAUCAUA","3' UTR"
"PY17X_0843001",510,"UGUAUCAUA","3' UTR"
"PY17X_0843201",487,"UGUAUCAUA","3' UTR"
"PY17X_0843301",491,"UGUAUCAUA","3' UTR"
"PY17X_0843401",492,"UGUAUCAUA","3' UTR"
"PY17X_0843501",475,"UGUAUCAUA","3' UTR"
"PY17X_0843701",556,"UGUAUCAUA","3' UTR"
"PY17X_0843801",512,"UGUAUCAUA","3' UTR"
"PY17X_0843901",492,"UGUAUCAUA","3' UTR"
"PY17X_0844001",494,"UGUAUCAUA","3' UTR"
"PY17X_0844101",544,"UGUAUCAUA","3' UTR"
"PY17X_0844201",458,"UGUAUCAUA","3' UTR"
"PY17X_0844301",531,"UGUAUCAUA","3' UTR"
"PY17X_0844401",514,"UGUAUCAUA","3' UTR"
"PY17X_0844501",525,"UGUAUCAUA","3' UTR"
"PY17X_0845101",547,"UGUAUCAUA","3' UTR"
"PY17X_0845401",523,"UGUAUCAUA","3' UTR"
"PY17X_0845701",490,"UGUAUCAUA","3' UTR"
"PY17X_0845801",449,"UGUAUCAUA","3' UTR"
"PY17X_0846101",496,"UGUAUCAUA","3' UTR"
"PY17X_0846501",173,"UGUAUCAUA","3' UTR"
"PY17X_0846801",618,"UGUAUCAUA","3' UTR"
"PY17X_0847501",469,"UGUAUCAUA","3' UTR"
"PY17X_0847601",503,"UGUAUCAUA","3' UTR"
"PY17X_0847701",493,"UGUAUCAUA","3' UTR"
"PY17X_0900039",434,"UGUAUCAUA","3' UTR"
"PY17X_0900043",473,"UGUAUCAUA","3' UTR"
"PY17X_0900043",488,"UGUAUCAUA","3' UTR"
"PY17X_0900051",531,"UGUAUCAUA","3' UTR"
"PY17X_0900055",474,"UGUAUCAUA","3' UTR"
"PY17X_0900059",511,"UGUAUCAUA","3' UTR"
"PY17X_0900065",539,"UGUAUCAUA","3' UTR"
"PY17X_0900071",548,"UGUAUCAUA","3' UTR"
"PY17X_0900089",478,"UGUAUCAUA","3' UTR"
"PY17X_0900200",540,"UGUAUCAUA","3' UTR"
"PY17X_0900300",490,"UGUAUCAUA","3' UTR"
"PY17X_0900500",546,"UGUAUCAUA","3' UTR"
"PY17X_0901200",516,"UGUAUCAUA","3' UTR"
"PY17X_0902200",561,"UGUAUCAUA","3' UTR"
"PY17X_0916100",308,"UGUAUCAUA","3' UTR"
"PY17X_0929900",258,"UGUAUCAUA","3' UTR"
"PY17X_0947100",526,"UGUAUCAUA","3' UTR"
"PY17X_0948101",556,"UGUAUCAUA","3' UTR"
"PY17X_0948601",513,"UGUAUCAUA","3' UTR"
"PY17X_0948701",463,"UGUAUCAUA","3' UTR"
"PY17X_0948801",538,"UGUAUCAUA","3' UTR"
"PY17X_0949101",511,"UGUAUCAUA","3' UTR"
"PY17X_0949201",546,"UGUAUCAUA","3' UTR"
"PY17X_0949401",651,"UGUAUCAUA","3' UTR"
"PY17X_0949901",496,"UGUAUCAUA","3' UTR"
"PY17X_0950501",528,"UGUAUCAUA","3' UTR"
"PY17X_0950601",503,"UGUAUCAUA","3' UTR"
"PY17X_0950801",507,"UGUAUCAUA","3' UTR"
"PY17X_0951201",490,"UGUAUCAUA","3' UTR"
"PY17X_0951201",505,"UGUAUCAUA","3' UTR"
"PY17X_0951601",634,"UGUAUCAUA","3' UTR"
"PY17X_0952001",418,"UGUAUCAUA","3' UTR"
"PY17X_0952201",521,"UGUAUCAUA","3' UTR"
"PY17X_1000011",618,"UGUAUCAUA","3' UTR"
"PY17X_1000027",454,"UGUAUCAUA","3' UTR"
"PY17X_1000031",544,"UGUAUCAUA","3' UTR"
"PY17X_1000043",558,"UGUAUCAUA","3' UTR"
"PY17X_1000045",535,"UGUAUCAUA","3' UTR"
"PY17X_1000047",524,"UGUAUCAUA","3' UTR"
"PY17X_1000051",479,"UGUAUCAUA","3' UTR"
"PY17X_1000079",552,"UGUAUCAUA","3' UTR"
"PY17X_1000087",433,"UGUAUCAUA","3' UTR"
"PY17X_1000500",542,"UGUAUCAUA","3' UTR"
"PY17X_1000600",564,"UGUAUCAUA","3' UTR"
"PY17X_1006000",177,"UGUAUCAUA","3' UTR"
"PY17X_1011700",353,"UGUAUCAUA","3' UTR"
"PY17X_1027900",388,"UGUAUCAUA","3' UTR"
"PY17X_1035300",135,"UGUAUCAUA","3' UTR"
"PY17X_1038200",628,"UGUAUCAUA","3' UTR"
"PY17X_1042400",14,"UGUAUCAUA","3' UTR"
"PY17X_1043100",575,"UGUAUCAUA","3' UTR"
"PY17X_1043300",516,"UGUAUCAUA","3' UTR"
"PY17X_1044800",512,"UGUAUCAUA","3' UTR"
"PY17X_1044900",520,"UGUAUCAUA","3' UTR"
"PY17X_1045100",543,"UGUAUCAUA","3' UTR"
"PY17X_1045200",596,"UGUAUCAUA","3' UTR"
"PY17X_1045600",503,"UGUAUCAUA","3' UTR"
"PY17X_1045700",508,"UGUAUCAUA","3' UTR"
"PY17X_1046301",497,"UGUAUCAUA","3' UTR"
"PY17X_1046601",533,"UGUAUCAUA","3' UTR"
"PY17X_1046701",489,"UGUAUCAUA","3' UTR"
"PY17X_1047301",517,"UGUAUCAUA","3' UTR"
"PY17X_1047601",550,"UGUAUCAUA","3' UTR"
"PY17X_1048101",496,"UGUAUCAUA","3' UTR"
"PY17X_1048201",483,"UGUAUCAUA","3' UTR"
"PY17X_1048401",486,"UGUAUCAUA","3' UTR"
"PY17X_1048701",493,"UGUAUCAUA","3' UTR"
"PY17X_1048801",506,"UGUAUCAUA","3' UTR"
"PY17X_1048901",533,"UGUAUCAUA","3' UTR"
"PY17X_1049401",531,"UGUAUCAUA","3' UTR"
"PY17X_1049501",492,"UGUAUCAUA","3' UTR"
"PY17X_1049901",534,"UGUAUCAUA","3' UTR"
"PY17X_1050001",533,"UGUAUCAUA","3' UTR"
"PY17X_1050301",480,"UGUAUCAUA","3' UTR"
"PY17X_1051101",618,"UGUAUCAUA","3' UTR"
"PY17X_1051401",471,"UGUAUCAUA","3' UTR"
"PY17X_1100015",547,"UGUAUCAUA","3' UTR"
"PY17X_1100015",675,"UGUAUCAUA","3' UTR"
"PY17X_1100021",437,"UGUAUCAUA","3' UTR"
"PY17X_1100023",485,"UGUAUCAUA","3' UTR"
"PY17X_1100029",535,"UGUAUCAUA","3' UTR"
"PY17X_1100031",524,"UGUAUCAUA","3' UTR"
"PY17X_1100033",479,"UGUAUCAUA","3' UTR"
"PY17X_1100035",452,"UGUAUCAUA","3' UTR"
"PY17X_1100045",543,"UGUAUCAUA","3' UTR"
"PY17X_1100053",546,"UGUAUCAUA","3' UTR"
"PY17X_1100081",488,"UGUAUCAUA","3' UTR"
"PY17X_1100085",521,"UGUAUCAUA","3' UTR"
"PY17X_1100087",505,"UGUAUCAUA","3' UTR"
"PY17X_1100097",524,"UGUAUCAUA","3' UTR"
"PY17X_1100100",517,"UGUAUCAUA","3' UTR"
"PY17X_1100800",516,"UGUAUCAUA","3' UTR"
"PY17X_1101300",567,"UGUAUCAUA","3' UTR"
"PY17X_1102300",154,"UGUAUCAUA","3' UTR"
"PY17X_1110300",524,"UGUAUCAUA","3' UTR"
"PY17X_1111500",53,"UGUAUCAUA","3' UTR"
"PY17X_1113500",579,"UGUAUCAUA","3' UTR"
"PY17X_1117300",466,"UGUAUCAUA","3' UTR"
"PY17X_1123100",640,"UGUAUCAUA","3' UTR"
"PY17X_1128700",360,"UGUAUCAUA","3' UTR"
"PY17X_1132100",149,"UGUAUCAUA","3' UTR"
"PY17X_1132600",111,"UGUAUCAUA","3' UTR"
"PY17X_1133000",102,"UGUAUCAUA","3' UTR"
"PY17X_1136700",14,"UGUAUCAUA","3' UTR"
"PY17X_1148300",570,"UGUAUCAUA","3' UTR"
"PY17X_1148700",555,"UGUAUCAUA","3' UTR"
"PY17X_1149300",541,"UGUAUCAUA","3' UTR"
"PY17X_1149600",540,"UGUAUCAUA","3' UTR"
"PY17X_1150100",525,"UGUAUCAUA","3' UTR"
"PY17X_1150400",502,"UGUAUCAUA","3' UTR"
"PY17X_1150501",538,"UGUAUCAUA","3' UTR"
"PY17X_1200013",492,"UGUAUCAUA","3' UTR"
"PY17X_1200017",476,"UGUAUCAUA","3' UTR"
"PY17X_1200027",492,"UGUAUCAUA","3' UTR"
"PY17X_1200033",476,"UGUAUCAUA","3' UTR"
"PY17X_1200037",473,"UGUAUCAUA","3' UTR"
"PY17X_1200043",520,"UGUAUCAUA","3' UTR"
"PY17X_1200057",462,"UGUAUCAUA","3' UTR"
"PY17X_1200067",540,"UGUAUCAUA","3' UTR"
"PY17X_1200087",526,"UGUAUCAUA","3' UTR"
"PY17X_1200111",535,"UGUAUCAUA","3' UTR"
"PY17X_1200121",508,"UGUAUCAUA","3' UTR"
"PY17X_1200141",489,"UGUAUCAUA","3' UTR"
"PY17X_1200191",501,"UGUAUCAUA","3' UTR"
"PY17X_1200300",505,"UGUAUCAUA","3' UTR"
"PY17X_1200400",462,"UGUAUCAUA","3' UTR"
"PY17X_1200500",555,"UGUAUCAUA","3' UTR"
"PY17X_1200600",503,"UGUAUCAUA","3' UTR"
"PY17X_1200800",508,"UGUAUCAUA","3' UTR"
"PY17X_1201800",516,"UGUAUCAUA","3' UTR"
"PY17X_1202500",534,"UGUAUCAUA","3' UTR"
"PY17X_1207500",438,"UGUAUCAUA","3' UTR"
"PY17X_1209100",282,"UGUAUCAUA","3' UTR"
"PY17X_1211300",587,"UGUAUCAUA","3' UTR"
"PY17X_1228500",248,"UGUAUCAUA","3' UTR"
"PY17X_1240700",198,"UGUAUCAUA","3' UTR"
"PY17X_1246600",147,"UGUAUCAUA","3' UTR"
"PY17X_1250500",472,"UGUAUCAUA","3' UTR"
"PY17X_1250700",506,"UGUAUCAUA","3' UTR"
"PY17X_1250800",464,"UGUAUCAUA","3' UTR"
"PY17X_1250900",517,"UGUAUCAUA","3' UTR"
"PY17X_1251000",541,"UGUAUCAUA","3' UTR"
"PY17X_1251200",540,"UGUAUCAUA","3' UTR"
"PY17X_1251600",552,"UGUAUCAUA","3' UTR"
"PY17X_1251700",513,"UGUAUCAUA","3' UTR"
"PY17X_1251800",538,"UGUAUCAUA","3' UTR"
"PY17X_1251900",533,"UGUAUCAUA","3' UTR"
"PY17X_1252001",627,"UGUAUCAUA","3' UTR"
"PY17X_1300007",491,"UGUAUCAUA","3' UTR"
"PY17X_1300091",470,"UGUAUCAUA","3' UTR"
"PY17X_1300119",506,"UGUAUCAUA","3' UTR"
"PY17X_1300125",551,"UGUAUCAUA","3' UTR"
"PY17X_1300141",508,"UGUAUCAUA","3' UTR"
"PY17X_1300147",522,"UGUAUCAUA","3' UTR"
"PY17X_1300181",538,"UGUAUCAUA","3' UTR"
"PY17X_1300211",509,"UGUAUCAUA","3' UTR"
"PY17X_1300217",518,"UGUAUCAUA","3' UTR"
"PY17X_1300245",545,"UGUAUCAUA","3' UTR"
"PY17X_1300251",573,"UGUAUCAUA","3' UTR"
"PY17X_1300265",456,"UGUAUCAUA","3' UTR"
"PY17X_1300315",449,"UGUAUCAUA","3' UTR"
"PY17X_1300321",473,"UGUAUCAUA","3' UTR"
"PY17X_1300343",520,"UGUAUCAUA","3' UTR"
"PY17X_1300350",498,"UGUAUCAUA","3' UTR"
"PY17X_1300363",551,"UGUAUCAUA","3' UTR"
"PY17X_1300391",509,"UGUAUCAUA","3' UTR"
"PY17X_1300399",518,"UGUAUCAUA","3' UTR"
"PY17X_1300413",529,"UGUAUCAUA","3' UTR"
"PY17X_1300431",456,"UGUAUCAUA","3' UTR"
"PY17X_1300441",533,"UGUAUCAUA","3' UTR"
"PY17X_1300461",498,"UGUAUCAUA","3' UTR"
"PY17X_1300471",514,"UGUAUCAUA","3' UTR"
"PY17X_1301200",503,"UGUAUCAUA","3' UTR"
"PY17X_1301500",632,"UGUAUCAUA","3' UTR"
"PY17X_1302000",587,"UGUAUCAUA","3' UTR"
"PY17X_1302100",506,"UGUAUCAUA","3' UTR"
"PY17X_1302300",479,"UGUAUCAUA","3' UTR"
"PY17X_1302600",490,"UGUAUCAUA","3' UTR"
"PY17X_1308500",156,"UGUAUCAUA","3' UTR"
"PY17X_1313500",514,"UGUAUCAUA","3' UTR"
"PY17X_1320500",359,"UGUAUCAUA","3' UTR"
"PY17X_1350100",467,"UGUAUCAUA","3' UTR"
"PY17X_1355200",91,"UGUAUCAUA","3' UTR"
"PY17X_1371900",528,"UGUAUCAUA","3' UTR"
"PY17X_1372000",493,"UGUAUCAUA","3' UTR"
"PY17X_1372700",502,"UGUAUCAUA","3' UTR"
"PY17X_1372800",535,"UGUAUCAUA","3' UTR"
"PY17X_1373000",524,"UGUAUCAUA","3' UTR"
"PY17X_1373800",525,"UGUAUCAUA","3' UTR"
"PY17X_1374000",485,"UGUAUCAUA","3' UTR"
"PY17X_1374300",494,"UGUAUCAUA","3' UTR"
"PY17X_1374500",633,"UGUAUCAUA","3' UTR"
"PY17X_1374600",435,"UGUAUCAUA","3' UTR"
"PY17X_1400005",484,"UGUAUCAUA","3' UTR"
"PY17X_1400019",557,"UGUAUCAUA","3' UTR"
"PY17X_1400037",543,"UGUAUCAUA","3' UTR"
"PY17X_1400045",523,"UGUAUCAUA","3' UTR"
"PY17X_1400053",513,"UGUAUCAUA","3' UTR"
"PY17X_1400057",488,"UGUAUCAUA","3' UTR"
"PY17X_1400063",502,"UGUAUCAUA","3' UTR"
"PY17X_1400075",519,"UGUAUCAUA","3' UTR"
"PY17X_1400081",461,"UGUAUCAUA","3' UTR"
"PY17X_1400083",400,"UGUAUCAUA","3' UTR"
"PY17X_1400083",512,"UGUAUCAUA","3' UTR"
"PY17X_1400097",502,"UGUAUCAUA","3' UTR"
"PY17X_1400400",548,"UGUAUCAUA","3' UTR"
"PY17X_1400400",676,"UGUAUCAUA","3' UTR"
"PY17X_1400600",520,"UGUAUCAUA","3' UTR"
"PY17X_1401000",502,"UGUAUCAUA","3' UTR"
"PY17X_1401600",498,"UGUAUCAUA","3' UTR"
"PY17X_1401900",517,"UGUAUCAUA","3' UTR"
"PY17X_1402200",657,"UGUAUCAUA","3' UTR"
"PY17X_1408600",228,"UGUAUCAUA","3' UTR"
"PY17X_1410200",10,"UGUAUCAUA","3' UTR"
"PY17X_1413100",332,"UGUAUCAUA","3' UTR"
"PY17X_1425600",625,"UGUAUCAUA","3' UTR"
"PY17X_1432000",642,"UGUAUCAUA","3' UTR"
"PY17X_1433300",12,"UGUAUCAUA","3' UTR"
"PY17X_1438800",562,"UGUAUCAUA","3' UTR"
"PY17X_1446800",353,"UGUAUCAUA","3' UTR"
"PY17X_1446900",591,"UGUAUCAUA","3' UTR"
"PY17X_1457300",443,"UGUAUCAUA","3' UTR"
"PY17X_1468300",539,"UGUAUCAUA","3' UTR"
"PY17X_1468400",521,"UGUAUCAUA","3' UTR"
"PY17X_1468500",474,"UGUAUCAUA","3' UTR"
"PY17X_1468600",509,"UGUAUCAUA","3' UTR"
"PY17X_1469000",544,"UGUAUCAUA","3' UTR"
"PY17X_1469701",552,"UGUAUCAUA","3' UTR"
"PY17X_1470401",494,"UGUAUCAUA","3' UTR"
"PY17X_1470501",528,"UGUAUCAUA","3' UTR"
"PY17X_1470901",505,"UGUAUCAUA","3' UTR"
"PY17X_1471101",520,"UGUAUCAUA","3' UTR"
"PY17X_1471401",552,"UGUAUCAUA","3' UTR"
"PY17X_1471601",538,"UGUAUCAUA","3' UTR"
"PY17X_1471701",517,"UGUAUCAUA","3' UTR"
"PY17X_1471901",497,"UGUAUCAUA","3' UTR"
"PY17X_1472001",489,"UGUAUCAUA","3' UTR"
"PY17X_1472201",512,"UGUAUCAUA","3' UTR"
"PY17X_1472401",500,"UGUAUCAUA","3' UTR"
"PY17X_1472601",509,"UGUAUCAUA","3' UTR"
"PY17X_1472701",547,"UGUAUCAUA","3' UTR"
"PY17X_1473001",473,"UGUAUCAUA","3' UTR"
"PY17X_1473101",430,"UGUAUCAUA","3' UTR"
"PY17X_API02100",676,"UGUAUCAUA","3' UTR"
"PY17X_0109100",290,"UGUAUCAUA","5' UTR"
"PY17X_0109100",351,"UGUAUCAUA","5' UTR"
"PY17X_0112400",224,"UGUAUCAUA","5' UTR"
"PY17X_0115700",774,"UGUAUCAUA","5' UTR"
"PY17X_0202600",774,"UGUAUCAUA","5' UTR"
"PY17X_0206200",113,"UGUAUCAUA","5' UTR"
"PY17X_0301000",706,"UGUAUCAUA","5' UTR"
"PY17X_0302200",433,"UGUAUCAUA","5' UTR"
"PY17X_0306500",470,"UGUAUCAUA","5' UTR"
"PY17X_0308800",137,"UGUAUCAUA","5' UTR"
"PY17X_0314900",730,"UGUAUCAUA","5' UTR"
"PY17X_0315400",735,"UGUAUCAUA","5' UTR"
"PY17X_0315500",109,"UGUAUCAUA","5' UTR"
"PY17X_0315500",733,"UGUAUCAUA","5' UTR"
"PY17X_0318100",774,"UGUAUCAUA","5' UTR"
"PY17X_0319400",562,"UGUAUCAUA","5' UTR"
"PY17X_0403800",54,"UGUAUCAUA","5' UTR"
"PY17X_0409500",199,"UGUAUCAUA","5' UTR"
"PY17X_0415600",633,"UGUAUCAUA","5' UTR"
"PY17X_0417600",1,"UGUAUCAUA","5' UTR"
"PY17X_0504100",351,"UGUAUCAUA","5' UTR"
"PY17X_0506200",321,"UGUAUCAUA","5' UTR"
"PY17X_0512600",320,"UGUAUCAUA","5' UTR"
"PY17X_0521800",615,"UGUAUCAUA","5' UTR"
"PY17X_0617300",687,"UGUAUCAUA","5' UTR"
"PY17X_0618100",630,"UGUAUCAUA","5' UTR"
"PY17X_0624200",304,"UGUAUCAUA","5' UTR"
"PY17X_0706800",590,"UGUAUCAUA","5' UTR"
"PY17X_0716300",85,"UGUAUCAUA","5' UTR"
"PY17X_0721600",389,"UGUAUCAUA","5' UTR"
"PY17X_0812900",295,"UGUAUCAUA","5' UTR"
"PY17X_0821200",545,"UGUAUCAUA","5' UTR"
"PY17X_0821600",379,"UGUAUCAUA","5' UTR"
"PY17X_0827300",46,"UGUAUCAUA","5' UTR"
"PY17X_0836500",579,"UGUAUCAUA","5' UTR"
"PY17X_0842701",745,"UGUAUCAUA","5' UTR"
"PY17X_0911100",40,"UGUAUCAUA","5' UTR"
"PY17X_0917500",642,"UGUAUCAUA","5' UTR"
"PY17X_0922400",489,"UGUAUCAUA","5' UTR"
"PY17X_0928600",172,"UGUAUCAUA","5' UTR"
"PY17X_0929800",113,"UGUAUCAUA","5' UTR"
"PY17X_0942400",433,"UGUAUCAUA","5' UTR"
"PY17X_0943000",793,"UGUAUCAUA","5' UTR"
"PY17X_0943600",633,"UGUAUCAUA","5' UTR"
"PY17X_0943900",763,"UGUAUCAUA","5' UTR"
"PY17X_0944500",663,"UGUAUCAUA","5' UTR"
"PY17X_1005900",273,"UGUAUCAUA","5' UTR"
"PY17X_1018300",95,"UGUAUCAUA","5' UTR"
"PY17X_1020700",576,"UGUAUCAUA","5' UTR"
"PY17X_1023000",474,"UGUAUCAUA","5' UTR"
"PY17X_1031900",376,"UGUAUCAUA","5' UTR"
"PY17X_1034400",784,"UGUAUCAUA","5' UTR"
"PY17X_1042500",241,"UGUAUCAUA","5' UTR"
"PY17X_1043900",542,"UGUAUCAUA","5' UTR"
"PY17X_1046501",548,"UGUAUCAUA","5' UTR"
"PY17X_1046701",543,"UGUAUCAUA","5' UTR"
"PY17X_1102900",12,"UGUAUCAUA","5' UTR"
"PY17X_1104500",343,"UGUAUCAUA","5' UTR"
"PY17X_1107300",452,"UGUAUCAUA","5' UTR"
"PY17X_1107600",201,"UGUAUCAUA","5' UTR"
"PY17X_1110100",471,"UGUAUCAUA","5' UTR"
"PY17X_1111200",603,"UGUAUCAUA","5' UTR"
"PY17X_1114900",746,"UGUAUCAUA","5' UTR"
"PY17X_1119100",670,"UGUAUCAUA","5' UTR"
"PY17X_1126400",633,"UGUAUCAUA","5' UTR"
"PY17X_1132000",25,"UGUAUCAUA","5' UTR"
"PY17X_1140800",188,"UGUAUCAUA","5' UTR"
"PY17X_1150000",563,"UGUAUCAUA","5' UTR"
"PY17X_1200141",537,"UGUAUCAUA","5' UTR"
"PY17X_1203700",455,"UGUAUCAUA","5' UTR"
"PY17X_1209600",682,"UGUAUCAUA","5' UTR"
"PY17X_1213800",531,"UGUAUCAUA","5' UTR"
"PY17X_1217100",745,"UGUAUCAUA","5' UTR"
"PY17X_1221300",430,"UGUAUCAUA","5' UTR"
"PY17X_1223800",391,"UGUAUCAUA","5' UTR"
"PY17X_1302500",543,"UGUAUCAUA","5' UTR"
"PY17X_1308600",45,"UGUAUCAUA","5' UTR"
"PY17X_1310300",85,"UGUAUCAUA","5' UTR"
"PY17X_1320400",570,"UGUAUCAUA","5' UTR"
"PY17X_1336800",327,"UGUAUCAUA","5' UTR"
"PY17X_1348700",323,"UGUAUCAUA","5' UTR"
"PY17X_1371900",565,"UGUAUCAUA","5' UTR"
"PY17X_1415800",469,"UGUAUCAUA","5' UTR"
"PY17X_1417100",703,"UGUAUCAUA","5' UTR"
"PY17X_1420700",205,"UGUAUCAUA","5' UTR"
"PY17X_1442800",533,"UGUAUCAUA","5' UTR"
"PY17X_1445600",556,"UGUAUCAUA","5' UTR"
"PY17X_1449600",569,"UGUAUCAUA","5' UTR"
"PY17X_1454400",703,"UGUAUCAUA","5' UTR"
"PY17X_1459300",445,"UGUAUCAUA","5' UTR"
"PY17X_1464200",237,"UGUAUCAUA","5' UTR"
"PY17X_1467600",456,"UGUAUCAUA","5' UTR"
"PY17X_1468800",547,"UGUAUCAUA","5' UTR"
"PY17X_1471601",539,"UGUAUCAUA","5' UTR"
"PY17X_API01700",381,"UGUAUCAUA","5' UTR"
"PY17X_API01800",488,"UGUAUCAUA","5' UTR"
"PY17X_API01900",739,"UGUAUCAUA","5' UTR"
"PY17X_0101221",7767,"UGUAUCAUA","CDS"
"PY17X_0103600",1068,"UGUAUCAUA","CDS"
"PY17X_0104400",1502,"UGUAUCAUA","CDS"
"PY17X_0107700",130,"UGUAUCAUA","CDS"
"PY17X_0107800",4115,"UGUAUCAUA","CDS"
"PY17X_0115951",287,"UGUAUCAUA","CDS"
"PY17X_0303100",1215,"UGUAUCAUA","CDS"
"PY17X_0303800",393,"UGUAUCAUA","CDS"
"PY17X_0315100",1275,"UGUAUCAUA","CDS"
"PY17X_0315600",1445,"UGUAUCAUA","CDS"
"PY17X_0317000",951,"UGUAUCAUA","CDS"
"PY17X_0400031",2,"UGUAUCAUA","CDS"
"PY17X_0411900",2673,"UGUAUCAUA","CDS"
"PY17X_0501400",3654,"UGUAUCAUA","CDS"
"PY17X_0501400",7755,"UGUAUCAUA","CDS"
"PY17X_0501900",7752,"UGUAUCAUA","CDS"
"PY17X_0503100",1122,"UGUAUCAUA","CDS"
"PY17X_0503500",2159,"UGUAUCAUA","CDS"
"PY17X_0518700",1195,"UGUAUCAUA","CDS"
"PY17X_0522700",6734,"UGUAUCAUA","CDS"
"PY17X_0523100",5180,"UGUAUCAUA","CDS"
"PY17X_0526500",7776,"UGUAUCAUA","CDS"
"PY17X_0602900",7749,"UGUAUCAUA","CDS"
"PY17X_0606900",513,"UGUAUCAUA","CDS"
"PY17X_0609900",2319,"UGUAUCAUA","CDS"
"PY17X_0613900",1943,"UGUAUCAUA","CDS"
"PY17X_0618500",582,"UGUAUCAUA","CDS"
"PY17X_0703300",1082,"UGUAUCAUA","CDS"
"PY17X_0706100",2379,"UGUAUCAUA","CDS"
"PY17X_0711000",4424,"UGUAUCAUA","CDS"
"PY17X_0720100",8303,"UGUAUCAUA","CDS"
"PY17X_0722000",12660,"UGUAUCAUA","CDS"
"PY17X_0811300",53,"UGUAUCAUA","CDS"
"PY17X_0816400",719,"UGUAUCAUA","CDS"
"PY17X_0818300",1649,"UGUAUCAUA","CDS"
"PY17X_0822400",380,"UGUAUCAUA","CDS"
"PY17X_0827200",558,"UGUAUCAUA","CDS"
"PY17X_0829800",114,"UGUAUCAUA","CDS"
"PY17X_0834400",2684,"UGUAUCAUA","CDS"
"PY17X_0902300",7764,"UGUAUCAUA","CDS"
"PY17X_0917900",1082,"UGUAUCAUA","CDS"
"PY17X_0931300",259,"UGUAUCAUA","CDS"
"PY17X_0932900",654,"UGUAUCAUA","CDS"
"PY17X_0933100",396,"UGUAUCAUA","CDS"
"PY17X_0933200",1713,"UGUAUCAUA","CDS"
"PY17X_1003700",5014,"UGUAUCAUA","CDS"
"PY17X_1012800",16,"UGUAUCAUA","CDS"
"PY17X_1033000",335,"UGUAUCAUA","CDS"
"PY17X_1036500",575,"UGUAUCAUA","CDS"
"PY17X_1109600",1838,"UGUAUCAUA","CDS"
"PY17X_1112600",502,"UGUAUCAUA","CDS"
"PY17X_1120800",1262,"UGUAUCAUA","CDS"
"PY17X_1136400",2606,"UGUAUCAUA","CDS"
"PY17X_1150200",2,"UGUAUCAUA","CDS"
"PY17X_1206400",1205,"UGUAUCAUA","CDS"
"PY17X_1206900",2102,"UGUAUCAUA","CDS"
"PY17X_1208500",66,"UGUAUCAUA","CDS"
"PY17X_1215200",5760,"UGUAUCAUA","CDS"
"PY17X_1239300",2796,"UGUAUCAUA","CDS"
"PY17X_1240400",3944,"UGUAUCAUA","CDS"
"PY17X_1243500",3131,"UGUAUCAUA","CDS"
"PY17X_1247300",1037,"UGUAUCAUA","CDS"
"PY17X_1248300",2465,"UGUAUCAUA","CDS"
"PY17X_1249000",5086,"UGUAUCAUA","CDS"
"PY17X_1249900",3642,"UGUAUCAUA","CDS"
"PY17X_1249900",7767,"UGUAUCAUA","CDS"
"PY17X_1302700",7782,"UGUAUCAUA","CDS"
"PY17X_1313200",1347,"UGUAUCAUA","CDS"
"PY17X_1316600",1347,"UGUAUCAUA","CDS"
"PY17X_1319700",280,"UGUAUCAUA","CDS"
"PY17X_1345200",923,"UGUAUCAUA","CDS"
"PY17X_1346400",5795,"UGUAUCAUA","CDS"
"PY17X_1350200",681,"UGUAUCAUA","CDS"
"PY17X_1350500",1101,"UGUAUCAUA","CDS"
"PY17X_1351500",1359,"UGUAUCAUA","CDS"
"PY17X_1356400",2317,"UGUAUCAUA","CDS"
"PY17X_1356800",577,"UGUAUCAUA","CDS"
"PY17X_1357600",726,"UGUAUCAUA","CDS"
"PY17X_1366900",4352,"UGUAUCAUA","CDS"
"PY17X_1368100",137,"UGUAUCAUA","CDS"
"PY17X_1400083",87,"UGUAUCAUA","CDS"
"PY17X_1405000",2772,"UGUAUCAUA","CDS"
"PY17X_1409500",1650,"UGUAUCAUA","CDS"
"PY17X_1411100",736,"UGUAUCAUA","CDS"
"PY17X_1419900",1707,"UGUAUCAUA","CDS"
"PY17X_1420300",2176,"UGUAUCAUA","CDS"
"PY17X_1437200",1246,"UGUAUCAUA","CDS"
"PY17X_1446300",802,"UGUAUCAUA","CDS"
"PY17X_1446900",213,"UGUAUCAUA","CDS"
"PY17X_1448200",216,"UGUAUCAUA","CDS"
"PY17X_1449900",2499,"UGUAUCAUA","CDS"
"PY17X_1454000",807,"UGUAUCAUA","CDS"
"PY17X_1454500",570,"UGUAUCAUA","CDS"
"PY17X_1461300",488,"UGUAUCAUA","CDS"
"PY17X_API02000",668,"UGUAUCAUA","CDS"
"PY17X_0311800",52,"UGUAUCCUA","3' UTR"
"PY17X_0418200",481,"UGUAUCCUA","3' UTR"
"PY17X_0517200",578,"UGUAUCCUA","3' UTR"
"PY17X_0610500",118,"UGUAUCCUA","3' UTR"
"PY17X_0618500",143,"UGUAUCCUA","3' UTR"
"PY17X_0618900",290,"UGUAUCCUA","3' UTR"
"PY17X_0822500",583,"UGUAUCCUA","3' UTR"
"PY17X_0938700",456,"UGUAUCCUA","3' UTR"
"PY17X_1120100",497,"UGUAUCCUA","3' UTR"
"PY17X_1142500",132,"UGUAUCCUA","3' UTR"
"PY17X_1220400",220,"UGUAUCCUA","3' UTR"
"PY17X_1306700",429,"UGUAUCCUA","3' UTR"
"PY17X_1321200",206,"UGUAUCCUA","3' UTR"
"PY17X_1327000",537,"UGUAUCCUA","3' UTR"
"PY17X_1361400",627,"UGUAUCCUA","3' UTR"
"PY17X_1459000",518,"UGUAUCCUA","3' UTR"
"PY17X_0309400",12,"UGUAUCCUA","5' UTR"
"PY17X_0413400",793,"UGUAUCCUA","5' UTR"
"PY17X_0416800",372,"UGUAUCCUA","5' UTR"
"PY17X_0512400",91,"UGUAUCCUA","5' UTR"
"PY17X_0618400",28,"UGUAUCCUA","5' UTR"
"PY17X_0938800",570,"UGUAUCCUA","5' UTR"
"PY17X_1108400",432,"UGUAUCCUA","5' UTR"
"PY17X_1120000",472,"UGUAUCCUA","5' UTR"
"PY17X_1220500",84,"UGUAUCCUA","5' UTR"
"PY17X_1368800",494,"UGUAUCCUA","5' UTR"
"PY17X_1455600",229,"UGUAUCCUA","5' UTR"
"PY17X_0405800",860,"UGUAUCCUA","CDS"
"PY17X_0816100",619,"UGUAUCCUA","CDS"
"PY17X_0836600",1251,"UGUAUCCUA","CDS"
"PY17X_0838300",2210,"UGUAUCCUA","CDS"
"PY17X_1012500",3432,"UGUAUCCUA","CDS"
"PY17X_1014100",2525,"UGUAUCCUA","CDS"
"PY17X_1216500",4607,"UGUAUCCUA","CDS"
"PY17X_1241800",1752,"UGUAUCCUA","CDS"
"PY17X_1351400",39,"UGUAUCCUA","CDS"
"PY17X_1352900",2215,"UGUAUCCUA","CDS"
"PY17X_1427500",965,"UGUAUCCUA","CDS"
"PY17X_1427700",2015,"UGUAUCCUA","CDS"
"PY17X_1444000",848,"UGUAUCCUA","CDS"
"PY17X_1459700",1302,"UGUAUCCUA","CDS"
"PY17X_0214300",202,"UGUAUCGUA","3' UTR"
"PY17X_0302100",33,"UGUAUCGUA","3' UTR"
"PY17X_0318800",472,"UGUAUCGUA","3' UTR"
"PY17X_0709700",668,"UGUAUCGUA","3' UTR"
"PY17X_0809600",506,"UGUAUCGUA","3' UTR"
"PY17X_0831800",231,"UGUAUCGUA","3' UTR"
"PY17X_0918000",176,"UGUAUCGUA","3' UTR"
"PY17X_1331700",370,"UGUAUCGUA","3' UTR"
"PY17X_1353900",291,"UGUAUCGUA","3' UTR"
"PY17X_1422300",101,"UGUAUCGUA","3' UTR"
"PY17X_1463100",289,"UGUAUCGUA","3' UTR"
"PY17X_0204500",729,"UGUAUCGUA","5' UTR"
"PY17X_0511500",309,"UGUAUCGUA","5' UTR"
"PY17X_0527200",744,"UGUAUCGUA","5' UTR"
"PY17X_0707200",263,"UGUAUCGUA","5' UTR"
"PY17X_0711300",666,"UGUAUCGUA","5' UTR"
"PY17X_0912900",185,"UGUAUCGUA","5' UTR"
"PY17X_1026200",709,"UGUAUCGUA","5' UTR"
"PY17X_1047601",745,"UGUAUCGUA","5' UTR"
"PY17X_1100035",745,"UGUAUCGUA","5' UTR"
"PY17X_1116700",300,"UGUAUCGUA","5' UTR"
"PY17X_1128500",238,"UGUAUCGUA","5' UTR"
"PY17X_1230700",435,"UGUAUCGUA","5' UTR"
"PY17X_1374600",745,"UGUAUCGUA","5' UTR"
"PY17X_1416400",723,"UGUAUCGUA","5' UTR"
"PY17X_1434900",609,"UGUAUCGUA","5' UTR"
"PY17X_1441700",501,"UGUAUCGUA","5' UTR"
"PY17X_0200391",28,"UGUAUCGUA","CDS"
"PY17X_0401600",511,"UGUAUCGUA","CDS"
"PY17X_0421100",168,"UGUAUCGUA","CDS"
"PY17X_0501800",290,"UGUAUCGUA","CDS"
"PY17X_0706900",258,"UGUAUCGUA","CDS"
"PY17X_0722000",8649,"UGUAUCGUA","CDS"
"PY17X_0818300",1442,"UGUAUCGUA","CDS"
"PY17X_0947300",28,"UGUAUCGUA","CDS"
"PY17X_1128300",12777,"UGUAUCGUA","CDS"
"PY17X_1203000",236,"UGUAUCGUA","CDS"
"PY17X_1223300",2877,"UGUAUCGUA","CDS"
"PY17X_1444700",3388,"UGUAUCGUA","CDS"
"PY17X_0116800",538,"UGUAUCUUA","3' UTR"
"PY17X_0507600",636,"UGUAUCUUA","3' UTR"
"PY17X_0512000",501,"UGUAUCUUA","3' UTR"
"PY17X_0526900",465,"UGUAUCUUA","3' UTR"
"PY17X_0620800",501,"UGUAUCUUA","3' UTR"
"PY17X_0711100",262,"UGUAUCUUA","3' UTR"
"PY17X_0827400",279,"UGUAUCUUA","3' UTR"
"PY17X_0829200",348,"UGUAUCUUA","3' UTR"
"PY17X_0902500",193,"UGUAUCUUA","3' UTR"
"PY17X_0912400",370,"UGUAUCUUA","3' UTR"
"PY17X_1011000",330,"UGUAUCUUA","3' UTR"
"PY17X_1030900",562,"UGUAUCUUA","3' UTR"
"PY17X_1030900",661,"UGUAUCUUA","3' UTR"
"PY17X_1033000",130,"UGUAUCUUA","3' UTR"
"PY17X_1040500",537,"UGUAUCUUA","3' UTR"
"PY17X_1104300",501,"UGUAUCUUA","3' UTR"
"PY17X_1131800",153,"UGUAUCUUA","3' UTR"
"PY17X_1239900",386,"UGUAUCUUA","3' UTR"
"PY17X_1307900",672,"UGUAUCUUA","3' UTR"
"PY17X_1324200",201,"UGUAUCUUA","3' UTR"
"PY17X_1354600",505,"UGUAUCUUA","3' UTR"
"PY17X_1374300",668,"UGUAUCUUA","3' UTR"
"PY17X_1422500",631,"UGUAUCUUA","3' UTR"
"PY17X_1438200",535,"UGUAUCUUA","3' UTR"
"PY17X_0214700",342,"UGUAUCUUA","5' UTR"
"PY17X_0408500",356,"UGUAUCUUA","5' UTR"
"PY17X_0512100",154,"UGUAUCUUA","5' UTR"
"PY17X_0523100",287,"UGUAUCUUA","5' UTR"
"PY17X_0607400",305,"UGUAUCUUA","5' UTR"
"PY17X_0711200",288,"UGUAUCUUA","5' UTR"
"PY17X_0827500",240,"UGUAUCUUA","5' UTR"
"PY17X_0912500",297,"UGUAUCUUA","5' UTR"
"PY17X_0918700",471,"UGUAUCUUA","5' UTR"
"PY17X_1006300",168,"UGUAUCUUA","5' UTR"
"PY17X_1010100",598,"UGUAUCUUA","5' UTR"
"PY17X_1015200",787,"UGUAUCUUA","5' UTR"
"PY17X_1028100",128,"UGUAUCUUA","5' UTR"
"PY17X_1029000",697,"UGUAUCUUA","5' UTR"
"PY17X_1029700",250,"UGUAUCUUA","5' UTR"
"PY17X_1111100",539,"UGUAUCUUA","5' UTR"
"PY17X_1128000",374,"UGUAUCUUA","5' UTR"
"PY17X_1210900",700,"UGUAUCUUA","5' UTR"
"PY17X_1234100",173,"UGUAUCUUA","5' UTR"
"PY17X_1240000",600,"UGUAUCUUA","5' UTR"
"PY17X_1304000",213,"UGUAUCUUA","5' UTR"
"PY17X_1306800",64,"UGUAUCUUA","5' UTR"
"PY17X_1330100",44,"UGUAUCUUA","5' UTR"
"PY17X_1336600",338,"UGUAUCUUA","5' UTR"
"PY17X_1354300",741,"UGUAUCUUA","5' UTR"
"PY17X_1354300",757,"UGUAUCUUA","5' UTR"
"PY17X_1407200",36,"UGUAUCUUA","5' UTR"
"PY17X_1458900",119,"UGUAUCUUA","5' UTR"
"PY17X_0200541",392,"UGUAUCUUA","CDS"
"PY17X_0208100",84,"UGUAUCUUA","CDS"
"PY17X_0315200",807,"UGUAUCUUA","CDS"
"PY17X_0322701",395,"UGUAUCUUA","CDS"
"PY17X_0404200",940,"UGUAUCUUA","CDS"
"PY17X_0406200",1153,"UGUAUCUUA","CDS"
"PY17X_0419300",4541,"UGUAUCUUA","CDS"
"PY17X_0522300",807,"UGUAUCUUA","CDS"
"PY17X_0619100",192,"UGUAUCUUA","CDS"
"PY17X_0625300",3777,"UGUAUCUUA","CDS"
"PY17X_0702600",874,"UGUAUCUUA","CDS"
"PY17X_0706200",200,"UGUAUCUUA","CDS"
"PY17X_0816900",1747,"UGUAUCUUA","CDS"
"PY17X_0904600",1926,"UGUAUCUUA","CDS"
"PY17X_0926000",1013,"UGUAUCUUA","CDS"
"PY17X_1021000",716,"UGUAUCUUA","CDS"
"PY17X_1036200",16778,"UGUAUCUUA","CDS"
"PY17X_1122000",2394,"UGUAUCUUA","CDS"
"PY17X_1129800",1735,"UGUAUCUUA","CDS"
"PY17X_1132200",270,"UGUAUCUUA","CDS"
"PY17X_1137100",1785,"UGUAUCUUA","CDS"
"PY17X_1138100",884,"UGUAUCUUA","CDS"
"PY17X_1141700",8958,"UGUAUCUUA","CDS"
"PY17X_1216100",1213,"UGUAUCUUA","CDS"
"PY17X_1218300",1884,"UGUAUCUUA","CDS"
"PY17X_1221500",1275,"UGUAUCUUA","CDS"
"PY17X_1223800",260,"UGUAUCUUA","CDS"
"PY17X_1308000",447,"UGUAUCUUA","CDS"
"PY17X_1311800",4460,"UGUAUCUUA","CDS"
"PY17X_1336500",50,"UGUAUCUUA","CDS"
"PY17X_1344400",1201,"UGUAUCUUA","CDS"
"PY17X_1370500",2037,"UGUAUCUUA","CDS"
"PY17X_1436200",315,"UGUAUCUUA","CDS"
"PY17X_1440300",2,"UGUAUCUUA","CDS"
"PY17X_1446300",4115,"UGUAUCUUA","CDS"
"PY17X_1457200",830,"UGUAUCUUA","CDS"
"PY17X_1465300",580,"UGUAUCUUA","CDS"
"PY17X_1465300",5005,"UGUAUCUUA","CDS"
"PY17X_1467200",605,"UGUAUCUUA","CDS"
"PY17X_1467700",2877,"UGUAUCUUA","CDS"
"PY17X_API00400",1590,"UGUAUCUUA","CDS"
"PY17X_0201600",662,"UGUAUGAUA","3' UTR"
"PY17X_0215300",426,"UGUAUGAUA","3' UTR"
"PY17X_0221701",508,"UGUAUGAUA","3' UTR"
"PY17X_0308400",399,"UGUAUGAUA","3' UTR"
"PY17X_0318900",466,"UGUAUGAUA","3' UTR"
"PY17X_0415600",336,"UGUAUGAUA","3' UTR"
"PY17X_0416000",248,"UGUAUGAUA","3' UTR"
"PY17X_0417800",460,"UGUAUGAUA","3' UTR"
"PY17X_0419300",345,"UGUAUGAUA","3' UTR"
"PY17X_0500300",486,"UGUAUGAUA","3' UTR"
"PY17X_0620000",428,"UGUAUGAUA","3' UTR"
"PY17X_0627801",641,"UGUAUGAUA","3' UTR"
"PY17X_0711600",231,"UGUAUGAUA","3' UTR"
"PY17X_0721300",162,"UGUAUGAUA","3' UTR"
"PY17X_0800800",494,"UGUAUGAUA","3' UTR"
"PY17X_0814100",590,"UGUAUGAUA","3' UTR"
"PY17X_0820300",628,"UGUAUGAUA","3' UTR"
"PY17X_0837500",560,"UGUAUGAUA","3' UTR"
"PY17X_0837500",583,"UGUAUGAUA","3' UTR"
"PY17X_0837500",607,"UGUAUGAUA","3' UTR"
"PY17X_0841600",497,"UGUAUGAUA","3' UTR"
"PY17X_0846501",471,"UGUAUGAUA","3' UTR"
"PY17X_0918600",459,"UGUAUGAUA","3' UTR"
"PY17X_0920200",52,"UGUAUGAUA","3' UTR"
"PY17X_0921800",504,"UGUAUGAUA","3' UTR"
"PY17X_0923300",139,"UGUAUGAUA","3' UTR"
"PY17X_0923700",554,"UGUAUGAUA","3' UTR"
"PY17X_0927900",181,"UGUAUGAUA","3' UTR"
"PY17X_0927900",551,"UGUAUGAUA","3' UTR"
"PY17X_0944700",339,"UGUAUGAUA","3' UTR"
"PY17X_1011500",554,"UGUAUGAUA","3' UTR"
"PY17X_1015300",258,"UGUAUGAUA","3' UTR"
"PY17X_1023600",151,"UGUAUGAUA","3' UTR"
"PY17X_1035200",602,"UGUAUGAUA","3' UTR"
"PY17X_1039300",369,"UGUAUGAUA","3' UTR"
"PY17X_1041000",451,"UGUAUGAUA","3' UTR"
"PY17X_1043700",538,"UGUAUGAUA","3' UTR"
"PY17X_1100083",484,"UGUAUGAUA","3' UTR"
"PY17X_1102500",581,"UGUAUGAUA","3' UTR"
"PY17X_1105600",650,"UGUAUGAUA","3' UTR"
"PY17X_1114600",32,"UGUAUGAUA","3' UTR"
"PY17X_1131900",74,"UGUAUGAUA","3' UTR"
"PY17X_1136900",649,"UGUAUGAUA","3' UTR"
"PY17X_1145500",484,"UGUAUGAUA","3' UTR"
"PY17X_1150200",624,"UGUAUGAUA","3' UTR"
"PY17X_1200077",484,"UGUAUGAUA","3' UTR"
"PY17X_1218400",160,"UGUAUGAUA","3' UTR"
"PY17X_1221200",527,"UGUAUGAUA","3' UTR"
"PY17X_1224400",261,"UGUAUGAUA","3' UTR"
"PY17X_1244200",405,"UGUAUGAUA","3' UTR"
"PY17X_1244600",198,"UGUAUGAUA","3' UTR"
"PY17X_1300195",665,"UGUAUGAUA","3' UTR"
"PY17X_1300377",665,"UGUAUGAUA","3' UTR"
"PY17X_1311300",236,"UGUAUGAUA","3' UTR"
"PY17X_1317600",620,"UGUAUGAUA","3' UTR"
"PY17X_1323400",349,"UGUAUGAUA","3' UTR"
"PY17X_1347900",389,"UGUAUGAUA","3' UTR"
"PY17X_1348400",244,"UGUAUGAUA","3' UTR"
"PY17X_1353700",350,"UGUAUGAUA","3' UTR"
"PY17X_1353900",534,"UGUAUGAUA","3' UTR"
"PY17X_1362500",640,"UGUAUGAUA","3' UTR"
"PY17X_1362900",67,"UGUAUGAUA","3' UTR"
"PY17X_1364900",144,"UGUAUGAUA","3' UTR"
"PY17X_1369200",124,"UGUAUGAUA","3' UTR"
"PY17X_1371500",591,"UGUAUGAUA","3' UTR"
"PY17X_1422900",51,"UGUAUGAUA","3' UTR"
"PY17X_1425200",577,"UGUAUGAUA","3' UTR"
"PY17X_1425300",431,"UGUAUGAUA","3' UTR"
"PY17X_0109500",632,"UGUAUGAUA","5' UTR"
"PY17X_0206100",303,"UGUAUGAUA","5' UTR"
"PY17X_0215400",140,"UGUAUGAUA","5' UTR"
"PY17X_0215400",679,"UGUAUGAUA","5' UTR"
"PY17X_0303300",697,"UGUAUGAUA","5' UTR"
"PY17X_0307200",348,"UGUAUGAUA","5' UTR"
"PY17X_0419500",166,"UGUAUGAUA","5' UTR"
"PY17X_0422501",607,"UGUAUGAUA","5' UTR"
"PY17X_0504400",241,"UGUAUGAUA","5' UTR"
"PY17X_0506600",611,"UGUAUGAUA","5' UTR"
"PY17X_0508500",471,"UGUAUGAUA","5' UTR"
"PY17X_0520700",152,"UGUAUGAUA","5' UTR"
"PY17X_0604400",483,"UGUAUGAUA","5' UTR"
"PY17X_0700700",30,"UGUAUGAUA","5' UTR"
"PY17X_0808000",142,"UGUAUGAUA","5' UTR"
"PY17X_0811200",542,"UGUAUGAUA","5' UTR"
"PY17X_0813000",630,"UGUAUGAUA","5' UTR"
"PY17X_0814300",492,"UGUAUGAUA","5' UTR"
"PY17X_0828700",536,"UGUAUGAUA","5' UTR"
"PY17X_0831400",90,"UGUAUGAUA","5' UTR"
"PY17X_0837600",718,"UGUAUGAUA","5' UTR"
"PY17X_0837600",741,"UGUAUGAUA","5' UTR"
"PY17X_0837600",765,"UGUAUGAUA","5' UTR"
"PY17X_0905300",207,"UGUAUGAUA","5' UTR"
"PY17X_0910200",138,"UGUAUGAUA","5' UTR"
"PY17X_0913900",788,"UGUAUGAUA","5' UTR"
"PY17X_0915800",353,"UGUAUGAUA","5' UTR"
"PY17X_0923800",119,"UGUAUGAUA","5' UTR"
"PY17X_0925300",58,"UGUAUGAUA","5' UTR"
"PY17X_0927300",243,"UGUAUGAUA","5' UTR"
"PY17X_0927800",398,"UGUAUGAUA","5' UTR"
"PY17X_0927800",768,"UGUAUGAUA","5' UTR"
"PY17X_0929200",417,"UGUAUGAUA","5' UTR"
"PY17X_0931200",559,"UGUAUGAUA","5' UTR"
"PY17X_0935200",182,"UGUAUGAUA","5' UTR"
"PY17X_1001800",117,"UGUAUGAUA","5' UTR"
"PY17X_1011400",518,"UGUAUGAUA","5' UTR"
"PY17X_1028000",674,"UGUAUGAUA","5' UTR"
"PY17X_1029500",224,"UGUAUGAUA","5' UTR"
"PY17X_1030600",156,"UGUAUGAUA","5' UTR"
"PY17X_1032200",510,"UGUAUGAUA","5' UTR"
"PY17X_1038200",618,"UGUAUGAUA","5' UTR"
"PY17X_1107100",91,"UGUAUGAUA","5' UTR"
"PY17X_1121400",348,"UGUAUGAUA","5' UTR"
"PY17X_1123900",180,"UGUAUGAUA","5' UTR"
"PY17X_1136600",686,"UGUAUGAUA","5' UTR"
"PY17X_1138200",465,"UGUAUGAUA","5' UTR"
"PY17X_1143900",742,"UGUAUGAUA","5' UTR"
"PY17X_1144400",746,"UGUAUGAUA","5' UTR"
"PY17X_1204600",92,"UGUAUGAUA","5' UTR"
"PY17X_1225000",377,"UGUAUGAUA","5' UTR"
"PY17X_1229300",228,"UGUAUGAUA","5' UTR"
"PY17X_1237600",184,"UGUAUGAUA","5' UTR"
"PY17X_1303500",519,"UGUAUGAUA","5' UTR"
"PY17X_1304700",181,"UGUAUGAUA","5' UTR"
"PY17X_1304900",212,"UGUAUGAUA","5' UTR"
"PY17X_1306300",334,"UGUAUGAUA","5' UTR"
"PY17X_1310200",388,"UGUAUGAUA","5' UTR"
"PY17X_1318800",402,"UGUAUGAUA","5' UTR"
"PY17X_1327800",473,"UGUAUGAUA","5' UTR"
"PY17X_1330200",151,"UGUAUGAUA","5' UTR"
"PY17X_1342100",638,"UGUAUGAUA","5' UTR"
"PY17X_1342100",657,"UGUAUGAUA","5' UTR"
"PY17X_1342100",676,"UGUAUGAUA","5' UTR"
"PY17X_1342100",695,"UGUAUGAUA","5' UTR"
"PY17X_1342100",714,"UGUAUGAUA","5' UTR"
"PY17X_1344200",262,"UGUAUGAUA","5' UTR"
"PY17X_1350000",323,"UGUAUGAUA","5' UTR"
"PY17X_1364100",583,"UGUAUGAUA","5' UTR"
"PY17X_1426200",422,"UGUAUGAUA","5' UTR"
"PY17X_1430100",164,"UGUAUGAUA","5' UTR"
"PY17X_1437200",700,"UGUAUGAUA","5' UTR"
"PY17X_1449300",347,"UGUAUGAUA","5' UTR"
"PY17X_1456400",145,"UGUAUGAUA","5' UTR"
"PY17X_0103100",175,"UGUAUGAUA","CDS"
"PY17X_0116700",55,"UGUAUGAUA","CDS"
"PY17X_0208400",2963,"UGUAUGAUA","CDS"
"PY17X_0213400",2552,"UGUAUGAUA","CDS"
"PY17X_0213600",1691,"UGUAUGAUA","CDS"
"PY17X_0219001",80,"UGUAUGAUA","CDS"
"PY17X_0312900",3685,"UGUAUGAUA","CDS"
"PY17X_0318800",473,"UGUAUGAUA","CDS"
"PY17X_0401800",470,"UGUAUGAUA","CDS"
"PY17X_0408700",2180,"UGUAUGAUA","CDS"
"PY17X_0411000",1856,"UGUAUGAUA","CDS"
"PY17X_0419200",317,"UGUAUGAUA","CDS"
"PY17X_0501100",476,"UGUAUGAUA","CDS"
"PY17X_0503500",1121,"UGUAUGAUA","CDS"
"PY17X_0513700",524,"UGUAUGAUA","CDS"
"PY17X_0514100",2,"UGUAUGAUA","CDS"
"PY17X_0514800",493,"UGUAUGAUA","CDS"
"PY17X_0517300",1214,"UGUAUGAUA","CDS"
"PY17X_0521600",23,"UGUAUGAUA","CDS"
"PY17X_0527300",460,"UGUAUGAUA","CDS"
"PY17X_0603700",635,"UGUAUGAUA","CDS"
"PY17X_0606651",698,"UGUAUGAUA","CDS"
"PY17X_0611600",491,"UGUAUGAUA","CDS"
"PY17X_0614700",2722,"UGUAUGAUA","CDS"
"PY17X_0618200",2345,"UGUAUGAUA","CDS"
"PY17X_0618400",12838,"UGUAUGAUA","CDS"
"PY17X_0618600",1883,"UGUAUGAUA","CDS"
"PY17X_0624800",1349,"UGUAUGAUA","CDS"
"PY17X_0624900",119,"UGUAUGAUA","CDS"
"PY17X_0700065",476,"UGUAUGAUA","CDS"
"PY17X_0703200",310,"UGUAUGAUA","CDS"
"PY17X_0708200",2158,"UGUAUGAUA","CDS"
"PY17X_0711200",2996,"UGUAUGAUA","CDS"
"PY17X_0711500",1001,"UGUAUGAUA","CDS"
"PY17X_0717200",644,"UGUAUGAUA","CDS"
"PY17X_0721500",3203,"UGUAUGAUA","CDS"
"PY17X_0722000",1721,"UGUAUGAUA","CDS"
"PY17X_0802500",16,"UGUAUGAUA","CDS"
"PY17X_0804300",1759,"UGUAUGAUA","CDS"
"PY17X_0804400",5593,"UGUAUGAUA","CDS"
"PY17X_0807000",920,"UGUAUGAUA","CDS"
"PY17X_0814900",590,"UGUAUGAUA","CDS"
"PY17X_0825500",547,"UGUAUGAUA","CDS"
"PY17X_0837200",944,"UGUAUGAUA","CDS"
"PY17X_0847301",308,"UGUAUGAUA","CDS"
"PY17X_0908300",3296,"UGUAUGAUA","CDS"
"PY17X_0910600",956,"UGUAUGAUA","CDS"
"PY17X_0915700",3505,"UGUAUGAUA","CDS"
"PY17X_0917500",2024,"UGUAUGAUA","CDS"
"PY17X_0919100",1748,"UGUAUGAUA","CDS"
"PY17X_0919400",293,"UGUAUGAUA","CDS"
"PY17X_0921900",59,"UGUAUGAUA","CDS"
"PY17X_0926800",1895,"UGUAUGAUA","CDS"
"PY17X_0928400",32,"UGUAUGAUA","CDS"
"PY17X_0930800",152,"UGUAUGAUA","CDS"
"PY17X_0936600",1814,"UGUAUGAUA","CDS"
"PY17X_0938800",437,"UGUAUGAUA","CDS"
"PY17X_0939100",1340,"UGUAUGAUA","CDS"
"PY17X_0940400",3245,"UGUAUGAUA","CDS"
"PY17X_0940800",272,"UGUAUGAUA","CDS"
"PY17X_0942300",512,"UGUAUGAUA","CDS"
"PY17X_0942900",3794,"UGUAUGAUA","CDS"
"PY17X_0947701",55,"UGUAUGAUA","CDS"
"PY17X_1013200",281,"UGUAUGAUA","CDS"
"PY17X_1017300",2576,"UGUAUGAUA","CDS"
"PY17X_1017700",4268,"UGUAUGAUA","CDS"
"PY17X_1024900",1463,"UGUAUGAUA","CDS"
"PY17X_1027000",6320,"UGUAUGAUA","CDS"
"PY17X_1032400",331,"UGUAUGAUA","CDS"
"PY17X_1033900",2744,"UGUAUGAUA","CDS"
"PY17X_1039200",448,"UGUAUGAUA","CDS"
"PY17X_1042900",476,"UGUAUGAUA","CDS"
"PY17X_1112200",14639,"UGUAUGAUA","CDS"
"PY17X_1112200",26489,"UGUAUGAUA","CDS"
"PY17X_1116300",1489,"UGUAUGAUA","CDS"
"PY17X_1117600",2834,"UGUAUGAUA","CDS"
"PY17X_1126600",1252,"UGUAUGAUA","CDS"
"PY17X_1127800",500,"UGUAUGAUA","CDS"
"PY17X_1128300",6848,"UGUAUGAUA","CDS"
"PY17X_1129300",317,"UGUAUGAUA","CDS"
"PY17X_1134500",185,"UGUAUGAUA","CDS"
"PY17X_1137300",161,"UGUAUGAUA","CDS"
"PY17X_1203200",476,"UGUAUGAUA","CDS"
"PY17X_1204300",1769,"UGUAUGAUA","CDS"
"PY17X_1204900",4735,"UGUAUGAUA","CDS"
"PY17X_1211100",1166,"UGUAUGAUA","CDS"
"PY17X_1214100",656,"UGUAUGAUA","CDS"
"PY17X_1225900",1919,"UGUAUGAUA","CDS"
"PY17X_1226300",23,"UGUAUGAUA","CDS"
"PY17X_1228400",442,"UGUAUGAUA","CDS"
"PY17X_1228500",811,"UGUAUGAUA","CDS"
"PY17X_1231100",3172,"UGUAUGAUA","CDS"
"PY17X_1232500",2540,"UGUAUGAUA","CDS"
"PY17X_1234100",1880,"UGUAUGAUA","CDS"
"PY17X_1238900",800,"UGUAUGAUA","CDS"
"PY17X_1240400",15802,"UGUAUGAUA","CDS"
"PY17X_1240400",23135,"UGUAUGAUA","CDS"
"PY17X_1241700",2135,"UGUAUGAUA","CDS"
"PY17X_1242000",1094,"UGUAUGAUA","CDS"
"PY17X_1249200",509,"UGUAUGAUA","CDS"
"PY17X_1304800",176,"UGUAUGAUA","CDS"
"PY17X_1305000",14,"UGUAUGAUA","CDS"
"PY17X_1312700",1421,"UGUAUGAUA","CDS"
"PY17X_1323000",1031,"UGUAUGAUA","CDS"
"PY17X_1323300",3461,"UGUAUGAUA","CDS"
"PY17X_1323900",1223,"UGUAUGAUA","CDS"
"PY17X_1324500",677,"UGUAUGAUA","CDS"
"PY17X_1330500",3581,"UGUAUGAUA","CDS"
"PY17X_1339100",134,"UGUAUGAUA","CDS"
"PY17X_1340500",224,"UGUAUGAUA","CDS"
"PY17X_1344200",12164,"UGUAUGAUA","CDS"
"PY17X_1345700",4346,"UGUAUGAUA","CDS"
"PY17X_1349900",338,"UGUAUGAUA","CDS"
"PY17X_1351500",2036,"UGUAUGAUA","CDS"
"PY17X_1356400",3389,"UGUAUGAUA","CDS"
"PY17X_1361700",8563,"UGUAUGAUA","CDS"
"PY17X_1369400",1096,"UGUAUGAUA","CDS"
"PY17X_1369500",1693,"UGUAUGAUA","CDS"
"PY17X_1372700",488,"UGUAUGAUA","CDS"
"PY17X_1374500",473,"UGUAUGAUA","CDS"
"PY17X_1401000",491,"UGUAUGAUA","CDS"
"PY17X_1402200",128,"UGUAUGAUA","CDS"
"PY17X_1403900",2885,"UGUAUGAUA","CDS"
"PY17X_1404700",878,"UGUAUGAUA","CDS"
"PY17X_1407300",2612,"UGUAUGAUA","CDS"
"PY17X_1407600",512,"UGUAUGAUA","CDS"
"PY17X_1428100",1870,"UGUAUGAUA","CDS"
"PY17X_1430100",1538,"UGUAUGAUA","CDS"
"PY17X_1433200",638,"UGUAUGAUA","CDS"
"PY17X_1440900",11975,"UGUAUGAUA","CDS"
"PY17X_1441000",4519,"UGUAUGAUA","CDS"
"PY17X_1447000",2729,"UGUAUGAUA","CDS"
"PY17X_1448600",2201,"UGUAUGAUA","CDS"
"PY17X_1452200",173,"UGUAUGAUA","CDS"
"PY17X_1452900",848,"UGUAUGAUA","CDS"
"PY17X_1453800",449,"UGUAUGAUA","CDS"
"PY17X_1464200",3416,"UGUAUGAUA","CDS"
"PY17X_1465300",2225,"UGUAUGAUA","CDS"
"PY17X_0212600",381,"UGUAUGCUA","3' UTR"
"PY17X_0307600",181,"UGUAUGCUA","3' UTR"
"PY17X_0311700",542,"UGUAUGCUA","3' UTR"
"PY17X_0419000",266,"UGUAUGCUA","3' UTR"
"PY17X_0502000",11,"UGUAUGCUA","3' UTR"
"PY17X_0519200",560,"UGUAUGCUA","3' UTR"
"PY17X_0526400",11,"UGUAUGCUA","3' UTR"
"PY17X_0605900",195,"UGUAUGCUA","3' UTR"
"PY17X_0617300",573,"UGUAUGCUA","3' UTR"
"PY17X_0617700",482,"UGUAUGCUA","3' UTR"
"PY17X_0618000",340,"UGUAUGCUA","3' UTR"
"PY17X_0621100",299,"UGUAUGCUA","3' UTR"
"PY17X_0627501",401,"UGUAUGCUA","3' UTR"
"PY17X_0706900",141,"UGUAUGCUA","3' UTR"
"PY17X_0718400",585,"UGUAUGCUA","3' UTR"
"PY17X_0806800",552,"UGUAUGCUA","3' UTR"
"PY17X_0822200",410,"UGUAUGCUA","3' UTR"
"PY17X_0826000",563,"UGUAUGCUA","3' UTR"
"PY17X_0900075",401,"UGUAUGCUA","3' UTR"
"PY17X_0911900",50,"UGUAUGCUA","3' UTR"
"PY17X_0921900",330,"UGUAUGCUA","3' UTR"
"PY17X_0926100",38,"UGUAUGCUA","3' UTR"
"PY17X_0930100",463,"UGUAUGCUA","3' UTR"
"PY17X_1014400",677,"UGUAUGCUA","3' UTR"
"PY17X_1018200",642,"UGUAUGCUA","3' UTR"
"PY17X_1220600",306,"UGUAUGCUA","3' UTR"
"PY17X_1235700",559,"UGUAUGCUA","3' UTR"
"PY17X_1246100",646,"UGUAUGCUA","3' UTR"
"PY17X_1337000",189,"UGUAUGCUA","3' UTR"
"PY17X_1350100",236,"UGUAUGCUA","3' UTR"
"PY17X_1351300",557,"UGUAUGCUA","3' UTR"
"PY17X_1362900",106,"UGUAUGCUA","3' UTR"
"PY17X_1373300",337,"UGUAUGCUA","3' UTR"
"PY17X_1400079",399,"UGUAUGCUA","3' UTR"
"PY17X_1408000",157,"UGUAUGCUA","3' UTR"
"PY17X_1425100",549,"UGUAUGCUA","3' UTR"
"PY17X_0109900",601,"UGUAUGCUA","5' UTR"
"PY17X_0212500",338,"UGUAUGCUA","5' UTR"
"PY17X_0302700",68,"UGUAUGCUA","5' UTR"
"PY17X_0302700",82,"UGUAUGCUA","5' UTR"
"PY17X_0302700",96,"UGUAUGCUA","5' UTR"
"PY17X_0302700",110,"UGUAUGCUA","5' UTR"
"PY17X_0302700",124,"UGUAUGCUA","5' UTR"
"PY17X_0305400",567,"UGUAUGCUA","5' UTR"
"PY17X_0311600",415,"UGUAUGCUA","5' UTR"
"PY17X_0509300",795,"UGUAUGCUA","5' UTR"
"PY17X_0605800",400,"UGUAUGCUA","5' UTR"
"PY17X_0616300",145,"UGUAUGCUA","5' UTR"
"PY17X_0617400",92,"UGUAUGCUA","5' UTR"
"PY17X_0717900",534,"UGUAUGCUA","5' UTR"
"PY17X_0719300",382,"UGUAUGCUA","5' UTR"
"PY17X_0801700",552,"UGUAUGCUA","5' UTR"
"PY17X_0825900",541,"UGUAUGCUA","5' UTR"
"PY17X_0838100",740,"UGUAUGCUA","5' UTR"
"PY17X_0908600",261,"UGUAUGCUA","5' UTR"
"PY17X_0911800",655,"UGUAUGCUA","5' UTR"
"PY17X_0918800",592,"UGUAUGCUA","5' UTR"
"PY17X_0922000",453,"UGUAUGCUA","5' UTR"
"PY17X_0923700",699,"UGUAUGCUA","5' UTR"
"PY17X_0926200",150,"UGUAUGCUA","5' UTR"
"PY17X_1013500",287,"UGUAUGCUA","5' UTR"
"PY17X_1018600",566,"UGUAUGCUA","5' UTR"
"PY17X_1028400",441,"UGUAUGCUA","5' UTR"
"PY17X_1128900",552,"UGUAUGCUA","5' UTR"
"PY17X_1230100",121,"UGUAUGCUA","5' UTR"
"PY17X_1232800",645,"UGUAUGCUA","5' UTR"
"PY17X_1244000",749,"UGUAUGCUA","5' UTR"
"PY17X_1245200",588,"UGUAUGCUA","5' UTR"
"PY17X_1246000",325,"UGUAUGCUA","5' UTR"
"PY17X_1314900",651,"UGUAUGCUA","5' UTR"
"PY17X_1342200",190,"UGUAUGCUA","5' UTR"
"PY17X_1343000",324,"UGUAUGCUA","5' UTR"
"PY17X_1355900",601,"UGUAUGCUA","5' UTR"
"PY17X_1405900",329,"UGUAUGCUA","5' UTR"
"PY17X_1408400",106,"UGUAUGCUA","5' UTR"
"PY17X_1409700",270,"UGUAUGCUA","5' UTR"
"PY17X_1421100",784,"UGUAUGCUA","5' UTR"
"PY17X_1425200",114,"UGUAUGCUA","5' UTR"
"PY17X_1429400",16,"UGUAUGCUA","5' UTR"
"PY17X_1441400",556,"UGUAUGCUA","5' UTR"
"PY17X_0104900",875,"UGUAUGCUA","CDS"
"PY17X_0212000",7428,"UGUAUGCUA","CDS"
"PY17X_0221901",476,"UGUAUGCUA","CDS"
"PY17X_0307300",2086,"UGUAUGCUA","CDS"
"PY17X_0319701",491,"UGUAUGCUA","CDS"
"PY17X_0404200",1022,"UGUAUGCUA","CDS"
"PY17X_0406000",1232,"UGUAUGCUA","CDS"
"PY17X_0506800",1638,"UGUAUGCUA","CDS"
"PY17X_0507000",11161,"UGUAUGCUA","CDS"
"PY17X_0527901",476,"UGUAUGCUA","CDS"
"PY17X_0700043",476,"UGUAUGCUA","CDS"
"PY17X_0706000",78,"UGUAUGCUA","CDS"
"PY17X_0714000",533,"UGUAUGCUA","CDS"
"PY17X_0807500",877,"UGUAUGCUA","CDS"
"PY17X_0845801",320,"UGUAUGCUA","CDS"
"PY17X_0911750",230,"UGUAUGCUA","CDS"
"PY17X_0913900",1397,"UGUAUGCUA","CDS"
"PY17X_0922600",285,"UGUAUGCUA","CDS"
"PY17X_0927800",3386,"UGUAUGCUA","CDS"
"PY17X_0943800",1362,"UGUAUGCUA","CDS"
"PY17X_1010800",2966,"UGUAUGCUA","CDS"
"PY17X_1016800",6139,"UGUAUGCUA","CDS"
"PY17X_1114000",1260,"UGUAUGCUA","CDS"
"PY17X_1149400",476,"UGUAUGCUA","CDS"
"PY17X_1200037",476,"UGUAUGCUA","CDS"
"PY17X_1221100",123,"UGUAUGCUA","CDS"
"PY17X_1240400",16883,"UGUAUGCUA","CDS"
"PY17X_1310100",5431,"UGUAUGCUA","CDS"
"PY17X_1314500",115,"UGUAUGCUA","CDS"
"PY17X_1319800",793,"UGUAUGCUA","CDS"
"PY17X_1321100",3989,"UGUAUGCUA","CDS"
"PY17X_1347400",590,"UGUAUGCUA","CDS"
"PY17X_1348100",2207,"UGUAUGCUA","CDS"
"PY17X_1349200",1478,"UGUAUGCUA","CDS"
"PY17X_1364800",153,"UGUAUGCUA","CDS"
"PY17X_1408600",3421,"UGUAUGCUA","CDS"
"PY17X_1414500",370,"UGUAUGCUA","CDS"
"PY17X_1429900",10124,"UGUAUGCUA","CDS"
"PY17X_1431900",24,"UGUAUGCUA","CDS"
"PY17X_1439500",1342,"UGUAUGCUA","CDS"
"PY17X_1470401",476,"UGUAUGCUA","CDS"
"PY17X_0213500",521,"UGUAUGGUA","3' UTR"
"PY17X_0301500",281,"UGUAUGGUA","3' UTR"
"PY17X_0311300",295,"UGUAUGGUA","3' UTR"
"PY17X_0411000",635,"UGUAUGGUA","3' UTR"
"PY17X_0521600",579,"UGUAUGGUA","3' UTR"
"PY17X_0601300",673,"UGUAUGGUA","3' UTR"
"PY17X_0703000",309,"UGUAUGGUA","3' UTR"
"PY17X_1115500",680,"UGUAUGGUA","3' UTR"
"PY17X_1417100",317,"UGUAUGGUA","3' UTR"
"PY17X_0301400",230,"UGUAUGGUA","5' UTR"
"PY17X_0315400",541,"UGUAUGGUA","5' UTR"
"PY17X_0411100",661,"UGUAUGGUA","5' UTR"
"PY17X_0411300",56,"UGUAUGGUA","5' UTR"
"PY17X_0517900",305,"UGUAUGGUA","5' UTR"
"PY17X_0525200",142,"UGUAUGGUA","5' UTR"
"PY17X_0611400",565,"UGUAUGGUA","5' UTR"
"PY17X_0718000",739,"UGUAUGGUA","5' UTR"
"PY17X_0720500",15,"UGUAUGGUA","5' UTR"
"PY17X_0806900",142,"UGUAUGGUA","5' UTR"
"PY17X_0836600",74,"UGUAUGGUA","5' UTR"
"PY17X_0916500",712,"UGUAUGGUA","5' UTR"
"PY17X_0920500",644,"UGUAUGGUA","5' UTR"
"PY17X_0936700",668,"UGUAUGGUA","5' UTR"
"PY17X_1033800",501,"UGUAUGGUA","5' UTR"
"PY17X_1141100",631,"UGUAUGGUA","5' UTR"
"PY17X_1221800",706,"UGUAUGGUA","5' UTR"
"PY17X_1350000",7,"UGUAUGGUA","5' UTR"
"PY17X_1365300",574,"UGUAUGGUA","5' UTR"
"PY17X_1453400",633,"UGUAUGGUA","5' UTR"
"PY17X_MIT00100",487,"UGUAUGGUA","5' UTR"
"PY17X_0100009",476,"UGUAUGGUA","CDS"
"PY17X_0210100",149,"UGUAUGGUA","CDS"
"PY17X_0215800",1298,"UGUAUGGUA","CDS"
"PY17X_0220301",476,"UGUAUGGUA","CDS"
"PY17X_0304700",1886,"UGUAUGGUA","CDS"
"PY17X_0318500",491,"UGUAUGGUA","CDS"
"PY17X_0320701",476,"UGUAUGGUA","CDS"
"PY17X_0400043",476,"UGUAUGGUA","CDS"
"PY17X_0403300",2203,"UGUAUGGUA","CDS"
"PY17X_0420100",2858,"UGUAUGGUA","CDS"
"PY17X_0500087",476,"UGUAUGGUA","CDS"
"PY17X_0500147",33,"UGUAUGGUA","CDS"
"PY17X_0527400",494,"UGUAUGGUA","CDS"
"PY17X_0528501",476,"UGUAUGGUA","CDS"
"PY17X_0609200",7197,"UGUAUGGUA","CDS"
"PY17X_0627300",476,"UGUAUGGUA","CDS"
"PY17X_0801500",476,"UGUAUGGUA","CDS"
"PY17X_0815300",1289,"UGUAUGGUA","CDS"
"PY17X_0823800",593,"UGUAUGGUA","CDS"
"PY17X_0830800",1504,"UGUAUGGUA","CDS"
"PY17X_0841500",476,"UGUAUGGUA","CDS"
"PY17X_0847601",476,"UGUAUGGUA","CDS"
"PY17X_0900085",476,"UGUAUGGUA","CDS"
"PY17X_0909100",410,"UGUAUGGUA","CDS"
"PY17X_0916000",3611,"UGUAUGGUA","CDS"
"PY17X_0919400",394,"UGUAUGGUA","CDS"
"PY17X_0921500",943,"UGUAUGGUA","CDS"
"PY17X_0927000",944,"UGUAUGGUA","CDS"
"PY17X_0946000",3411,"UGUAUGGUA","CDS"
"PY17X_1000097",476,"UGUAUGGUA","CDS"
"PY17X_1010300",1990,"UGUAUGGUA","CDS"
"PY17X_1012700",1648,"UGUAUGGUA","CDS"
"PY17X_1014700",952,"UGUAUGGUA","CDS"
"PY17X_1035200",1406,"UGUAUGGUA","CDS"
"PY17X_1041100",1508,"UGUAUGGUA","CDS"
"PY17X_1041300",1100,"UGUAUGGUA","CDS"
"PY17X_1043400",476,"UGUAUGGUA","CDS"
"PY17X_1043800",476,"UGUAUGGUA","CDS"
"PY17X_1045800",476,"UGUAUGGUA","CDS"
"PY17X_1046201",476,"UGUAUGGUA","CDS"
"PY17X_1048301",476,"UGUAUGGUA","CDS"
"PY17X_1100077",476,"UGUAUGGUA","CDS"
"PY17X_1100087",476,"UGUAUGGUA","CDS"
"PY17X_1106400",680,"UGUAUGGUA","CDS"
"PY17X_1120300",808,"UGUAUGGUA","CDS"
"PY17X_1127500",1082,"UGUAUGGUA","CDS"
"PY17X_1132500",250,"UGUAUGGUA","CDS"
"PY17X_1137100",1265,"UGUAUGGUA","CDS"
"PY17X_1138600",326,"UGUAUGGUA","CDS"
"PY17X_1200087",33,"UGUAUGGUA","CDS"
"PY17X_1200151",476,"UGUAUGGUA","CDS"
"PY17X_1200700",467,"UGUAUGGUA","CDS"
"PY17X_1201800",476,"UGUAUGGUA","CDS"
"PY17X_1215000",2367,"UGUAUGGUA","CDS"
"PY17X_1218200",547,"UGUAUGGUA","CDS"
"PY17X_1220900",475,"UGUAUGGUA","CDS"
"PY17X_1250800",476,"UGUAUGGUA","CDS"
"PY17X_1251900",476,"UGUAUGGUA","CDS"
"PY17X_1300451",476,"UGUAUGGUA","CDS"
"PY17X_1301500",464,"UGUAUGGUA","CDS"
"PY17X_1313400",397,"UGUAUGGUA","CDS"
"PY17X_1325400",4343,"UGUAUGGUA","CDS"
"PY17X_1330400",622,"UGUAUGGUA","CDS"
"PY17X_1349900",22,"UGUAUGGUA","CDS"
"PY17X_1366300",391,"UGUAUGGUA","CDS"
"PY17X_1368000",6304,"UGUAUGGUA","CDS"
"PY17X_1369500",3125,"UGUAUGGUA","CDS"
"PY17X_1371900",491,"UGUAUGGUA","CDS"
"PY17X_1400045",476,"UGUAUGGUA","CDS"
"PY17X_1408200",1439,"UGUAUGGUA","CDS"
"PY17X_1417000",636,"UGUAUGGUA","CDS"
"PY17X_1418300",95,"UGUAUGGUA","CDS"
"PY17X_1437200",2841,"UGUAUGGUA","CDS"
"PY17X_1443200",1863,"UGUAUGGUA","CDS"
"PY17X_1444600",3044,"UGUAUGGUA","CDS"
"PY17X_1468200",491,"UGUAUGGUA","CDS"
"PY17X_1468600",476,"UGUAUGGUA","CDS"
"PY17X_1470101",479,"UGUAUGGUA","CDS"
"PY17X_1471101",476,"UGUAUGGUA","CDS"
"PY17X_1472101",476,"UGUAUGGUA","CDS"
"PY17X_0105500",375,"UGUAUGUUA","3' UTR"
"PY17X_0106400",34,"UGUAUGUUA","3' UTR"
"PY17X_0106400",449,"UGUAUGUUA","3' UTR"
"PY17X_0115000",68,"UGUAUGUUA","3' UTR"
"PY17X_0212000",518,"UGUAUGUUA","3' UTR"
"PY17X_0310000",260,"UGUAUGUUA","3' UTR"
"PY17X_0417400",306,"UGUAUGUUA","3' UTR"
"PY17X_0418900",69,"UGUAUGUUA","3' UTR"
"PY17X_0419100",474,"UGUAUGUUA","3' UTR"
"PY17X_0421800",499,"UGUAUGUUA","3' UTR"
"PY17X_0502100",141,"UGUAUGUUA","3' UTR"
"PY17X_0523900",483,"UGUAUGUUA","3' UTR"
"PY17X_0528401",510,"UGUAUGUUA","3' UTR"
"PY17X_0608600",52,"UGUAUGUUA","3' UTR"
"PY17X_0612700",100,"UGUAUGUUA","3' UTR"
"PY17X_0613000",403,"UGUAUGUUA","3' UTR"
"PY17X_0614000",354,"UGUAUGUUA","3' UTR"
"PY17X_0614500",19,"UGUAUGUUA","3' UTR"
"PY17X_0617200",110,"UGUAUGUUA","3' UTR"
"PY17X_0617300",644,"UGUAUGUUA","3' UTR"
"PY17X_0624500",480,"UGUAUGUUA","3' UTR"
"PY17X_0721800",531,"UGUAUGUUA","3' UTR"
"PY17X_0722800",71,"UGUAUGUUA","3' UTR"
"PY17X_0800141",50,"UGUAUGUUA","3' UTR"
"PY17X_0809100",364,"UGUAUGUUA","3' UTR"
"PY17X_0813300",229,"UGUAUGUUA","3' UTR"
"PY17X_0819400",139,"UGUAUGUUA","3' UTR"
"PY17X_0824600",399,"UGUAUGUUA","3' UTR"
"PY17X_0835200",572,"UGUAUGUUA","3' UTR"
"PY17X_0840600",400,"UGUAUGUUA","3' UTR"
"PY17X_0902100",413,"UGUAUGUUA","3' UTR"
"PY17X_0912800",494,"UGUAUGUUA","3' UTR"
"PY17X_0917000",663,"UGUAUGUUA","3' UTR"
"PY17X_0927500",211,"UGUAUGUUA","3' UTR"
"PY17X_0936000",87,"UGUAUGUUA","3' UTR"
"PY17X_1005700",58,"UGUAUGUUA","3' UTR"
"PY17X_1010400",568,"UGUAUGUUA","3' UTR"
"PY17X_1021500",325,"UGUAUGUUA","3' UTR"
"PY17X_1036000",637,"UGUAUGUUA","3' UTR"
"PY17X_1049501",71,"UGUAUGUUA","3' UTR"
"PY17X_1104900",392,"UGUAUGUUA","3' UTR"
"PY17X_1122100",411,"UGUAUGUUA","3' UTR"
"PY17X_1141200",322,"UGUAUGUUA","3' UTR"
"PY17X_1141600",264,"UGUAUGUUA","3' UTR"
"PY17X_1145000",571,"UGUAUGUUA","3' UTR"
"PY17X_1146800",14,"UGUAUGUUA","3' UTR"
"PY17X_1148100",50,"UGUAUGUUA","3' UTR"
"PY17X_1202400",71,"UGUAUGUUA","3' UTR"
"PY17X_1206100",411,"UGUAUGUUA","3' UTR"
"PY17X_1207400",83,"UGUAUGUUA","3' UTR"
"PY17X_1228500",224,"UGUAUGUUA","3' UTR"
"PY17X_1239600",305,"UGUAUGUUA","3' UTR"
"PY17X_1300223",105,"UGUAUGUUA","3' UTR"
"PY17X_1305000",143,"UGUAUGUUA","3' UTR"
"PY17X_1312100",53,"UGUAUGUUA","3' UTR"
"PY17X_1316000",158,"UGUAUGUUA","3' UTR"
"PY17X_1325900",450,"UGUAUGUUA","3' UTR"
"PY17X_1327000",200,"UGUAUGUUA","3' UTR"
"PY17X_1338400",127,"UGUAUGUUA","3' UTR"
"PY17X_1348300",485,"UGUAUGUUA","3' UTR"
"PY17X_1355100",358,"UGUAUGUUA","3' UTR"
"PY17X_1357200",551,"UGUAUGUUA","3' UTR"
"PY17X_1413400",140,"UGUAUGUUA","3' UTR"
"PY17X_1413500",62,"UGUAUGUUA","3' UTR"
"PY17X_1429200",473,"UGUAUGUUA","3' UTR"
"PY17X_1449200",351,"UGUAUGUUA","3' UTR"
"PY17X_1462500",163,"UGUAUGUUA","3' UTR"
"PY17X_1468200",50,"UGUAUGUUA","3' UTR"
"PY17X_0106400",735,"UGUAUGUUA","5' UTR"
"PY17X_0109700",524,"UGUAUGUUA","5' UTR"
"PY17X_0112100",531,"UGUAUGUUA","5' UTR"
"PY17X_0116700",247,"UGUAUGUUA","5' UTR"
"PY17X_0212400",17,"UGUAUGUUA","5' UTR"
"PY17X_0213000",159,"UGUAUGUUA","5' UTR"
"PY17X_0217601",646,"UGUAUGUUA","5' UTR"
"PY17X_0305100",534,"UGUAUGUUA","5' UTR"
"PY17X_0314000",399,"UGUAUGUUA","5' UTR"
"PY17X_0315400",252,"UGUAUGUUA","5' UTR"
"PY17X_0406100",142,"UGUAUGUUA","5' UTR"
"PY17X_0419100",417,"UGUAUGUUA","5' UTR"
"PY17X_0419200",23,"UGUAUGUUA","5' UTR"
"PY17X_0515351",432,"UGUAUGUUA","5' UTR"
"PY17X_0516000",441,"UGUAUGUUA","5' UTR"
"PY17X_0523800",580,"UGUAUGUUA","5' UTR"
"PY17X_0610600",553,"UGUAUGUUA","5' UTR"
"PY17X_0614600",514,"UGUAUGUUA","5' UTR"
"PY17X_0614700",123,"UGUAUGUUA","5' UTR"
"PY17X_0617400",163,"UGUAUGUUA","5' UTR"
"PY17X_0624600",339,"UGUAUGUUA","5' UTR"
"PY17X_0708800",168,"UGUAUGUUA","5' UTR"
"PY17X_0710500",793,"UGUAUGUUA","5' UTR"
"PY17X_0712700",290,"UGUAUGUUA","5' UTR"
"PY17X_0713600",57,"UGUAUGUUA","5' UTR"
"PY17X_0721700",268,"UGUAUGUUA","5' UTR"
"PY17X_0723900",699,"UGUAUGUUA","5' UTR"
"PY17X_0808000",679,"UGUAUGUUA","5' UTR"
"PY17X_0821500",78,"UGUAUGUUA","5' UTR"
"PY17X_0835100",367,"UGUAUGUUA","5' UTR"
"PY17X_0904500",666,"UGUAUGUUA","5' UTR"
"PY17X_0904900",610,"UGUAUGUUA","5' UTR"
"PY17X_0914600",340,"UGUAUGUUA","5' UTR"
"PY17X_0916800",469,"UGUAUGUUA","5' UTR"
"PY17X_0916900",347,"UGUAUGUUA","5' UTR"
"PY17X_0934400",411,"UGUAUGUUA","5' UTR"
"PY17X_0935900",25,"UGUAUGUUA","5' UTR"
"PY17X_0936500",99,"UGUAUGUUA","5' UTR"
"PY17X_1007700",282,"UGUAUGUUA","5' UTR"
"PY17X_1025800",442,"UGUAUGUUA","5' UTR"
"PY17X_1030500",555,"UGUAUGUUA","5' UTR"
"PY17X_1038000",731,"UGUAUGUUA","5' UTR"
"PY17X_1102300",707,"UGUAUGUUA","5' UTR"
"PY17X_1103300",506,"UGUAUGUUA","5' UTR"
"PY17X_1116600",282,"UGUAUGUUA","5' UTR"
"PY17X_1128900",769,"UGUAUGUUA","5' UTR"
"PY17X_1145000",666,"UGUAUGUUA","5' UTR"
"PY17X_1206700",760,"UGUAUGUUA","5' UTR"
"PY17X_1214700",3,"UGUAUGUUA","5' UTR"
"PY17X_1217900",153,"UGUAUGUUA","5' UTR"
"PY17X_1227200",507,"UGUAUGUUA","5' UTR"
"PY17X_1235000",170,"UGUAUGUUA","5' UTR"
"PY17X_1242200",288,"UGUAUGUUA","5' UTR"
"PY17X_1300377",474,"UGUAUGUUA","5' UTR"
"PY17X_1313900",199,"UGUAUGUUA","5' UTR"
"PY17X_1315600",347,"UGUAUGUUA","5' UTR"
"PY17X_1325800",287,"UGUAUGUUA","5' UTR"
"PY17X_1331100",33,"UGUAUGUUA","5' UTR"
"PY17X_1337900",679,"UGUAUGUUA","5' UTR"
"PY17X_1341400",513,"UGUAUGUUA","5' UTR"
"PY17X_1342600",254,"UGUAUGUUA","5' UTR"
"PY17X_1347400",167,"UGUAUGUUA","5' UTR"
"PY17X_1349300",343,"UGUAUGUUA","5' UTR"
"PY17X_1354900",647,"UGUAUGUUA","5' UTR"
"PY17X_1355100",682,"UGUAUGUUA","5' UTR"
"PY17X_1355200",618,"UGUAUGUUA","5' UTR"
"PY17X_1361200",483,"UGUAUGUUA","5' UTR"
"PY17X_1363500",10,"UGUAUGUUA","5' UTR"
"PY17X_1365300",272,"UGUAUGUUA","5' UTR"
"PY17X_1370600",590,"UGUAUGUUA","5' UTR"
"PY17X_1402800",99,"UGUAUGUUA","5' UTR"
"PY17X_1413500",516,"UGUAUGUUA","5' UTR"
"PY17X_1415100",351,"UGUAUGUUA","5' UTR"
"PY17X_1419800",558,"UGUAUGUUA","5' UTR"
"PY17X_1427500",132,"UGUAUGUUA","5' UTR"
"PY17X_1432600",645,"UGUAUGUUA","5' UTR"
"PY17X_1437800",480,"UGUAUGUUA","5' UTR"
"PY17X_1442200",605,"UGUAUGUUA","5' UTR"
"PY17X_1445100",16,"UGUAUGUUA","5' UTR"
"PY17X_1448000",606,"UGUAUGUUA","5' UTR"
"PY17X_1454400",574,"UGUAUGUUA","5' UTR"
"PY17X_1459000",117,"UGUAUGUUA","5' UTR"
"PY17X_1464200",93,"UGUAUGUUA","5' UTR"
"PY17X_0106400",230,"UGUAUGUUA","CDS"
"PY17X_0106800",279,"UGUAUGUUA","CDS"
"PY17X_0109200",12164,"UGUAUGUUA","CDS"
"PY17X_0112500",34,"UGUAUGUUA","CDS"
"PY17X_0113700",515,"UGUAUGUUA","CDS"
"PY17X_0113700",4770,"UGUAUGUUA","CDS"
"PY17X_0116700",316,"UGUAUGUUA","CDS"
"PY17X_0211800",310,"UGUAUGUUA","CDS"
"PY17X_0211900",2,"UGUAUGUUA","CDS"
"PY17X_0212000",7220,"UGUAUGUUA","CDS"
"PY17X_0309500",668,"UGUAUGUUA","CDS"
"PY17X_0314700",131,"UGUAUGUUA","CDS"
"PY17X_0410800",9086,"UGUAUGUUA","CDS"
"PY17X_0417800",633,"UGUAUGUUA","CDS"
"PY17X_0418200",173,"UGUAUGUUA","CDS"
"PY17X_0419300",1375,"UGUAUGUUA","CDS"
"PY17X_0420100",496,"UGUAUGUUA","CDS"
"PY17X_0420800",286,"UGUAUGUUA","CDS"
"PY17X_0422501",58,"UGUAUGUUA","CDS"
"PY17X_0504600",469,"UGUAUGUUA","CDS"
"PY17X_0511500",442,"UGUAUGUUA","CDS"
"PY17X_0516700",1033,"UGUAUGUUA","CDS"
"PY17X_0524300",1954,"UGUAUGUUA","CDS"
"PY17X_0616400",1666,"UGUAUGUUA","CDS"
"PY17X_0620100",2499,"UGUAUGUUA","CDS"
"PY17X_0700200",245,"UGUAUGUUA","CDS"
"PY17X_0704800",4969,"UGUAUGUUA","CDS"
"PY17X_0719000",5456,"UGUAUGUUA","CDS"
"PY17X_0719500",3394,"UGUAUGUUA","CDS"
"PY17X_0804600",982,"UGUAUGUUA","CDS"
"PY17X_0809300",1981,"UGUAUGUUA","CDS"
"PY17X_0811300",1094,"UGUAUGUUA","CDS"
"PY17X_0812300",1632,"UGUAUGUUA","CDS"
"PY17X_0814800",597,"UGUAUGUUA","CDS"
"PY17X_0821300",1996,"UGUAUGUUA","CDS"
"PY17X_0822700",2875,"UGUAUGUUA","CDS"
"PY17X_0837200",181,"UGUAUGUUA","CDS"
"PY17X_0909700",639,"UGUAUGUUA","CDS"
"PY17X_0914600",339,"UGUAUGUUA","CDS"
"PY17X_0927700",1946,"UGUAUGUUA","CDS"
"PY17X_0936500",92,"UGUAUGUUA","CDS"
"PY17X_0936600",15668,"UGUAUGUUA","CDS"
"PY17X_0941100",670,"UGUAUGUUA","CDS"
"PY17X_0947701",316,"UGUAUGUUA","CDS"
"PY17X_1001400",503,"UGUAUGUUA","CDS"
"PY17X_1004800",335,"UGUAUGUUA","CDS"
"PY17X_1010300",4958,"UGUAUGUUA","CDS"
"PY17X_1016400",182,"UGUAUGUUA","CDS"
"PY17X_1022900",470,"UGUAUGUUA","CDS"
"PY17X_1023600",1085,"UGUAUGUUA","CDS"
"PY17X_1027900",7897,"UGUAUGUUA","CDS"
"PY17X_1032500",395,"UGUAUGUUA","CDS"
"PY17X_1039200",3989,"UGUAUGUUA","CDS"
"PY17X_1039500",2294,"UGUAUGUUA","CDS"
"PY17X_1043600",153,"UGUAUGUUA","CDS"
"PY17X_1104500",87,"UGUAUGUUA","CDS"
"PY17X_1112200",19133,"UGUAUGUUA","CDS"
"PY17X_1112600",1009,"UGUAUGUUA","CDS"
"PY17X_1130600",2905,"UGUAUGUUA","CDS"
"PY17X_1130900",128,"UGUAUGUUA","CDS"
"PY17X_1132600",438,"UGUAUGUUA","CDS"
"PY17X_1133200",1036,"UGUAUGUUA","CDS"
"PY17X_1137400",283,"UGUAUGUUA","CDS"
"PY17X_1139200",391,"UGUAUGUUA","CDS"
"PY17X_1141700",3202,"UGUAUGUUA","CDS"
"PY17X_1142800",794,"UGUAUGUUA","CDS"
"PY17X_1206500",887,"UGUAUGUUA","CDS"
"PY17X_1215700",1514,"UGUAUGUUA","CDS"
"PY17X_1224200",747,"UGUAUGUUA","CDS"
"PY17X_1227300",571,"UGUAUGUUA","CDS"
"PY17X_1229300",6005,"UGUAUGUUA","CDS"
"PY17X_1244500",1027,"UGUAUGUUA","CDS"
"PY17X_1244600",349,"UGUAUGUUA","CDS"
"PY17X_1246300",449,"UGUAUGUUA","CDS"
"PY17X_1314000",517,"UGUAUGUUA","CDS"
"PY17X_1321400",1814,"UGUAUGUUA","CDS"
"PY17X_1331200",986,"UGUAUGUUA","CDS"
"PY17X_1331700",734,"UGUAUGUUA","CDS"
"PY17X_1332600",8629,"UGUAUGUUA","CDS"
"PY17X_1356400",4457,"UGUAUGUUA","CDS"
"PY17X_1400019",458,"UGUAUGUUA","CDS"
"PY17X_1400400",461,"UGUAUGUUA","CDS"
"PY17X_1403900",14139,"UGUAUGUUA","CDS"
"PY17X_1413700",1064,"UGUAUGUUA","CDS"
"PY17X_1420000",2809,"UGUAUGUUA","CDS"
"PY17X_1427500",6344,"UGUAUGUUA","CDS"
"PY17X_1433900",1657,"UGUAUGUUA","CDS"
"PY17X_1438000",813,"UGUAUGUUA","CDS"
"PY17X_1438700",38,"UGUAUGUUA","CDS"
"PY17X_1441600",355,"UGUAUGUUA","CDS"
"PY17X_1442400",3482,"UGUAUGUUA","CDS"
"PY17X_1442700",656,"UGUAUGUUA","CDS"
"PY17X_1465400",128,"UGUAUGUUA","CDS"
"PY17X_0101261",664,"UGUAUUAUA","3' UTR"
"PY17X_0104500",216,"UGUAUUAUA","3' UTR"
"PY17X_0114700",515,"UGUAUUAUA","3' UTR"
"PY17X_0114800",182,"UGUAUUAUA","3' UTR"
"PY17X_0114800",391,"UGUAUUAUA","3' UTR"
"PY17X_0115300",347,"UGUAUUAUA","3' UTR"
"PY17X_0200271",539,"UGUAUUAUA","3' UTR"
"PY17X_0203000",200,"UGUAUUAUA","3' UTR"
"PY17X_0207400",571,"UGUAUUAUA","3' UTR"
"PY17X_0213300",486,"UGUAUUAUA","3' UTR"
"PY17X_0220401",488,"UGUAUUAUA","3' UTR"
"PY17X_0220901",500,"UGUAUUAUA","3' UTR"
"PY17X_0301100",650,"UGUAUUAUA","3' UTR"
"PY17X_0301400",371,"UGUAUUAUA","3' UTR"
"PY17X_0303000",591,"UGUAUUAUA","3' UTR"
"PY17X_0303500",67,"UGUAUUAUA","3' UTR"
"PY17X_0305100",405,"UGUAUUAUA","3' UTR"
"PY17X_0305200",463,"UGUAUUAUA","3' UTR"
"PY17X_0309300",14,"UGUAUUAUA","3' UTR"
"PY17X_0312700",387,"UGUAUUAUA","3' UTR"
"PY17X_0315800",416,"UGUAUUAUA","3' UTR"
"PY17X_0317500",416,"UGUAUUAUA","3' UTR"
"PY17X_0317700",520,"UGUAUUAUA","3' UTR"
"PY17X_0318500",191,"UGUAUUAUA","3' UTR"
"PY17X_0321101",159,"UGUAUUAUA","3' UTR"
"PY17X_0402700",158,"UGUAUUAUA","3' UTR"
"PY17X_0403100",663,"UGUAUUAUA","3' UTR"
"PY17X_0406200",556,"UGUAUUAUA","3' UTR"
"PY17X_0407000",229,"UGUAUUAUA","3' UTR"
"PY17X_0411400",25,"UGUAUUAUA","3' UTR"
"PY17X_0412100",89,"UGUAUUAUA","3' UTR"
"PY17X_0414600",541,"UGUAUUAUA","3' UTR"
"PY17X_0416400",409,"UGUAUUAUA","3' UTR"
"PY17X_0417400",523,"UGUAUUAUA","3' UTR"
"PY17X_0418800",33,"UGUAUUAUA","3' UTR"
"PY17X_0421300",202,"UGUAUUAUA","3' UTR"
"PY17X_0500171",285,"UGUAUUAUA","3' UTR"
"PY17X_0507300",294,"UGUAUUAUA","3' UTR"
"PY17X_0507600",165,"UGUAUUAUA","3' UTR"
"PY17X_0509200",207,"UGUAUUAUA","3' UTR"
"PY17X_0515000",598,"UGUAUUAUA","3' UTR"
"PY17X_0519100",187,"UGUAUUAUA","3' UTR"
"PY17X_0520300",552,"UGUAUUAUA","3' UTR"
"PY17X_0525600",408,"UGUAUUAUA","3' UTR"
"PY17X_0526100",187,"UGUAUUAUA","3' UTR"
"PY17X_0600301",376,"UGUAUUAUA","3' UTR"
"PY17X_0601800",502,"UGUAUUAUA","3' UTR"
"PY17X_0602500",534,"UGUAUUAUA","3' UTR"
"PY17X_0603000",213,"UGUAUUAUA","3' UTR"
"PY17X_0604500",394,"UGUAUUAUA","3' UTR"
"PY17X_0606900",510,"UGUAUUAUA","3' UTR"
"PY17X_0609100",163,"UGUAUUAUA","3' UTR"
"PY17X_0609600",45,"UGUAUUAUA","3' UTR"
"PY17X_0616000",365,"UGUAUUAUA","3' UTR"
"PY17X_0616000",380,"UGUAUUAUA","3' UTR"
"PY17X_0618400",555,"UGUAUUAUA","3' UTR"
"PY17X_0621000",362,"UGUAUUAUA","3' UTR"
"PY17X_0626600",172,"UGUAUUAUA","3' UTR"
"PY17X_0700019",127,"UGUAUUAUA","3' UTR"
"PY17X_0703600",326,"UGUAUUAUA","3' UTR"
"PY17X_0704500",227,"UGUAUUAUA","3' UTR"
"PY17X_0706400",397,"UGUAUUAUA","3' UTR"
"PY17X_0707800",651,"UGUAUUAUA","3' UTR"
"PY17X_0710100",676,"UGUAUUAUA","3' UTR"
"PY17X_0716500",207,"UGUAUUAUA","3' UTR"
"PY17X_0716500",472,"UGUAUUAUA","3' UTR"
"PY17X_0717300",389,"UGUAUUAUA","3' UTR"
"PY17X_0720100",248,"UGUAUUAUA","3' UTR"
"PY17X_0722000",546,"UGUAUUAUA","3' UTR"
"PY17X_0722100",501,"UGUAUUAUA","3' UTR"
"PY17X_0723300",174,"UGUAUUAUA","3' UTR"
"PY17X_0803400",671,"UGUAUUAUA","3' UTR"
"PY17X_0804400",200,"UGUAUUAUA","3' UTR"
"PY17X_0805000",592,"UGUAUUAUA","3' UTR"
"PY17X_0806100",346,"UGUAUUAUA","3' UTR"
"PY17X_0806800",537,"UGUAUUAUA","3' UTR"
"PY17X_0806900",399,"UGUAUUAUA","3' UTR"
"PY17X_0809300",110,"UGUAUUAUA","3' UTR"
"PY17X_0810400",436,"UGUAUUAUA","3' UTR"
"PY17X_0811400",122,"UGUAUUAUA","3' UTR"
"PY17X_0813000",52,"UGUAUUAUA","3' UTR"
"PY17X_0815500",405,"UGUAUUAUA","3' UTR"
"PY17X_0817000",464,"UGUAUUAUA","3' UTR"
"PY17X_0822100",67,"UGUAUUAUA","3' UTR"
"PY17X_0822100",189,"UGUAUUAUA","3' UTR"
"PY17X_0831000",646,"UGUAUUAUA","3' UTR"
"PY17X_0831200",268,"UGUAUUAUA","3' UTR"
"PY17X_0832500",353,"UGUAUUAUA","3' UTR"
"PY17X_0834400",657,"UGUAUUAUA","3' UTR"
"PY17X_0838500",26,"UGUAUUAUA","3' UTR"
"PY17X_0840100",269,"UGUAUUAUA","3' UTR"
"PY17X_0843501",140,"UGUAUUAUA","3' UTR"
"PY17X_0900067",97,"UGUAUUAUA","3' UTR"
"PY17X_0902400",548,"UGUAUUAUA","3' UTR"
"PY17X_0903800",112,"UGUAUUAUA","3' UTR"
"PY17X_0904800",328,"UGUAUUAUA","3' UTR"
"PY17X_0906100",510,"UGUAUUAUA","3' UTR"
"PY17X_0909900",592,"UGUAUUAUA","3' UTR"
"PY17X_0910200",509,"UGUAUUAUA","3' UTR"
"PY17X_0912100",12,"UGUAUUAUA","3' UTR"
"PY17X_0914300",263,"UGUAUUAUA","3' UTR"
"PY17X_0919200",563,"UGUAUUAUA","3' UTR"
"PY17X_0919800",97,"UGUAUUAUA","3' UTR"
"PY17X_0920400",117,"UGUAUUAUA","3' UTR"
"PY17X_0920800",391,"UGUAUUAUA","3' UTR"
"PY17X_0921500",70,"UGUAUUAUA","3' UTR"
"PY17X_0923300",110,"UGUAUUAUA","3' UTR"
"PY17X_0923900",217,"UGUAUUAUA","3' UTR"
"PY17X_0925300",567,"UGUAUUAUA","3' UTR"
"PY17X_0925900",67,"UGUAUUAUA","3' UTR"
"PY17X_0932400",420,"UGUAUUAUA","3' UTR"
"PY17X_0943700",386,"UGUAUUAUA","3' UTR"
"PY17X_0945800",590,"UGUAUUAUA","3' UTR"
"PY17X_1004000",571,"UGUAUUAUA","3' UTR"
"PY17X_1005300",435,"UGUAUUAUA","3' UTR"
"PY17X_1005500",356,"UGUAUUAUA","3' UTR"
"PY17X_1005500",440,"UGUAUUAUA","3' UTR"
"PY17X_1005900",30,"UGUAUUAUA","3' UTR"
"PY17X_1007400",153,"UGUAUUAUA","3' UTR"
"PY17X_1008500",275,"UGUAUUAUA","3' UTR"
"PY17X_1013600",394,"UGUAUUAUA","3' UTR"
"PY17X_1017700",24,"UGUAUUAUA","3' UTR"
"PY17X_1019100",224,"UGUAUUAUA","3' UTR"
"PY17X_1019400",29,"UGUAUUAUA","3' UTR"
"PY17X_1019400",115,"UGUAUUAUA","3' UTR"
"PY17X_1019400",144,"UGUAUUAUA","3' UTR"
"PY17X_1019400",173,"UGUAUUAUA","3' UTR"
"PY17X_1020000",246,"UGUAUUAUA","3' UTR"
"PY17X_1020900",311,"UGUAUUAUA","3' UTR"
"PY17X_1022400",34,"UGUAUUAUA","3' UTR"
"PY17X_1023000",595,"UGUAUUAUA","3' UTR"
"PY17X_1025200",386,"UGUAUUAUA","3' UTR"
"PY17X_1026100",47,"UGUAUUAUA","3' UTR"
"PY17X_1030900",361,"UGUAUUAUA","3' UTR"
"PY17X_1033700",610,"UGUAUUAUA","3' UTR"
"PY17X_1037800",247,"UGUAUUAUA","3' UTR"
"PY17X_1039100",517,"UGUAUUAUA","3' UTR"
"PY17X_1039700",611,"UGUAUUAUA","3' UTR"
"PY17X_1041100",446,"UGUAUUAUA","3' UTR"
"PY17X_1042100",652,"UGUAUUAUA","3' UTR"
"PY17X_1044700",161,"UGUAUUAUA","3' UTR"
"PY17X_1044700",514,"UGUAUUAUA","3' UTR"
"PY17X_1049001",486,"UGUAUUAUA","3' UTR"
"PY17X_1050401",673,"UGUAUUAUA","3' UTR"
"PY17X_1100019",439,"UGUAUUAUA","3' UTR"
"PY17X_1100057",159,"UGUAUUAUA","3' UTR"
"PY17X_1100200",166,"UGUAUUAUA","3' UTR"
"PY17X_1101400",543,"UGUAUUAUA","3' UTR"
"PY17X_1101900",483,"UGUAUUAUA","3' UTR"
"PY17X_1102000",602,"UGUAUUAUA","3' UTR"
"PY17X_1102500",522,"UGUAUUAUA","3' UTR"
"PY17X_1111100",27,"UGUAUUAUA","3' UTR"
"PY17X_1111200",184,"UGUAUUAUA","3' UTR"
"PY17X_1111900",74,"UGUAUUAUA","3' UTR"
"PY17X_1112200",44,"UGUAUUAUA","3' UTR"
"PY17X_1113900",596,"UGUAUUAUA","3' UTR"
"PY17X_1114700",588,"UGUAUUAUA","3' UTR"
"PY17X_1115600",507,"UGUAUUAUA","3' UTR"
"PY17X_1120300",438,"UGUAUUAUA","3' UTR"
"PY17X_1123100",112,"UGUAUUAUA","3' UTR"
"PY17X_1123300",499,"UGUAUUAUA","3' UTR"
"PY17X_1124200",71,"UGUAUUAUA","3' UTR"
"PY17X_1126100",349,"UGUAUUAUA","3' UTR"
"PY17X_1128100",158,"UGUAUUAUA","3' UTR"
"PY17X_1133100",378,"UGUAUUAUA","3' UTR"
"PY17X_1134100",490,"UGUAUUAUA","3' UTR"
"PY17X_1138000",409,"UGUAUUAUA","3' UTR"
"PY17X_1142800",197,"UGUAUUAUA","3' UTR"
"PY17X_1143000",553,"UGUAUUAUA","3' UTR"
"PY17X_1143300",489,"UGUAUUAUA","3' UTR"
"PY17X_1145300",395,"UGUAUUAUA","3' UTR"
"PY17X_1146200",215,"UGUAUUAUA","3' UTR"
"PY17X_1146200",235,"UGUAUUAUA","3' UTR"
"PY17X_1147900",409,"UGUAUUAUA","3' UTR"
"PY17X_1149000",486,"UGUAUUAUA","3' UTR"
"PY17X_1149900",526,"UGUAUUAUA","3' UTR"
"PY17X_1200083",484,"UGUAUUAUA","3' UTR"
"PY17X_1200131",496,"UGUAUUAUA","3' UTR"
"PY17X_1203800",297,"UGUAUUAUA","3' UTR"
"PY17X_1204400",76,"UGUAUUAUA","3' UTR"
"PY17X_1204600",164,"UGUAUUAUA","3' UTR"
"PY17X_1207800",526,"UGUAUUAUA","3' UTR"
"PY17X_1208400",253,"UGUAUUAUA","3' UTR"
"PY17X_1211100",642,"UGUAUUAUA","3' UTR"
"PY17X_1214800",144,"UGUAUUAUA","3' UTR"
"PY17X_1217300",49,"UGUAUUAUA","3' UTR"
"PY17X_1219600",99,"UGUAUUAUA","3' UTR"
"PY17X_1219800",367,"UGUAUUAUA","3' UTR"
"PY17X_1221300",487,"UGUAUUAUA","3' UTR"
"PY17X_1223400",202,"UGUAUUAUA","3' UTR"
"PY17X_1224000",38,"UGUAUUAUA","3' UTR"
"PY17X_1225700",598,"UGUAUUAUA","3' UTR"
"PY17X_1226700",665,"UGUAUUAUA","3' UTR"
"PY17X_1227000",88,"UGUAUUAUA","3' UTR"
"PY17X_1227900",377,"UGUAUUAUA","3' UTR"
"PY17X_1241200",238,"UGUAUUAUA","3' UTR"
"PY17X_1241300",152,"UGUAUUAUA","3' UTR"
"PY17X_1241400",376,"UGUAUUAUA","3' UTR"
"PY17X_1243000",482,"UGUAUUAUA","3' UTR"
"PY17X_1243100",505,"UGUAUUAUA","3' UTR"
"PY17X_1246600",573,"UGUAUUAUA","3' UTR"
"PY17X_1248400",248,"UGUAUUAUA","3' UTR"
"PY17X_1248600",565,"UGUAUUAUA","3' UTR"
"PY17X_1248800",125,"UGUAUUAUA","3' UTR"
"PY17X_1249600",441,"UGUAUUAUA","3' UTR"
"PY17X_1251600",629,"UGUAUUAUA","3' UTR"
"PY17X_1300189",567,"UGUAUUAUA","3' UTR"
"PY17X_1300217",140,"UGUAUUAUA","3' UTR"
"PY17X_1300399",140,"UGUAUUAUA","3' UTR"
"PY17X_1300481",485,"UGUAUUAUA","3' UTR"
"PY17X_1301100",160,"UGUAUUAUA","3' UTR"
"PY17X_1301200",144,"UGUAUUAUA","3' UTR"
"PY17X_1303000",390,"UGUAUUAUA","3' UTR"
"PY17X_1304700",74,"UGUAUUAUA","3' UTR"
"PY17X_1306700",595,"UGUAUUAUA","3' UTR"
"PY17X_1307500",37,"UGUAUUAUA","3' UTR"
"PY17X_1308400",594,"UGUAUUAUA","3' UTR"
"PY17X_1310100",619,"UGUAUUAUA","3' UTR"
"PY17X_1314100",58,"UGUAUUAUA","3' UTR"
"PY17X_1317000",399,"UGUAUUAUA","3' UTR"
"PY17X_1318300",40,"UGUAUUAUA","3' UTR"
"PY17X_1321500",649,"UGUAUUAUA","3' UTR"
"PY17X_1323700",469,"UGUAUUAUA","3' UTR"
"PY17X_1323900",363,"UGUAUUAUA","3' UTR"
"PY17X_1326600",237,"UGUAUUAUA","3' UTR"
"PY17X_1328100",537,"UGUAUUAUA","3' UTR"
"PY17X_1328200",87,"UGUAUUAUA","3' UTR"
"PY17X_1329900",535,"UGUAUUAUA","3' UTR"
"PY17X_1330400",517,"UGUAUUAUA","3' UTR"
"PY17X_1331000",466,"UGUAUUAUA","3' UTR"
"PY17X_1333100",438,"UGUAUUAUA","3' UTR"
"PY17X_1333900",230,"UGUAUUAUA","3' UTR"
"PY17X_1334800",359,"UGUAUUAUA","3' UTR"
"PY17X_1337700",546,"UGUAUUAUA","3' UTR"
"PY17X_1338100",367,"UGUAUUAUA","3' UTR"
"PY17X_1344600",78,"UGUAUUAUA","3' UTR"
"PY17X_1346300",348,"UGUAUUAUA","3' UTR"
"PY17X_1347300",500,"UGUAUUAUA","3' UTR"
"PY17X_1350100",71,"UGUAUUAUA","3' UTR"
"PY17X_1353100",319,"UGUAUUAUA","3' UTR"
"PY17X_1353400",168,"UGUAUUAUA","3' UTR"
"PY17X_1354500",215,"UGUAUUAUA","3' UTR"
"PY17X_1358200",207,"UGUAUUAUA","3' UTR"
"PY17X_1364700",252,"UGUAUUAUA","3' UTR"
"PY17X_1364800",68,"UGUAUUAUA","3' UTR"
"PY17X_1366100",340,"UGUAUUAUA","3' UTR"
"PY17X_1367000",289,"UGUAUUAUA","3' UTR"
"PY17X_1369100",366,"UGUAUUAUA","3' UTR"
"PY17X_1369500",474,"UGUAUUAUA","3' UTR"
"PY17X_1371900",214,"UGUAUUAUA","3' UTR"
"PY17X_1372000",190,"UGUAUUAUA","3' UTR"
"PY17X_1374100",553,"UGUAUUAUA","3' UTR"
"PY17X_1374500",478,"UGUAUUAUA","3' UTR"
"PY17X_1400041",160,"UGUAUUAUA","3' UTR"
"PY17X_1400079",140,"UGUAUUAUA","3' UTR"
"PY17X_1401700",543,"UGUAUUAUA","3' UTR"
"PY17X_1402400",102,"UGUAUUAUA","3' UTR"
"PY17X_1402900",513,"UGUAUUAUA","3' UTR"
"PY17X_1405800",515,"UGUAUUAUA","3' UTR"
"PY17X_1409000",377,"UGUAUUAUA","3' UTR"
"PY17X_1410300",446,"UGUAUUAUA","3' UTR"
"PY17X_1412800",245,"UGUAUUAUA","3' UTR"
"PY17X_1420900",530,"UGUAUUAUA","3' UTR"
"PY17X_1421900",353,"UGUAUUAUA","3' UTR"
"PY17X_1430500",156,"UGUAUUAUA","3' UTR"
"PY17X_1432300",80,"UGUAUUAUA","3' UTR"
"PY17X_1433000",535,"UGUAUUAUA","3' UTR"
"PY17X_1441000",605,"UGUAUUAUA","3' UTR"
"PY17X_1446800",443,"UGUAUUAUA","3' UTR"
"PY17X_1447800",62,"UGUAUUAUA","3' UTR"
"PY17X_1448600",160,"UGUAUUAUA","3' UTR"
"PY17X_1449400",548,"UGUAUUAUA","3' UTR"
"PY17X_1453100",228,"UGUAUUAUA","3' UTR"
"PY17X_1459300",206,"UGUAUUAUA","3' UTR"
"PY17X_1464500",139,"UGUAUUAUA","3' UTR"
"PY17X_1466000",112,"UGUAUUAUA","3' UTR"
"PY17X_1466200",321,"UGUAUUAUA","3' UTR"
"PY17X_1466200",489,"UGUAUUAUA","3' UTR"
"PY17X_1466700",53,"UGUAUUAUA","3' UTR"
"PY17X_1467600",144,"UGUAUUAUA","3' UTR"
"PY17X_1470001",202,"UGUAUUAUA","3' UTR"
"PY17X_0100009",298,"UGUAUUAUA","5' UTR"
"PY17X_0100009",566,"UGUAUUAUA","5' UTR"
"PY17X_0100017",428,"UGUAUUAUA","5' UTR"
"PY17X_0100021",272,"UGUAUUAUA","5' UTR"
"PY17X_0100041",293,"UGUAUUAUA","5' UTR"
"PY17X_0100053",73,"UGUAUUAUA","5' UTR"
"PY17X_0100075",275,"UGUAUUAUA","5' UTR"
"PY17X_0100075",563,"UGUAUUAUA","5' UTR"
"PY17X_0100900",281,"UGUAUUAUA","5' UTR"
"PY17X_0100900",567,"UGUAUUAUA","5' UTR"
"PY17X_0100900",733,"UGUAUUAUA","5' UTR"
"PY17X_0101100",573,"UGUAUUAUA","5' UTR"
"PY17X_0101200",406,"UGUAUUAUA","5' UTR"
"PY17X_0101241",27,"UGUAUUAUA","5' UTR"
"PY17X_0101261",406,"UGUAUUAUA","5' UTR"
"PY17X_0103800",569,"UGUAUUAUA","5' UTR"
"PY17X_0105600",761,"UGUAUUAUA","5' UTR"
"PY17X_0106200",137,"UGUAUUAUA","5' UTR"
"PY17X_0106800",104,"UGUAUUAUA","5' UTR"
"PY17X_0108200",355,"UGUAUUAUA","5' UTR"
"PY17X_0109200",190,"UGUAUUAUA","5' UTR"
"PY17X_0109300",147,"UGUAUUAUA","5' UTR"
"PY17X_0109300",674,"UGUAUUAUA","5' UTR"
"PY17X_0109600",98,"UGUAUUAUA","5' UTR"
"PY17X_0110000",498,"UGUAUUAUA","5' UTR"
"PY17X_0111000",517,"UGUAUUAUA","5' UTR"
"PY17X_0112000",24,"UGUAUUAUA","5' UTR"
"PY17X_0113600",262,"UGUAUUAUA","5' UTR"
"PY17X_0115100",541,"UGUAUUAUA","5' UTR"
"PY17X_0115400",283,"UGUAUUAUA","5' UTR"
"PY17X_0116400",536,"UGUAUUAUA","5' UTR"
"PY17X_0116600",572,"UGUAUUAUA","5' UTR"
"PY17X_0116800",275,"UGUAUUAUA","5' UTR"
"PY17X_0117200",311,"UGUAUUAUA","5' UTR"
"PY17X_0117200",573,"UGUAUUAUA","5' UTR"
"PY17X_0117300",275,"UGUAUUAUA","5' UTR"
"PY17X_0117300",563,"UGUAUUAUA","5' UTR"
"PY17X_0117500",292,"UGUAUUAUA","5' UTR"
"PY17X_0118001",562,"UGUAUUAUA","5' UTR"
"PY17X_0118301",275,"UGUAUUAUA","5' UTR"
"PY17X_0118301",564,"UGUAUUAUA","5' UTR"
"PY17X_0200061",284,"UGUAUUAUA","5' UTR"
"PY17X_0200091",566,"UGUAUUAUA","5' UTR"
"PY17X_0200211",286,"UGUAUUAUA","5' UTR"
"PY17X_0200481",548,"UGUAUUAUA","5' UTR"
"PY17X_0200541",544,"UGUAUUAUA","5' UTR"
"PY17X_0200601",564,"UGUAUUAUA","5' UTR"
"PY17X_0200751",325,"UGUAUUAUA","5' UTR"
"PY17X_0200751",567,"UGUAUUAUA","5' UTR"
"PY17X_0200871",478,"UGUAUUAUA","5' UTR"
"PY17X_0200901",104,"UGUAUUAUA","5' UTR"
"PY17X_0200931",530,"UGUAUUAUA","5' UTR"
"PY17X_0201051",550,"UGUAUUAUA","5' UTR"
"PY17X_0201200",89,"UGUAUUAUA","5' UTR"
"PY17X_0201200",280,"UGUAUUAUA","5' UTR"
"PY17X_0201400",533,"UGUAUUAUA","5' UTR"
"PY17X_0202100",783,"UGUAUUAUA","5' UTR"
"PY17X_0202200",574,"UGUAUUAUA","5' UTR"
"PY17X_0203300",399,"UGUAUUAUA","5' UTR"
"PY17X_0204900",261,"UGUAUUAUA","5' UTR"
"PY17X_0206400",36,"UGUAUUAUA","5' UTR"
"PY17X_0206600",221,"UGUAUUAUA","5' UTR"
"PY17X_0207200",29,"UGUAUUAUA","5' UTR"
"PY17X_0213000",294,"UGUAUUAUA","5' UTR"
"PY17X_0215500",289,"UGUAUUAUA","5' UTR"
"PY17X_0216400",281,"UGUAUUAUA","5' UTR"
"PY17X_0216800",406,"UGUAUUAUA","5' UTR"
"PY17X_0216900",544,"UGUAUUAUA","5' UTR"
"PY17X_0217100",534,"UGUAUUAUA","5' UTR"
"PY17X_0217300",548,"UGUAUUAUA","5' UTR"
"PY17X_0217800",548,"UGUAUUAUA","5' UTR"
"PY17X_0218201",526,"UGUAUUAUA","5' UTR"
"PY17X_0218301",262,"UGUAUUAUA","5' UTR"
"PY17X_0218601",275,"UGUAUUAUA","5' UTR"
"PY17X_0218701",73,"UGUAUUAUA","5' UTR"
"PY17X_0219301",281,"UGUAUUAUA","5' UTR"
"PY17X_0219301",567,"UGUAUUAUA","5' UTR"
"PY17X_0219801",88,"UGUAUUAUA","5' UTR"
"PY17X_0219801",566,"UGUAUUAUA","5' UTR"
"PY17X_0220301",296,"UGUAUUAUA","5' UTR"
"PY17X_0220301",565,"UGUAUUAUA","5' UTR"
"PY17X_0220801",304,"UGUAUUAUA","5' UTR"
"PY17X_0221401",294,"UGUAUUAUA","5' UTR"
"PY17X_0221901",529,"UGUAUUAUA","5' UTR"
"PY17X_0222201",170,"UGUAUUAUA","5' UTR"
"PY17X_0222701",512,"UGUAUUAUA","5' UTR"
"PY17X_0300061",595,"UGUAUUAUA","5' UTR"
"PY17X_0300100",270,"UGUAUUAUA","5' UTR"
"PY17X_0300100",374,"UGUAUUAUA","5' UTR"
"PY17X_0300200",165,"UGUAUUAUA","5' UTR"
"PY17X_0300200",269,"UGUAUUAUA","5' UTR"
"PY17X_0300400",403,"UGUAUUAUA","5' UTR"
"PY17X_0302900",89,"UGUAUUAUA","5' UTR"
"PY17X_0303400",551,"UGUAUUAUA","5' UTR"
"PY17X_0303500",286,"UGUAUUAUA","5' UTR"
"PY17X_0305600",111,"UGUAUUAUA","5' UTR"
"PY17X_0306000",640,"UGUAUUAUA","5' UTR"
"PY17X_0307700",213,"UGUAUUAUA","5' UTR"
"PY17X_0307700",229,"UGUAUUAUA","5' UTR"
"PY17X_0307700",261,"UGUAUUAUA","5' UTR"
"PY17X_0308600",739,"UGUAUUAUA","5' UTR"
"PY17X_0309000",155,"UGUAUUAUA","5' UTR"
"PY17X_0309700",503,"UGUAUUAUA","5' UTR"
"PY17X_0312500",24,"UGUAUUAUA","5' UTR"
"PY17X_0314200",628,"UGUAUUAUA","5' UTR"
"PY17X_0316700",4,"UGUAUUAUA","5' UTR"
"PY17X_0316900",43,"UGUAUUAUA","5' UTR"
"PY17X_0317600",484,"UGUAUUAUA","5' UTR"
"PY17X_0318000",534,"UGUAUUAUA","5' UTR"
"PY17X_0318400",393,"UGUAUUAUA","5' UTR"
"PY17X_0318500",561,"UGUAUUAUA","5' UTR"
"PY17X_0318600",82,"UGUAUUAUA","5' UTR"
"PY17X_0318800",539,"UGUAUUAUA","5' UTR"
"PY17X_0318900",575,"UGUAUUAUA","5' UTR"
"PY17X_0319200",567,"UGUAUUAUA","5' UTR"
"PY17X_0319501",577,"UGUAUUAUA","5' UTR"
"PY17X_0319701",282,"UGUAUUAUA","5' UTR"
"PY17X_0319701",568,"UGUAUUAUA","5' UTR"
"PY17X_0320101",111,"UGUAUUAUA","5' UTR"
"PY17X_0320701",581,"UGUAUUAUA","5' UTR"
"PY17X_0321001",500,"UGUAUUAUA","5' UTR"
"PY17X_0321901",85,"UGUAUUAUA","5' UTR"
"PY17X_0321901",563,"UGUAUUAUA","5' UTR"
"PY17X_0322701",544,"UGUAUUAUA","5' UTR"
"PY17X_0400005",70,"UGUAUUAUA","5' UTR"
"PY17X_0400007",279,"UGUAUUAUA","5' UTR"
"PY17X_0400007",568,"UGUAUUAUA","5' UTR"
"PY17X_0400025",291,"UGUAUUAUA","5' UTR"
"PY17X_0400031",303,"UGUAUUAUA","5' UTR"
"PY17X_0400031",562,"UGUAUUAUA","5' UTR"
"PY17X_0400045",94,"UGUAUUAUA","5' UTR"
"PY17X_0400051",511,"UGUAUUAUA","5' UTR"
"PY17X_0400059",90,"UGUAUUAUA","5' UTR"
"PY17X_0400075",294,"UGUAUUAUA","5' UTR"
"PY17X_0400085",309,"UGUAUUAUA","5' UTR"
"PY17X_0400300",562,"UGUAUUAUA","5' UTR"
"PY17X_0400600",80,"UGUAUUAUA","5' UTR"
"PY17X_0401000",82,"UGUAUUAUA","5' UTR"
"PY17X_0401000",562,"UGUAUUAUA","5' UTR"
"PY17X_0401200",11,"UGUAUUAUA","5' UTR"
"PY17X_0401200",569,"UGUAUUAUA","5' UTR"
"PY17X_0401600",563,"UGUAUUAUA","5' UTR"
"PY17X_0401800",303,"UGUAUUAUA","5' UTR"
"PY17X_0401800",568,"UGUAUUAUA","5' UTR"
"PY17X_0402200",405,"UGUAUUAUA","5' UTR"
"PY17X_0402300",562,"UGUAUUAUA","5' UTR"
"PY17X_0402600",113,"UGUAUUAUA","5' UTR"
"PY17X_0403900",7,"UGUAUUAUA","5' UTR"
"PY17X_0404000",69,"UGUAUUAUA","5' UTR"
"PY17X_0405000",669,"UGUAUUAUA","5' UTR"
"PY17X_0409800",594,"UGUAUUAUA","5' UTR"
"PY17X_0410700",70,"UGUAUUAUA","5' UTR"
"PY17X_0411700",170,"UGUAUUAUA","5' UTR"
"PY17X_0412200",277,"UGUAUUAUA","5' UTR"
"PY17X_0417100",514,"UGUAUUAUA","5' UTR"
"PY17X_0420700",634,"UGUAUUAUA","5' UTR"
"PY17X_0421900",572,"UGUAUUAUA","5' UTR"
"PY17X_0422001",246,"UGUAUUAUA","5' UTR"
"PY17X_0422001",282,"UGUAUUAUA","5' UTR"
"PY17X_0422001",394,"UGUAUUAUA","5' UTR"
"PY17X_0422001",411,"UGUAUUAUA","5' UTR"
"PY17X_0422001",448,"UGUAUUAUA","5' UTR"
"PY17X_0422001",483,"UGUAUUAUA","5' UTR"
"PY17X_0422001",502,"UGUAUUAUA","5' UTR"
"PY17X_0422001",557,"UGUAUUAUA","5' UTR"
"PY17X_0422001",593,"UGUAUUAUA","5' UTR"
"PY17X_0422001",629,"UGUAUUAUA","5' UTR"
"PY17X_0422001",667,"UGUAUUAUA","5' UTR"
"PY17X_0422201",538,"UGUAUUAUA","5' UTR"
"PY17X_0422401",548,"UGUAUUAUA","5' UTR"
"PY17X_0500027",544,"UGUAUUAUA","5' UTR"
"PY17X_0500087",294,"UGUAUUAUA","5' UTR"
"PY17X_0500087",570,"UGUAUUAUA","5' UTR"
"PY17X_0500131",588,"UGUAUUAUA","5' UTR"
"PY17X_0500141",86,"UGUAUUAUA","5' UTR"
"PY17X_0500161",291,"UGUAUUAUA","5' UTR"
"PY17X_0500171",564,"UGUAUUAUA","5' UTR"
"PY17X_0500181",587,"UGUAUUAUA","5' UTR"
"PY17X_0500191",70,"UGUAUUAUA","5' UTR"
"PY17X_0500400",310,"UGUAUUAUA","5' UTR"
"PY17X_0500600",304,"UGUAUUAUA","5' UTR"
"PY17X_0500600",592,"UGUAUUAUA","5' UTR"
"PY17X_0501100",568,"UGUAUUAUA","5' UTR"
"PY17X_0501300",566,"UGUAUUAUA","5' UTR"
"PY17X_0501500",407,"UGUAUUAUA","5' UTR"
"PY17X_0501600",262,"UGUAUUAUA","5' UTR"
"PY17X_0502200",118,"UGUAUUAUA","5' UTR"
"PY17X_0502400",285,"UGUAUUAUA","5' UTR"
"PY17X_0507300",499,"UGUAUUAUA","5' UTR"
"PY17X_0507500",504,"UGUAUUAUA","5' UTR"
"PY17X_0507600",190,"UGUAUUAUA","5' UTR"
"PY17X_0507700",785,"UGUAUUAUA","5' UTR"
"PY17X_0515100",113,"UGUAUUAUA","5' UTR"
"PY17X_0515400",496,"UGUAUUAUA","5' UTR"
"PY17X_0519500",392,"UGUAUUAUA","5' UTR"
"PY17X_0520400",30,"UGUAUUAUA","5' UTR"
"PY17X_0520400",631,"UGUAUUAUA","5' UTR"
"PY17X_0521100",601,"UGUAUUAUA","5' UTR"
"PY17X_0521700",286,"UGUAUUAUA","5' UTR"
"PY17X_0523700",725,"UGUAUUAUA","5' UTR"
"PY17X_0526800",584,"UGUAUUAUA","5' UTR"
"PY17X_0526900",402,"UGUAUUAUA","5' UTR"
"PY17X_0527300",262,"UGUAUUAUA","5' UTR"
"PY17X_0527801",73,"UGUAUUAUA","5' UTR"
"PY17X_0527901",280,"UGUAUUAUA","5' UTR"
"PY17X_0527901",565,"UGUAUUAUA","5' UTR"
"PY17X_0528101",370,"UGUAUUAUA","5' UTR"
"PY17X_0528201",303,"UGUAUUAUA","5' UTR"
"PY17X_0528201",562,"UGUAUUAUA","5' UTR"
"PY17X_0528501",571,"UGUAUUAUA","5' UTR"
"PY17X_0600021",562,"UGUAUUAUA","5' UTR"
"PY17X_0600061",512,"UGUAUUAUA","5' UTR"
"PY17X_0600171",278,"UGUAUUAUA","5' UTR"
"PY17X_0600181",500,"UGUAUUAUA","5' UTR"
"PY17X_0600191",562,"UGUAUUAUA","5' UTR"
"PY17X_0600231",512,"UGUAUUAUA","5' UTR"
"PY17X_0600800",56,"UGUAUUAUA","5' UTR"
"PY17X_0601400",4,"UGUAUUAUA","5' UTR"
"PY17X_0601400",747,"UGUAUUAUA","5' UTR"
"PY17X_0601800",306,"UGUAUUAUA","5' UTR"
"PY17X_0601800",592,"UGUAUUAUA","5' UTR"
"PY17X_0601900",534,"UGUAUUAUA","5' UTR"
"PY17X_0602000",562,"UGUAUUAUA","5' UTR"
"PY17X_0602300",302,"UGUAUUAUA","5' UTR"
"PY17X_0602300",587,"UGUAUUAUA","5' UTR"
"PY17X_0602500",544,"UGUAUUAUA","5' UTR"
"PY17X_0602800",587,"UGUAUUAUA","5' UTR"
"PY17X_0606700",726,"UGUAUUAUA","5' UTR"
"PY17X_0607300",200,"UGUAUUAUA","5' UTR"
"PY17X_0607700",264,"UGUAUUAUA","5' UTR"
"PY17X_0608000",596,"UGUAUUAUA","5' UTR"
"PY17X_0609100",647,"UGUAUUAUA","5' UTR"
"PY17X_0609200",232,"UGUAUUAUA","5' UTR"
"PY17X_0613400",740,"UGUAUUAUA","5' UTR"
"PY17X_0613900",516,"UGUAUUAUA","5' UTR"
"PY17X_0614400",431,"UGUAUUAUA","5' UTR"
"PY17X_0615900",715,"UGUAUUAUA","5' UTR"
"PY17X_0618300",294,"UGUAUUAUA","5' UTR"
"PY17X_0618800",132,"UGUAUUAUA","5' UTR"
"PY17X_0619900",55,"UGUAUUAUA","5' UTR"
"PY17X_0623400",390,"UGUAUUAUA","5' UTR"
"PY17X_0626800",252,"UGUAUUAUA","5' UTR"
"PY17X_0626800",521,"UGUAUUAUA","5' UTR"
"PY17X_0627300",571,"UGUAUUAUA","5' UTR"
"PY17X_0627701",279,"UGUAUUAUA","5' UTR"
"PY17X_0627701",566,"UGUAUUAUA","5' UTR"
"PY17X_0628001",71,"UGUAUUAUA","5' UTR"
"PY17X_0700009",500,"UGUAUUAUA","5' UTR"
"PY17X_0700011",297,"UGUAUUAUA","5' UTR"
"PY17X_0700011",565,"UGUAUUAUA","5' UTR"
"PY17X_0700013",276,"UGUAUUAUA","5' UTR"
"PY17X_0700037",99,"UGUAUUAUA","5' UTR"
"PY17X_0700043",285,"UGUAUUAUA","5' UTR"
"PY17X_0700043",570,"UGUAUUAUA","5' UTR"
"PY17X_0700047",286,"UGUAUUAUA","5' UTR"
"PY17X_0700051",304,"UGUAUUAUA","5' UTR"
"PY17X_0700051",566,"UGUAUUAUA","5' UTR"
"PY17X_0700057",511,"UGUAUUAUA","5' UTR"
"PY17X_0700061",87,"UGUAUUAUA","5' UTR"
"PY17X_0700067",71,"UGUAUUAUA","5' UTR"
"PY17X_0700069",275,"UGUAUUAUA","5' UTR"
"PY17X_0700077",526,"UGUAUUAUA","5' UTR"
"PY17X_0700085",572,"UGUAUUAUA","5' UTR"
"PY17X_0700093",540,"UGUAUUAUA","5' UTR"
"PY17X_0700200",534,"UGUAUUAUA","5' UTR"
"PY17X_0700400",536,"UGUAUUAUA","5' UTR"
"PY17X_0700900",491,"UGUAUUAUA","5' UTR"
"PY17X_0702300",620,"UGUAUUAUA","5' UTR"
"PY17X_0704100",92,"UGUAUUAUA","5' UTR"
"PY17X_0705000",86,"UGUAUUAUA","5' UTR"
"PY17X_0706300",122,"UGUAUUAUA","5' UTR"
"PY17X_0707900",718,"UGUAUUAUA","5' UTR"
"PY17X_0712600",239,"UGUAUUAUA","5' UTR"
"PY17X_0718600",725,"UGUAUUAUA","5' UTR"
"PY17X_0720500",475,"UGUAUUAUA","5' UTR"
"PY17X_0722300",553,"UGUAUUAUA","5' UTR"
"PY17X_0722500",553,"UGUAUUAUA","5' UTR"
"PY17X_0722700",568,"UGUAUUAUA","5' UTR"
"PY17X_0722800",591,"UGUAUUAUA","5' UTR"
"PY17X_0722900",446,"UGUAUUAUA","5' UTR"
"PY17X_0723000",543,"UGUAUUAUA","5' UTR"
"PY17X_0800081",189,"UGUAUUAUA","5' UTR"
"PY17X_0800081",297,"UGUAUUAUA","5' UTR"
"PY17X_0800141",292,"UGUAUUAUA","5' UTR"
"PY17X_0800141",561,"UGUAUUAUA","5' UTR"
"PY17X_0800161",476,"UGUAUUAUA","5' UTR"
"PY17X_0800300",199,"UGUAUUAUA","5' UTR"
"PY17X_0800300",292,"UGUAUUAUA","5' UTR"
"PY17X_0800600",565,"UGUAUUAUA","5' UTR"
"PY17X_0800700",95,"UGUAUUAUA","5' UTR"
"PY17X_0801000",251,"UGUAUUAUA","5' UTR"
"PY17X_0801500",274,"UGUAUUAUA","5' UTR"
"PY17X_0801500",536,"UGUAUUAUA","5' UTR"
"PY17X_0801800",565,"UGUAUUAUA","5' UTR"
"PY17X_0801900",106,"UGUAUUAUA","5' UTR"
"PY17X_0802200",560,"UGUAUUAUA","5' UTR"
"PY17X_0802500",647,"UGUAUUAUA","5' UTR"
"PY17X_0802900",664,"UGUAUUAUA","5' UTR"
"PY17X_0803000",758,"UGUAUUAUA","5' UTR"
"PY17X_0803500",648,"UGUAUUAUA","5' UTR"
"PY17X_0807000",427,"UGUAUUAUA","5' UTR"
"PY17X_0807800",745,"UGUAUUAUA","5' UTR"
"PY17X_0809800",23,"UGUAUUAUA","5' UTR"
"PY17X_0810200",345,"UGUAUUAUA","5' UTR"
"PY17X_0811100",370,"UGUAUUAUA","5' UTR"
"PY17X_0812200",578,"UGUAUUAUA","5' UTR"
"PY17X_0813300",256,"UGUAUUAUA","5' UTR"
"PY17X_0815500",122,"UGUAUUAUA","5' UTR"
"PY17X_0816000",643,"UGUAUUAUA","5' UTR"
"PY17X_0819100",180,"UGUAUUAUA","5' UTR"
"PY17X_0821800",746,"UGUAUUAUA","5' UTR"
"PY17X_0823100",708,"UGUAUUAUA","5' UTR"
"PY17X_0823400",236,"UGUAUUAUA","5' UTR"
"PY17X_0823500",135,"UGUAUUAUA","5' UTR"
"PY17X_0826100",138,"UGUAUUAUA","5' UTR"
"PY17X_0829200",682,"UGUAUUAUA","5' UTR"
"PY17X_0830900",389,"UGUAUUAUA","5' UTR"
"PY17X_0832100",752,"UGUAUUAUA","5' UTR"
"PY17X_0834500",389,"UGUAUUAUA","5' UTR"
"PY17X_0835200",508,"UGUAUUAUA","5' UTR"
"PY17X_0835500",482,"UGUAUUAUA","5' UTR"
"PY17X_0836100",606,"UGUAUUAUA","5' UTR"
"PY17X_0839000",341,"UGUAUUAUA","5' UTR"
"PY17X_0839200",653,"UGUAUUAUA","5' UTR"
"PY17X_0840500",562,"UGUAUUAUA","5' UTR"
"PY17X_0840600",561,"UGUAUUAUA","5' UTR"
"PY17X_0840800",241,"UGUAUUAUA","5' UTR"
"PY17X_0841000",286,"UGUAUUAUA","5' UTR"
"PY17X_0841500",10,"UGUAUUAUA","5' UTR"
"PY17X_0841500",572,"UGUAUUAUA","5' UTR"
"PY17X_0841600",262,"UGUAUUAUA","5' UTR"
"PY17X_0841800",248,"UGUAUUAUA","5' UTR"
"PY17X_0842000",138,"UGUAUUAUA","5' UTR"
"PY17X_0842000",246,"UGUAUUAUA","5' UTR"
"PY17X_0842201",538,"UGUAUUAUA","5' UTR"
"PY17X_0842401",572,"UGUAUUAUA","5' UTR"
"PY17X_0842901",289,"UGUAUUAUA","5' UTR"
"PY17X_0843501",272,"UGUAUUAUA","5' UTR"
"PY17X_0843701",70,"UGUAUUAUA","5' UTR"
"PY17X_0843801",294,"UGUAUUAUA","5' UTR"
"PY17X_0844001",538,"UGUAUUAUA","5' UTR"
"PY17X_0844701",307,"UGUAUUAUA","5' UTR"
"PY17X_0844701",572,"UGUAUUAUA","5' UTR"
"PY17X_0845101",562,"UGUAUUAUA","5' UTR"
"PY17X_0845301",308,"UGUAUUAUA","5' UTR"
"PY17X_0845301",570,"UGUAUUAUA","5' UTR"
"PY17X_0846301",513,"UGUAUUAUA","5' UTR"
"PY17X_0847401",451,"UGUAUUAUA","5' UTR"
"PY17X_0847601",298,"UGUAUUAUA","5' UTR"
"PY17X_0847601",566,"UGUAUUAUA","5' UTR"
"PY17X_0900011",541,"UGUAUUAUA","5' UTR"
"PY17X_0900019",548,"UGUAUUAUA","5' UTR"
"PY17X_0900025",544,"UGUAUUAUA","5' UTR"
"PY17X_0900097",275,"UGUAUUAUA","5' UTR"
"PY17X_0900700",581,"UGUAUUAUA","5' UTR"
"PY17X_0900800",123,"UGUAUUAUA","5' UTR"
"PY17X_0901300",404,"UGUAUUAUA","5' UTR"
"PY17X_0901500",540,"UGUAUUAUA","5' UTR"
"PY17X_0902000",420,"UGUAUUAUA","5' UTR"
"PY17X_0902100",564,"UGUAUUAUA","5' UTR"
"PY17X_0902600",605,"UGUAUUAUA","5' UTR"
"PY17X_0903400",446,"UGUAUUAUA","5' UTR"
"PY17X_0906200",554,"UGUAUUAUA","5' UTR"
"PY17X_0906400",102,"UGUAUUAUA","5' UTR"
"PY17X_0906400",144,"UGUAUUAUA","5' UTR"
"PY17X_0906400",173,"UGUAUUAUA","5' UTR"
"PY17X_0906400",203,"UGUAUUAUA","5' UTR"
"PY17X_0908400",335,"UGUAUUAUA","5' UTR"
"PY17X_0908800",633,"UGUAUUAUA","5' UTR"
"PY17X_0909000",43,"UGUAUUAUA","5' UTR"
"PY17X_0911000",211,"UGUAUUAUA","5' UTR"
"PY17X_0913000",266,"UGUAUUAUA","5' UTR"
"PY17X_0914200",478,"UGUAUUAUA","5' UTR"
"PY17X_0914500",541,"UGUAUUAUA","5' UTR"
"PY17X_0915300",236,"UGUAUUAUA","5' UTR"
"PY17X_0916800",567,"UGUAUUAUA","5' UTR"
"PY17X_0917900",121,"UGUAUUAUA","5' UTR"
"PY17X_0918200",681,"UGUAUUAUA","5' UTR"
"PY17X_0919300",487,"UGUAUUAUA","5' UTR"
"PY17X_0923100",670,"UGUAUUAUA","5' UTR"
"PY17X_0924600",628,"UGUAUUAUA","5' UTR"
"PY17X_0925100",779,"UGUAUUAUA","5' UTR"
"PY17X_0926400",714,"UGUAUUAUA","5' UTR"
"PY17X_0930200",665,"UGUAUUAUA","5' UTR"
"PY17X_0932100",104,"UGUAUUAUA","5' UTR"
"PY17X_0932200",161,"UGUAUUAUA","5' UTR"
"PY17X_0937600",243,"UGUAUUAUA","5' UTR"
"PY17X_0939300",374,"UGUAUUAUA","5' UTR"
"PY17X_0941500",531,"UGUAUUAUA","5' UTR"
"PY17X_0942900",273,"UGUAUUAUA","5' UTR"
"PY17X_0943300",684,"UGUAUUAUA","5' UTR"
"PY17X_0944100",378,"UGUAUUAUA","5' UTR"
"PY17X_0944100",591,"UGUAUUAUA","5' UTR"
"PY17X_0946300",77,"UGUAUUAUA","5' UTR"
"PY17X_0946800",531,"UGUAUUAUA","5' UTR"
"PY17X_0947200",88,"UGUAUUAUA","5' UTR"
"PY17X_0947200",562,"UGUAUUAUA","5' UTR"
"PY17X_0947500",542,"UGUAUUAUA","5' UTR"
"PY17X_0947601",548,"UGUAUUAUA","5' UTR"
"PY17X_0947901",301,"UGUAUUAUA","5' UTR"
"PY17X_0948401",562,"UGUAUUAUA","5' UTR"
"PY17X_0948901",562,"UGUAUUAUA","5' UTR"
"PY17X_0949401",277,"UGUAUUAUA","5' UTR"
"PY17X_0949701",84,"UGUAUUAUA","5' UTR"
"PY17X_0950201",276,"UGUAUUAUA","5' UTR"
"PY17X_0950201",564,"UGUAUUAUA","5' UTR"
"PY17X_0950401",533,"UGUAUUAUA","5' UTR"
"PY17X_0950501",67,"UGUAUUAUA","5' UTR"
"PY17X_0950801",290,"UGUAUUAUA","5' UTR"
"PY17X_0951501",541,"UGUAUUAUA","5' UTR"
"PY17X_0952301",91,"UGUAUUAUA","5' UTR"
"PY17X_0952401",441,"UGUAUUAUA","5' UTR"
"PY17X_1000015",544,"UGUAUUAUA","5' UTR"
"PY17X_1000039",277,"UGUAUUAUA","5' UTR"
"PY17X_1000063",275,"UGUAUUAUA","5' UTR"
"PY17X_1000075",284,"UGUAUUAUA","5' UTR"
"PY17X_1000079",566,"UGUAUUAUA","5' UTR"
"PY17X_1000097",276,"UGUAUUAUA","5' UTR"
"PY17X_1000097",544,"UGUAUUAUA","5' UTR"
"PY17X_1000200",285,"UGUAUUAUA","5' UTR"
"PY17X_1000400",529,"UGUAUUAUA","5' UTR"
"PY17X_1000600",275,"UGUAUUAUA","5' UTR"
"PY17X_1000600",563,"UGUAUUAUA","5' UTR"
"PY17X_1000700",525,"UGUAUUAUA","5' UTR"
"PY17X_1003900",91,"UGUAUUAUA","5' UTR"
"PY17X_1004400",571,"UGUAUUAUA","5' UTR"
"PY17X_1004600",520,"UGUAUUAUA","5' UTR"
"PY17X_1004700",393,"UGUAUUAUA","5' UTR"
"PY17X_1007600",372,"UGUAUUAUA","5' UTR"
"PY17X_1009600",542,"UGUAUUAUA","5' UTR"
"PY17X_1010300",219,"UGUAUUAUA","5' UTR"
"PY17X_1011900",486,"UGUAUUAUA","5' UTR"
"PY17X_1012300",340,"UGUAUUAUA","5' UTR"
"PY17X_1017600",382,"UGUAUUAUA","5' UTR"
"PY17X_1018100",725,"UGUAUUAUA","5' UTR"
"PY17X_1019000",162,"UGUAUUAUA","5' UTR"
"PY17X_1019500",90,"UGUAUUAUA","5' UTR"
"PY17X_1019500",176,"UGUAUUAUA","5' UTR"
"PY17X_1019500",205,"UGUAUUAUA","5' UTR"
"PY17X_1019500",234,"UGUAUUAUA","5' UTR"
"PY17X_1020100",227,"UGUAUUAUA","5' UTR"
"PY17X_1020700",75,"UGUAUUAUA","5' UTR"
"PY17X_1025300",213,"UGUAUUAUA","5' UTR"
"PY17X_1026000",227,"UGUAUUAUA","5' UTR"
"PY17X_1027800",140,"UGUAUUAUA","5' UTR"
"PY17X_1028400",799,"UGUAUUAUA","5' UTR"
"PY17X_1028900",173,"UGUAUUAUA","5' UTR"
"PY17X_1032100",518,"UGUAUUAUA","5' UTR"
"PY17X_1033700",95,"UGUAUUAUA","5' UTR"
"PY17X_1033700",296,"UGUAUUAUA","5' UTR"
"PY17X_1034100",570,"UGUAUUAUA","5' UTR"
"PY17X_1034400",132,"UGUAUUAUA","5' UTR"
"PY17X_1035900",299,"UGUAUUAUA","5' UTR"
"PY17X_1036700",274,"UGUAUUAUA","5' UTR"
"PY17X_1036700",289,"UGUAUUAUA","5' UTR"
"PY17X_1036700",304,"UGUAUUAUA","5' UTR"
"PY17X_1036700",319,"UGUAUUAUA","5' UTR"
"PY17X_1036700",334,"UGUAUUAUA","5' UTR"
"PY17X_1036800",534,"UGUAUUAUA","5' UTR"
"PY17X_1037600",555,"UGUAUUAUA","5' UTR"
"PY17X_1040200",618,"UGUAUUAUA","5' UTR"
"PY17X_1041200",193,"UGUAUUAUA","5' UTR"
"PY17X_1042900",554,"UGUAUUAUA","5' UTR"
"PY17X_1043100",87,"UGUAUUAUA","5' UTR"
"PY17X_1043100",564,"UGUAUUAUA","5' UTR"
"PY17X_1043400",307,"UGUAUUAUA","5' UTR"
"PY17X_1043400",568,"UGUAUUAUA","5' UTR"
"PY17X_1043700",280,"UGUAUUAUA","5' UTR"
"PY17X_1043800",569,"UGUAUUAUA","5' UTR"
"PY17X_1044200",540,"UGUAUUAUA","5' UTR"
"PY17X_1044500",401,"UGUAUUAUA","5' UTR"
"PY17X_1044600",558,"UGUAUUAUA","5' UTR"
"PY17X_1045200",565,"UGUAUUAUA","5' UTR"
"PY17X_1045800",562,"UGUAUUAUA","5' UTR"
"PY17X_1046000",84,"UGUAUUAUA","5' UTR"
"PY17X_1046000",566,"UGUAUUAUA","5' UTR"
"PY17X_1046100",73,"UGUAUUAUA","5' UTR"
"PY17X_1046201",1,"UGUAUUAUA","5' UTR"
"PY17X_1046201",564,"UGUAUUAUA","5' UTR"
"PY17X_1047201",531,"UGUAUUAUA","5' UTR"
"PY17X_1048301",564,"UGUAUUAUA","5' UTR"
"PY17X_1048601",188,"UGUAUUAUA","5' UTR"
"PY17X_1048601",295,"UGUAUUAUA","5' UTR"
"PY17X_1048601",747,"UGUAUUAUA","5' UTR"
"PY17X_1048801",269,"UGUAUUAUA","5' UTR"
"PY17X_1048801",555,"UGUAUUAUA","5' UTR"
"PY17X_1049601",302,"UGUAUUAUA","5' UTR"
"PY17X_1050101",89,"UGUAUUAUA","5' UTR"
"PY17X_1050201",428,"UGUAUUAUA","5' UTR"
"PY17X_1051001",544,"UGUAUUAUA","5' UTR"
"PY17X_1100011",513,"UGUAUUAUA","5' UTR"
"PY17X_1100037",296,"UGUAUUAUA","5' UTR"
"PY17X_1100037",565,"UGUAUUAUA","5' UTR"
"PY17X_1100039",476,"UGUAUUAUA","5' UTR"
"PY17X_1100043",87,"UGUAUUAUA","5' UTR"
"PY17X_1100047",266,"UGUAUUAUA","5' UTR"
"PY17X_1100061",439,"UGUAUUAUA","5' UTR"
"PY17X_1100077",297,"UGUAUUAUA","5' UTR"
"PY17X_1100077",566,"UGUAUUAUA","5' UTR"
"PY17X_1100087",529,"UGUAUUAUA","5' UTR"
"PY17X_1100089",99,"UGUAUUAUA","5' UTR"
"PY17X_1100900",59,"UGUAUUAUA","5' UTR"
"PY17X_1100900",532,"UGUAUUAUA","5' UTR"
"PY17X_1101100",47,"UGUAUUAUA","5' UTR"
"PY17X_1101400",564,"UGUAUUAUA","5' UTR"
"PY17X_1104800",476,"UGUAUUAUA","5' UTR"
"PY17X_1105500",409,"UGUAUUAUA","5' UTR"
"PY17X_1105500",521,"UGUAUUAUA","5' UTR"
"PY17X_1107900",600,"UGUAUUAUA","5' UTR"
"PY17X_1112200",670,"UGUAUUAUA","5' UTR"
"PY17X_1112900",440,"UGUAUUAUA","5' UTR"
"PY17X_1115700",541,"UGUAUUAUA","5' UTR"
"PY17X_1115900",20,"UGUAUUAUA","5' UTR"
"PY17X_1117500",644,"UGUAUUAUA","5' UTR"
"PY17X_1118600",329,"UGUAUUAUA","5' UTR"
"PY17X_1118600",497,"UGUAUUAUA","5' UTR"
"PY17X_1118700",65,"UGUAUUAUA","5' UTR"
"PY17X_1120800",113,"UGUAUUAUA","5' UTR"
"PY17X_1121400",155,"UGUAUUAUA","5' UTR"
"PY17X_1123400",151,"UGUAUUAUA","5' UTR"
"PY17X_1126500",783,"UGUAUUAUA","5' UTR"
"PY17X_1127500",717,"UGUAUUAUA","5' UTR"
"PY17X_1128200",124,"UGUAUUAUA","5' UTR"
"PY17X_1131900",217,"UGUAUUAUA","5' UTR"
"PY17X_1133000",132,"UGUAUUAUA","5' UTR"
"PY17X_1133600",613,"UGUAUUAUA","5' UTR"
"PY17X_1137000",288,"UGUAUUAUA","5' UTR"
"PY17X_1137900",317,"UGUAUUAUA","5' UTR"
"PY17X_1143400",247,"UGUAUUAUA","5' UTR"
"PY17X_1144300",78,"UGUAUUAUA","5' UTR"
"PY17X_1145200",252,"UGUAUUAUA","5' UTR"
"PY17X_1145600",706,"UGUAUUAUA","5' UTR"
"PY17X_1146200",662,"UGUAUUAUA","5' UTR"
"PY17X_1148400",549,"UGUAUUAUA","5' UTR"
"PY17X_1148600",282,"UGUAUUAUA","5' UTR"
"PY17X_1148900",398,"UGUAUUAUA","5' UTR"
"PY17X_1149700",563,"UGUAUUAUA","5' UTR"
"PY17X_1150200",562,"UGUAUUAUA","5' UTR"
"PY17X_1200037",570,"UGUAUUAUA","5' UTR"
"PY17X_1200047",515,"UGUAUUAUA","5' UTR"
"PY17X_1200093",73,"UGUAUUAUA","5' UTR"
"PY17X_1200097",280,"UGUAUUAUA","5' UTR"
"PY17X_1200097",566,"UGUAUUAUA","5' UTR"
"PY17X_1200151",275,"UGUAUUAUA","5' UTR"
"PY17X_1200151",537,"UGUAUUAUA","5' UTR"
"PY17X_1200600",303,"UGUAUUAUA","5' UTR"
"PY17X_1200600",572,"UGUAUUAUA","5' UTR"
"PY17X_1201800",564,"UGUAUUAUA","5' UTR"
"PY17X_1202200",533,"UGUAUUAUA","5' UTR"
"PY17X_1203200",246,"UGUAUUAUA","5' UTR"
"PY17X_1203200",532,"UGUAUUAUA","5' UTR"
"PY17X_1203500",513,"UGUAUUAUA","5' UTR"
"PY17X_1204700",662,"UGUAUUAUA","5' UTR"
"PY17X_1204900",576,"UGUAUUAUA","5' UTR"
"PY17X_1205800",93,"UGUAUUAUA","5' UTR"
"PY17X_1207700",748,"UGUAUUAUA","5' UTR"
"PY17X_1209200",611,"UGUAUUAUA","5' UTR"
"PY17X_1209300",381,"UGUAUUAUA","5' UTR"
"PY17X_1212700",363,"UGUAUUAUA","5' UTR"
"PY17X_1216900",134,"UGUAUUAUA","5' UTR"
"PY17X_1221800",77,"UGUAUUAUA","5' UTR"
"PY17X_1224400",505,"UGUAUUAUA","5' UTR"
"PY17X_1224700",127,"UGUAUUAUA","5' UTR"
"PY17X_1226400",748,"UGUAUUAUA","5' UTR"
"PY17X_1228000",515,"UGUAUUAUA","5' UTR"
"PY17X_1228200",725,"UGUAUUAUA","5' UTR"
"PY17X_1229200",714,"UGUAUUAUA","5' UTR"
"PY17X_1231900",311,"UGUAUUAUA","5' UTR"
"PY17X_1232500",115,"UGUAUUAUA","5' UTR"
"PY17X_1233800",154,"UGUAUUAUA","5' UTR"
"PY17X_1235800",69,"UGUAUUAUA","5' UTR"
"PY17X_1237700",206,"UGUAUUAUA","5' UTR"
"PY17X_1239400",482,"UGUAUUAUA","5' UTR"
"PY17X_1239500",226,"UGUAUUAUA","5' UTR"
"PY17X_1239700",157,"UGUAUUAUA","5' UTR"
"PY17X_1240400",383,"UGUAUUAUA","5' UTR"
"PY17X_1248200",299,"UGUAUUAUA","5' UTR"
"PY17X_1248700",236,"UGUAUUAUA","5' UTR"
"PY17X_1248900",458,"UGUAUUAUA","5' UTR"
"PY17X_1248900",710,"UGUAUUAUA","5' UTR"
"PY17X_1249600",367,"UGUAUUAUA","5' UTR"
"PY17X_1250000",413,"UGUAUUAUA","5' UTR"
"PY17X_1250300",406,"UGUAUUAUA","5' UTR"
"PY17X_1250500",534,"UGUAUUAUA","5' UTR"
"PY17X_1250800",317,"UGUAUUAUA","5' UTR"
"PY17X_1251100",99,"UGUAUUAUA","5' UTR"
"PY17X_1251300",560,"UGUAUUAUA","5' UTR"
"PY17X_1251700",747,"UGUAUUAUA","5' UTR"
"PY17X_1251900",297,"UGUAUUAUA","5' UTR"
"PY17X_1252001",87,"UGUAUUAUA","5' UTR"
"PY17X_1300007",283,"UGUAUUAUA","5' UTR"
"PY17X_1300055",548,"UGUAUUAUA","5' UTR"
"PY17X_1300071",544,"UGUAUUAUA","5' UTR"
"PY17X_1300119",564,"UGUAUUAUA","5' UTR"
"PY17X_1300153",108,"UGUAUUAUA","5' UTR"
"PY17X_1300153",748,"UGUAUUAUA","5' UTR"
"PY17X_1300181",71,"UGUAUUAUA","5' UTR"
"PY17X_1300217",84,"UGUAUUAUA","5' UTR"
"PY17X_1300245",531,"UGUAUUAUA","5' UTR"
"PY17X_1300280",512,"UGUAUUAUA","5' UTR"
"PY17X_1300287",544,"UGUAUUAUA","5' UTR"
"PY17X_1300335",312,"UGUAUUAUA","5' UTR"
"PY17X_1300343",261,"UGUAUUAUA","5' UTR"
"PY17X_1300371",453,"UGUAUUAUA","5' UTR"
"PY17X_1300405",531,"UGUAUUAUA","5' UTR"
"PY17X_1301200",565,"UGUAUUAUA","5' UTR"
"PY17X_1301700",275,"UGUAUUAUA","5' UTR"
"PY17X_1302600",567,"UGUAUUAUA","5' UTR"
"PY17X_1302900",536,"UGUAUUAUA","5' UTR"
"PY17X_1304600",239,"UGUAUUAUA","5' UTR"
"PY17X_1306200",583,"UGUAUUAUA","5' UTR"
"PY17X_1307200",563,"UGUAUUAUA","5' UTR"
"PY17X_1307700",95,"UGUAUUAUA","5' UTR"
"PY17X_1308100",483,"UGUAUUAUA","5' UTR"
"PY17X_1310800",47,"UGUAUUAUA","5' UTR"
"PY17X_1316200",169,"UGUAUUAUA","5' UTR"
"PY17X_1316600",565,"UGUAUUAUA","5' UTR"
"PY17X_1318400",61,"UGUAUUAUA","5' UTR"
"PY17X_1322700",15,"UGUAUUAUA","5' UTR"
"PY17X_1323100",80,"UGUAUUAUA","5' UTR"
"PY17X_1323600",131,"UGUAUUAUA","5' UTR"
"PY17X_1323800",83,"UGUAUUAUA","5' UTR"
"PY17X_1326700",107,"UGUAUUAUA","5' UTR"
"PY17X_1326800",242,"UGUAUUAUA","5' UTR"
"PY17X_1328400",739,"UGUAUUAUA","5' UTR"
"PY17X_1329300",676,"UGUAUUAUA","5' UTR"
"PY17X_1332100",118,"UGUAUUAUA","5' UTR"
"PY17X_1332100",740,"UGUAUUAUA","5' UTR"
"PY17X_1333200",289,"UGUAUUAUA","5' UTR"
"PY17X_1334500",435,"UGUAUUAUA","5' UTR"
"PY17X_1334900",153,"UGUAUUAUA","5' UTR"
"PY17X_1335500",643,"UGUAUUAUA","5' UTR"
"PY17X_1337400",51,"UGUAUUAUA","5' UTR"
"PY17X_1345800",110,"UGUAUUAUA","5' UTR"
"PY17X_1346200",193,"UGUAUUAUA","5' UTR"
"PY17X_1347400",546,"UGUAUUAUA","5' UTR"
"PY17X_1348000",368,"UGUAUUAUA","5' UTR"
"PY17X_1349400",87,"UGUAUUAUA","5' UTR"
"PY17X_1353200",249,"UGUAUUAUA","5' UTR"
"PY17X_1354300",164,"UGUAUUAUA","5' UTR"
"PY17X_1356000",95,"UGUAUUAUA","5' UTR"
"PY17X_1358400",653,"UGUAUUAUA","5' UTR"
"PY17X_1358500",178,"UGUAUUAUA","5' UTR"
"PY17X_1359500",687,"UGUAUUAUA","5' UTR"
"PY17X_1359600",492,"UGUAUUAUA","5' UTR"
"PY17X_1361800",99,"UGUAUUAUA","5' UTR"
"PY17X_1362600",696,"UGUAUUAUA","5' UTR"
"PY17X_1364300",394,"UGUAUUAUA","5' UTR"
"PY17X_1366200",617,"UGUAUUAUA","5' UTR"
"PY17X_1366600",240,"UGUAUUAUA","5' UTR"
"PY17X_1366900",349,"UGUAUUAUA","5' UTR"
"PY17X_1367200",693,"UGUAUUAUA","5' UTR"
"PY17X_1368700",42,"UGUAUUAUA","5' UTR"
"PY17X_1369200",58,"UGUAUUAUA","5' UTR"
"PY17X_1370900",12,"UGUAUUAUA","5' UTR"
"PY17X_1372200",399,"UGUAUUAUA","5' UTR"
"PY17X_1372300",543,"UGUAUUAUA","5' UTR"
"PY17X_1372400",570,"UGUAUUAUA","5' UTR"
"PY17X_1372600",402,"UGUAUUAUA","5' UTR"
"PY17X_1372700",541,"UGUAUUAUA","5' UTR"
"PY17X_1373000",101,"UGUAUUAUA","5' UTR"
"PY17X_1373200",494,"UGUAUUAUA","5' UTR"
"PY17X_1374000",290,"UGUAUUAUA","5' UTR"
"PY17X_1374200",308,"UGUAUUAUA","5' UTR"
"PY17X_1374400",562,"UGUAUUAUA","5' UTR"
"PY17X_1374500",556,"UGUAUUAUA","5' UTR"
"PY17X_1400011",513,"UGUAUUAUA","5' UTR"
"PY17X_1400045",308,"UGUAUUAUA","5' UTR"
"PY17X_1400045",570,"UGUAUUAUA","5' UTR"
"PY17X_1400053",562,"UGUAUUAUA","5' UTR"
"PY17X_1400079",302,"UGUAUUAUA","5' UTR"
"PY17X_1400081",75,"UGUAUUAUA","5' UTR"
"PY17X_1400081",264,"UGUAUUAUA","5' UTR"
"PY17X_1400083",588,"UGUAUUAUA","5' UTR"
"PY17X_1400085",100,"UGUAUUAUA","5' UTR"
"PY17X_1400085",748,"UGUAUUAUA","5' UTR"
"PY17X_1400800",136,"UGUAUUAUA","5' UTR"
"PY17X_1401200",569,"UGUAUUAUA","5' UTR"
"PY17X_1401400",262,"UGUAUUAUA","5' UTR"
"PY17X_1401600",253,"UGUAUUAUA","5' UTR"
"PY17X_1401600",513,"UGUAUUAUA","5' UTR"
"PY17X_1401700",273,"UGUAUUAUA","5' UTR"
"PY17X_1401800",263,"UGUAUUAUA","5' UTR"
"PY17X_1402100",529,"UGUAUUAUA","5' UTR"
"PY17X_1405400",616,"UGUAUUAUA","5' UTR"
"PY17X_1408400",51,"UGUAUUAUA","5' UTR"
"PY17X_1410400",108,"UGUAUUAUA","5' UTR"
"PY17X_1410900",233,"UGUAUUAUA","5' UTR"
"PY17X_1411000",528,"UGUAUUAUA","5' UTR"
"PY17X_1417300",577,"UGUAUUAUA","5' UTR"
"PY17X_1418500",132,"UGUAUUAUA","5' UTR"
"PY17X_1419300",372,"UGUAUUAUA","5' UTR"
"PY17X_1420500",697,"UGUAUUAUA","5' UTR"
"PY17X_1423500",785,"UGUAUUAUA","5' UTR"
"PY17X_1428000",565,"UGUAUUAUA","5' UTR"
"PY17X_1428400",24,"UGUAUUAUA","5' UTR"
"PY17X_1429300",676,"UGUAUUAUA","5' UTR"
"PY17X_1431600",474,"UGUAUUAUA","5' UTR"
"PY17X_1432200",136,"UGUAUUAUA","5' UTR"
"PY17X_1432600",41,"UGUAUUAUA","5' UTR"
"PY17X_1435700",41,"UGUAUUAUA","5' UTR"
"PY17X_1435800",453,"UGUAUUAUA","5' UTR"
"PY17X_1437100",214,"UGUAUUAUA","5' UTR"
"PY17X_1438100",663,"UGUAUUAUA","5' UTR"
"PY17X_1439800",281,"UGUAUUAUA","5' UTR"
"PY17X_1439800",428,"UGUAUUAUA","5' UTR"
"PY17X_1439800",662,"UGUAUUAUA","5' UTR"
"PY17X_1440100",327,"UGUAUUAUA","5' UTR"
"PY17X_1440900",115,"UGUAUUAUA","5' UTR"
"PY17X_1441500",12,"UGUAUUAUA","5' UTR"
"PY17X_1441500",71,"UGUAUUAUA","5' UTR"
"PY17X_1441500",113,"UGUAUUAUA","5' UTR"
"PY17X_1443600",779,"UGUAUUAUA","5' UTR"
"PY17X_1443800",291,"UGUAUUAUA","5' UTR"
"PY17X_1444900",141,"UGUAUUAUA","5' UTR"
"PY17X_1445100",775,"UGUAUUAUA","5' UTR"
"PY17X_1446200",432,"UGUAUUAUA","5' UTR"
"PY17X_1446900",336,"UGUAUUAUA","5' UTR"
"PY17X_1449500",145,"UGUAUUAUA","5' UTR"
"PY17X_1451000",352,"UGUAUUAUA","5' UTR"
"PY17X_1455500",443,"UGUAUUAUA","5' UTR"
"PY17X_1456200",165,"UGUAUUAUA","5' UTR"
"PY17X_1460500",433,"UGUAUUAUA","5' UTR"
"PY17X_1464100",149,"UGUAUUAUA","5' UTR"
"PY17X_1464800",757,"UGUAUUAUA","5' UTR"
"PY17X_1466000",694,"UGUAUUAUA","5' UTR"
"PY17X_1466300",57,"UGUAUUAUA","5' UTR"
"PY17X_1467100",492,"UGUAUUAUA","5' UTR"
"PY17X_1468200",530,"UGUAUUAUA","5' UTR"
"PY17X_1468600",279,"UGUAUUAUA","5' UTR"
"PY17X_1469300",299,"UGUAUUAUA","5' UTR"
"PY17X_1469400",292,"UGUAUUAUA","5' UTR"
"PY17X_1470401",279,"UGUAUUAUA","5' UTR"
"PY17X_1470401",565,"UGUAUUAUA","5' UTR"
"PY17X_1470701",310,"UGUAUUAUA","5' UTR"
"PY17X_1471101",566,"UGUAUUAUA","5' UTR"
"PY17X_1471301",563,"UGUAUUAUA","5' UTR"
"PY17X_1471401",276,"UGUAUUAUA","5' UTR"
"PY17X_1471401",562,"UGUAUUAUA","5' UTR"
"PY17X_1471501",285,"UGUAUUAUA","5' UTR"
"PY17X_1471801",272,"UGUAUUAUA","5' UTR"
"PY17X_1472101",533,"UGUAUUAUA","5' UTR"
"PY17X_1472401",188,"UGUAUUAUA","5' UTR"
"PY17X_1472401",294,"UGUAUUAUA","5' UTR"
"PY17X_1472501",285,"UGUAUUAUA","5' UTR"
"PY17X_1473501",544,"UGUAUUAUA","5' UTR"
"PY17X_1473901",272,"UGUAUUAUA","5' UTR"
"PY17X_1474001",432,"UGUAUUAUA","5' UTR"
"PY17X_0103400",928,"UGUAUUAUA","CDS"
"PY17X_0106200",572,"UGUAUUAUA","CDS"
"PY17X_0114700",232,"UGUAUUAUA","CDS"
"PY17X_0114800",232,"UGUAUUAUA","CDS"
"PY17X_0114900",235,"UGUAUUAUA","CDS"
"PY17X_0200241",670,"UGUAUUAUA","CDS"
"PY17X_0203400",952,"UGUAUUAUA","CDS"
"PY17X_0207300",3991,"UGUAUUAUA","CDS"
"PY17X_0207900",284,"UGUAUUAUA","CDS"
"PY17X_0209000",275,"UGUAUUAUA","CDS"
"PY17X_0209700",1072,"UGUAUUAUA","CDS"
"PY17X_0209900",3512,"UGUAUUAUA","CDS"
"PY17X_0210400",1426,"UGUAUUAUA","CDS"
"PY17X_0211200",601,"UGUAUUAUA","CDS"
"PY17X_0213600",5483,"UGUAUUAUA","CDS"
"PY17X_0214100",506,"UGUAUUAUA","CDS"
"PY17X_0304400",28,"UGUAUUAUA","CDS"
"PY17X_0306700",7082,"UGUAUUAUA","CDS"
"PY17X_0307300",135,"UGUAUUAUA","CDS"
"PY17X_0309100",1132,"UGUAUUAUA","CDS"
"PY17X_0309900",3111,"UGUAUUAUA","CDS"
"PY17X_0311000",4364,"UGUAUUAUA","CDS"
"PY17X_0314000",80,"UGUAUUAUA","CDS"
"PY17X_0319400",350,"UGUAUUAUA","CDS"
"PY17X_0404500",608,"UGUAUUAUA","CDS"
"PY17X_0406200",3256,"UGUAUUAUA","CDS"
"PY17X_0408300",3683,"UGUAUUAUA","CDS"
"PY17X_0410500",462,"UGUAUUAUA","CDS"
"PY17X_0410800",4460,"UGUAUUAUA","CDS"
"PY17X_0411500",352,"UGUAUUAUA","CDS"
"PY17X_0412600",1332,"UGUAUUAUA","CDS"
"PY17X_0414000",38,"UGUAUUAUA","CDS"
"PY17X_0414300",1493,"UGUAUUAUA","CDS"
"PY17X_0416800",2806,"UGUAUUAUA","CDS"
"PY17X_0417200",286,"UGUAUUAUA","CDS"
"PY17X_0419100",4543,"UGUAUUAUA","CDS"
"PY17X_0419100",5259,"UGUAUUAUA","CDS"
"PY17X_0420800",5810,"UGUAUUAUA","CDS"
"PY17X_0505900",864,"UGUAUUAUA","CDS"
"PY17X_0505900",3817,"UGUAUUAUA","CDS"
"PY17X_0507000",17069,"UGUAUUAUA","CDS"
"PY17X_0507300",2902,"UGUAUUAUA","CDS"
"PY17X_0510100",2869,"UGUAUUAUA","CDS"
"PY17X_0510800",11711,"UGUAUUAUA","CDS"
"PY17X_0511800",63,"UGUAUUAUA","CDS"
"PY17X_0512200",2483,"UGUAUUAUA","CDS"
"PY17X_0514300",36,"UGUAUUAUA","CDS"
"PY17X_0521200",816,"UGUAUUAUA","CDS"
"PY17X_0521400",1774,"UGUAUUAUA","CDS"
"PY17X_0604800",2048,"UGUAUUAUA","CDS"
"PY17X_0604900",1348,"UGUAUUAUA","CDS"
"PY17X_0606400",676,"UGUAUUAUA","CDS"
"PY17X_0607300",1484,"UGUAUUAUA","CDS"
"PY17X_0609100",3268,"UGUAUUAUA","CDS"
"PY17X_0610200",899,"UGUAUUAUA","CDS"
"PY17X_0616000",795,"UGUAUUAUA","CDS"
"PY17X_0617500",2436,"UGUAUUAUA","CDS"
"PY17X_0618400",14847,"UGUAUUAUA","CDS"
"PY17X_0624200",1388,"UGUAUUAUA","CDS"
"PY17X_0709000",538,"UGUAUUAUA","CDS"
"PY17X_0710200",165,"UGUAUUAUA","CDS"
"PY17X_0710300",87,"UGUAUUAUA","CDS"
"PY17X_0715700",201,"UGUAUUAUA","CDS"
"PY17X_0716300",1360,"UGUAUUAUA","CDS"
"PY17X_0719500",4869,"UGUAUUAUA","CDS"
"PY17X_0720100",6800,"UGUAUUAUA","CDS"
"PY17X_0720100",9799,"UGUAUUAUA","CDS"
"PY17X_0720800",942,"UGUAUUAUA","CDS"
"PY17X_0722000",1388,"UGUAUUAUA","CDS"
"PY17X_0724000",270,"UGUAUUAUA","CDS"
"PY17X_0804300",2042,"UGUAUUAUA","CDS"
"PY17X_0806400",1250,"UGUAUUAUA","CDS"
"PY17X_0807500",3503,"UGUAUUAUA","CDS"
"PY17X_0808300",1896,"UGUAUUAUA","CDS"
"PY17X_0809900",4823,"UGUAUUAUA","CDS"
"PY17X_0809900",10982,"UGUAUUAUA","CDS"
"PY17X_0809900",13826,"UGUAUUAUA","CDS"
"PY17X_0810300",480,"UGUAUUAUA","CDS"
"PY17X_0814700",4771,"UGUAUUAUA","CDS"
"PY17X_0815700",7506,"UGUAUUAUA","CDS"
"PY17X_0823700",808,"UGUAUUAUA","CDS"
"PY17X_0823700",853,"UGUAUUAUA","CDS"
"PY17X_0824900",1418,"UGUAUUAUA","CDS"
"PY17X_0830600",1565,"UGUAUUAUA","CDS"
"PY17X_0830600",2165,"UGUAUUAUA","CDS"
"PY17X_0831600",92,"UGUAUUAUA","CDS"
"PY17X_0834900",12,"UGUAUUAUA","CDS"
"PY17X_0837000",556,"UGUAUUAUA","CDS"
"PY17X_0839300",181,"UGUAUUAUA","CDS"
"PY17X_0839400",2397,"UGUAUUAUA","CDS"
"PY17X_0905300",921,"UGUAUUAUA","CDS"
"PY17X_0908000",1018,"UGUAUUAUA","CDS"
"PY17X_0909300",399,"UGUAUUAUA","CDS"
"PY17X_0909800",4444,"UGUAUUAUA","CDS"
"PY17X_0910500",136,"UGUAUUAUA","CDS"
"PY17X_0911700",6121,"UGUAUUAUA","CDS"
"PY17X_0911700",7914,"UGUAUUAUA","CDS"
"PY17X_0911900",497,"UGUAUUAUA","CDS"
"PY17X_0912800",989,"UGUAUUAUA","CDS"
"PY17X_0916800",2555,"UGUAUUAUA","CDS"
"PY17X_0917400",971,"UGUAUUAUA","CDS"
"PY17X_0917900",693,"UGUAUUAUA","CDS"
"PY17X_0920000",1066,"UGUAUUAUA","CDS"
"PY17X_0924400",206,"UGUAUUAUA","CDS"
"PY17X_0927200",2151,"UGUAUUAUA","CDS"
"PY17X_0927400",8315,"UGUAUUAUA","CDS"
"PY17X_0927500",3064,"UGUAUUAUA","CDS"
"PY17X_0928600",1177,"UGUAUUAUA","CDS"
"PY17X_0928900",1144,"UGUAUUAUA","CDS"
"PY17X_0930700",587,"UGUAUUAUA","CDS"
"PY17X_0932800",4208,"UGUAUUAUA","CDS"
"PY17X_0936600",3368,"UGUAUUAUA","CDS"
"PY17X_0936600",9431,"UGUAUUAUA","CDS"
"PY17X_0936600",13518,"UGUAUUAUA","CDS"
"PY17X_0937500",425,"UGUAUUAUA","CDS"
"PY17X_0942700",2446,"UGUAUUAUA","CDS"
"PY17X_0943100",74,"UGUAUUAUA","CDS"
"PY17X_0943800",476,"UGUAUUAUA","CDS"
"PY17X_0944900",1084,"UGUAUUAUA","CDS"
"PY17X_0944900",1509,"UGUAUUAUA","CDS"
"PY17X_0951101",294,"UGUAUUAUA","CDS"
"PY17X_1002400",716,"UGUAUUAUA","CDS"
"PY17X_1003200",3983,"UGUAUUAUA","CDS"
"PY17X_1003300",264,"UGUAUUAUA","CDS"
"PY17X_1003700",11478,"UGUAUUAUA","CDS"
"PY17X_1007700",1607,"UGUAUUAUA","CDS"
"PY17X_1008600",2701,"UGUAUUAUA","CDS"
"PY17X_1012400",544,"UGUAUUAUA","CDS"
"PY17X_1012500",2519,"UGUAUUAUA","CDS"
"PY17X_1012600",955,"UGUAUUAUA","CDS"
"PY17X_1012700",3887,"UGUAUUAUA","CDS"
"PY17X_1014700",1273,"UGUAUUAUA","CDS"
"PY17X_1016400",1020,"UGUAUUAUA","CDS"
"PY17X_1016800",4488,"UGUAUUAUA","CDS"
"PY17X_1018500",652,"UGUAUUAUA","CDS"
"PY17X_1019300",1910,"UGUAUUAUA","CDS"
"PY17X_1022600",2238,"UGUAUUAUA","CDS"
"PY17X_1025400",1385,"UGUAUUAUA","CDS"
"PY17X_1026200",2133,"UGUAUUAUA","CDS"
"PY17X_1030600",2338,"UGUAUUAUA","CDS"
"PY17X_1033200",356,"UGUAUUAUA","CDS"
"PY17X_1033400",1105,"UGUAUUAUA","CDS"
"PY17X_1033800",826,"UGUAUUAUA","CDS"
"PY17X_1034600",3424,"UGUAUUAUA","CDS"
"PY17X_1034800",397,"UGUAUUAUA","CDS"
"PY17X_1036200",3327,"UGUAUUAUA","CDS"
"PY17X_1036700",3167,"UGUAUUAUA","CDS"
"PY17X_1103400",1927,"UGUAUUAUA","CDS"
"PY17X_1105500",7370,"UGUAUUAUA","CDS"
"PY17X_1105800",2156,"UGUAUUAUA","CDS"
"PY17X_1107900",775,"UGUAUUAUA","CDS"
"PY17X_1108400",211,"UGUAUUAUA","CDS"
"PY17X_1108800",926,"UGUAUUAUA","CDS"
"PY17X_1112200",16455,"UGUAUUAUA","CDS"
"PY17X_1112600",324,"UGUAUUAUA","CDS"
"PY17X_1112600",1585,"UGUAUUAUA","CDS"
"PY17X_1116300",750,"UGUAUUAUA","CDS"
"PY17X_1116300",1272,"UGUAUUAUA","CDS"
"PY17X_1120800",1055,"UGUAUUAUA","CDS"
"PY17X_1128300",8059,"UGUAUUAUA","CDS"
"PY17X_1128400",46,"UGUAUUAUA","CDS"
"PY17X_1130000",4600,"UGUAUUAUA","CDS"
"PY17X_1130000",10535,"UGUAUUAUA","CDS"
"PY17X_1130800",1394,"UGUAUUAUA","CDS"
"PY17X_1131200",510,"UGUAUUAUA","CDS"
"PY17X_1132000",662,"UGUAUUAUA","CDS"
"PY17X_1132100",887,"UGUAUUAUA","CDS"
"PY17X_1136000",2615,"UGUAUUAUA","CDS"
"PY17X_1138400",1212,"UGUAUUAUA","CDS"
"PY17X_1139200",6831,"UGUAUUAUA","CDS"
"PY17X_1139800",1355,"UGUAUUAUA","CDS"
"PY17X_1139800",4385,"UGUAUUAUA","CDS"
"PY17X_1140200",1098,"UGUAUUAUA","CDS"
"PY17X_1140300",622,"UGUAUUAUA","CDS"
"PY17X_1140700",411,"UGUAUUAUA","CDS"
"PY17X_1141900",1854,"UGUAUUAUA","CDS"
"PY17X_1146200",1792,"UGUAUUAUA","CDS"
"PY17X_1205600",6960,"UGUAUUAUA","CDS"
"PY17X_1206400",1358,"UGUAUUAUA","CDS"
"PY17X_1207800",2153,"UGUAUUAUA","CDS"
"PY17X_1209500",10217,"UGUAUUAUA","CDS"
"PY17X_1210700",1575,"UGUAUUAUA","CDS"
"PY17X_1211200",499,"UGUAUUAUA","CDS"
"PY17X_1216500",4712,"UGUAUUAUA","CDS"
"PY17X_1221300",1496,"UGUAUUAUA","CDS"
"PY17X_1222800",1193,"UGUAUUAUA","CDS"
"PY17X_1224800",1840,"UGUAUUAUA","CDS"
"PY17X_1224900",191,"UGUAUUAUA","CDS"
"PY17X_1225900",1837,"UGUAUUAUA","CDS"
"PY17X_1228300",711,"UGUAUUAUA","CDS"
"PY17X_1230300",522,"UGUAUUAUA","CDS"
"PY17X_1231500",429,"UGUAUUAUA","CDS"
"PY17X_1231700",2589,"UGUAUUAUA","CDS"
"PY17X_1243500",904,"UGUAUUAUA","CDS"
"PY17X_1249000",7418,"UGUAUUAUA","CDS"
"PY17X_1300329",294,"UGUAUUAUA","CDS"
"PY17X_1302000",350,"UGUAUUAUA","CDS"
"PY17X_1305100",707,"UGUAUUAUA","CDS"
"PY17X_1308600",340,"UGUAUUAUA","CDS"
"PY17X_1309000",633,"UGUAUUAUA","CDS"
"PY17X_1311800",2992,"UGUAUUAUA","CDS"
"PY17X_1311800",5294,"UGUAUUAUA","CDS"
"PY17X_1311800",12005,"UGUAUUAUA","CDS"
"PY17X_1311800",19055,"UGUAUUAUA","CDS"
"PY17X_1314100",7035,"UGUAUUAUA","CDS"
"PY17X_1315500",1350,"UGUAUUAUA","CDS"
"PY17X_1315500",1561,"UGUAUUAUA","CDS"
"PY17X_1317800",1892,"UGUAUUAUA","CDS"
"PY17X_1318600",2376,"UGUAUUAUA","CDS"
"PY17X_1320100",5666,"UGUAUUAUA","CDS"
"PY17X_1320700",3437,"UGUAUUAUA","CDS"
"PY17X_1320900",2784,"UGUAUUAUA","CDS"
"PY17X_1321300",512,"UGUAUUAUA","CDS"
"PY17X_1321600",93,"UGUAUUAUA","CDS"
"PY17X_1322200",1105,"UGUAUUAUA","CDS"
"PY17X_1323200",433,"UGUAUUAUA","CDS"
"PY17X_1323300",1793,"UGUAUUAUA","CDS"
"PY17X_1323700",2095,"UGUAUUAUA","CDS"
"PY17X_1323700",2409,"UGUAUUAUA","CDS"
"PY17X_1324800",1212,"UGUAUUAUA","CDS"
"PY17X_1324900",2993,"UGUAUUAUA","CDS"
"PY17X_1325400",8339,"UGUAUUAUA","CDS"
"PY17X_1325800",1870,"UGUAUUAUA","CDS"
"PY17X_1330300",689,"UGUAUUAUA","CDS"
"PY17X_1330500",4056,"UGUAUUAUA","CDS"
"PY17X_1332600",8498,"UGUAUUAUA","CDS"
"PY17X_1333100",804,"UGUAUUAUA","CDS"
"PY17X_1333600",4294,"UGUAUUAUA","CDS"
"PY17X_1333900",10976,"UGUAUUAUA","CDS"
"PY17X_1334900",1395,"UGUAUUAUA","CDS"
"PY17X_1336500",364,"UGUAUUAUA","CDS"
"PY17X_1339800",1138,"UGUAUUAUA","CDS"
"PY17X_1340100",2159,"UGUAUUAUA","CDS"
"PY17X_1342300",1116,"UGUAUUAUA","CDS"
"PY17X_1343500",390,"UGUAUUAUA","CDS"
"PY17X_1344200",2719,"UGUAUUAUA","CDS"
"PY17X_1346900",2777,"UGUAUUAUA","CDS"
"PY17X_1353300",2800,"UGUAUUAUA","CDS"
"PY17X_1357400",769,"UGUAUUAUA","CDS"
"PY17X_1359100",937,"UGUAUUAUA","CDS"
"PY17X_1361700",5381,"UGUAUUAUA","CDS"
"PY17X_1361700",9357,"UGUAUUAUA","CDS"
"PY17X_1362000",1444,"UGUAUUAUA","CDS"
"PY17X_1362500",1189,"UGUAUUAUA","CDS"
"PY17X_1362500",3135,"UGUAUUAUA","CDS"
"PY17X_1362700",1162,"UGUAUUAUA","CDS"
"PY17X_1367700",1877,"UGUAUUAUA","CDS"
"PY17X_1369700",2158,"UGUAUUAUA","CDS"
"PY17X_1369800",873,"UGUAUUAUA","CDS"
"PY17X_1373500",294,"UGUAUUAUA","CDS"
"PY17X_1400100",470,"UGUAUUAUA","CDS"
"PY17X_1402300",494,"UGUAUUAUA","CDS"
"PY17X_1405500",9169,"UGUAUUAUA","CDS"
"PY17X_1407200",286,"UGUAUUAUA","CDS"
"PY17X_1408400",2683,"UGUAUUAUA","CDS"
"PY17X_1408600",7812,"UGUAUUAUA","CDS"
"PY17X_1410700",1793,"UGUAUUAUA","CDS"
"PY17X_1412600",158,"UGUAUUAUA","CDS"
"PY17X_1413300",3346,"UGUAUUAUA","CDS"
"PY17X_1413400",431,"UGUAUUAUA","CDS"
"PY17X_1413700",1546,"UGUAUUAUA","CDS"
"PY17X_1421300",8073,"UGUAUUAUA","CDS"
"PY17X_1421300",8312,"UGUAUUAUA","CDS"
"PY17X_1422200",967,"UGUAUUAUA","CDS"
"PY17X_1425200",1251,"UGUAUUAUA","CDS"
"PY17X_1425800",1976,"UGUAUUAUA","CDS"
"PY17X_1428400",1322,"UGUAUUAUA","CDS"
"PY17X_1429000",1329,"UGUAUUAUA","CDS"
"PY17X_1433200",161,"UGUAUUAUA","CDS"
"PY17X_1439500",762,"UGUAUUAUA","CDS"
"PY17X_1444700",15153,"UGUAUUAUA","CDS"
"PY17X_1445500",691,"UGUAUUAUA","CDS"
"PY17X_1446900",303,"UGUAUUAUA","CDS"
"PY17X_1447000",2411,"UGUAUUAUA","CDS"
"PY17X_1447100",1514,"UGUAUUAUA","CDS"
"PY17X_1447400",284,"UGUAUUAUA","CDS"
"PY17X_1449500",70,"UGUAUUAUA","CDS"
"PY17X_1451200",8987,"UGUAUUAUA","CDS"
"PY17X_1452400",443,"UGUAUUAUA","CDS"
"PY17X_1461000",2666,"UGUAUUAUA","CDS"
"PY17X_1463300",1066,"UGUAUUAUA","CDS"
"PY17X_1465300",1129,"UGUAUUAUA","CDS"
"PY17X_1468100",2,"UGUAUUAUA","CDS"
"PY17X_0106700",574,"UGUAUUCUA","3' UTR"
"PY17X_0216400",324,"UGUAUUCUA","3' UTR"
"PY17X_0306300",550,"UGUAUUCUA","3' UTR"
"PY17X_0309600",619,"UGUAUUCUA","3' UTR"
"PY17X_0318000",490,"UGUAUUCUA","3' UTR"
"PY17X_0403000",228,"UGUAUUCUA","3' UTR"
"PY17X_0419800",161,"UGUAUUCUA","3' UTR"
"PY17X_0419900",6,"UGUAUUCUA","3' UTR"
"PY17X_0504600",69,"UGUAUUCUA","3' UTR"
"PY17X_0504600",114,"UGUAUUCUA","3' UTR"
"PY17X_0504600",164,"UGUAUUCUA","3' UTR"
"PY17X_0504600",189,"UGUAUUCUA","3' UTR"
"PY17X_0515200",628,"UGUAUUCUA","3' UTR"
"PY17X_0601900",471,"UGUAUUCUA","3' UTR"
"PY17X_0803700",333,"UGUAUUCUA","3' UTR"
"PY17X_0821500",230,"UGUAUUCUA","3' UTR"
"PY17X_0830300",557,"UGUAUUCUA","3' UTR"
"PY17X_0841100",229,"UGUAUUCUA","3' UTR"
"PY17X_0925400",61,"UGUAUUCUA","3' UTR"
"PY17X_0941400",321,"UGUAUUCUA","3' UTR"
"PY17X_1108700",175,"UGUAUUCUA","3' UTR"
"PY17X_1112400",538,"UGUAUUCUA","3' UTR"
"PY17X_1206600",543,"UGUAUUCUA","3' UTR"
"PY17X_1215700",603,"UGUAUUCUA","3' UTR"
"PY17X_1237600",132,"UGUAUUCUA","3' UTR"
"PY17X_1309000",291,"UGUAUUCUA","3' UTR"
"PY17X_1315600",145,"UGUAUUCUA","3' UTR"
"PY17X_1337500",429,"UGUAUUCUA","3' UTR"
"PY17X_1340300",441,"UGUAUUCUA","3' UTR"
"PY17X_1452900",227,"UGUAUUCUA","3' UTR"
"PY17X_1459400",312,"UGUAUUCUA","3' UTR"
"PY17X_1461300",327,"UGUAUUCUA","3' UTR"
"PY17X_0106600",361,"UGUAUUCUA","5' UTR"
"PY17X_0107800",522,"UGUAUUCUA","5' UTR"
"PY17X_0201051",115,"UGUAUUCUA","5' UTR"
"PY17X_0215800",291,"UGUAUUCUA","5' UTR"
"PY17X_0317300",781,"UGUAUUCUA","5' UTR"
"PY17X_0400067",436,"UGUAUUCUA","5' UTR"
"PY17X_0411900",442,"UGUAUUCUA","5' UTR"
"PY17X_0419900",220,"UGUAUUCUA","5' UTR"
"PY17X_0501100",113,"UGUAUUCUA","5' UTR"
"PY17X_0508900",169,"UGUAUUCUA","5' UTR"
"PY17X_0804200",134,"UGUAUUCUA","5' UTR"
"PY17X_0821600",47,"UGUAUUCUA","5' UTR"
"PY17X_0827000",787,"UGUAUUCUA","5' UTR"
"PY17X_0827400",190,"UGUAUUCUA","5' UTR"
"PY17X_0933000",712,"UGUAUUCUA","5' UTR"
"PY17X_0948801",451,"UGUAUUCUA","5' UTR"
"PY17X_1004400",428,"UGUAUUCUA","5' UTR"
"PY17X_1105900",4,"UGUAUUCUA","5' UTR"
"PY17X_1129900",739,"UGUAUUCUA","5' UTR"
"PY17X_1215800",118,"UGUAUUCUA","5' UTR"
"PY17X_1234700",142,"UGUAUUCUA","5' UTR"
"PY17X_1310100",519,"UGUAUUCUA","5' UTR"
"PY17X_1319300",88,"UGUAUUCUA","5' UTR"
"PY17X_1328000",309,"UGUAUUCUA","5' UTR"
"PY17X_1328800",151,"UGUAUUCUA","5' UTR"
"PY17X_1371900",479,"UGUAUUCUA","5' UTR"
"PY17X_1374500",98,"UGUAUUCUA","5' UTR"
"PY17X_1403900",410,"UGUAUUCUA","5' UTR"
"PY17X_1416300",257,"UGUAUUCUA","5' UTR"
"PY17X_1444400",183,"UGUAUUCUA","5' UTR"
"PY17X_1446300",44,"UGUAUUCUA","5' UTR"
"PY17X_0100900",476,"UGUAUUCUA","CDS"
"PY17X_0104200",1919,"UGUAUUCUA","CDS"
"PY17X_0104200",3052,"UGUAUUCUA","CDS"
"PY17X_0104400",2564,"UGUAUUCUA","CDS"
"PY17X_0113700",184,"UGUAUUCUA","CDS"
"PY17X_0201300",383,"UGUAUUCUA","CDS"
"PY17X_0211900",8810,"UGUAUUCUA","CDS"
"PY17X_0218501",482,"UGUAUUCUA","CDS"
"PY17X_0302200",861,"UGUAUUCUA","CDS"
"PY17X_0312100",598,"UGUAUUCUA","CDS"
"PY17X_0400093",482,"UGUAUUCUA","CDS"
"PY17X_0418200",4628,"UGUAUUCUA","CDS"
"PY17X_0618000",1601,"UGUAUUCUA","CDS"
"PY17X_0700071",482,"UGUAUUCUA","CDS"
"PY17X_0708300",320,"UGUAUUCUA","CDS"
"PY17X_0713300",467,"UGUAUUCUA","CDS"
"PY17X_0718300",1271,"UGUAUUCUA","CDS"
"PY17X_0804300",7733,"UGUAUUCUA","CDS"
"PY17X_0805100",328,"UGUAUUCUA","CDS"
"PY17X_0809300",529,"UGUAUUCUA","CDS"
"PY17X_0824100",6527,"UGUAUUCUA","CDS"
"PY17X_0826300",2610,"UGUAUUCUA","CDS"
"PY17X_0907300",3230,"UGUAUUCUA","CDS"
"PY17X_0920300",1712,"UGUAUUCUA","CDS"
"PY17X_0930300",1866,"UGUAUUCUA","CDS"
"PY17X_0938700",731,"UGUAUUCUA","CDS"
"PY17X_0950301",476,"UGUAUUCUA","CDS"
"PY17X_0950401",476,"UGUAUUCUA","CDS"
"PY17X_1011100",3869,"UGUAUUCUA","CDS"
"PY17X_1014100",191,"UGUAUUCUA","CDS"
"PY17X_1108900",841,"UGUAUUCUA","CDS"
"PY17X_1111200",83,"UGUAUUCUA","CDS"
"PY17X_1112000",2471,"UGUAUUCUA","CDS"
"PY17X_1200191",482,"UGUAUUCUA","CDS"
"PY17X_1248400",2024,"UGUAUUCUA","CDS"
"PY17X_1316000",380,"UGUAUUCUA","CDS"
"PY17X_1320100",497,"UGUAUUCUA","CDS"
"PY17X_1329800",1451,"UGUAUUCUA","CDS"
"PY17X_1349600",499,"UGUAUUCUA","CDS"
"PY17X_1366400",1479,"UGUAUUCUA","CDS"
"PY17X_1371200",1457,"UGUAUUCUA","CDS"
"PY17X_1405500",3641,"UGUAUUCUA","CDS"
"PY17X_1421900",2595,"UGUAUUCUA","CDS"
"PY17X_1436500",875,"UGUAUUCUA","CDS"
"PY17X_1440900",3374,"UGUAUUCUA","CDS"
"PY17X_1441000",1634,"UGUAUUCUA","CDS"
"PY17X_1446600",196,"UGUAUUCUA","CDS"
"PY17X_1454300",3303,"UGUAUUCUA","CDS"
"PY17X_1458700",49,"UGUAUUCUA","CDS"
"PY17X_0117000",451,"UGUAUUGUA","3' UTR"
"PY17X_0201051",633,"UGUAUUGUA","3' UTR"
"PY17X_0203000",195,"UGUAUUGUA","3' UTR"
"PY17X_0206900",279,"UGUAUUGUA","3' UTR"
"PY17X_0210900",111,"UGUAUUGUA","3' UTR"
"PY17X_0212400",607,"UGUAUUGUA","3' UTR"
"PY17X_0307500",305,"UGUAUUGUA","3' UTR"
"PY17X_0313500",418,"UGUAUUGUA","3' UTR"
"PY17X_0404500",575,"UGUAUUGUA","3' UTR"
"PY17X_0412300",192,"UGUAUUGUA","3' UTR"
"PY17X_0502600",615,"UGUAUUGUA","3' UTR"
"PY17X_0502900",167,"UGUAUUGUA","3' UTR"
"PY17X_0515000",406,"UGUAUUGUA","3' UTR"
"PY17X_0520400",277,"UGUAUUGUA","3' UTR"
"PY17X_0524200",567,"UGUAUUGUA","3' UTR"
"PY17X_0600321",145,"UGUAUUGUA","3' UTR"
"PY17X_0603200",141,"UGUAUUGUA","3' UTR"
"PY17X_0603500",391,"UGUAUUGUA","3' UTR"
"PY17X_0607400",632,"UGUAUUGUA","3' UTR"
"PY17X_0619100",359,"UGUAUUGUA","3' UTR"
"PY17X_0721300",157,"UGUAUUGUA","3' UTR"
"PY17X_0810500",111,"UGUAUUGUA","3' UTR"
"PY17X_0816600",126,"UGUAUUGUA","3' UTR"
"PY17X_0845801",145,"UGUAUUGUA","3' UTR"
"PY17X_0909200",17,"UGUAUUGUA","3' UTR"
"PY17X_1013000",457,"UGUAUUGUA","3' UTR"
"PY17X_1021000",129,"UGUAUUGUA","3' UTR"
"PY17X_1029600",196,"UGUAUUGUA","3' UTR"
"PY17X_1032200",654,"UGUAUUGUA","3' UTR"
"PY17X_1100021",132,"UGUAUUGUA","3' UTR"
"PY17X_1105400",477,"UGUAUUGUA","3' UTR"
"PY17X_1117000",219,"UGUAUUGUA","3' UTR"
"PY17X_1121500",255,"UGUAUUGUA","3' UTR"
"PY17X_1128400",157,"UGUAUUGUA","3' UTR"
"PY17X_1225600",436,"UGUAUUGUA","3' UTR"
"PY17X_1225600",445,"UGUAUUGUA","3' UTR"
"PY17X_1232900",586,"UGUAUUGUA","3' UTR"
"PY17X_1235500",2,"UGUAUUGUA","3' UTR"
"PY17X_1303700",156,"UGUAUUGUA","3' UTR"
"PY17X_1315600",616,"UGUAUUGUA","3' UTR"
"PY17X_1318700",343,"UGUAUUGUA","3' UTR"
"PY17X_1329000",141,"UGUAUUGUA","3' UTR"
"PY17X_1336800",595,"UGUAUUGUA","3' UTR"
"PY17X_1338400",354,"UGUAUUGUA","3' UTR"
"PY17X_1341500",162,"UGUAUUGUA","3' UTR"
"PY17X_1349400",378,"UGUAUUGUA","3' UTR"
"PY17X_1354100",179,"UGUAUUGUA","3' UTR"
"PY17X_1364200",13,"UGUAUUGUA","3' UTR"
"PY17X_1369500",364,"UGUAUUGUA","3' UTR"
"PY17X_1369800",440,"UGUAUUGUA","3' UTR"
"PY17X_1400085",423,"UGUAUUGUA","3' UTR"
"PY17X_1421600",497,"UGUAUUGUA","3' UTR"
"PY17X_1444500",401,"UGUAUUGUA","3' UTR"
"PY17X_1457500",499,"UGUAUUGUA","3' UTR"
"PY17X_1473101",127,"UGUAUUGUA","3' UTR"
"PY17X_MIT00800",570,"UGUAUUGUA","3' UTR"
"PY17X_0100100",564,"UGUAUUGUA","5' UTR"
"PY17X_0109000",299,"UGUAUUGUA","5' UTR"
"PY17X_0111500",550,"UGUAUUGUA","5' UTR"
"PY17X_0118401",84,"UGUAUUGUA","5' UTR"
"PY17X_0210800",622,"UGUAUUGUA","5' UTR"
"PY17X_0211100",356,"UGUAUUGUA","5' UTR"
"PY17X_0215900",677,"UGUAUUGUA","5' UTR"
"PY17X_0219901",73,"UGUAUUGUA","5' UTR"
"PY17X_0306500",465,"UGUAUUGUA","5' UTR"
"PY17X_0313600",14,"UGUAUUGUA","5' UTR"
"PY17X_0322001",73,"UGUAUUGUA","5' UTR"
"PY17X_0401400",72,"UGUAUUGUA","5' UTR"
"PY17X_0402700",246,"UGUAUUGUA","5' UTR"
"PY17X_0408300",449,"UGUAUUGUA","5' UTR"
"PY17X_0507300",7,"UGUAUUGUA","5' UTR"
"PY17X_0528301",100,"UGUAUUGUA","5' UTR"
"PY17X_0603400",55,"UGUAUUGUA","5' UTR"
"PY17X_0619000",237,"UGUAUUGUA","5' UTR"
"PY17X_0622100",30,"UGUAUUGUA","5' UTR"
"PY17X_0622900",1,"UGUAUUGUA","5' UTR"
"PY17X_0624100",6,"UGUAUUGUA","5' UTR"
"PY17X_0625000",71,"UGUAUUGUA","5' UTR"
"PY17X_0700065",565,"UGUAUUGUA","5' UTR"
"PY17X_0706000",551,"UGUAUUGUA","5' UTR"
"PY17X_0805900",590,"UGUAUUGUA","5' UTR"
"PY17X_0810400",337,"UGUAUUGUA","5' UTR"
"PY17X_0835600",71,"UGUAUUGUA","5' UTR"
"PY17X_0837500",332,"UGUAUUGUA","5' UTR"
"PY17X_0839700",74,"UGUAUUGUA","5' UTR"
"PY17X_0915800",348,"UGUAUUGUA","5' UTR"
"PY17X_0931000",79,"UGUAUUGUA","5' UTR"
"PY17X_0931000",94,"UGUAUUGUA","5' UTR"
"PY17X_0939500",266,"UGUAUUGUA","5' UTR"
"PY17X_1000500",564,"UGUAUUGUA","5' UTR"
"PY17X_1003400",204,"UGUAUUGUA","5' UTR"
"PY17X_1012700",334,"UGUAUUGUA","5' UTR"
"PY17X_1025700",181,"UGUAUUGUA","5' UTR"
"PY17X_1035300",311,"UGUAUUGUA","5' UTR"
"PY17X_1039600",83,"UGUAUUGUA","5' UTR"
"PY17X_1039600",88,"UGUAUUGUA","5' UTR"
"PY17X_1101500",404,"UGUAUUGUA","5' UTR"
"PY17X_1115300",156,"UGUAUUGUA","5' UTR"
"PY17X_1117700",386,"UGUAUUGUA","5' UTR"
"PY17X_1121600",232,"UGUAUUGUA","5' UTR"
"PY17X_1121600",247,"UGUAUUGUA","5' UTR"
"PY17X_1121600",252,"UGUAUUGUA","5' UTR"
"PY17X_1121600",267,"UGUAUUGUA","5' UTR"
"PY17X_1122800",75,"UGUAUUGUA","5' UTR"
"PY17X_1127400",586,"UGUAUUGUA","5' UTR"
"PY17X_1133400",325,"UGUAUUGUA","5' UTR"
"PY17X_1205300",566,"UGUAUUGUA","5' UTR"
"PY17X_1205900",294,"UGUAUUGUA","5' UTR"
"PY17X_1218800",606,"UGUAUUGUA","5' UTR"
"PY17X_1221100",354,"UGUAUUGUA","5' UTR"
"PY17X_1224700",211,"UGUAUUGUA","5' UTR"
"PY17X_1225500",227,"UGUAUUGUA","5' UTR"
"PY17X_1225500",236,"UGUAUUGUA","5' UTR"
"PY17X_1246900",757,"UGUAUUGUA","5' UTR"
"PY17X_1247000",417,"UGUAUUGUA","5' UTR"
"PY17X_1247300",450,"UGUAUUGUA","5' UTR"
"PY17X_1300251",73,"UGUAUUGUA","5' UTR"
"PY17X_1300413",73,"UGUAUUGUA","5' UTR"
"PY17X_1304800",746,"UGUAUUGUA","5' UTR"
"PY17X_1306200",461,"UGUAUUGUA","5' UTR"
"PY17X_1315700",129,"UGUAUUGUA","5' UTR"
"PY17X_1317600",476,"UGUAUUGUA","5' UTR"
"PY17X_1328900",11,"UGUAUUGUA","5' UTR"
"PY17X_1342100",358,"UGUAUUGUA","5' UTR"
"PY17X_1344500",217,"UGUAUUGUA","5' UTR"
"PY17X_1354000",104,"UGUAUUGUA","5' UTR"
"PY17X_1356700",276,"UGUAUUGUA","5' UTR"
"PY17X_1408700",250,"UGUAUUGUA","5' UTR"
"PY17X_1413200",196,"UGUAUUGUA","5' UTR"
"PY17X_1416000",465,"UGUAUUGUA","5' UTR"
"PY17X_1421000",182,"UGUAUUGUA","5' UTR"
"PY17X_1421300",499,"UGUAUUGUA","5' UTR"
"PY17X_1421700",72,"UGUAUUGUA","5' UTR"
"PY17X_1431600",762,"UGUAUUGUA","5' UTR"
"PY17X_1432300",86,"UGUAUUGUA","5' UTR"
"PY17X_1432400",730,"UGUAUUGUA","5' UTR"
"PY17X_1438200",778,"UGUAUUGUA","5' UTR"
"PY17X_1444600",229,"UGUAUUGUA","5' UTR"
"PY17X_1445300",303,"UGUAUUGUA","5' UTR"
"PY17X_1446900",331,"UGUAUUGUA","5' UTR"
"PY17X_0107700",509,"UGUAUUGUA","CDS"
"PY17X_0201300",14,"UGUAUUGUA","CDS"
"PY17X_0207200",5258,"UGUAUUGUA","CDS"
"PY17X_0212400",467,"UGUAUUGUA","CDS"
"PY17X_0410800",2069,"UGUAUUGUA","CDS"
"PY17X_0411900",6520,"UGUAUUGUA","CDS"
"PY17X_0419300",3706,"UGUAUUGUA","CDS"
"PY17X_0500031",104,"UGUAUUGUA","CDS"
"PY17X_0505800",6,"UGUAUUGUA","CDS"
"PY17X_0512700",86,"UGUAUUGUA","CDS"
"PY17X_0615100",2371,"UGUAUUGUA","CDS"
"PY17X_0617100",745,"UGUAUUGUA","CDS"
"PY17X_0701200",3383,"UGUAUUGUA","CDS"
"PY17X_0710000",979,"UGUAUUGUA","CDS"
"PY17X_0816700",620,"UGUAUUGUA","CDS"
"PY17X_0822600",97,"UGUAUUGUA","CDS"
"PY17X_0823400",599,"UGUAUUGUA","CDS"
"PY17X_0834900",3919,"UGUAUUGUA","CDS"
"PY17X_0913800",2596,"UGUAUUGUA","CDS"
"PY17X_0929600",389,"UGUAUUGUA","CDS"
"PY17X_0934200",570,"UGUAUUGUA","CDS"
"PY17X_1000019",104,"UGUAUUGUA","CDS"
"PY17X_1007300",92,"UGUAUUGUA","CDS"
"PY17X_1013200",344,"UGUAUUGUA","CDS"
"PY17X_1020600",1952,"UGUAUUGUA","CDS"
"PY17X_1021600",3058,"UGUAUUGUA","CDS"
"PY17X_1021800",1667,"UGUAUUGUA","CDS"
"PY17X_1021900",4032,"UGUAUUGUA","CDS"
"PY17X_1022900",2300,"UGUAUUGUA","CDS"
"PY17X_1105400",263,"UGUAUUGUA","CDS"
"PY17X_1119700",526,"UGUAUUGUA","CDS"
"PY17X_1129400",1599,"UGUAUUGUA","CDS"
"PY17X_1129700",131,"UGUAUUGUA","CDS"
"PY17X_1146000",1280,"UGUAUUGUA","CDS"
"PY17X_1216100",410,"UGUAUUGUA","CDS"
"PY17X_1219300",2107,"UGUAUUGUA","CDS"
"PY17X_1220500",111,"UGUAUUGUA","CDS"
"PY17X_1300500",104,"UGUAUUGUA","CDS"
"PY17X_1305100",1644,"UGUAUUGUA","CDS"
"PY17X_1313400",3231,"UGUAUUGUA","CDS"
"PY17X_1321700",3177,"UGUAUUGUA","CDS"
"PY17X_1331800",234,"UGUAUUGUA","CDS"
"PY17X_1336900",2,"UGUAUUGUA","CDS"
"PY17X_1345200",1417,"UGUAUUGUA","CDS"
"PY17X_1350500",1648,"UGUAUUGUA","CDS"
"PY17X_1354900",742,"UGUAUUGUA","CDS"
"PY17X_1361000",2162,"UGUAUUGUA","CDS"
"PY17X_1365400",1014,"UGUAUUGUA","CDS"
"PY17X_1365800",597,"UGUAUUGUA","CDS"
"PY17X_1417200",682,"UGUAUUGUA","CDS"
"PY17X_1420200",1215,"UGUAUUGUA","CDS"
"PY17X_1444500",1837,"UGUAUUGUA","CDS"
"PY17X_1447100",1608,"UGUAUUGUA","CDS"
"PY17X_MIT00900",544,"UGUAUUGUA","CDS"
"PY17X_0100013",14,"UGUAUUUUA","3' UTR"
"PY17X_0100021",562,"UGUAUUUUA","3' UTR"
"PY17X_0100045",14,"UGUAUUUUA","3' UTR"
"PY17X_0100059",540,"UGUAUUUUA","3' UTR"
"PY17X_0100069",537,"UGUAUUUUA","3' UTR"
"PY17X_0100100",558,"UGUAUUUUA","3' UTR"
"PY17X_0100700",14,"UGUAUUUUA","3' UTR"
"PY17X_0100900",530,"UGUAUUUUA","3' UTR"
"PY17X_0103100",74,"UGUAUUUUA","3' UTR"
"PY17X_0106500",521,"UGUAUUUUA","3' UTR"
"PY17X_0109100",109,"UGUAUUUUA","3' UTR"
"PY17X_0114200",224,"UGUAUUUUA","3' UTR"
"PY17X_0116200",399,"UGUAUUUUA","3' UTR"
"PY17X_0116300",49,"UGUAUUUUA","3' UTR"
"PY17X_0117000",177,"UGUAUUUUA","3' UTR"
"PY17X_0118101",47,"UGUAUUUUA","3' UTR"
"PY17X_0118301",556,"UGUAUUUUA","3' UTR"
"PY17X_0200301",47,"UGUAUUUUA","3' UTR"
"PY17X_0200301",657,"UGUAUUUUA","3' UTR"
"PY17X_0200541",164,"UGUAUUUUA","3' UTR"
"PY17X_0200901",572,"UGUAUUUUA","3' UTR"
"PY17X_0201600",410,"UGUAUUUUA","3' UTR"
"PY17X_0201700",680,"UGUAUUUUA","3' UTR"
"PY17X_0207000",180,"UGUAUUUUA","3' UTR"
"PY17X_0207200",383,"UGUAUUUUA","3' UTR"
"PY17X_0216600",547,"UGUAUUUUA","3' UTR"
"PY17X_0217100",165,"UGUAUUUUA","3' UTR"
"PY17X_0217601",163,"UGUAUUUUA","3' UTR"
"PY17X_0218001",14,"UGUAUUUUA","3' UTR"
"PY17X_0218601",556,"UGUAUUUUA","3' UTR"
"PY17X_0219401",47,"UGUAUUUUA","3' UTR"
"PY17X_0219801",553,"UGUAUUUUA","3' UTR"
"PY17X_0220101",14,"UGUAUUUUA","3' UTR"
"PY17X_0220301",554,"UGUAUUUUA","3' UTR"
"PY17X_0221801",27,"UGUAUUUUA","3' UTR"
"PY17X_0221801",529,"UGUAUUUUA","3' UTR"
"PY17X_0221901",511,"UGUAUUUUA","3' UTR"
"PY17X_0222101",47,"UGUAUUUUA","3' UTR"
"PY17X_0222501",217,"UGUAUUUUA","3' UTR"
"PY17X_0222701",648,"UGUAUUUUA","3' UTR"
"PY17X_0223401",47,"UGUAUUUUA","3' UTR"
"PY17X_0300061",166,"UGUAUUUUA","3' UTR"
"PY17X_0303600",50,"UGUAUUUUA","3' UTR"
"PY17X_0305100",657,"UGUAUUUUA","3' UTR"
"PY17X_0308000",443,"UGUAUUUUA","3' UTR"
"PY17X_0313300",628,"UGUAUUUUA","3' UTR"
"PY17X_0316900",551,"UGUAUUUUA","3' UTR"
"PY17X_0317700",302,"UGUAUUUUA","3' UTR"
"PY17X_0318200",506,"UGUAUUUUA","3' UTR"
"PY17X_0319501",554,"UGUAUUUUA","3' UTR"
"PY17X_0321901",535,"UGUAUUUUA","3' UTR"
"PY17X_0322101",47,"UGUAUUUUA","3' UTR"
"PY17X_0322601",254,"UGUAUUUUA","3' UTR"
"PY17X_0322601",514,"UGUAUUUUA","3' UTR"
"PY17X_0322701",166,"UGUAUUUUA","3' UTR"
"PY17X_0400007",535,"UGUAUUUUA","3' UTR"
"PY17X_0400043",568,"UGUAUUUUA","3' UTR"
"PY17X_0400083",47,"UGUAUUUUA","3' UTR"
"PY17X_0400095",427,"UGUAUUUUA","3' UTR"
"PY17X_0400300",534,"UGUAUUUUA","3' UTR"
"PY17X_0401200",533,"UGUAUUUUA","3' UTR"
"PY17X_0401800",151,"UGUAUUUUA","3' UTR"
"PY17X_0402300",429,"UGUAUUUUA","3' UTR"
"PY17X_0407000",41,"UGUAUUUUA","3' UTR"
"PY17X_0422901",47,"UGUAUUUUA","3' UTR"
"PY17X_0500027",166,"UGUAUUUUA","3' UTR"
"PY17X_0500031",217,"UGUAUUUUA","3' UTR"
"PY17X_0500031",474,"UGUAUUUUA","3' UTR"
"PY17X_0500127",14,"UGUAUUUUA","3' UTR"
"PY17X_0500200",560,"UGUAUUUUA","3' UTR"
"PY17X_0500600",592,"UGUAUUUUA","3' UTR"
"PY17X_0500900",670,"UGUAUUUUA","3' UTR"
"PY17X_0501300",522,"UGUAUUUUA","3' UTR"
"PY17X_0501600",456,"UGUAUUUUA","3' UTR"
"PY17X_0501700",646,"UGUAUUUUA","3' UTR"
"PY17X_0505200",413,"UGUAUUUUA","3' UTR"
"PY17X_0508400",102,"UGUAUUUUA","3' UTR"
"PY17X_0510600",20,"UGUAUUUUA","3' UTR"
"PY17X_0511100",589,"UGUAUUUUA","3' UTR"
"PY17X_0513900",214,"UGUAUUUUA","3' UTR"
"PY17X_0516300",181,"UGUAUUUUA","3' UTR"
"PY17X_0520000",3,"UGUAUUUUA","3' UTR"
"PY17X_0523000",499,"UGUAUUUUA","3' UTR"
"PY17X_0527700",556,"UGUAUUUUA","3' UTR"
"PY17X_0527901",558,"UGUAUUUUA","3' UTR"
"PY17X_0600021",573,"UGUAUUUUA","3' UTR"
"PY17X_0600081",217,"UGUAUUUUA","3' UTR"
"PY17X_0600191",573,"UGUAUUUUA","3' UTR"
"PY17X_0600261",217,"UGUAUUUUA","3' UTR"
"PY17X_0600281",529,"UGUAUUUUA","3' UTR"
"PY17X_0600321",631,"UGUAUUUUA","3' UTR"
"PY17X_0602300",50,"UGUAUUUUA","3' UTR"
"PY17X_0602800",50,"UGUAUUUUA","3' UTR"
"PY17X_0603200",116,"UGUAUUUUA","3' UTR"
"PY17X_0603600",507,"UGUAUUUUA","3' UTR"
"PY17X_0604100",346,"UGUAUUUUA","3' UTR"
"PY17X_0610000",239,"UGUAUUUUA","3' UTR"
"PY17X_0612700",584,"UGUAUUUUA","3' UTR"
"PY17X_0614600",646,"UGUAUUUUA","3' UTR"
"PY17X_0622100",392,"UGUAUUUUA","3' UTR"
"PY17X_0622800",280,"UGUAUUUUA","3' UTR"
"PY17X_0626000",483,"UGUAUUUUA","3' UTR"
"PY17X_0627801",378,"UGUAUUUUA","3' UTR"
"PY17X_0700007",656,"UGUAUUUUA","3' UTR"
"PY17X_0700011",554,"UGUAUUUUA","3' UTR"
"PY17X_0700029",47,"UGUAUUUUA","3' UTR"
"PY17X_0700029",680,"UGUAUUUUA","3' UTR"
"PY17X_0700035",14,"UGUAUUUUA","3' UTR"
"PY17X_0700035",631,"UGUAUUUUA","3' UTR"
"PY17X_0700053",47,"UGUAUUUUA","3' UTR"
"PY17X_0700055",14,"UGUAUUUUA","3' UTR"
"PY17X_0700069",556,"UGUAUUUUA","3' UTR"
"PY17X_0700081",14,"UGUAUUUUA","3' UTR"
"PY17X_0700093",164,"UGUAUUUUA","3' UTR"
"PY17X_0700200",367,"UGUAUUUUA","3' UTR"
"PY17X_0700400",167,"UGUAUUUUA","3' UTR"
"PY17X_0701171",138,"UGUAUUUUA","3' UTR"
"PY17X_0702100",228,"UGUAUUUUA","3' UTR"
"PY17X_0702200",316,"UGUAUUUUA","3' UTR"
"PY17X_0705000",266,"UGUAUUUUA","3' UTR"
"PY17X_0705500",112,"UGUAUUUUA","3' UTR"
"PY17X_0706800",400,"UGUAUUUUA","3' UTR"
"PY17X_0711000",669,"UGUAUUUUA","3' UTR"
"PY17X_0713400",127,"UGUAUUUUA","3' UTR"
"PY17X_0713600",296,"UGUAUUUUA","3' UTR"
"PY17X_0713900",64,"UGUAUUUUA","3' UTR"
"PY17X_0715300",580,"UGUAUUUUA","3' UTR"
"PY17X_0715400",511,"UGUAUUUUA","3' UTR"
"PY17X_0715700",70,"UGUAUUUUA","3' UTR"
"PY17X_0719600",669,"UGUAUUUUA","3' UTR"
"PY17X_0720600",582,"UGUAUUUUA","3' UTR"
"PY17X_0722800",431,"UGUAUUUUA","3' UTR"
"PY17X_0723000",163,"UGUAUUUUA","3' UTR"
"PY17X_0723500",47,"UGUAUUUUA","3' UTR"
"PY17X_0723800",567,"UGUAUUUUA","3' UTR"
"PY17X_0724000",451,"UGUAUUUUA","3' UTR"
"PY17X_0800181",545,"UGUAUUUUA","3' UTR"
"PY17X_0800300",47,"UGUAUUUUA","3' UTR"
"PY17X_0800600",553,"UGUAUUUUA","3' UTR"
"PY17X_0801200",531,"UGUAUUUUA","3' UTR"
"PY17X_0801400",494,"UGUAUUUUA","3' UTR"
"PY17X_0801800",546,"UGUAUUUUA","3' UTR"
"PY17X_0802200",458,"UGUAUUUUA","3' UTR"
"PY17X_0803800",356,"UGUAUUUUA","3' UTR"
"PY17X_0804700",197,"UGUAUUUUA","3' UTR"
"PY17X_0805400",256,"UGUAUUUUA","3' UTR"
"PY17X_0807900",70,"UGUAUUUUA","3' UTR"
"PY17X_0808300",88,"UGUAUUUUA","3' UTR"
"PY17X_0813500",127,"UGUAUUUUA","3' UTR"
"PY17X_0816100",502,"UGUAUUUUA","3' UTR"
"PY17X_0818100",39,"UGUAUUUUA","3' UTR"
"PY17X_0818200",590,"UGUAUUUUA","3' UTR"
"PY17X_0820200",469,"UGUAUUUUA","3' UTR"
"PY17X_0820400",584,"UGUAUUUUA","3' UTR"
"PY17X_0821700",603,"UGUAUUUUA","3' UTR"
"PY17X_0821700",636,"UGUAUUUUA","3' UTR"
"PY17X_0821700",670,"UGUAUUUUA","3' UTR"
"PY17X_0823500",641,"UGUAUUUUA","3' UTR"
"PY17X_0828200",274,"UGUAUUUUA","3' UTR"
"PY17X_0829200",45,"UGUAUUUUA","3' UTR"
"PY17X_0829200",615,"UGUAUUUUA","3' UTR"
"PY17X_0829900",242,"UGUAUUUUA","3' UTR"
"PY17X_0831100",354,"UGUAUUUUA","3' UTR"
"PY17X_0833200",526,"UGUAUUUUA","3' UTR"
"PY17X_0838900",448,"UGUAUUUUA","3' UTR"
"PY17X_0840600",452,"UGUAUUUUA","3' UTR"
"PY17X_0841000",452,"UGUAUUUUA","3' UTR"
"PY17X_0842901",46,"UGUAUUUUA","3' UTR"
"PY17X_0843301",27,"UGUAUUUUA","3' UTR"
"PY17X_0843601",546,"UGUAUUUUA","3' UTR"
"PY17X_0844201",14,"UGUAUUUUA","3' UTR"
"PY17X_0845301",560,"UGUAUUUUA","3' UTR"
"PY17X_0845801",630,"UGUAUUUUA","3' UTR"
"PY17X_0846001",552,"UGUAUUUUA","3' UTR"
"PY17X_0846101",222,"UGUAUUUUA","3' UTR"
"PY17X_0846501",14,"UGUAUUUUA","3' UTR"
"PY17X_0847201",14,"UGUAUUUUA","3' UTR"
"PY17X_0847301",561,"UGUAUUUUA","3' UTR"
"PY17X_0847501",14,"UGUAUUUUA","3' UTR"
"PY17X_0900011",166,"UGUAUUUUA","3' UTR"
"PY17X_0900027",224,"UGUAUUUUA","3' UTR"
"PY17X_0900027",484,"UGUAUUUUA","3' UTR"
"PY17X_0900091",14,"UGUAUUUUA","3' UTR"
"PY17X_0901400",395,"UGUAUUUUA","3' UTR"
"PY17X_0902800",666,"UGUAUUUUA","3' UTR"
"PY17X_0904100",301,"UGUAUUUUA","3' UTR"
"PY17X_0906800",98,"UGUAUUUUA","3' UTR"
"PY17X_0909100",555,"UGUAUUUUA","3' UTR"
"PY17X_0910200",171,"UGUAUUUUA","3' UTR"
"PY17X_0912300",130,"UGUAUUUUA","3' UTR"
"PY17X_0921500",484,"UGUAUUUUA","3' UTR"
"PY17X_0923700",608,"UGUAUUUUA","3' UTR"
"PY17X_0931400",375,"UGUAUUUUA","3' UTR"
"PY17X_0931600",206,"UGUAUUUUA","3' UTR"
"PY17X_0932400",603,"UGUAUUUUA","3' UTR"
"PY17X_0935100",366,"UGUAUUUUA","3' UTR"
"PY17X_0935300",157,"UGUAUUUUA","3' UTR"
"PY17X_0939300",465,"UGUAUUUUA","3' UTR"
"PY17X_0939500",360,"UGUAUUUUA","3' UTR"
"PY17X_0946500",463,"UGUAUUUUA","3' UTR"
"PY17X_0946800",439,"UGUAUUUUA","3' UTR"
"PY17X_0947000",460,"UGUAUUUUA","3' UTR"
"PY17X_0947500",160,"UGUAUUUUA","3' UTR"
"PY17X_0948501",46,"UGUAUUUUA","3' UTR"
"PY17X_0948601",47,"UGUAUUUUA","3' UTR"
"PY17X_0948801",166,"UGUAUUUUA","3' UTR"
"PY17X_0949101",47,"UGUAUUUUA","3' UTR"
"PY17X_0949601",425,"UGUAUUUUA","3' UTR"
"PY17X_0950201",540,"UGUAUUUUA","3' UTR"
"PY17X_0950801",46,"UGUAUUUUA","3' UTR"
"PY17X_0951301",667,"UGUAUUUUA","3' UTR"
"PY17X_0951401",216,"UGUAUUUUA","3' UTR"
"PY17X_0951401",474,"UGUAUUUUA","3' UTR"
"PY17X_0951501",166,"UGUAUUUUA","3' UTR"
"PY17X_0952301",564,"UGUAUUUUA","3' UTR"
"PY17X_1000015",166,"UGUAUUUUA","3' UTR"
"PY17X_1000019",217,"UGUAUUUUA","3' UTR"
"PY17X_1000019",477,"UGUAUUUUA","3' UTR"
"PY17X_1000055",14,"UGUAUUUUA","3' UTR"
"PY17X_1000097",536,"UGUAUUUUA","3' UTR"
"PY17X_1006800",427,"UGUAUUUUA","3' UTR"
"PY17X_1008600",220,"UGUAUUUUA","3' UTR"
"PY17X_1010500",228,"UGUAUUUUA","3' UTR"
"PY17X_1010700",649,"UGUAUUUUA","3' UTR"
"PY17X_1011000",420,"UGUAUUUUA","3' UTR"
"PY17X_1011400",346,"UGUAUUUUA","3' UTR"
"PY17X_1011800",453,"UGUAUUUUA","3' UTR"
"PY17X_1012600",241,"UGUAUUUUA","3' UTR"
"PY17X_1014200",64,"UGUAUUUUA","3' UTR"
"PY17X_1017900",145,"UGUAUUUUA","3' UTR"
"PY17X_1019800",671,"UGUAUUUUA","3' UTR"
"PY17X_1020800",207,"UGUAUUUUA","3' UTR"
"PY17X_1022000",551,"UGUAUUUUA","3' UTR"
"PY17X_1023300",251,"UGUAUUUUA","3' UTR"
"PY17X_1024500",133,"UGUAUUUUA","3' UTR"
"PY17X_1026900",82,"UGUAUUUUA","3' UTR"
"PY17X_1027600",267,"UGUAUUUUA","3' UTR"
"PY17X_1031000",531,"UGUAUUUUA","3' UTR"
"PY17X_1034000",34,"UGUAUUUUA","3' UTR"
"PY17X_1038100",370,"UGUAUUUUA","3' UTR"
"PY17X_1039700",489,"UGUAUUUUA","3' UTR"
"PY17X_1043500",679,"UGUAUUUUA","3' UTR"
"PY17X_1046000",544,"UGUAUUUUA","3' UTR"
"PY17X_1046201",558,"UGUAUUUUA","3' UTR"
"PY17X_1046501",46,"UGUAUUUUA","3' UTR"
"PY17X_1047201",577,"UGUAUUUUA","3' UTR"
"PY17X_1047401",14,"UGUAUUUUA","3' UTR"
"PY17X_1047801",399,"UGUAUUUUA","3' UTR"
"PY17X_1050101",541,"UGUAUUUUA","3' UTR"
"PY17X_1050801",527,"UGUAUUUUA","3' UTR"
"PY17X_1050901",217,"UGUAUUUUA","3' UTR"
"PY17X_1050901",477,"UGUAUUUUA","3' UTR"
"PY17X_1051001",166,"UGUAUUUUA","3' UTR"
"PY17X_1051501",569,"UGUAUUUUA","3' UTR"
"PY17X_1100007",14,"UGUAUUUUA","3' UTR"
"PY17X_1100011",658,"UGUAUUUUA","3' UTR"
"PY17X_1100015",242,"UGUAUUUUA","3' UTR"
"PY17X_1100035",14,"UGUAUUUUA","3' UTR"
"PY17X_1100063",563,"UGUAUUUUA","3' UTR"
"PY17X_1100500",440,"UGUAUUUUA","3' UTR"
"PY17X_1101600",430,"UGUAUUUUA","3' UTR"
"PY17X_1106300",149,"UGUAUUUUA","3' UTR"
"PY17X_1107100",579,"UGUAUUUUA","3' UTR"
"PY17X_1113400",136,"UGUAUUUUA","3' UTR"
"PY17X_1116400",100,"UGUAUUUUA","3' UTR"
"PY17X_1120500",550,"UGUAUUUUA","3' UTR"
"PY17X_1126100",190,"UGUAUUUUA","3' UTR"
"PY17X_1127000",174,"UGUAUUUUA","3' UTR"
"PY17X_1129300",432,"UGUAUUUUA","3' UTR"
"PY17X_1131400",332,"UGUAUUUUA","3' UTR"
"PY17X_1132900",462,"UGUAUUUUA","3' UTR"
"PY17X_1134500",341,"UGUAUUUUA","3' UTR"
"PY17X_1135000",614,"UGUAUUUUA","3' UTR"
"PY17X_1137300",114,"UGUAUUUUA","3' UTR"
"PY17X_1138400",581,"UGUAUUUUA","3' UTR"
"PY17X_1138600",59,"UGUAUUUUA","3' UTR"
"PY17X_1139100",248,"UGUAUUUUA","3' UTR"
"PY17X_1140600",560,"UGUAUUUUA","3' UTR"
"PY17X_1142900",365,"UGUAUUUUA","3' UTR"
"PY17X_1144200",335,"UGUAUUUUA","3' UTR"
"PY17X_1148500",596,"UGUAUUUUA","3' UTR"
"PY17X_1148800",190,"UGUAUUUUA","3' UTR"
"PY17X_1148900",30,"UGUAUUUUA","3' UTR"
"PY17X_1149200",419,"UGUAUUUUA","3' UTR"
"PY17X_1150100",47,"UGUAUUUUA","3' UTR"
"PY17X_1150200",361,"UGUAUUUUA","3' UTR"
"PY17X_1150601",549,"UGUAUUUUA","3' UTR"
"PY17X_1200097",548,"UGUAUUUUA","3' UTR"
"PY17X_1200121",47,"UGUAUUUUA","3' UTR"
"PY17X_1200141",450,"UGUAUUUUA","3' UTR"
"PY17X_1200151",536,"UGUAUUUUA","3' UTR"
"PY17X_1200200",427,"UGUAUUUUA","3' UTR"
"PY17X_1200800",47,"UGUAUUUUA","3' UTR"
"PY17X_1201300",27,"UGUAUUUUA","3' UTR"
"PY17X_1202100",583,"UGUAUUUUA","3' UTR"
"PY17X_1203100",431,"UGUAUUUUA","3' UTR"
"PY17X_1204200",494,"UGUAUUUUA","3' UTR"
"PY17X_1209300",99,"UGUAUUUUA","3' UTR"
"PY17X_1214600",253,"UGUAUUUUA","3' UTR"
"PY17X_1215600",450,"UGUAUUUUA","3' UTR"
"PY17X_1217600",376,"UGUAUUUUA","3' UTR"
"PY17X_1221700",241,"UGUAUUUUA","3' UTR"
"PY17X_1226800",257,"UGUAUUUUA","3' UTR"
"PY17X_1228900",38,"UGUAUUUUA","3' UTR"
"PY17X_1230100",664,"UGUAUUUUA","3' UTR"
"PY17X_1230400",463,"UGUAUUUUA","3' UTR"
"PY17X_1237800",509,"UGUAUUUUA","3' UTR"
"PY17X_1240900",201,"UGUAUUUUA","3' UTR"
"PY17X_1241400",389,"UGUAUUUUA","3' UTR"
"PY17X_1241900",83,"UGUAUUUUA","3' UTR"
"PY17X_1242500",645,"UGUAUUUUA","3' UTR"
"PY17X_1247200",75,"UGUAUUUUA","3' UTR"
"PY17X_1248600",302,"UGUAUUUUA","3' UTR"
"PY17X_1250200",414,"UGUAUUUUA","3' UTR"
"PY17X_1250700",47,"UGUAUUUUA","3' UTR"
"PY17X_1251300",535,"UGUAUUUUA","3' UTR"
"PY17X_1300071",166,"UGUAUUUUA","3' UTR"
"PY17X_1300077",216,"UGUAUUUUA","3' UTR"
"PY17X_1300077",474,"UGUAUUUUA","3' UTR"
"PY17X_1300083",667,"UGUAUUUUA","3' UTR"
"PY17X_1300141",47,"UGUAUUUUA","3' UTR"
"PY17X_1300195",402,"UGUAUUUUA","3' UTR"
"PY17X_1300203",14,"UGUAUUUUA","3' UTR"
"PY17X_1300223",581,"UGUAUUUUA","3' UTR"
"PY17X_1300259",556,"UGUAUUUUA","3' UTR"
"PY17X_1300280",655,"UGUAUUUUA","3' UTR"
"PY17X_1300287",166,"UGUAUUUUA","3' UTR"
"PY17X_1300293",217,"UGUAUUUUA","3' UTR"
"PY17X_1300293",477,"UGUAUUUUA","3' UTR"
"PY17X_1300301",531,"UGUAUUUUA","3' UTR"
"PY17X_1300350",667,"UGUAUUUUA","3' UTR"
"PY17X_1300377",376,"UGUAUUUUA","3' UTR"
"PY17X_1300385",14,"UGUAUUUUA","3' UTR"
"PY17X_1300405",571,"UGUAUUUUA","3' UTR"
"PY17X_1300421",556,"UGUAUUUUA","3' UTR"
"PY17X_1300700",391,"UGUAUUUUA","3' UTR"
"PY17X_1301400",205,"UGUAUUUUA","3' UTR"
"PY17X_1301600",525,"UGUAUUUUA","3' UTR"
"PY17X_1301800",672,"UGUAUUUUA","3' UTR"
"PY17X_1302500",395,"UGUAUUUUA","3' UTR"
"PY17X_1302900",429,"UGUAUUUUA","3' UTR"
"PY17X_1305500",46,"UGUAUUUUA","3' UTR"
"PY17X_1305800",423,"UGUAUUUUA","3' UTR"
"PY17X_1308100",254,"UGUAUUUUA","3' UTR"
"PY17X_1311500",322,"UGUAUUUUA","3' UTR"
"PY17X_1312200",415,"UGUAUUUUA","3' UTR"
"PY17X_1313800",32,"UGUAUUUUA","3' UTR"
"PY17X_1314200",674,"UGUAUUUUA","3' UTR"
"PY17X_1319200",56,"UGUAUUUUA","3' UTR"
"PY17X_1319600",48,"UGUAUUUUA","3' UTR"
"PY17X_1319800",313,"UGUAUUUUA","3' UTR"
"PY17X_1321100",676,"UGUAUUUUA","3' UTR"
"PY17X_1322200",398,"UGUAUUUUA","3' UTR"
"PY17X_1323100",134,"UGUAUUUUA","3' UTR"
"PY17X_1325500",433,"UGUAUUUUA","3' UTR"
"PY17X_1327900",351,"UGUAUUUUA","3' UTR"
"PY17X_1328100",475,"UGUAUUUUA","3' UTR"
"PY17X_1331500",611,"UGUAUUUUA","3' UTR"
"PY17X_1331500",625,"UGUAUUUUA","3' UTR"
"PY17X_1332700",196,"UGUAUUUUA","3' UTR"
"PY17X_1341100",69,"UGUAUUUUA","3' UTR"
"PY17X_1341100",475,"UGUAUUUUA","3' UTR"
"PY17X_1347700",16,"UGUAUUUUA","3' UTR"
"PY17X_1348300",354,"UGUAUUUUA","3' UTR"
"PY17X_1351100",613,"UGUAUUUUA","3' UTR"
"PY17X_1354100",163,"UGUAUUUUA","3' UTR"
"PY17X_1355300",556,"UGUAUUUUA","3' UTR"
"PY17X_1355600",349,"UGUAUUUUA","3' UTR"
"PY17X_1356100",33,"UGUAUUUUA","3' UTR"
"PY17X_1361300",540,"UGUAUUUUA","3' UTR"
"PY17X_1363400",373,"UGUAUUUUA","3' UTR"
"PY17X_1368000",404,"UGUAUUUUA","3' UTR"
"PY17X_1369400",126,"UGUAUUUUA","3' UTR"
"PY17X_1369700",379,"UGUAUUUUA","3' UTR"
"PY17X_1372300",163,"UGUAUUUUA","3' UTR"
"PY17X_1373600",458,"UGUAUUUUA","3' UTR"
"PY17X_1374000",46,"UGUAUUUUA","3' UTR"
"PY17X_1400019",242,"UGUAUUUUA","3' UTR"
"PY17X_1400023",527,"UGUAUUUUA","3' UTR"
"PY17X_1400041",47,"UGUAUUUUA","3' UTR"
"PY17X_1400085",134,"UGUAUUUUA","3' UTR"
"PY17X_1400400",244,"UGUAUUUUA","3' UTR"
"PY17X_1401300",182,"UGUAUUUUA","3' UTR"
"PY17X_1402100",467,"UGUAUUUUA","3' UTR"
"PY17X_1402500",615,"UGUAUUUUA","3' UTR"
"PY17X_1405500",423,"UGUAUUUUA","3' UTR"
"PY17X_1407000",568,"UGUAUUUUA","3' UTR"
"PY17X_1408500",86,"UGUAUUUUA","3' UTR"
"PY17X_1409100",496,"UGUAUUUUA","3' UTR"
"PY17X_1412600",610,"UGUAUUUUA","3' UTR"
"PY17X_1414200",641,"UGUAUUUUA","3' UTR"
"PY17X_1416800",407,"UGUAUUUUA","3' UTR"
"PY17X_1425200",679,"UGUAUUUUA","3' UTR"
"PY17X_1429900",174,"UGUAUUUUA","3' UTR"
"PY17X_1430500",339,"UGUAUUUUA","3' UTR"
"PY17X_1433500",340,"UGUAUUUUA","3' UTR"
"PY17X_1435200",623,"UGUAUUUUA","3' UTR"
"PY17X_1436400",112,"UGUAUUUUA","3' UTR"
"PY17X_1437600",250,"UGUAUUUUA","3' UTR"
"PY17X_1437700",641,"UGUAUUUUA","3' UTR"
"PY17X_1442000",191,"UGUAUUUUA","3' UTR"
"PY17X_1446300",537,"UGUAUUUUA","3' UTR"
"PY17X_1451100",486,"UGUAUUUUA","3' UTR"
"PY17X_1453500",467,"UGUAUUUUA","3' UTR"
"PY17X_1457300",428,"UGUAUUUUA","3' UTR"
"PY17X_1458900",34,"UGUAUUUUA","3' UTR"
"PY17X_1460400",619,"UGUAUUUUA","3' UTR"
"PY17X_1460900",566,"UGUAUUUUA","3' UTR"
"PY17X_1464400",628,"UGUAUUUUA","3' UTR"
"PY17X_1469801",14,"UGUAUUUUA","3' UTR"
"PY17X_1470901",46,"UGUAUUUUA","3' UTR"
"PY17X_1471601",564,"UGUAUUUUA","3' UTR"
"PY17X_1472001",47,"UGUAUUUUA","3' UTR"
"PY17X_1472001",665,"UGUAUUUUA","3' UTR"
"PY17X_1472101",520,"UGUAUUUUA","3' UTR"
"PY17X_1473301",531,"UGUAUUUUA","3' UTR"
"PY17X_1473401",217,"UGUAUUUUA","3' UTR"
"PY17X_1473401",477,"UGUAUUUUA","3' UTR"
"PY17X_1473501",166,"UGUAUUUUA","3' UTR"
"PY17X_1473901",561,"UGUAUUUUA","3' UTR"
"PY17X_API02700",325,"UGUAUUUUA","3' UTR"
"PY17X_API02800",616,"UGUAUUUUA","3' UTR"
"PY17X_API02900",216,"UGUAUUUUA","3' UTR"
"PY17X_API02900",581,"UGUAUUUUA","3' UTR"
"PY17X_API03000",445,"UGUAUUUUA","3' UTR"
"PY17X_0100300",459,"UGUAUUUUA","5' UTR"
"PY17X_0103100",617,"UGUAUUUUA","5' UTR"
"PY17X_0106200",522,"UGUAUUUUA","5' UTR"
"PY17X_0111300",579,"UGUAUUUUA","5' UTR"
"PY17X_0111500",478,"UGUAUUUUA","5' UTR"
"PY17X_0112100",798,"UGUAUUUUA","5' UTR"
"PY17X_0112300",405,"UGUAUUUUA","5' UTR"
"PY17X_0114600",468,"UGUAUUUUA","5' UTR"
"PY17X_0114700",470,"UGUAUUUUA","5' UTR"
"PY17X_0114800",462,"UGUAUUUUA","5' UTR"
"PY17X_0114900",459,"UGUAUUUUA","5' UTR"
"PY17X_0115200",472,"UGUAUUUUA","5' UTR"
"PY17X_0115300",470,"UGUAUUUUA","5' UTR"
"PY17X_0117000",458,"UGUAUUUUA","5' UTR"
"PY17X_0117400",470,"UGUAUUUUA","5' UTR"
"PY17X_0201200",60,"UGUAUUUUA","5' UTR"
"PY17X_0201800",248,"UGUAUUUUA","5' UTR"
"PY17X_0202500",107,"UGUAUUUUA","5' UTR"
"PY17X_0203500",145,"UGUAUUUUA","5' UTR"
"PY17X_0205800",177,"UGUAUUUUA","5' UTR"
"PY17X_0205900",704,"UGUAUUUUA","5' UTR"
"PY17X_0207100",413,"UGUAUUUUA","5' UTR"
"PY17X_0208200",194,"UGUAUUUUA","5' UTR"
"PY17X_0211900",314,"UGUAUUUUA","5' UTR"
"PY17X_0212700",724,"UGUAUUUUA","5' UTR"
"PY17X_0214500",407,"UGUAUUUUA","5' UTR"
"PY17X_0215900",238,"UGUAUUUUA","5' UTR"
"PY17X_0218901",478,"UGUAUUUUA","5' UTR"
"PY17X_0221301",312,"UGUAUUUUA","5' UTR"
"PY17X_0222601",166,"UGUAUUUUA","5' UTR"
"PY17X_0301800",317,"UGUAUUUUA","5' UTR"
"PY17X_0303500",183,"UGUAUUUUA","5' UTR"
"PY17X_0303600",586,"UGUAUUUUA","5' UTR"
"PY17X_0304700",769,"UGUAUUUUA","5' UTR"
"PY17X_0307700",596,"UGUAUUUUA","5' UTR"
"PY17X_0308600",640,"UGUAUUUUA","5' UTR"
"PY17X_0313200",39,"UGUAUUUUA","5' UTR"
"PY17X_0313800",512,"UGUAUUUUA","5' UTR"
"PY17X_0317000",743,"UGUAUUUUA","5' UTR"
"PY17X_0318300",457,"UGUAUUUUA","5' UTR"
"PY17X_0318600",469,"UGUAUUUUA","5' UTR"
"PY17X_0400005",459,"UGUAUUUUA","5' UTR"
"PY17X_0400071",463,"UGUAUUUUA","5' UTR"
"PY17X_0403200",352,"UGUAUUUUA","5' UTR"
"PY17X_0403700",409,"UGUAUUUUA","5' UTR"
"PY17X_0411900",258,"UGUAUUUUA","5' UTR"
"PY17X_0415800",273,"UGUAUUUUA","5' UTR"
"PY17X_0417900",237,"UGUAUUUUA","5' UTR"
"PY17X_0419200",404,"UGUAUUUUA","5' UTR"
"PY17X_0422701",474,"UGUAUUUUA","5' UTR"
"PY17X_0500191",459,"UGUAUUUUA","5' UTR"
"PY17X_0503100",691,"UGUAUUUUA","5' UTR"
"PY17X_0503900",572,"UGUAUUUUA","5' UTR"
"PY17X_0505100",324,"UGUAUUUUA","5' UTR"
"PY17X_0506000",478,"UGUAUUUUA","5' UTR"
"PY17X_0506200",719,"UGUAUUUUA","5' UTR"
"PY17X_0507800",699,"UGUAUUUUA","5' UTR"
"PY17X_0508300",40,"UGUAUUUUA","5' UTR"
"PY17X_0511200",429,"UGUAUUUUA","5' UTR"
"PY17X_0512500",715,"UGUAUUUUA","5' UTR"
"PY17X_0514000",634,"UGUAUUUUA","5' UTR"
"PY17X_0515300",751,"UGUAUUUUA","5' UTR"
"PY17X_0519500",219,"UGUAUUUUA","5' UTR"
"PY17X_0520000",569,"UGUAUUUUA","5' UTR"
"PY17X_0522000",661,"UGUAUUUUA","5' UTR"
"PY17X_0523400",198,"UGUAUUUUA","5' UTR"
"PY17X_0525700",174,"UGUAUUUUA","5' UTR"
"PY17X_0600071",214,"UGUAUUUUA","5' UTR"
"PY17X_0600241",214,"UGUAUUUUA","5' UTR"
"PY17X_0600301",281,"UGUAUUUUA","5' UTR"
"PY17X_0603500",376,"UGUAUUUUA","5' UTR"
"PY17X_0603600",421,"UGUAUUUUA","5' UTR"
"PY17X_0604000",15,"UGUAUUUUA","5' UTR"
"PY17X_0604100",20,"UGUAUUUUA","5' UTR"
"PY17X_0607200",471,"UGUAUUUUA","5' UTR"
"PY17X_0607600",182,"UGUAUUUUA","5' UTR"
"PY17X_0608200",125,"UGUAUUUUA","5' UTR"
"PY17X_0612800",111,"UGUAUUUUA","5' UTR"
"PY17X_0622700",122,"UGUAUUUUA","5' UTR"
"PY17X_0623400",130,"UGUAUUUUA","5' UTR"
"PY17X_0627601",500,"UGUAUUUUA","5' UTR"
"PY17X_0700031",460,"UGUAUUUUA","5' UTR"
"PY17X_0703900",75,"UGUAUUUUA","5' UTR"
"PY17X_0706700",35,"UGUAUUUUA","5' UTR"
"PY17X_0708700",114,"UGUAUUUUA","5' UTR"
"PY17X_0709900",64,"UGUAUUUUA","5' UTR"
"PY17X_0711100",395,"UGUAUUUUA","5' UTR"
"PY17X_0713700",101,"UGUAUUUUA","5' UTR"
"PY17X_0714800",667,"UGUAUUUUA","5' UTR"
"PY17X_0715400",295,"UGUAUUUUA","5' UTR"
"PY17X_0715500",496,"UGUAUUUUA","5' UTR"
"PY17X_0715700",288,"UGUAUUUUA","5' UTR"
"PY17X_0716000",171,"UGUAUUUUA","5' UTR"
"PY17X_0718900",46,"UGUAUUUUA","5' UTR"
"PY17X_0718900",319,"UGUAUUUUA","5' UTR"
"PY17X_0721300",143,"UGUAUUUUA","5' UTR"
"PY17X_0721800",77,"UGUAUUUUA","5' UTR"
"PY17X_0723900",415,"UGUAUUUUA","5' UTR"
"PY17X_0800400",461,"UGUAUUUUA","5' UTR"
"PY17X_0803700",338,"UGUAUUUUA","5' UTR"
"PY17X_0804000",685,"UGUAUUUUA","5' UTR"
"PY17X_0811100",225,"UGUAUUUUA","5' UTR"
"PY17X_0811200",725,"UGUAUUUUA","5' UTR"
"PY17X_0815900",688,"UGUAUUUUA","5' UTR"
"PY17X_0818600",679,"UGUAUUUUA","5' UTR"
"PY17X_0818900",31,"UGUAUUUUA","5' UTR"
"PY17X_0820500",554,"UGUAUUUUA","5' UTR"
"PY17X_0823200",707,"UGUAUUUUA","5' UTR"
"PY17X_0823600",183,"UGUAUUUUA","5' UTR"
"PY17X_0824000",771,"UGUAUUUUA","5' UTR"
"PY17X_0827100",462,"UGUAUUUUA","5' UTR"
"PY17X_0827700",386,"UGUAUUUUA","5' UTR"
"PY17X_0831100",556,"UGUAUUUUA","5' UTR"
"PY17X_0834800",373,"UGUAUUUUA","5' UTR"
"PY17X_0836300",121,"UGUAUUUUA","5' UTR"
"PY17X_0838600",593,"UGUAUUUUA","5' UTR"
"PY17X_0839800",298,"UGUAUUUUA","5' UTR"
"PY17X_0840000",627,"UGUAUUUUA","5' UTR"
"PY17X_0840500",349,"UGUAUUUUA","5' UTR"
"PY17X_0842801",473,"UGUAUUUUA","5' UTR"
"PY17X_0843701",459,"UGUAUUUUA","5' UTR"
"PY17X_0845901",304,"UGUAUUUUA","5' UTR"
"PY17X_0846201",214,"UGUAUUUUA","5' UTR"
"PY17X_0900071",500,"UGUAUUUUA","5' UTR"
"PY17X_0900083",39,"UGUAUUUUA","5' UTR"
"PY17X_0900100",463,"UGUAUUUUA","5' UTR"
"PY17X_0901700",468,"UGUAUUUUA","5' UTR"
"PY17X_0902700",268,"UGUAUUUUA","5' UTR"
"PY17X_0902700",268,"UGUAUUUUA","5' UTR"
"PY17X_0902900",537,"UGUAUUUUA","5' UTR"
"PY17X_0906900",227,"UGUAUUUUA","5' UTR"
"PY17X_0907300",174,"UGUAUUUUA","5' UTR"
"PY17X_0908000",144,"UGUAUUUUA","5' UTR"
"PY17X_0908500",347,"UGUAUUUUA","5' UTR"
"PY17X_0909200",109,"UGUAUUUUA","5' UTR"
"PY17X_0909700",455,"UGUAUUUUA","5' UTR"
"PY17X_0910000",395,"UGUAUUUUA","5' UTR"
"PY17X_0911200",732,"UGUAUUUUA","5' UTR"
"PY17X_0911300",182,"UGUAUUUUA","5' UTR"
"PY17X_0911700",114,"UGUAUUUUA","5' UTR"
"PY17X_0911700",145,"UGUAUUUUA","5' UTR"
"PY17X_0912400",747,"UGUAUUUUA","5' UTR"
"PY17X_0915500",91,"UGUAUUUUA","5' UTR"
"PY17X_0915500",461,"UGUAUUUUA","5' UTR"
"PY17X_0916100",605,"UGUAUUUUA","5' UTR"
"PY17X_0917800",580,"UGUAUUUUA","5' UTR"
"PY17X_0920400",225,"UGUAUUUUA","5' UTR"
"PY17X_0921500",615,"UGUAUUUUA","5' UTR"
"PY17X_0923800",173,"UGUAUUUUA","5' UTR"
"PY17X_0923800",256,"UGUAUUUUA","5' UTR"
"PY17X_0923800",284,"UGUAUUUUA","5' UTR"
"PY17X_0926900",294,"UGUAUUUUA","5' UTR"
"PY17X_0936500",40,"UGUAUUUUA","5' UTR"
"PY17X_0937000",344,"UGUAUUUUA","5' UTR"
"PY17X_0938000",300,"UGUAUUUUA","5' UTR"
"PY17X_0941700",721,"UGUAUUUUA","5' UTR"
"PY17X_0943700",241,"UGUAUUUUA","5' UTR"
"PY17X_1000200",223,"UGUAUUUUA","5' UTR"
"PY17X_1002600",35,"UGUAUUUUA","5' UTR"
"PY17X_1003000",548,"UGUAUUUUA","5' UTR"
"PY17X_1006500",288,"UGUAUUUUA","5' UTR"
"PY17X_1014400",56,"UGUAUUUUA","5' UTR"
"PY17X_1016500",362,"UGUAUUUUA","5' UTR"
"PY17X_1017500",224,"UGUAUUUUA","5' UTR"
"PY17X_1018500",386,"UGUAUUUUA","5' UTR"
"PY17X_1019900",30,"UGUAUUUUA","5' UTR"
"PY17X_1019900",62,"UGUAUUUUA","5' UTR"
"PY17X_1025000",164,"UGUAUUUUA","5' UTR"
"PY17X_1026800",455,"UGUAUUUUA","5' UTR"
"PY17X_1030600",267,"UGUAUUUUA","5' UTR"
"PY17X_1030700",545,"UGUAUUUUA","5' UTR"
"PY17X_1035700",472,"UGUAUUUUA","5' UTR"
"PY17X_1036500",541,"UGUAUUUUA","5' UTR"
"PY17X_1038900",782,"UGUAUUUUA","5' UTR"
"PY17X_1040600",754,"UGUAUUUUA","5' UTR"
"PY17X_1040700",781,"UGUAUUUUA","5' UTR"
"PY17X_1042800",469,"UGUAUUUUA","5' UTR"
"PY17X_1043300",457,"UGUAUUUUA","5' UTR"
"PY17X_1045300",245,"UGUAUUUUA","5' UTR"
"PY17X_1048501",464,"UGUAUUUUA","5' UTR"
"PY17X_1100013",198,"UGUAUUUUA","5' UTR"
"PY17X_1100095",500,"UGUAUUUUA","5' UTR"
"PY17X_1100600",253,"UGUAUUUUA","5' UTR"
"PY17X_1100800",467,"UGUAUUUUA","5' UTR"
"PY17X_1102500",596,"UGUAUUUUA","5' UTR"
"PY17X_1104200",77,"UGUAUUUUA","5' UTR"
"PY17X_1105600",785,"UGUAUUUUA","5' UTR"
"PY17X_1106400",112,"UGUAUUUUA","5' UTR"
"PY17X_1106700",198,"UGUAUUUUA","5' UTR"
"PY17X_1108600",453,"UGUAUUUUA","5' UTR"
"PY17X_1108900",666,"UGUAUUUUA","5' UTR"
"PY17X_1111400",406,"UGUAUUUUA","5' UTR"
"PY17X_1113900",781,"UGUAUUUUA","5' UTR"
"PY17X_1114100",633,"UGUAUUUUA","5' UTR"
"PY17X_1116500",5,"UGUAUUUUA","5' UTR"
"PY17X_1117200",184,"UGUAUUUUA","5' UTR"
"PY17X_1130200",283,"UGUAUUUUA","5' UTR"
"PY17X_1131200",125,"UGUAUUUUA","5' UTR"
"PY17X_1131500",192,"UGUAUUUUA","5' UTR"
"PY17X_1134600",627,"UGUAUUUUA","5' UTR"
"PY17X_1135100",519,"UGUAUUUUA","5' UTR"
"PY17X_1136000",188,"UGUAUUUUA","5' UTR"
"PY17X_1136300",33,"UGUAUUUUA","5' UTR"
"PY17X_1139200",215,"UGUAUUUUA","5' UTR"
"PY17X_1140800",72,"UGUAUUUUA","5' UTR"
"PY17X_1141700",49,"UGUAUUUUA","5' UTR"
"PY17X_1143700",159,"UGUAUUUUA","5' UTR"
"PY17X_1146200",508,"UGUAUUUUA","5' UTR"
"PY17X_1148200",473,"UGUAUUUUA","5' UTR"
"PY17X_1200013",500,"UGUAUUUUA","5' UTR"
"PY17X_1200027",500,"UGUAUUUUA","5' UTR"
"PY17X_1200161",472,"UGUAUUUUA","5' UTR"
"PY17X_1201700",303,"UGUAUUUUA","5' UTR"
"PY17X_1201700",461,"UGUAUUUUA","5' UTR"
"PY17X_1204300",162,"UGUAUUUUA","5' UTR"
"PY17X_1204900",324,"UGUAUUUUA","5' UTR"
"PY17X_1205900",531,"UGUAUUUUA","5' UTR"
"PY17X_1208400",640,"UGUAUUUUA","5' UTR"
"PY17X_1210000",526,"UGUAUUUUA","5' UTR"
"PY17X_1211100",431,"UGUAUUUUA","5' UTR"
"PY17X_1211200",147,"UGUAUUUUA","5' UTR"
"PY17X_1212800",252,"UGUAUUUUA","5' UTR"
"PY17X_1213300",349,"UGUAUUUUA","5' UTR"
"PY17X_1215500",495,"UGUAUUUUA","5' UTR"
"PY17X_1216300",223,"UGUAUUUUA","5' UTR"
"PY17X_1217400",65,"UGUAUUUUA","5' UTR"
"PY17X_1219900",758,"UGUAUUUUA","5' UTR"
"PY17X_1223700",666,"UGUAUUUUA","5' UTR"
"PY17X_1225200",1,"UGUAUUUUA","5' UTR"
"PY17X_1226800",199,"UGUAUUUUA","5' UTR"
"PY17X_1227900",565,"UGUAUUUUA","5' UTR"
"PY17X_1230900",118,"UGUAUUUUA","5' UTR"
"PY17X_1234900",393,"UGUAUUUUA","5' UTR"
"PY17X_1235000",312,"UGUAUUUUA","5' UTR"
"PY17X_1237800",326,"UGUAUUUUA","5' UTR"
"PY17X_1237900",3,"UGUAUUUUA","5' UTR"
"PY17X_1237900",281,"UGUAUUUUA","5' UTR"
"PY17X_1242700",59,"UGUAUUUUA","5' UTR"
"PY17X_1244500",237,"UGUAUUUUA","5' UTR"
"PY17X_1245200",729,"UGUAUUUUA","5' UTR"
"PY17X_1247700",564,"UGUAUUUUA","5' UTR"
"PY17X_1251100",457,"UGUAUUUUA","5' UTR"
"PY17X_1300175",463,"UGUAUUUUA","5' UTR"
"PY17X_1300307",297,"UGUAUUUUA","5' UTR"
"PY17X_1300357",463,"UGUAUUUUA","5' UTR"
"PY17X_1300900",486,"UGUAUUUUA","5' UTR"
"PY17X_1302300",485,"UGUAUUUUA","5' UTR"
"PY17X_1304000",408,"UGUAUUUUA","5' UTR"
"PY17X_1304200",382,"UGUAUUUUA","5' UTR"
"PY17X_1305400",146,"UGUAUUUUA","5' UTR"
"PY17X_1305700",215,"UGUAUUUUA","5' UTR"
"PY17X_1307500",568,"UGUAUUUUA","5' UTR"
"PY17X_1313000",548,"UGUAUUUUA","5' UTR"
"PY17X_1316000",607,"UGUAUUUUA","5' UTR"
"PY17X_1316600",148,"UGUAUUUUA","5' UTR"
"PY17X_1317500",57,"UGUAUUUUA","5' UTR"
"PY17X_1319100",35,"UGUAUUUUA","5' UTR"
"PY17X_1319400",596,"UGUAUUUUA","5' UTR"
"PY17X_1319700",87,"UGUAUUUUA","5' UTR"
"PY17X_1321000",475,"UGUAUUUUA","5' UTR"
"PY17X_1321400",27,"UGUAUUUUA","5' UTR"
"PY17X_1322300",9,"UGUAUUUUA","5' UTR"
"PY17X_1322600",303,"UGUAUUUUA","5' UTR"
"PY17X_1323400",110,"UGUAUUUUA","5' UTR"
"PY17X_1323400",610,"UGUAUUUUA","5' UTR"
"PY17X_1329400",648,"UGUAUUUUA","5' UTR"
"PY17X_1331600",500,"UGUAUUUUA","5' UTR"
"PY17X_1331600",514,"UGUAUUUUA","5' UTR"
"PY17X_1333200",706,"UGUAUUUUA","5' UTR"
"PY17X_1335900",521,"UGUAUUUUA","5' UTR"
"PY17X_1338900",389,"UGUAUUUUA","5' UTR"
"PY17X_1339900",149,"UGUAUUUUA","5' UTR"
"PY17X_1341100",162,"UGUAUUUUA","5' UTR"
"PY17X_1341200",365,"UGUAUUUUA","5' UTR"
"PY17X_1344000",611,"UGUAUUUUA","5' UTR"
"PY17X_1348100",350,"UGUAUUUUA","5' UTR"
"PY17X_1349500",522,"UGUAUUUUA","5' UTR"
"PY17X_1351200",481,"UGUAUUUUA","5' UTR"
"PY17X_1354000",88,"UGUAUUUUA","5' UTR"
"PY17X_1354400",384,"UGUAUUUUA","5' UTR"
"PY17X_1355100",706,"UGUAUUUUA","5' UTR"
"PY17X_1358400",5,"UGUAUUUUA","5' UTR"
"PY17X_1359700",299,"UGUAUUUUA","5' UTR"
"PY17X_1360700",472,"UGUAUUUUA","5' UTR"
"PY17X_1361000",122,"UGUAUUUUA","5' UTR"
"PY17X_1362100",143,"UGUAUUUUA","5' UTR"
"PY17X_1362400",23,"UGUAUUUUA","5' UTR"
"PY17X_1365200",600,"UGUAUUUUA","5' UTR"
"PY17X_1369300",411,"UGUAUUUUA","5' UTR"
"PY17X_1369500",92,"UGUAUUUUA","5' UTR"
"PY17X_1371000",47,"UGUAUUUUA","5' UTR"
"PY17X_1371200",770,"UGUAUUUUA","5' UTR"
"PY17X_1400015",290,"UGUAUUUUA","5' UTR"
"PY17X_1400075",473,"UGUAUUUUA","5' UTR"
"PY17X_1402400",89,"UGUAUUUUA","5' UTR"
"PY17X_1404200",775,"UGUAUUUUA","5' UTR"
"PY17X_1405000",623,"UGUAUUUUA","5' UTR"
"PY17X_1407500",118,"UGUAUUUUA","5' UTR"
"PY17X_1409500",245,"UGUAUUUUA","5' UTR"
"PY17X_1413200",645,"UGUAUUUUA","5' UTR"
"PY17X_1414100",591,"UGUAUUUUA","5' UTR"
"PY17X_1414300",460,"UGUAUUUUA","5' UTR"
"PY17X_1415500",641,"UGUAUUUUA","5' UTR"
"PY17X_1415700",294,"UGUAUUUUA","5' UTR"
"PY17X_1417200",302,"UGUAUUUUA","5' UTR"
"PY17X_1417900",576,"UGUAUUUUA","5' UTR"
"PY17X_1420000",602,"UGUAUUUUA","5' UTR"
"PY17X_1420100",195,"UGUAUUUUA","5' UTR"
"PY17X_1420200",197,"UGUAUUUUA","5' UTR"
"PY17X_1421300",671,"UGUAUUUUA","5' UTR"
"PY17X_1425400",9,"UGUAUUUUA","5' UTR"
"PY17X_1426200",293,"UGUAUUUUA","5' UTR"
"PY17X_1430000",222,"UGUAUUUUA","5' UTR"
"PY17X_1430200",4,"UGUAUUUUA","5' UTR"
"PY17X_1430700",353,"UGUAUUUUA","5' UTR"
"PY17X_1433400",108,"UGUAUUUUA","5' UTR"
"PY17X_1435300",185,"UGUAUUUUA","5' UTR"
"PY17X_1435300",547,"UGUAUUUUA","5' UTR"
"PY17X_1436600",759,"UGUAUUUUA","5' UTR"
"PY17X_1437000",449,"UGUAUUUUA","5' UTR"
"PY17X_1437100",35,"UGUAUUUUA","5' UTR"
"PY17X_1437400",287,"UGUAUUUUA","5' UTR"
"PY17X_1443000",281,"UGUAUUUUA","5' UTR"
"PY17X_1444900",787,"UGUAUUUUA","5' UTR"
"PY17X_1445800",469,"UGUAUUUUA","5' UTR"
"PY17X_1447500",693,"UGUAUUUUA","5' UTR"
"PY17X_1448000",27,"UGUAUUUUA","5' UTR"
"PY17X_1448400",112,"UGUAUUUUA","5' UTR"
"PY17X_1454000",273,"UGUAUUUUA","5' UTR"
"PY17X_1456100",36,"UGUAUUUUA","5' UTR"
"PY17X_1456600",380,"UGUAUUUUA","5' UTR"
"PY17X_1456800",392,"UGUAUUUUA","5' UTR"
"PY17X_1463200",381,"UGUAUUUUA","5' UTR"
"PY17X_1466400",650,"UGUAUUUUA","5' UTR"
"PY17X_1467600",438,"UGUAUUUUA","5' UTR"
"PY17X_1470801",475,"UGUAUUUUA","5' UTR"
"PY17X_1473201",283,"UGUAUUUUA","5' UTR"
"PY17X_API02400",70,"UGUAUUUUA","5' UTR"
"PY17X_API02500",473,"UGUAUUUUA","5' UTR"
"PY17X_API02600",355,"UGUAUUUUA","5' UTR"
"PY17X_API02700",269,"UGUAUUUUA","5' UTR"
"PY17X_API02700",634,"UGUAUUUUA","5' UTR"
"PY17X_0104000",4447,"UGUAUUUUA","CDS"
"PY17X_0105400",211,"UGUAUUUUA","CDS"
"PY17X_0106300",1186,"UGUAUUUUA","CDS"
"PY17X_0107900",997,"UGUAUUUUA","CDS"
"PY17X_0109200",8165,"UGUAUUUUA","CDS"
"PY17X_0109400",213,"UGUAUUUUA","CDS"
"PY17X_0112200",2,"UGUAUUUUA","CDS"
"PY17X_0205700",911,"UGUAUUUUA","CDS"
"PY17X_0206700",1310,"UGUAUUUUA","CDS"
"PY17X_0207200",5974,"UGUAUUUUA","CDS"
"PY17X_0207300",870,"UGUAUUUUA","CDS"
"PY17X_0211100",4126,"UGUAUUUUA","CDS"
"PY17X_0211400",1659,"UGUAUUUUA","CDS"
"PY17X_0213300",2794,"UGUAUUUUA","CDS"
"PY17X_0220401",604,"UGUAUUUUA","CDS"
"PY17X_0222501",470,"UGUAUUUUA","CDS"
"PY17X_0302500",585,"UGUAUUUUA","CDS"
"PY17X_0306600",367,"UGUAUUUUA","CDS"
"PY17X_0308500",1663,"UGUAUUUUA","CDS"
"PY17X_0309900",9030,"UGUAUUUUA","CDS"
"PY17X_0312900",2496,"UGUAUUUUA","CDS"
"PY17X_0313700",1721,"UGUAUUUUA","CDS"
"PY17X_0313700",2234,"UGUAUUUUA","CDS"
"PY17X_0314800",1296,"UGUAUUUUA","CDS"
"PY17X_0322601",461,"UGUAUUUUA","CDS"
"PY17X_0405800",6299,"UGUAUUUUA","CDS"
"PY17X_0410500",1976,"UGUAUUUUA","CDS"
"PY17X_0410800",4863,"UGUAUUUUA","CDS"
"PY17X_0411800",35,"UGUAUUUUA","CDS"
"PY17X_0414000",1534,"UGUAUUUUA","CDS"
"PY17X_0418900",5573,"UGUAUUUUA","CDS"
"PY17X_0420400",3266,"UGUAUUUUA","CDS"
"PY17X_0420900",2781,"UGUAUUUUA","CDS"
"PY17X_0500031",461,"UGUAUUUUA","CDS"
"PY17X_0502300",581,"UGUAUUUUA","CDS"
"PY17X_0503100",2827,"UGUAUUUUA","CDS"
"PY17X_0504200",1931,"UGUAUUUUA","CDS"
"PY17X_0505000",1480,"UGUAUUUUA","CDS"
"PY17X_0505800",862,"UGUAUUUUA","CDS"
"PY17X_0506100",1687,"UGUAUUUUA","CDS"
"PY17X_0507000",17283,"UGUAUUUUA","CDS"
"PY17X_0507100",5569,"UGUAUUUUA","CDS"
"PY17X_0511200",2202,"UGUAUUUUA","CDS"
"PY17X_0511500",1345,"UGUAUUUUA","CDS"
"PY17X_0517400",293,"UGUAUUUUA","CDS"
"PY17X_0522900",3109,"UGUAUUUUA","CDS"
"PY17X_0524300",3628,"UGUAUUUUA","CDS"
"PY17X_0525300",198,"UGUAUUUUA","CDS"
"PY17X_0600081",470,"UGUAUUUUA","CDS"
"PY17X_0600261",461,"UGUAUUUUA","CDS"
"PY17X_0607500",1015,"UGUAUUUUA","CDS"
"PY17X_0609800",1867,"UGUAUUUUA","CDS"
"PY17X_0612600",6046,"UGUAUUUUA","CDS"
"PY17X_0621300",78,"UGUAUUUUA","CDS"
"PY17X_0622100",58,"UGUAUUUUA","CDS"
"PY17X_0625500",563,"UGUAUUUUA","CDS"
"PY17X_0700067",479,"UGUAUUUUA","CDS"
"PY17X_0700200",392,"UGUAUUUUA","CDS"
"PY17X_0703000",331,"UGUAUUUUA","CDS"
"PY17X_0704800",3376,"UGUAUUUUA","CDS"
"PY17X_0704800",8120,"UGUAUUUUA","CDS"
"PY17X_0708300",187,"UGUAUUUUA","CDS"
"PY17X_0708700",2842,"UGUAUUUUA","CDS"
"PY17X_0709400",1486,"UGUAUUUUA","CDS"
"PY17X_0717500",2570,"UGUAUUUUA","CDS"
"PY17X_0722000",12212,"UGUAUUUUA","CDS"
"PY17X_0803600",60,"UGUAUUUUA","CDS"
"PY17X_0804400",4494,"UGUAUUUUA","CDS"
"PY17X_0805000",2743,"UGUAUUUUA","CDS"
"PY17X_0815700",8675,"UGUAUUUUA","CDS"
"PY17X_0817800",26,"UGUAUUUUA","CDS"
"PY17X_0820700",3771,"UGUAUUUUA","CDS"
"PY17X_0823000",38,"UGUAUUUUA","CDS"
"PY17X_0825800",1692,"UGUAUUUUA","CDS"
"PY17X_0830500",545,"UGUAUUUUA","CDS"
"PY17X_0830900",1342,"UGUAUUUUA","CDS"
"PY17X_0833400",875,"UGUAUUUUA","CDS"
"PY17X_0834900",769,"UGUAUUUUA","CDS"
"PY17X_0836900",2893,"UGUAUUUUA","CDS"
"PY17X_0838000",916,"UGUAUUUUA","CDS"
"PY17X_0906700",1108,"UGUAUUUUA","CDS"
"PY17X_0906700",1120,"UGUAUUUUA","CDS"
"PY17X_0908300",4741,"UGUAUUUUA","CDS"
"PY17X_0909900",1630,"UGUAUUUUA","CDS"
"PY17X_0916200",940,"UGUAUUUUA","CDS"
"PY17X_0916700",3677,"UGUAUUUUA","CDS"
"PY17X_0920400",223,"UGUAUUUUA","CDS"
"PY17X_0925200",642,"UGUAUUUUA","CDS"
"PY17X_0926900",1111,"UGUAUUUUA","CDS"
"PY17X_0927700",4931,"UGUAUUUUA","CDS"
"PY17X_0928500",2,"UGUAUUUUA","CDS"
"PY17X_0931900",1179,"UGUAUUUUA","CDS"
"PY17X_0933800",268,"UGUAUUUUA","CDS"
"PY17X_0935200",997,"UGUAUUUUA","CDS"
"PY17X_0940400",221,"UGUAUUUUA","CDS"
"PY17X_0943800",989,"UGUAUUUUA","CDS"
"PY17X_0944800",1596,"UGUAUUUUA","CDS"
"PY17X_0945600",331,"UGUAUUUUA","CDS"
"PY17X_1000019",461,"UGUAUUUUA","CDS"
"PY17X_1003900",19,"UGUAUUUUA","CDS"
"PY17X_1004200",3538,"UGUAUUUUA","CDS"
"PY17X_1007600",1782,"UGUAUUUUA","CDS"
"PY17X_1008000",1447,"UGUAUUUUA","CDS"
"PY17X_1010200",3610,"UGUAUUUUA","CDS"
"PY17X_1011000",564,"UGUAUUUUA","CDS"
"PY17X_1012300",553,"UGUAUUUUA","CDS"
"PY17X_1012500",2,"UGUAUUUUA","CDS"
"PY17X_1014100",3100,"UGUAUUUUA","CDS"
"PY17X_1019300",3315,"UGUAUUUUA","CDS"
"PY17X_1023400",131,"UGUAUUUUA","CDS"
"PY17X_1024700",1975,"UGUAUUUUA","CDS"
"PY17X_1024900",1705,"UGUAUUUUA","CDS"
"PY17X_1029900",97,"UGUAUUUUA","CDS"
"PY17X_1033500",4288,"UGUAUUUUA","CDS"
"PY17X_1034600",8299,"UGUAUUUUA","CDS"
"PY17X_1039200",2953,"UGUAUUUUA","CDS"
"PY17X_1107000",26,"UGUAUUUUA","CDS"
"PY17X_1108900",787,"UGUAUUUUA","CDS"
"PY17X_1109700",166,"UGUAUUUUA","CDS"
"PY17X_1112200",10996,"UGUAUUUUA","CDS"
"PY17X_1112900",787,"UGUAUUUUA","CDS"
"PY17X_1116400",2832,"UGUAUUUUA","CDS"
"PY17X_1119600",7420,"UGUAUUUUA","CDS"
"PY17X_1119800",4108,"UGUAUUUUA","CDS"
"PY17X_1123300",760,"UGUAUUUUA","CDS"
"PY17X_1123300",1408,"UGUAUUUUA","CDS"
"PY17X_1128300",13396,"UGUAUUUUA","CDS"
"PY17X_1128900",798,"UGUAUUUUA","CDS"
"PY17X_1130000",13369,"UGUAUUUUA","CDS"
"PY17X_1130000",13634,"UGUAUUUUA","CDS"
"PY17X_1131300",195,"UGUAUUUUA","CDS"
"PY17X_1136200",211,"UGUAUUUUA","CDS"
"PY17X_1136800",5193,"UGUAUUUUA","CDS"
"PY17X_1138000",992,"UGUAUUUUA","CDS"
"PY17X_1138700",4298,"UGUAUUUUA","CDS"
"PY17X_1140300",2111,"UGUAUUUUA","CDS"
"PY17X_1140500",1542,"UGUAUUUUA","CDS"
"PY17X_1140900",707,"UGUAUUUUA","CDS"
"PY17X_1145800",181,"UGUAUUUUA","CDS"
"PY17X_1149500",604,"UGUAUUUUA","CDS"
"PY17X_1209600",931,"UGUAUUUUA","CDS"
"PY17X_1209900",884,"UGUAUUUUA","CDS"
"PY17X_1213600",538,"UGUAUUUUA","CDS"
"PY17X_1216600",847,"UGUAUUUUA","CDS"
"PY17X_1218300",2806,"UGUAUUUUA","CDS"
"PY17X_1219800",367,"UGUAUUUUA","CDS"
"PY17X_1220600",1355,"UGUAUUUUA","CDS"
"PY17X_1220600",3416,"UGUAUUUUA","CDS"
"PY17X_1221300",9688,"UGUAUUUUA","CDS"
"PY17X_1223800",5862,"UGUAUUUUA","CDS"
"PY17X_1224000",1418,"UGUAUUUUA","CDS"
"PY17X_1229300",10343,"UGUAUUUUA","CDS"
"PY17X_1235600",106,"UGUAUUUUA","CDS"
"PY17X_1238400",1270,"UGUAUUUUA","CDS"
"PY17X_1240400",6046,"UGUAUUUUA","CDS"
"PY17X_1241800",716,"UGUAUUUUA","CDS"
"PY17X_1243200",1569,"UGUAUUUUA","CDS"
"PY17X_1244100",968,"UGUAUUUUA","CDS"
"PY17X_1244900",292,"UGUAUUUUA","CDS"
"PY17X_1245000",2097,"UGUAUUUUA","CDS"
"PY17X_1246400",688,"UGUAUUUUA","CDS"
"PY17X_1248900",96,"UGUAUUUUA","CDS"
"PY17X_1304700",956,"UGUAUUUUA","CDS"
"PY17X_1307100",587,"UGUAUUUUA","CDS"
"PY17X_1307700",4391,"UGUAUUUUA","CDS"
"PY17X_1311400",28,"UGUAUUUUA","CDS"
"PY17X_1312200",2932,"UGUAUUUUA","CDS"
"PY17X_1315300",628,"UGUAUUUUA","CDS"
"PY17X_1320100",8952,"UGUAUUUUA","CDS"
"PY17X_1325800",1445,"UGUAUUUUA","CDS"
"PY17X_1325800",2710,"UGUAUUUUA","CDS"
"PY17X_1329800",2544,"UGUAUUUUA","CDS"
"PY17X_1329800",3456,"UGUAUUUUA","CDS"
"PY17X_1330000",4,"UGUAUUUUA","CDS"
"PY17X_1331500",1978,"UGUAUUUUA","CDS"
"PY17X_1332600",1235,"UGUAUUUUA","CDS"
"PY17X_1332900",232,"UGUAUUUUA","CDS"
"PY17X_1343500",826,"UGUAUUUUA","CDS"
"PY17X_1358700",847,"UGUAUUUUA","CDS"
"PY17X_1362100",1349,"UGUAUUUUA","CDS"
"PY17X_1362100",3671,"UGUAUUUUA","CDS"
"PY17X_1365000",7873,"UGUAUUUUA","CDS"
"PY17X_1367300",3480,"UGUAUUUUA","CDS"
"PY17X_1368200",421,"UGUAUUUUA","CDS"
"PY17X_1369400",987,"UGUAUUUUA","CDS"
"PY17X_1402800",2701,"UGUAUUUUA","CDS"
"PY17X_1403900",20925,"UGUAUUUUA","CDS"
"PY17X_1407300",740,"UGUAUUUUA","CDS"
"PY17X_1413800",1843,"UGUAUUUUA","CDS"
"PY17X_1414000",4387,"UGUAUUUUA","CDS"
"PY17X_1417500",299,"UGUAUUUUA","CDS"
"PY17X_1424600",836,"UGUAUUUUA","CDS"
"PY17X_1427500",6139,"UGUAUUUUA","CDS"
"PY17X_1429700",2504,"UGUAUUUUA","CDS"
"PY17X_1440700",1278,"UGUAUUUUA","CDS"
"PY17X_1440800",538,"UGUAUUUUA","CDS"
"PY17X_1441600",154,"UGUAUUUUA","CDS"
"PY17X_1441600",1653,"UGUAUUUUA","CDS"
"PY17X_1444600",500,"UGUAUUUUA","CDS"
"PY17X_1444700",1105,"UGUAUUUUA","CDS"
"PY17X_1448100",1054,"UGUAUUUUA","CDS"
"PY17X_1449700",586,"UGUAUUUUA","CDS"
"PY17X_1452300",904,"UGUAUUUUA","CDS"
"PY17X_1453500",1167,"UGUAUUUUA","CDS"
"PY17X_1456200",4333,"UGUAUUUUA","CDS"
"PY17X_1465200",1561,"UGUAUUUUA","CDS"
"PY17X_1467600",4787,"UGUAUUUUA","CDS"
"PY17X_API00700",52,"UGUAUUUUA","CDS"
"PY17X_API02600",319,"UGUAUUUUA","CDS"
"PY17X_API02800",220,"UGUAUUUUA","CDS"
"PY17X_API02800",585,"UGUAUUUUA","CDS"
