"","Vivax_gene","Yoelii_gene","Expressed_vivax","Expressed_yoelii","Expressed_both","Motif_vivax","Motif_yoelii"
"1","PVP01_0102800","PY17X_0803000",FALSE,TRUE,FALSE,TRUE,TRUE
"2","PVP01_0103100","PY17X_0803300",TRUE,TRUE,TRUE,FALSE,TRUE
"3","PVP01_0103300","PY17X_0803500",TRUE,TRUE,TRUE,TRUE,TRUE
"4","PVP01_0103400","PY17X_0803600",TRUE,TRUE,TRUE,TRUE,TRUE
"5","PVP01_0103500","PY17X_0803700",TRUE,TRUE,TRUE,FALSE,TRUE
"6","PVP01_0103600","PY17X_0803800",TRUE,TRUE,TRUE,FALSE,TRUE
"7","PVP01_0103700","PY17X_0803900",TRUE,TRUE,TRUE,TRUE,TRUE
"8","PVP01_0103800","PY17X_0804000",TRUE,FALSE,FALSE,FALSE,TRUE
"9","PVP01_0103900","PY17X_0804100",TRUE,FALSE,FALSE,FALSE,TRUE
"10","PVP01_0104100","PY17X_0804300",TRUE,TRUE,TRUE,TRUE,TRUE
"11","PVP01_0104400","PY17X_0804600",TRUE,TRUE,TRUE,TRUE,FALSE
"12","PVP01_0104600","PY17X_0804800",TRUE,TRUE,TRUE,TRUE,TRUE
"13","PVP01_0104800","PY17X_0805000",TRUE,TRUE,TRUE,TRUE,TRUE
"14","PVP01_0104900","PY17X_0805100",TRUE,TRUE,TRUE,FALSE,TRUE
"15","PVP01_0105000","PY17X_0805200",TRUE,TRUE,TRUE,FALSE,FALSE
"16","PVP01_0105100","PY17X_0805300",TRUE,TRUE,TRUE,FALSE,TRUE
"17","PVP01_0105200","PY17X_0805400",TRUE,TRUE,TRUE,FALSE,TRUE
"18","PVP01_0105300","PY17X_0805500",TRUE,TRUE,TRUE,FALSE,TRUE
"19","PVP01_0105500","PY17X_0805700",TRUE,TRUE,TRUE,FALSE,TRUE
"20","PVP01_0105600","PY17X_0805800",TRUE,TRUE,TRUE,TRUE,TRUE
"21","PVP01_0105800","PY17X_0806000",TRUE,TRUE,TRUE,FALSE,FALSE
"22","PVP01_0105900","PY17X_0806100",TRUE,TRUE,TRUE,FALSE,TRUE
"23","PVP01_0106100","PY17X_0806200",TRUE,TRUE,TRUE,FALSE,FALSE
"24","PVP01_0106200","PY17X_0806300",TRUE,TRUE,TRUE,FALSE,TRUE
"25","PVP01_0106400","PY17X_0806500",FALSE,FALSE,FALSE,FALSE,TRUE
"26","PVP01_0106600","PY17X_0806700",TRUE,TRUE,TRUE,FALSE,TRUE
"27","PVP01_0106800","PY17X_0806900",TRUE,TRUE,TRUE,TRUE,TRUE
"28","PVP01_0106900","PY17X_0807000",TRUE,FALSE,FALSE,FALSE,TRUE
"29","PVP01_0107400","PY17X_0807500",TRUE,TRUE,TRUE,TRUE,TRUE
"30","PVP01_0107600","PY17X_0807700",TRUE,TRUE,TRUE,FALSE,TRUE
"31","PVP01_0107700","PY17X_0807800",TRUE,TRUE,TRUE,FALSE,TRUE
"32","PVP01_0107800","PY17X_0807900",TRUE,TRUE,TRUE,FALSE,TRUE
"33","PVP01_0107900","PY17X_0808000",TRUE,TRUE,TRUE,FALSE,TRUE
"34","PVP01_0108000","PY17X_0808100",TRUE,TRUE,TRUE,FALSE,TRUE
"35","PVP01_0108100","PY17X_0808200",TRUE,TRUE,TRUE,FALSE,TRUE
"36","PVP01_0108200","PY17X_0808300",TRUE,TRUE,TRUE,FALSE,TRUE
"37","PVP01_0108400","PY17X_0808500",TRUE,TRUE,TRUE,FALSE,TRUE
"38","PVP01_0108500","PY17X_0808600",TRUE,TRUE,TRUE,FALSE,TRUE
"39","PVP01_0108600","PY17X_0808700",TRUE,TRUE,TRUE,FALSE,FALSE
"40","PVP01_0108700","PY17X_0808800",TRUE,TRUE,TRUE,FALSE,TRUE
"41","PVP01_0108800","PY17X_1222200",TRUE,TRUE,TRUE,FALSE,TRUE
"42","PVP01_0108900","PY17X_1222300",TRUE,TRUE,TRUE,FALSE,FALSE
"43","PVP01_0109000","PY17X_1222400",TRUE,TRUE,TRUE,FALSE,TRUE
"44","PVP01_0109100","PY17X_1222500",TRUE,TRUE,TRUE,FALSE,FALSE
"45","PVP01_0109200","PY17X_1222600",TRUE,TRUE,TRUE,FALSE,TRUE
"46","PVP01_0109300","PY17X_1222700",TRUE,TRUE,TRUE,FALSE,TRUE
"47","PVP01_0109500","PY17X_1222900",TRUE,TRUE,TRUE,FALSE,FALSE
"48","PVP01_0109700","PY17X_1223100",TRUE,TRUE,TRUE,FALSE,TRUE
"49","PVP01_0109800","PY17X_1223200",TRUE,TRUE,TRUE,TRUE,FALSE
"50","PVP01_0109900","PY17X_1223300",TRUE,TRUE,TRUE,TRUE,TRUE
"51","PVP01_0110000","PY17X_1223400",TRUE,TRUE,TRUE,FALSE,TRUE
"52","PVP01_0110100","PY17X_1223500",TRUE,TRUE,TRUE,FALSE,TRUE
"53","PVP01_0110200","PY17X_1223600",TRUE,TRUE,TRUE,FALSE,TRUE
"54","PVP01_0110300","PY17X_1223700",TRUE,TRUE,TRUE,FALSE,TRUE
"55","PVP01_0110400","PY17X_1223800",TRUE,TRUE,TRUE,FALSE,TRUE
"56","PVP01_0110500","PY17X_1223900",TRUE,TRUE,TRUE,FALSE,FALSE
"57","PVP01_0110700","PY17X_1224100",TRUE,TRUE,TRUE,FALSE,TRUE
"58","PVP01_0110800","PY17X_1224200",TRUE,TRUE,TRUE,FALSE,FALSE
"59","PVP01_0110900","PY17X_1224300",TRUE,TRUE,TRUE,FALSE,TRUE
"60","PVP01_0111000","PY17X_1224400",TRUE,TRUE,TRUE,FALSE,TRUE
"61","PVP01_0111200","PY17X_1224600",TRUE,TRUE,TRUE,FALSE,FALSE
"62","PVP01_0111300","PY17X_1224700",TRUE,TRUE,TRUE,FALSE,TRUE
"63","PVP01_0111400","PY17X_1224800",TRUE,TRUE,TRUE,FALSE,TRUE
"64","PVP01_0111500","PY17X_1224900",TRUE,TRUE,TRUE,FALSE,TRUE
"65","PVP01_0111600","PY17X_1225000",TRUE,TRUE,TRUE,TRUE,TRUE
"66","PVP01_0111800","PY17X_1225200",TRUE,TRUE,TRUE,FALSE,TRUE
"67","PVP01_0111900","PY17X_1225300",TRUE,TRUE,TRUE,FALSE,TRUE
"68","PVP01_0111950","PY17X_1225400",TRUE,TRUE,TRUE,FALSE,FALSE
"69","PVP01_0112000","PY17X_1225500",TRUE,TRUE,TRUE,FALSE,FALSE
"70","PVP01_0112100","PY17X_1225600",TRUE,TRUE,TRUE,FALSE,TRUE
"71","PVP01_0112200","PY17X_1225700",TRUE,TRUE,TRUE,FALSE,TRUE
"72","PVP01_0112300","PY17X_1225800",TRUE,TRUE,TRUE,FALSE,TRUE
"73","PVP01_0112400","PY17X_1225900",TRUE,TRUE,TRUE,FALSE,TRUE
"74","PVP01_0112500","PY17X_1226000",TRUE,TRUE,TRUE,FALSE,FALSE
"75","PVP01_0112600","PY17X_1226100",TRUE,TRUE,TRUE,FALSE,TRUE
"76","PVP01_0112800","PY17X_1226200",TRUE,TRUE,TRUE,FALSE,TRUE
"77","PVP01_0112900","PY17X_1226300",TRUE,TRUE,TRUE,FALSE,TRUE
"78","PVP01_0113000","PY17X_1226400",TRUE,TRUE,TRUE,FALSE,TRUE
"79","PVP01_0113100","PY17X_1226500",TRUE,TRUE,TRUE,FALSE,TRUE
"80","PVP01_0113200","PY17X_1226600",FALSE,TRUE,FALSE,FALSE,TRUE
"81","PVP01_0113300","PY17X_1226700",TRUE,TRUE,TRUE,FALSE,TRUE
"82","PVP01_0113400","PY17X_1226800",TRUE,TRUE,TRUE,FALSE,TRUE
"83","PVP01_0113500","PY17X_1226900",TRUE,TRUE,TRUE,FALSE,TRUE
"84","PVP01_0113600","PY17X_1227000",TRUE,TRUE,TRUE,FALSE,TRUE
"85","PVP01_0113700","PY17X_1227100",TRUE,TRUE,TRUE,FALSE,TRUE
"86","PVP01_0113800","PY17X_1227200",TRUE,TRUE,TRUE,FALSE,TRUE
"87","PVP01_0113900","PY17X_1227300",TRUE,TRUE,TRUE,FALSE,FALSE
"88","PVP01_0114000","PY17X_1227400",TRUE,TRUE,TRUE,FALSE,FALSE
"89","PVP01_0114100","PY17X_1227500",TRUE,TRUE,TRUE,FALSE,FALSE
"90","PVP01_0114200","PY17X_1227600",TRUE,TRUE,TRUE,FALSE,TRUE
"91","PVP01_0114300","PY17X_1227700",FALSE,TRUE,FALSE,FALSE,FALSE
"92","PVP01_0114400","PY17X_1227800",TRUE,TRUE,TRUE,FALSE,FALSE
"93","PVP01_0114500","PY17X_1227900",TRUE,TRUE,TRUE,FALSE,TRUE
"94","PVP01_0114600","PY17X_1228000",TRUE,TRUE,TRUE,FALSE,TRUE
"95","PVP01_0114700","PY17X_1228100",TRUE,TRUE,TRUE,FALSE,FALSE
"96","PVP01_0114800","PY17X_1228200",TRUE,TRUE,TRUE,FALSE,TRUE
"97","PVP01_0115000","PY17X_1228300",TRUE,TRUE,TRUE,TRUE,TRUE
"98","PVP01_0115100","PY17X_1228400",TRUE,TRUE,TRUE,FALSE,FALSE
"99","PVP01_0115300","PY17X_1228600",FALSE,TRUE,FALSE,FALSE,FALSE
"100","PVP01_0115400","PY17X_1228700",TRUE,TRUE,TRUE,FALSE,FALSE
"101","PVP01_0115500","PY17X_1228800",TRUE,TRUE,TRUE,FALSE,FALSE
"102","PVP01_0115600","PY17X_1228900",TRUE,TRUE,TRUE,FALSE,TRUE
"103","PVP01_0115700","PY17X_1229000",TRUE,TRUE,TRUE,TRUE,TRUE
"104","PVP01_0115900","PY17X_1229200",TRUE,TRUE,TRUE,FALSE,TRUE
"105","PVP01_0116000","PY17X_1229300",TRUE,TRUE,TRUE,FALSE,TRUE
"106","PVP01_0116100","PY17X_1229400",TRUE,TRUE,TRUE,FALSE,TRUE
"107","PVP01_0116200","PY17X_1229500",TRUE,TRUE,TRUE,FALSE,TRUE
"108","PVP01_0116300","PY17X_1229600",TRUE,TRUE,TRUE,FALSE,TRUE
"109","PVP01_0116400","PY17X_1230000",TRUE,TRUE,TRUE,FALSE,FALSE
"110","PVP01_0116500","PY17X_1230100",TRUE,TRUE,TRUE,FALSE,TRUE
"111","PVP01_0116700","PY17X_1230200",TRUE,TRUE,TRUE,TRUE,TRUE
"112","PVP01_0116800","PY17X_1230300",TRUE,TRUE,TRUE,FALSE,TRUE
"113","PVP01_0116900","PY17X_1230400",TRUE,TRUE,TRUE,FALSE,TRUE
"114","PVP01_0117000","PY17X_1230500",TRUE,TRUE,TRUE,FALSE,FALSE
"115","PVP01_0117200","PY17X_1230700",TRUE,TRUE,TRUE,FALSE,TRUE
"116","PVP01_0117300","PY17X_1230800",TRUE,TRUE,TRUE,FALSE,FALSE
"117","PVP01_0117400","PY17X_1230900",TRUE,TRUE,TRUE,FALSE,TRUE
"118","PVP01_0117500","PY17X_1231000",TRUE,FALSE,FALSE,FALSE,TRUE
"119","PVP01_0117600","PY17X_1231100",TRUE,TRUE,TRUE,FALSE,TRUE
"120","PVP01_0117700","PY17X_1231200",TRUE,TRUE,TRUE,FALSE,TRUE
"121","PVP01_0117800","PY17X_1231300",TRUE,TRUE,TRUE,FALSE,TRUE
"122","PVP01_0117900","PY17X_1231400",TRUE,TRUE,TRUE,FALSE,TRUE
"123","PVP01_0118000","PY17X_1231500",TRUE,TRUE,TRUE,FALSE,TRUE
"124","PVP01_0118200","PY17X_1231700",TRUE,TRUE,TRUE,FALSE,TRUE
"125","PVP01_0118400","PY17X_1231900",TRUE,TRUE,TRUE,TRUE,TRUE
"126","PVP01_0118600","PY17X_1232100",TRUE,TRUE,TRUE,FALSE,FALSE
"127","PVP01_0118700","PY17X_1232200",TRUE,TRUE,TRUE,FALSE,TRUE
"128","PVP01_0118800","PY17X_1232300",FALSE,FALSE,FALSE,FALSE,TRUE
"129","PVP01_0118900","PY17X_1232400",FALSE,FALSE,FALSE,FALSE,TRUE
"130","PVP01_0203100","PY17X_0203100",FALSE,FALSE,FALSE,TRUE,FALSE
"131","PVP01_0203200","PY17X_0203200",TRUE,TRUE,TRUE,FALSE,TRUE
"132","PVP01_0203300","PY17X_0203300",TRUE,TRUE,TRUE,FALSE,TRUE
"133","PVP01_0203400","PY17X_0203400",TRUE,TRUE,TRUE,TRUE,TRUE
"134","PVP01_0203500","PY17X_0203500",TRUE,TRUE,TRUE,FALSE,TRUE
"135","PVP01_0203600","PY17X_0203600",TRUE,TRUE,TRUE,FALSE,TRUE
"136","PVP01_0203700","PY17X_0203700",TRUE,TRUE,TRUE,FALSE,FALSE
"137","PVP01_0203900","PY17X_0203900",TRUE,TRUE,TRUE,FALSE,TRUE
"138","PVP01_0204000","PY17X_0204000",TRUE,TRUE,TRUE,FALSE,TRUE
"139","PVP01_0204100","PY17X_0204100",TRUE,TRUE,TRUE,FALSE,FALSE
"140","PVP01_0204200","PY17X_0204200",TRUE,TRUE,TRUE,FALSE,FALSE
"141","PVP01_0204300","PY17X_0204300",TRUE,TRUE,TRUE,FALSE,TRUE
"142","PVP01_0204400","PY17X_0204400",TRUE,TRUE,TRUE,FALSE,TRUE
"143","PVP01_0204500","PY17X_0204500",TRUE,TRUE,TRUE,FALSE,FALSE
"144","PVP01_0204700","PY17X_0204700",TRUE,TRUE,TRUE,TRUE,FALSE
"145","PVP01_0204800","PY17X_0204800",TRUE,TRUE,TRUE,FALSE,FALSE
"146","PVP01_0204900","PY17X_0204900",TRUE,TRUE,TRUE,FALSE,TRUE
"147","PVP01_0205000","PY17X_0205000",FALSE,FALSE,FALSE,FALSE,FALSE
"148","PVP01_0205100","PY17X_0205050",FALSE,TRUE,FALSE,FALSE,FALSE
"149","PVP01_0205200","PY17X_0205150",FALSE,TRUE,FALSE,FALSE,FALSE
"150","PVP01_0205300","PY17X_0205200",TRUE,TRUE,TRUE,FALSE,TRUE
"151","PVP01_0205400","PY17X_0205300",TRUE,TRUE,TRUE,FALSE,FALSE
"152","PVP01_0205500","PY17X_0205400",TRUE,TRUE,TRUE,FALSE,FALSE
"153","PVP01_0205600","PY17X_0205500",TRUE,TRUE,TRUE,TRUE,FALSE
"154","PVP01_0205700","PY17X_0205600",TRUE,TRUE,TRUE,FALSE,FALSE
"155","PVP01_0205800","PY17X_0205700",TRUE,TRUE,TRUE,FALSE,TRUE
"156","PVP01_0205900","PY17X_0205800",TRUE,TRUE,TRUE,FALSE,TRUE
"157","PVP01_0206000","PY17X_0205900",TRUE,TRUE,TRUE,FALSE,TRUE
"158","PVP01_0206100","PY17X_0206000",TRUE,TRUE,TRUE,FALSE,TRUE
"159","PVP01_0206200","PY17X_0206100",TRUE,TRUE,TRUE,FALSE,TRUE
"160","PVP01_0206400","PY17X_0206300",TRUE,TRUE,TRUE,FALSE,FALSE
"161","PVP01_0206600","PY17X_0206500",TRUE,TRUE,TRUE,FALSE,TRUE
"162","PVP01_0206800","PY17X_0206700",TRUE,TRUE,TRUE,FALSE,TRUE
"163","PVP01_0206900","PY17X_0206800",TRUE,TRUE,TRUE,FALSE,TRUE
"164","PVP01_0207000","PY17X_0206900",TRUE,TRUE,TRUE,FALSE,FALSE
"165","PVP01_0207100","PY17X_0207000",TRUE,TRUE,TRUE,TRUE,TRUE
"166","PVP01_0207200","PY17X_0207100",TRUE,TRUE,TRUE,FALSE,TRUE
"167","PVP01_0207300","PY17X_0207200",TRUE,TRUE,TRUE,TRUE,TRUE
"168","PVP01_0207400","PY17X_0207300",TRUE,TRUE,TRUE,FALSE,TRUE
"169","PVP01_0207500","PY17X_0207400",TRUE,TRUE,TRUE,FALSE,TRUE
"170","PVP01_0207600","PY17X_0207500",TRUE,TRUE,TRUE,FALSE,TRUE
"171","PVP01_0207700","PY17X_0207600",TRUE,TRUE,TRUE,FALSE,FALSE
"172","PVP01_0207800","PY17X_0207700",TRUE,TRUE,TRUE,FALSE,TRUE
"173","PVP01_0207900","PY17X_0207800",TRUE,TRUE,TRUE,FALSE,TRUE
"174","PVP01_0208000","PY17X_0207900",TRUE,TRUE,TRUE,FALSE,TRUE
"175","PVP01_0208100","PY17X_0208000",TRUE,TRUE,TRUE,FALSE,TRUE
"176","PVP01_0208400","PY17X_0208300",TRUE,TRUE,TRUE,FALSE,FALSE
"177","PVP01_0208500","PY17X_0208400",TRUE,TRUE,TRUE,FALSE,TRUE
"178","PVP01_0208600","PY17X_0208500",TRUE,TRUE,TRUE,FALSE,TRUE
"179","PVP01_0208700","PY17X_0208600",TRUE,TRUE,TRUE,FALSE,FALSE
"180","PVP01_0208800","PY17X_0208700",TRUE,TRUE,TRUE,FALSE,FALSE
"181","PVP01_0208900","PY17X_0208800",TRUE,TRUE,TRUE,FALSE,FALSE
"182","PVP01_0209000","PY17X_0208900",TRUE,TRUE,TRUE,FALSE,TRUE
"183","PVP01_0209200","PY17X_0209100",TRUE,TRUE,TRUE,FALSE,TRUE
"184","PVP01_0209300","PY17X_0209200",TRUE,TRUE,TRUE,FALSE,FALSE
"185","PVP01_0209500","PY17X_0209400",TRUE,TRUE,TRUE,FALSE,TRUE
"186","PVP01_0209600","PY17X_0209500",TRUE,TRUE,TRUE,FALSE,TRUE
"187","PVP01_0209700","PY17X_0209600",TRUE,TRUE,TRUE,FALSE,TRUE
"188","PVP01_0209900","PY17X_0209700",TRUE,TRUE,TRUE,FALSE,TRUE
"189","PVP01_0210000","PY17X_0209800",FALSE,TRUE,FALSE,FALSE,FALSE
"190","PVP01_0210200","PY17X_0210000",TRUE,TRUE,TRUE,FALSE,FALSE
"191","PVP01_0210300","PY17X_0210100",TRUE,TRUE,TRUE,FALSE,FALSE
"192","PVP01_0210400","PY17X_0210200",TRUE,TRUE,TRUE,FALSE,TRUE
"193","PVP01_0210500","PY17X_0210300",TRUE,TRUE,TRUE,FALSE,TRUE
"194","PVP01_0210600","PY17X_0210400",TRUE,TRUE,TRUE,FALSE,TRUE
"195","PVP01_0210700","PY17X_0210500",FALSE,FALSE,FALSE,FALSE,FALSE
"196","PVP01_0210800","PY17X_0210600",TRUE,TRUE,TRUE,FALSE,TRUE
"197","PVP01_0210900","PY17X_0210700",TRUE,TRUE,TRUE,FALSE,TRUE
"198","PVP01_0211000","PY17X_0210800",TRUE,TRUE,TRUE,FALSE,FALSE
"199","PVP01_0211100","PY17X_0210900",TRUE,TRUE,TRUE,FALSE,FALSE
"200","PVP01_0211200","PY17X_0211000",TRUE,TRUE,TRUE,FALSE,TRUE
"201","PVP01_0211300","PY17X_0211100",TRUE,TRUE,TRUE,FALSE,TRUE
"202","PVP01_0211400","PY17X_0211200",TRUE,TRUE,TRUE,FALSE,TRUE
"203","PVP01_0211500","PY17X_0211300",TRUE,TRUE,TRUE,TRUE,FALSE
"204","PVP01_0211600","PY17X_0211400",TRUE,TRUE,TRUE,FALSE,TRUE
"205","PVP01_0211700","PY17X_0211500",FALSE,TRUE,FALSE,FALSE,TRUE
"206","PVP01_0211800","PY17X_0211600",TRUE,TRUE,TRUE,TRUE,TRUE
"207","PVP01_0212000","PY17X_0211800",TRUE,TRUE,TRUE,FALSE,TRUE
"208","PVP01_0212200","PY17X_0212000",TRUE,TRUE,TRUE,FALSE,TRUE
"209","PVP01_0212400","PY17X_0212200",TRUE,TRUE,TRUE,FALSE,FALSE
"210","PVP01_0212500","PY17X_0212300",FALSE,TRUE,FALSE,FALSE,FALSE
"211","PVP01_0212600","PY17X_0212400",TRUE,TRUE,TRUE,FALSE,FALSE
"212","PVP01_0212700","PY17X_0212500",TRUE,TRUE,TRUE,FALSE,FALSE
"213","PVP01_0212800","PY17X_0212600",TRUE,TRUE,TRUE,FALSE,FALSE
"214","PVP01_0212900","PY17X_0212700",TRUE,TRUE,TRUE,FALSE,TRUE
"215","PVP01_0213000","PY17X_0212800",TRUE,TRUE,TRUE,FALSE,FALSE
"216","PVP01_0213100","PY17X_0212900",TRUE,TRUE,TRUE,FALSE,FALSE
"217","PVP01_0213200","PY17X_0213000",TRUE,TRUE,TRUE,TRUE,TRUE
"218","PVP01_0213300","PY17X_0213100",TRUE,TRUE,TRUE,FALSE,TRUE
"219","PVP01_0213400","PY17X_0213200",TRUE,TRUE,TRUE,TRUE,FALSE
"220","PVP01_0213500","PY17X_0213300",TRUE,TRUE,TRUE,TRUE,TRUE
"221","PVP01_0213700","PY17X_0213500",TRUE,TRUE,TRUE,FALSE,TRUE
"222","PVP01_0214000","PY17X_0213800",TRUE,TRUE,TRUE,FALSE,TRUE
"223","PVP01_0214100","PY17X_0213900",TRUE,TRUE,TRUE,FALSE,TRUE
"224","PVP01_0214200","PY17X_0214000",FALSE,FALSE,FALSE,FALSE,TRUE
"225","PVP01_0214300","PY17X_0214100",TRUE,TRUE,TRUE,FALSE,TRUE
"226","PVP01_0214400","PY17X_0214200",TRUE,TRUE,TRUE,FALSE,TRUE
"227","PVP01_0214500","PY17X_0214300",TRUE,TRUE,TRUE,FALSE,TRUE
"228","PVP01_0214600","PY17X_0214400",TRUE,TRUE,TRUE,FALSE,FALSE
"229","PVP01_0214700","PY17X_0214500",TRUE,TRUE,TRUE,FALSE,TRUE
"230","PVP01_0214800","PY17X_0214600",TRUE,TRUE,TRUE,FALSE,FALSE
"231","PVP01_0214900","PY17X_0214700",TRUE,TRUE,TRUE,FALSE,FALSE
"232","PVP01_0215000","PY17X_0214800",TRUE,TRUE,TRUE,FALSE,TRUE
"233","PVP01_0215100","PY17X_0214900",TRUE,TRUE,TRUE,FALSE,TRUE
"234","PVP01_0215200","PY17X_0215000",TRUE,TRUE,TRUE,FALSE,FALSE
"235","PVP01_0215300","PY17X_0215100",TRUE,TRUE,TRUE,FALSE,TRUE
"236","PVP01_0215400","PY17X_0215200",TRUE,TRUE,TRUE,FALSE,TRUE
"237","PVP01_0215500","PY17X_0215300",TRUE,FALSE,FALSE,FALSE,FALSE
"238","PVP01_0215600","PY17X_0215400",TRUE,FALSE,FALSE,TRUE,TRUE
"239","PVP01_0215700","PY17X_0215500",FALSE,TRUE,FALSE,FALSE,TRUE
"240","PVP01_0215800","PY17X_0215600",TRUE,TRUE,TRUE,FALSE,FALSE
"241","PVP01_0215900","PY17X_0215700",TRUE,TRUE,TRUE,TRUE,FALSE
"242","PVP01_0216100","PY17X_0215900",TRUE,FALSE,FALSE,FALSE,TRUE
"243","PVP01_0217000","PY17X_0216500",FALSE,TRUE,FALSE,FALSE,FALSE
"244","PVP01_0302300","PY17X_1002100",TRUE,TRUE,TRUE,FALSE,TRUE
"245","PVP01_0302400","PY17X_1002200",TRUE,TRUE,TRUE,FALSE,TRUE
"246","PVP01_0302500","PY17X_1002300",FALSE,TRUE,FALSE,FALSE,FALSE
"247","PVP01_0302700","PY17X_1002500",TRUE,TRUE,TRUE,FALSE,TRUE
"248","PVP01_0302800","PY17X_1002600",TRUE,TRUE,TRUE,FALSE,TRUE
"249","PVP01_0303000","PY17X_1002800",TRUE,TRUE,TRUE,FALSE,FALSE
"250","PVP01_0303100","PY17X_1002900",TRUE,TRUE,TRUE,TRUE,TRUE
"251","PVP01_0303200","PY17X_1003000",TRUE,TRUE,TRUE,FALSE,TRUE
"252","PVP01_0303300","PY17X_1003100",TRUE,FALSE,FALSE,FALSE,FALSE
"253","PVP01_0303500","PY17X_1003300",TRUE,TRUE,TRUE,FALSE,TRUE
"254","PVP01_0303600","PY17X_1003400",TRUE,TRUE,TRUE,FALSE,TRUE
"255","PVP01_0303700","PY17X_1003500",TRUE,TRUE,TRUE,FALSE,TRUE
"256","PVP01_0303800","PY17X_1003600",FALSE,TRUE,FALSE,FALSE,FALSE
"257","PVP01_0304000","PY17X_1003700",TRUE,TRUE,TRUE,FALSE,TRUE
"258","PVP01_0304200","PY17X_1003900",FALSE,TRUE,FALSE,FALSE,TRUE
"259","PVP01_0304300","PY17X_1004000",TRUE,FALSE,FALSE,FALSE,TRUE
"260","PVP01_0304400","PY17X_1004100",TRUE,TRUE,TRUE,FALSE,TRUE
"261","PVP01_0304500","PY17X_1004200",TRUE,TRUE,TRUE,FALSE,TRUE
"262","PVP01_0304600","PY17X_1004300",TRUE,TRUE,TRUE,FALSE,TRUE
"263","PVP01_0304800","PY17X_1004500",TRUE,TRUE,TRUE,TRUE,FALSE
"264","PVP01_0304900","PY17X_1004600",TRUE,TRUE,TRUE,FALSE,TRUE
"265","PVP01_0305000","PY17X_1004700",TRUE,TRUE,TRUE,FALSE,TRUE
"266","PVP01_0305100","PY17X_1004800",TRUE,TRUE,TRUE,TRUE,TRUE
"267","PVP01_0305200","PY17X_1004900",TRUE,TRUE,TRUE,TRUE,TRUE
"268","PVP01_0305400","PY17X_1005100",TRUE,TRUE,TRUE,TRUE,TRUE
"269","PVP01_0305500","PY17X_1005200",TRUE,TRUE,TRUE,FALSE,TRUE
"270","PVP01_0305700","PY17X_1005400",TRUE,TRUE,TRUE,FALSE,TRUE
"271","PVP01_0305900","PY17X_1005600",TRUE,TRUE,TRUE,FALSE,TRUE
"272","PVP01_0306000","PY17X_1005700",TRUE,TRUE,TRUE,TRUE,TRUE
"273","PVP01_0306100","PY17X_1005800",TRUE,TRUE,TRUE,FALSE,FALSE
"274","PVP01_0306400","PY17X_1006100",TRUE,TRUE,TRUE,FALSE,FALSE
"275","PVP01_0306500","PY17X_1006200",TRUE,TRUE,TRUE,FALSE,FALSE
"276","PVP01_0306600","PY17X_1006300",TRUE,TRUE,TRUE,FALSE,FALSE
"277","PVP01_0306700","PY17X_1006400",TRUE,TRUE,TRUE,TRUE,FALSE
"278","PVP01_0306800","PY17X_1006500",TRUE,TRUE,TRUE,FALSE,TRUE
"279","PVP01_0307000","PY17X_1006700",TRUE,TRUE,TRUE,FALSE,TRUE
"280","PVP01_0307100","PY17X_1006800",TRUE,TRUE,TRUE,FALSE,TRUE
"281","PVP01_0307200","PY17X_1006900",TRUE,TRUE,TRUE,TRUE,TRUE
"282","PVP01_0307300","PY17X_1007000",TRUE,FALSE,FALSE,FALSE,FALSE
"283","PVP01_0307400","PY17X_1007100",TRUE,TRUE,TRUE,TRUE,FALSE
"284","PVP01_0307500","PY17X_1007200",FALSE,FALSE,FALSE,FALSE,FALSE
"285","PVP01_0307600","PY17X_1007300",TRUE,TRUE,TRUE,FALSE,TRUE
"286","PVP01_0307700","PY17X_1007400",TRUE,TRUE,TRUE,FALSE,TRUE
"287","PVP01_0307800","PY17X_1007500",TRUE,TRUE,TRUE,FALSE,FALSE
"288","PVP01_0307900","PY17X_1007600",FALSE,TRUE,FALSE,TRUE,TRUE
"289","PVP01_0308000","PY17X_1007700",FALSE,FALSE,FALSE,FALSE,TRUE
"290","PVP01_0308100","PY17X_1007800",TRUE,FALSE,FALSE,FALSE,TRUE
"291","PVP01_0308200","PY17X_1007900",TRUE,TRUE,TRUE,FALSE,FALSE
"292","PVP01_0308300","PY17X_1008000",TRUE,TRUE,TRUE,FALSE,TRUE
"293","PVP01_0308400","PY17X_1008100",TRUE,TRUE,TRUE,FALSE,FALSE
"294","PVP01_0308500","PY17X_1008200",TRUE,TRUE,TRUE,FALSE,TRUE
"295","PVP01_0308600","PY17X_1008300",TRUE,TRUE,TRUE,FALSE,TRUE
"296","PVP01_0308700","PY17X_1008400",TRUE,TRUE,TRUE,FALSE,FALSE
"297","PVP01_0308800","PY17X_1008500",TRUE,TRUE,TRUE,FALSE,TRUE
"298","PVP01_0308900","PY17X_1008600",TRUE,TRUE,TRUE,FALSE,TRUE
"299","PVP01_0309000","PY17X_1008700",TRUE,TRUE,TRUE,FALSE,TRUE
"300","PVP01_0309100","PY17X_1008800",TRUE,TRUE,TRUE,FALSE,TRUE
"301","PVP01_0309200","PY17X_1008900",FALSE,TRUE,FALSE,FALSE,FALSE
"302","PVP01_0309700","PY17X_1009400",TRUE,TRUE,TRUE,FALSE,FALSE
"303","PVP01_0309800","PY17X_1009500",TRUE,FALSE,FALSE,FALSE,FALSE
"304","PVP01_0309900","PY17X_1009600",TRUE,TRUE,TRUE,FALSE,TRUE
"305","PVP01_0310000","PY17X_1009700",TRUE,TRUE,TRUE,TRUE,TRUE
"306","PVP01_0310200","PY17X_0614800",TRUE,TRUE,TRUE,TRUE,FALSE
"307","PVP01_0310400","PY17X_0615000",TRUE,TRUE,TRUE,FALSE,TRUE
"308","PVP01_0310500","PY17X_0615100",TRUE,TRUE,TRUE,FALSE,TRUE
"309","PVP01_0310600","PY17X_0615200",TRUE,TRUE,TRUE,FALSE,FALSE
"310","PVP01_0311000","PY17X_0615600",FALSE,FALSE,FALSE,FALSE,TRUE
"311","PVP01_0311100","PY17X_0615700",TRUE,TRUE,TRUE,TRUE,TRUE
"312","PVP01_0311300","PY17X_0615900",TRUE,TRUE,TRUE,TRUE,TRUE
"313","PVP01_0311400","PY17X_0616000",TRUE,TRUE,TRUE,FALSE,TRUE
"314","PVP01_0311500","PY17X_0616100",TRUE,TRUE,TRUE,FALSE,TRUE
"315","PVP01_0311600","PY17X_0616200",TRUE,TRUE,TRUE,FALSE,TRUE
"316","PVP01_0311700","PY17X_0616300",TRUE,TRUE,TRUE,FALSE,TRUE
"317","PVP01_0311800","PY17X_0616400",TRUE,TRUE,TRUE,FALSE,FALSE
"318","PVP01_0311900","PY17X_0616500",TRUE,TRUE,TRUE,FALSE,TRUE
"319","PVP01_0312000","PY17X_0616600",TRUE,TRUE,TRUE,FALSE,FALSE
"320","PVP01_0312200","PY17X_0616800",TRUE,TRUE,TRUE,FALSE,FALSE
"321","PVP01_0312300","PY17X_0616900",TRUE,TRUE,TRUE,FALSE,TRUE
"322","PVP01_0312400","PY17X_0617000",TRUE,TRUE,TRUE,FALSE,TRUE
"323","PVP01_0312600","PY17X_0617200",TRUE,TRUE,TRUE,FALSE,TRUE
"324","PVP01_0312700","PY17X_0617300",TRUE,TRUE,TRUE,FALSE,TRUE
"325","PVP01_0312800","PY17X_0617400",TRUE,TRUE,TRUE,FALSE,FALSE
"326","PVP01_0312900","PY17X_0617500",TRUE,TRUE,TRUE,FALSE,TRUE
"327","PVP01_0313000","PY17X_0617600",TRUE,TRUE,TRUE,FALSE,TRUE
"328","PVP01_0313100","PY17X_0617700",TRUE,TRUE,TRUE,FALSE,TRUE
"329","PVP01_0313200","PY17X_0617800",TRUE,TRUE,TRUE,FALSE,TRUE
"330","PVP01_0313300","PY17X_0617900",TRUE,TRUE,TRUE,TRUE,TRUE
"331","PVP01_0313400","PY17X_0618000",TRUE,TRUE,TRUE,FALSE,FALSE
"332","PVP01_0313500","PY17X_0618100",TRUE,TRUE,TRUE,FALSE,FALSE
"333","PVP01_0313700","PY17X_0618300",TRUE,TRUE,TRUE,FALSE,TRUE
"334","PVP01_0313900","PY17X_0618500",TRUE,TRUE,TRUE,FALSE,TRUE
"335","PVP01_0314000","PY17X_0618600",FALSE,FALSE,FALSE,FALSE,TRUE
"336","PVP01_0314100","PY17X_0618700",TRUE,TRUE,TRUE,FALSE,FALSE
"337","PVP01_0314200","PY17X_0618800",TRUE,TRUE,TRUE,FALSE,TRUE
"338","PVP01_0314400","PY17X_0619000",TRUE,TRUE,TRUE,FALSE,TRUE
"339","PVP01_0314500","PY17X_0619100",TRUE,TRUE,TRUE,FALSE,FALSE
"340","PVP01_0314700","PY17X_0619200",TRUE,TRUE,TRUE,FALSE,FALSE
"341","PVP01_0314800","PY17X_0619300",TRUE,TRUE,TRUE,FALSE,FALSE
"342","PVP01_0314900","PY17X_0619400",TRUE,TRUE,TRUE,FALSE,TRUE
"343","PVP01_0315000","PY17X_0619500",TRUE,TRUE,TRUE,FALSE,FALSE
"344","PVP01_0315200","PY17X_0619700",TRUE,TRUE,TRUE,FALSE,FALSE
"345","PVP01_0315300","PY17X_0619800",TRUE,TRUE,TRUE,FALSE,FALSE
"346","PVP01_0315400","PY17X_0619900",TRUE,TRUE,TRUE,FALSE,TRUE
"347","PVP01_0315500","PY17X_0620000",TRUE,TRUE,TRUE,FALSE,TRUE
"348","PVP01_0315700","PY17X_0620200",TRUE,TRUE,TRUE,FALSE,FALSE
"349","PVP01_0315800","PY17X_0620300",TRUE,TRUE,TRUE,FALSE,TRUE
"350","PVP01_0315900","PY17X_0620400",TRUE,TRUE,TRUE,FALSE,TRUE
"351","PVP01_0316000","PY17X_0620500",TRUE,FALSE,FALSE,FALSE,FALSE
"352","PVP01_0316100","PY17X_0620600",TRUE,TRUE,TRUE,FALSE,TRUE
"353","PVP01_0316200","PY17X_0620700",TRUE,TRUE,TRUE,FALSE,FALSE
"354","PVP01_0316300","PY17X_0620800",TRUE,TRUE,TRUE,FALSE,TRUE
"355","PVP01_0316500","PY17X_0621000",TRUE,TRUE,TRUE,FALSE,TRUE
"356","PVP01_0316600","PY17X_0621100",TRUE,TRUE,TRUE,FALSE,FALSE
"357","PVP01_0316700","PY17X_0621200",TRUE,TRUE,TRUE,FALSE,TRUE
"358","PVP01_0316800","PY17X_0621300",TRUE,TRUE,TRUE,FALSE,TRUE
"359","PVP01_0316900","PY17X_0621400",TRUE,TRUE,TRUE,FALSE,FALSE
"360","PVP01_0317000","PY17X_0621500",TRUE,TRUE,TRUE,FALSE,TRUE
"361","PVP01_0317100","PY17X_0621600",TRUE,TRUE,TRUE,FALSE,FALSE
"362","PVP01_0317300","PY17X_0621800",TRUE,TRUE,TRUE,FALSE,TRUE
"363","PVP01_0317400","PY17X_0621900",FALSE,TRUE,FALSE,FALSE,TRUE
"364","PVP01_0317500","PY17X_0622000",TRUE,TRUE,TRUE,FALSE,FALSE
"365","PVP01_0317600","PY17X_0622100",TRUE,TRUE,TRUE,FALSE,TRUE
"366","PVP01_0317800","PY17X_0622300",TRUE,TRUE,TRUE,FALSE,FALSE
"367","PVP01_0317900","PY17X_0622400",TRUE,FALSE,FALSE,TRUE,TRUE
"368","PVP01_0318000","PY17X_0622500",TRUE,TRUE,TRUE,TRUE,TRUE
"369","PVP01_0318100","PY17X_0622600",TRUE,TRUE,TRUE,FALSE,FALSE
"370","PVP01_0318200","PY17X_0622700",TRUE,TRUE,TRUE,FALSE,TRUE
"371","PVP01_0318300","PY17X_0622800",TRUE,TRUE,TRUE,FALSE,TRUE
"372","PVP01_0318400","PY17X_0622900",TRUE,FALSE,FALSE,FALSE,FALSE
"373","PVP01_0318500","PY17X_0623000",FALSE,TRUE,FALSE,FALSE,FALSE
"374","PVP01_0318600","PY17X_0623100",FALSE,FALSE,FALSE,FALSE,FALSE
"375","PVP01_0318700","PY17X_0623200",TRUE,TRUE,TRUE,FALSE,FALSE
"376","PVP01_0318800","PY17X_0623300",FALSE,FALSE,FALSE,FALSE,FALSE
"377","PVP01_0318900","PY17X_0623400",FALSE,FALSE,FALSE,FALSE,TRUE
"378","PVP01_0319000","PY17X_0623500",TRUE,TRUE,TRUE,FALSE,FALSE
"379","PVP01_0319200","PY17X_0623700",TRUE,TRUE,TRUE,FALSE,FALSE
"380","PVP01_0319300","PY17X_0623800",TRUE,TRUE,TRUE,FALSE,FALSE
"381","PVP01_0319400","PY17X_0623900",TRUE,TRUE,TRUE,FALSE,FALSE
"382","PVP01_0319500","PY17X_0624000",TRUE,TRUE,TRUE,FALSE,TRUE
"383","PVP01_0319600","PY17X_0624100",TRUE,TRUE,TRUE,FALSE,FALSE
"384","PVP01_0319900","PY17X_0624400",TRUE,TRUE,TRUE,FALSE,TRUE
"385","PVP01_0320000","PY17X_0624500",TRUE,TRUE,TRUE,FALSE,TRUE
"386","PVP01_0320100","PY17X_0624600",TRUE,TRUE,TRUE,FALSE,FALSE
"387","PVP01_0320200","PY17X_0624700",TRUE,TRUE,TRUE,FALSE,TRUE
"388","PVP01_0320300","PY17X_0624800",TRUE,TRUE,TRUE,FALSE,TRUE
"389","PVP01_0320400","PY17X_0624900",TRUE,TRUE,TRUE,FALSE,TRUE
"390","PVP01_0320500","PY17X_0625000",TRUE,TRUE,TRUE,FALSE,TRUE
"391","PVP01_0320600","PY17X_0625100",TRUE,TRUE,TRUE,FALSE,TRUE
"392","PVP01_0320700","PY17X_0625200",TRUE,TRUE,TRUE,FALSE,FALSE
"393","PVP01_0320800","PY17X_0625300",TRUE,TRUE,TRUE,FALSE,TRUE
"394","PVP01_0320900","PY17X_0625400",TRUE,TRUE,TRUE,FALSE,TRUE
"395","PVP01_0321000","PY17X_0625500",TRUE,TRUE,TRUE,FALSE,TRUE
"396","PVP01_0405100","PY17X_0316800",TRUE,TRUE,TRUE,TRUE,TRUE
"397","PVP01_0405400","PY17X_0316700",TRUE,TRUE,TRUE,TRUE,TRUE
"398","PVP01_0405500","PY17X_0316600",TRUE,TRUE,TRUE,FALSE,TRUE
"399","PVP01_0405600","PY17X_0316500",FALSE,TRUE,FALSE,FALSE,TRUE
"400","PVP01_0405700","PY17X_0316400",TRUE,TRUE,TRUE,FALSE,FALSE
"401","PVP01_0405800","PY17X_0316300",TRUE,TRUE,TRUE,FALSE,FALSE
"402","PVP01_0406300","PY17X_0315900",TRUE,TRUE,TRUE,FALSE,FALSE
"403","PVP01_0406500","PY17X_0315700",TRUE,TRUE,TRUE,FALSE,FALSE
"404","PVP01_0406600","PY17X_0315600",TRUE,TRUE,TRUE,FALSE,TRUE
"405","PVP01_0406700","PY17X_0315500",TRUE,TRUE,TRUE,FALSE,FALSE
"406","PVP01_0406900","PY17X_0315300",FALSE,FALSE,FALSE,TRUE,FALSE
"407","PVP01_0407000","PY17X_0315200",TRUE,TRUE,TRUE,FALSE,FALSE
"408","PVP01_0407100","PY17X_0315100",TRUE,TRUE,TRUE,FALSE,FALSE
"409","PVP01_0407200","PY17X_0315000",TRUE,TRUE,TRUE,FALSE,FALSE
"410","PVP01_0407300","PY17X_0314900",TRUE,TRUE,TRUE,FALSE,TRUE
"411","PVP01_0407400","PY17X_0314800",TRUE,TRUE,TRUE,FALSE,TRUE
"412","PVP01_0407500","PY17X_0314700",TRUE,TRUE,TRUE,FALSE,TRUE
"413","PVP01_0407600","PY17X_0314600",TRUE,TRUE,TRUE,FALSE,FALSE
"414","PVP01_0407700","PY17X_0314500",TRUE,TRUE,TRUE,FALSE,FALSE
"415","PVP01_0407900","PY17X_0314300",TRUE,TRUE,TRUE,FALSE,TRUE
"416","PVP01_0408000","PY17X_0314200",TRUE,TRUE,TRUE,FALSE,TRUE
"417","PVP01_0408100","PY17X_0314100",TRUE,FALSE,FALSE,FALSE,FALSE
"418","PVP01_0408200","PY17X_0314000",TRUE,TRUE,TRUE,FALSE,TRUE
"419","PVP01_0408300","PY17X_0313900",TRUE,TRUE,TRUE,FALSE,TRUE
"420","PVP01_0408400","PY17X_0313800",TRUE,TRUE,TRUE,FALSE,TRUE
"421","PVP01_0408600","PY17X_0313600",TRUE,TRUE,TRUE,FALSE,TRUE
"422","PVP01_0408700","PY17X_0313500",TRUE,TRUE,TRUE,FALSE,TRUE
"423","PVP01_0408800","PY17X_0313400",TRUE,TRUE,TRUE,TRUE,FALSE
"424","PVP01_0409000","PY17X_0313200",TRUE,TRUE,TRUE,TRUE,TRUE
"425","PVP01_0409100","PY17X_0313100",TRUE,TRUE,TRUE,FALSE,TRUE
"426","PVP01_0409200","PY17X_0313000",TRUE,TRUE,TRUE,FALSE,TRUE
"427","PVP01_0409300","PY17X_0312900",TRUE,TRUE,TRUE,TRUE,TRUE
"428","PVP01_0409400","PY17X_0312800",TRUE,TRUE,TRUE,FALSE,TRUE
"429","PVP01_0409600","PY17X_0312600",TRUE,TRUE,TRUE,FALSE,FALSE
"430","PVP01_0409700","PY17X_0312500",TRUE,FALSE,FALSE,FALSE,TRUE
"431","PVP01_0409800","PY17X_0312400",TRUE,TRUE,TRUE,FALSE,FALSE
"432","PVP01_0409900","PY17X_0312300",TRUE,TRUE,TRUE,FALSE,FALSE
"433","PVP01_0410200","PY17X_0312000",TRUE,FALSE,FALSE,FALSE,FALSE
"434","PVP01_0410400","PY17X_0311800",TRUE,TRUE,TRUE,FALSE,FALSE
"435","PVP01_0410500","PY17X_0311700",TRUE,TRUE,TRUE,FALSE,TRUE
"436","PVP01_0410700","PY17X_0311600",TRUE,TRUE,TRUE,TRUE,FALSE
"437","PVP01_0410800","PY17X_0311500",TRUE,TRUE,TRUE,FALSE,TRUE
"438","PVP01_0410900","PY17X_0311400",TRUE,TRUE,TRUE,FALSE,FALSE
"439","PVP01_0411000","PY17X_0311300",TRUE,TRUE,TRUE,FALSE,FALSE
"440","PVP01_0411100","PY17X_0311200",FALSE,TRUE,FALSE,FALSE,TRUE
"441","PVP01_0411200","PY17X_0311100",TRUE,TRUE,TRUE,FALSE,FALSE
"442","PVP01_0411300","PY17X_0311000",FALSE,FALSE,FALSE,FALSE,TRUE
"443","PVP01_0411400","PY17X_0310900",TRUE,TRUE,TRUE,FALSE,TRUE
"444","PVP01_0411500","PY17X_0310800",TRUE,TRUE,TRUE,FALSE,FALSE
"445","PVP01_0411600","PY17X_0310700",TRUE,FALSE,FALSE,TRUE,TRUE
"446","PVP01_0411700","PY17X_0310600",TRUE,TRUE,TRUE,FALSE,FALSE
"447","PVP01_0411800","PY17X_0310500",TRUE,TRUE,TRUE,FALSE,TRUE
"448","PVP01_0411900","PY17X_0310400",TRUE,TRUE,TRUE,FALSE,FALSE
"449","PVP01_0412000","PY17X_0310300",TRUE,TRUE,TRUE,TRUE,TRUE
"450","PVP01_0412100","PY17X_0310200",TRUE,TRUE,TRUE,FALSE,TRUE
"451","PVP01_0412200","PY17X_0310100",TRUE,TRUE,TRUE,FALSE,FALSE
"452","PVP01_0412300","PY17X_0310000",TRUE,TRUE,TRUE,FALSE,FALSE
"453","PVP01_0412400","PY17X_0309900",TRUE,TRUE,TRUE,FALSE,TRUE
"454","PVP01_0412500","PY17X_0309800",TRUE,TRUE,TRUE,TRUE,TRUE
"455","PVP01_0412600","PY17X_0309700",TRUE,TRUE,TRUE,FALSE,TRUE
"456","PVP01_0412700","PY17X_0309600",TRUE,TRUE,TRUE,FALSE,FALSE
"457","PVP01_0412900","PY17X_0309400",TRUE,TRUE,TRUE,FALSE,TRUE
"458","PVP01_0413000","PY17X_0309300",TRUE,TRUE,TRUE,FALSE,TRUE
"459","PVP01_0413100","PY17X_0309200",TRUE,TRUE,TRUE,FALSE,FALSE
"460","PVP01_0413200","PY17X_0309100",TRUE,TRUE,TRUE,FALSE,TRUE
"461","PVP01_0413300","PY17X_0309000",TRUE,TRUE,TRUE,FALSE,TRUE
"462","PVP01_0413500","PY17X_0308900",TRUE,TRUE,TRUE,FALSE,TRUE
"463","PVP01_0413600","PY17X_0308800",TRUE,TRUE,TRUE,FALSE,FALSE
"464","PVP01_0413700","PY17X_0308700",TRUE,TRUE,TRUE,FALSE,FALSE
"465","PVP01_0413800","PY17X_0308600",TRUE,TRUE,TRUE,TRUE,TRUE
"466","PVP01_0413900","PY17X_0308500",TRUE,TRUE,TRUE,TRUE,TRUE
"467","PVP01_0414000","PY17X_0308400",TRUE,TRUE,TRUE,TRUE,FALSE
"468","PVP01_0414100","PY17X_0308300",TRUE,TRUE,TRUE,TRUE,FALSE
"469","PVP01_0414200","PY17X_0308200",TRUE,TRUE,TRUE,FALSE,FALSE
"470","PVP01_0414300","PY17X_0308100",TRUE,TRUE,TRUE,TRUE,FALSE
"471","PVP01_0414500","PY17X_0307900",TRUE,TRUE,TRUE,FALSE,FALSE
"472","PVP01_0414600","PY17X_0307800",TRUE,TRUE,TRUE,FALSE,TRUE
"473","PVP01_0414700","PY17X_0307700",TRUE,TRUE,TRUE,FALSE,TRUE
"474","PVP01_0414800","PY17X_0307600",TRUE,TRUE,TRUE,FALSE,FALSE
"475","PVP01_0414900","PY17X_0307500",TRUE,TRUE,TRUE,FALSE,FALSE
"476","PVP01_0415000","PY17X_0307400",TRUE,TRUE,TRUE,FALSE,TRUE
"477","PVP01_0415200","PY17X_0307300",TRUE,TRUE,TRUE,FALSE,TRUE
"478","PVP01_0415400","PY17X_0307100",TRUE,TRUE,TRUE,FALSE,TRUE
"479","PVP01_0415500","PY17X_0307000",FALSE,TRUE,FALSE,FALSE,FALSE
"480","PVP01_0415600","PY17X_0306900",TRUE,TRUE,TRUE,FALSE,FALSE
"481","PVP01_0415700","PY17X_0306800",TRUE,TRUE,TRUE,FALSE,FALSE
"482","PVP01_0415800","PY17X_0306700",TRUE,FALSE,FALSE,FALSE,TRUE
"483","PVP01_0415900","PY17X_0306600",TRUE,TRUE,TRUE,FALSE,TRUE
"484","PVP01_0416000","PY17X_0306500",TRUE,TRUE,TRUE,TRUE,FALSE
"485","PVP01_0416100","PY17X_0306400",TRUE,TRUE,TRUE,FALSE,TRUE
"486","PVP01_0416200","PY17X_0306300",TRUE,TRUE,TRUE,FALSE,FALSE
"487","PVP01_0416300","PY17X_0306200",TRUE,TRUE,TRUE,FALSE,TRUE
"488","PVP01_0416400","PY17X_0306100",TRUE,TRUE,TRUE,FALSE,FALSE
"489","PVP01_0416600","PY17X_0305900",TRUE,TRUE,TRUE,FALSE,FALSE
"490","PVP01_0416700","PY17X_0305800",TRUE,TRUE,TRUE,FALSE,TRUE
"491","PVP01_0416900","PY17X_0305700",TRUE,TRUE,TRUE,FALSE,TRUE
"492","PVP01_0417000","PY17X_0305700",TRUE,TRUE,TRUE,FALSE,TRUE
"493","PVP01_0417100","PY17X_0305700",TRUE,TRUE,TRUE,FALSE,TRUE
"494","PVP01_0417200","PY17X_0305700",TRUE,TRUE,TRUE,FALSE,TRUE
"495","PVP01_0417300","PY17X_0305700",TRUE,TRUE,TRUE,FALSE,TRUE
"496","PVP01_0417500","PY17X_0305600",TRUE,FALSE,FALSE,TRUE,TRUE
"497","PVP01_0417600","PY17X_0305600",TRUE,FALSE,FALSE,TRUE,TRUE
"498","PVP01_0417700","PY17X_0305500",TRUE,TRUE,TRUE,FALSE,TRUE
"499","PVP01_0417700","PY17X_0305600",TRUE,FALSE,FALSE,FALSE,TRUE
"500","PVP01_0417800","PY17X_0305500",TRUE,TRUE,TRUE,FALSE,TRUE
"501","PVP01_0417900","PY17X_0305400",TRUE,FALSE,FALSE,FALSE,TRUE
"502","PVP01_0418000","PY17X_0305300",TRUE,TRUE,TRUE,FALSE,FALSE
"503","PVP01_0418100","PY17X_0305200",TRUE,TRUE,TRUE,FALSE,TRUE
"504","PVP01_0418500","PY17X_0304900",TRUE,TRUE,TRUE,FALSE,TRUE
"505","PVP01_0418600","PY17X_0304800",TRUE,TRUE,TRUE,FALSE,FALSE
"506","PVP01_0418900","PY17X_0304500",TRUE,TRUE,TRUE,FALSE,TRUE
"507","PVP01_0419000","PY17X_0304400",TRUE,TRUE,TRUE,FALSE,TRUE
"508","PVP01_0419100","PY17X_0304300",TRUE,TRUE,TRUE,TRUE,TRUE
"509","PVP01_0419200","PY17X_0304200",TRUE,TRUE,TRUE,FALSE,TRUE
"510","PVP01_0419300","PY17X_0304100",TRUE,TRUE,TRUE,FALSE,FALSE
"511","PVP01_0419400","PY17X_0304000",TRUE,TRUE,TRUE,FALSE,TRUE
"512","PVP01_0419500","PY17X_0303900",TRUE,TRUE,TRUE,FALSE,TRUE
"513","PVP01_0419600","PY17X_0303800",TRUE,TRUE,TRUE,FALSE,FALSE
"514","PVP01_0419700","PY17X_0303700",TRUE,TRUE,TRUE,FALSE,FALSE
"515","PVP01_0419800","PY17X_0303600",FALSE,FALSE,FALSE,FALSE,TRUE
"516","PVP01_0420200","PY17X_0303300",TRUE,TRUE,TRUE,FALSE,TRUE
"517","PVP01_0420300","PY17X_0303200",TRUE,TRUE,TRUE,FALSE,TRUE
"518","PVP01_0420400","PY17X_0303100",TRUE,TRUE,TRUE,TRUE,TRUE
"519","PVP01_0420500","PY17X_0303000",TRUE,TRUE,TRUE,TRUE,TRUE
"520","PVP01_0420600","PY17X_0302900",TRUE,TRUE,TRUE,FALSE,TRUE
"521","PVP01_0420700","PY17X_0302800",FALSE,FALSE,FALSE,FALSE,TRUE
"522","PVP01_0420900","PY17X_0302600",TRUE,TRUE,TRUE,FALSE,TRUE
"523","PVP01_0421000","PY17X_0302500",TRUE,TRUE,TRUE,TRUE,TRUE
"524","PVP01_0421100","PY17X_0302400",TRUE,TRUE,TRUE,FALSE,FALSE
"525","PVP01_0421200","PY17X_0302300",TRUE,TRUE,TRUE,FALSE,FALSE
"526","PVP01_0421300","PY17X_0302200",TRUE,TRUE,TRUE,FALSE,FALSE
"527","PVP01_0421400","PY17X_0302100",TRUE,TRUE,TRUE,FALSE,FALSE
"528","PVP01_0421500","PY17X_0302000",FALSE,FALSE,FALSE,FALSE,TRUE
"529","PVP01_0421700","PY17X_0301800",TRUE,TRUE,TRUE,TRUE,TRUE
"530","PVP01_0421800","PY17X_0301700",TRUE,TRUE,TRUE,FALSE,TRUE
"531","PVP01_0422300","PY17X_0301400",TRUE,TRUE,TRUE,FALSE,TRUE
"532","PVP01_0422400","PY17X_0301300",TRUE,TRUE,TRUE,FALSE,FALSE
"533","PVP01_0505000","PY17X_0701600",TRUE,TRUE,TRUE,TRUE,FALSE
"534","PVP01_0505100","PY17X_0701700",TRUE,TRUE,TRUE,FALSE,TRUE
"535","PVP01_0505200","PY17X_0701800",TRUE,TRUE,TRUE,FALSE,FALSE
"536","PVP01_0505300","PY17X_0701900",TRUE,TRUE,TRUE,FALSE,TRUE
"537","PVP01_0505400","PY17X_0702000",TRUE,TRUE,TRUE,FALSE,TRUE
"538","PVP01_0505500","PY17X_0702100",TRUE,TRUE,TRUE,FALSE,TRUE
"539","PVP01_0505600","PY17X_0702200",TRUE,TRUE,TRUE,FALSE,TRUE
"540","PVP01_0505700","PY17X_0702300",TRUE,FALSE,FALSE,FALSE,TRUE
"541","PVP01_0505800","PY17X_0702400",TRUE,TRUE,TRUE,FALSE,TRUE
"542","PVP01_0505900","PY17X_0702500",TRUE,TRUE,TRUE,FALSE,TRUE
"543","PVP01_0506000","PY17X_0702600",TRUE,TRUE,TRUE,FALSE,FALSE
"544","PVP01_0506100","PY17X_0702700",TRUE,TRUE,TRUE,FALSE,FALSE
"545","PVP01_0506200","PY17X_0702800",TRUE,TRUE,TRUE,FALSE,TRUE
"546","PVP01_0506300","PY17X_0702900",TRUE,TRUE,TRUE,FALSE,TRUE
"547","PVP01_0506400","PY17X_0703000",FALSE,TRUE,FALSE,FALSE,TRUE
"548","PVP01_0506500","PY17X_0703100",TRUE,TRUE,TRUE,TRUE,FALSE
"549","PVP01_0506600","PY17X_0703200",TRUE,TRUE,TRUE,FALSE,TRUE
"550","PVP01_0506800","PY17X_0703400",TRUE,TRUE,TRUE,FALSE,FALSE
"551","PVP01_0506900","PY17X_0703500",TRUE,TRUE,TRUE,FALSE,FALSE
"552","PVP01_0507000","PY17X_0703600",FALSE,TRUE,FALSE,FALSE,TRUE
"553","PVP01_0507300","PY17X_0703900",TRUE,TRUE,TRUE,FALSE,TRUE
"554","PVP01_0507400","PY17X_0704000",TRUE,TRUE,TRUE,FALSE,TRUE
"555","PVP01_0507500","PY17X_0704100",TRUE,TRUE,TRUE,FALSE,TRUE
"556","PVP01_0507600","PY17X_0704200",TRUE,TRUE,TRUE,FALSE,FALSE
"557","PVP01_0507700","PY17X_0704300",TRUE,TRUE,TRUE,FALSE,FALSE
"558","PVP01_0507800","PY17X_0704400",TRUE,TRUE,TRUE,FALSE,TRUE
"559","PVP01_0507900","PY17X_0704500",TRUE,TRUE,TRUE,FALSE,TRUE
"560","PVP01_0508000","PY17X_0704600",TRUE,TRUE,TRUE,TRUE,TRUE
"561","PVP01_0508100","PY17X_0704700",TRUE,TRUE,TRUE,TRUE,FALSE
"562","PVP01_0508200","PY17X_0704800",TRUE,TRUE,TRUE,TRUE,TRUE
"563","PVP01_0508300","PY17X_0704900",TRUE,TRUE,TRUE,FALSE,TRUE
"564","PVP01_0508400","PY17X_0705000",TRUE,TRUE,TRUE,FALSE,TRUE
"565","PVP01_0508500","PY17X_0705100",TRUE,FALSE,FALSE,TRUE,FALSE
"566","PVP01_0508600","PY17X_0705200",FALSE,FALSE,FALSE,FALSE,TRUE
"567","PVP01_0508700","PY17X_0705300",TRUE,TRUE,TRUE,FALSE,FALSE
"568","PVP01_0508800","PY17X_0705400",TRUE,TRUE,TRUE,FALSE,FALSE
"569","PVP01_0508900","PY17X_0705500",TRUE,TRUE,TRUE,TRUE,TRUE
"570","PVP01_0509000","PY17X_0705600",TRUE,TRUE,TRUE,FALSE,TRUE
"571","PVP01_0509100","PY17X_0705700",FALSE,TRUE,FALSE,FALSE,TRUE
"572","PVP01_0509200","PY17X_0705800",FALSE,FALSE,FALSE,TRUE,FALSE
"573","PVP01_0509400","PY17X_0706000",TRUE,TRUE,TRUE,TRUE,TRUE
"574","PVP01_0509600","PY17X_0706200",TRUE,TRUE,TRUE,FALSE,TRUE
"575","PVP01_0509700","PY17X_0706300",TRUE,TRUE,TRUE,FALSE,TRUE
"576","PVP01_0509800","PY17X_0706400",TRUE,TRUE,TRUE,FALSE,TRUE
"577","PVP01_0509900","PY17X_0706500",TRUE,TRUE,TRUE,FALSE,TRUE
"578","PVP01_0510000","PY17X_0706600",TRUE,TRUE,TRUE,FALSE,FALSE
"579","PVP01_0510100","PY17X_0706700",TRUE,TRUE,TRUE,TRUE,TRUE
"580","PVP01_0510200","PY17X_0706800",TRUE,TRUE,TRUE,TRUE,TRUE
"581","PVP01_0510400","PY17X_0707000",TRUE,TRUE,TRUE,FALSE,TRUE
"582","PVP01_0510500","PY17X_0707100",TRUE,TRUE,TRUE,FALSE,FALSE
"583","PVP01_0510600","PY17X_0707200",TRUE,TRUE,TRUE,FALSE,FALSE
"584","PVP01_0510700","PY17X_0707300",TRUE,TRUE,TRUE,FALSE,FALSE
"585","PVP01_0510800","PY17X_0707400",TRUE,FALSE,FALSE,FALSE,FALSE
"586","PVP01_0510900","PY17X_0707500",TRUE,FALSE,FALSE,FALSE,FALSE
"587","PVP01_0511000","PY17X_0707600",TRUE,TRUE,TRUE,TRUE,FALSE
"588","PVP01_0511100","PY17X_0707700",TRUE,TRUE,TRUE,TRUE,FALSE
"589","PVP01_0511200","PY17X_0707800",TRUE,TRUE,TRUE,FALSE,TRUE
"590","PVP01_0511300","PY17X_0707900",TRUE,TRUE,TRUE,FALSE,TRUE
"591","PVP01_0511400","PY17X_0708000",TRUE,TRUE,TRUE,FALSE,FALSE
"592","PVP01_0511500","PY17X_0708100",TRUE,TRUE,TRUE,FALSE,TRUE
"593","PVP01_0511600","PY17X_0708200",TRUE,FALSE,FALSE,FALSE,TRUE
"594","PVP01_0511700","PY17X_0708300",TRUE,TRUE,TRUE,FALSE,TRUE
"595","PVP01_0511800","PY17X_0708400",TRUE,FALSE,FALSE,FALSE,FALSE
"596","PVP01_0511900","PY17X_0708500",TRUE,TRUE,TRUE,FALSE,TRUE
"597","PVP01_0512000","PY17X_0708600",TRUE,TRUE,TRUE,FALSE,FALSE
"598","PVP01_0512200","PY17X_0708900",TRUE,TRUE,TRUE,FALSE,FALSE
"599","PVP01_0512300","PY17X_0709000",TRUE,TRUE,TRUE,TRUE,TRUE
"600","PVP01_0512400","PY17X_0709100",TRUE,TRUE,TRUE,FALSE,TRUE
"601","PVP01_0512500","PY17X_0709200",TRUE,TRUE,TRUE,FALSE,FALSE
"602","PVP01_0512600","PY17X_0709300",TRUE,TRUE,TRUE,FALSE,FALSE
"603","PVP01_0512700","PY17X_0709400",TRUE,TRUE,TRUE,FALSE,TRUE
"604","PVP01_0512800","PY17X_0709500",TRUE,TRUE,TRUE,FALSE,TRUE
"605","PVP01_0512900","PY17X_0709600",TRUE,TRUE,TRUE,FALSE,TRUE
"606","PVP01_0513000","PY17X_0709700",TRUE,TRUE,TRUE,TRUE,FALSE
"607","PVP01_0513100","PY17X_0709800",TRUE,TRUE,TRUE,FALSE,TRUE
"608","PVP01_0513300","PY17X_0710000",TRUE,TRUE,TRUE,FALSE,FALSE
"609","PVP01_0513400","PY17X_0710100",TRUE,TRUE,TRUE,TRUE,TRUE
"610","PVP01_0513600","PY17X_0710300",TRUE,TRUE,TRUE,FALSE,TRUE
"611","PVP01_0513700","PY17X_0710400",TRUE,TRUE,TRUE,FALSE,TRUE
"612","PVP01_0513900","PY17X_0710600",TRUE,TRUE,TRUE,FALSE,FALSE
"613","PVP01_0514100","PY17X_0710800",TRUE,TRUE,TRUE,FALSE,FALSE
"614","PVP01_0514200","PY17X_0710900",TRUE,TRUE,TRUE,FALSE,FALSE
"615","PVP01_0514400","PY17X_0711100",TRUE,TRUE,TRUE,FALSE,TRUE
"616","PVP01_0514600","PY17X_0711300",TRUE,TRUE,TRUE,FALSE,TRUE
"617","PVP01_0514700","PY17X_0711400",TRUE,TRUE,TRUE,FALSE,FALSE
"618","PVP01_0514800","PY17X_0711500",TRUE,TRUE,TRUE,FALSE,TRUE
"619","PVP01_0514900","PY17X_0711600",FALSE,TRUE,FALSE,FALSE,FALSE
"620","PVP01_0515000","PY17X_0711700",TRUE,TRUE,TRUE,FALSE,TRUE
"621","PVP01_0515100","PY17X_0711800",FALSE,TRUE,FALSE,FALSE,TRUE
"622","PVP01_0515200","PY17X_0711900",TRUE,TRUE,TRUE,TRUE,TRUE
"623","PVP01_0515400","PY17X_0712100",TRUE,TRUE,TRUE,TRUE,FALSE
"624","PVP01_0515500","PY17X_0712200",TRUE,TRUE,TRUE,FALSE,FALSE
"625","PVP01_0516600","PY17X_0712300",TRUE,TRUE,TRUE,TRUE,TRUE
"626","PVP01_0516700","PY17X_0712400",TRUE,TRUE,TRUE,TRUE,TRUE
"627","PVP01_0516800","PY17X_0712500",TRUE,TRUE,TRUE,TRUE,FALSE
"628","PVP01_0516900","PY17X_0712600",TRUE,TRUE,TRUE,FALSE,TRUE
"629","PVP01_0517000","PY17X_0712700",TRUE,FALSE,FALSE,TRUE,FALSE
"630","PVP01_0517100","PY17X_0712800",TRUE,TRUE,TRUE,FALSE,FALSE
"631","PVP01_0517200","PY17X_0712900",TRUE,TRUE,TRUE,TRUE,FALSE
"632","PVP01_0517300","PY17X_0713000",TRUE,TRUE,TRUE,FALSE,FALSE
"633","PVP01_0517400","PY17X_0713100",TRUE,TRUE,TRUE,TRUE,TRUE
"634","PVP01_0517500","PY17X_0713200",TRUE,TRUE,TRUE,TRUE,FALSE
"635","PVP01_0517600","PY17X_0713300",TRUE,TRUE,TRUE,FALSE,FALSE
"636","PVP01_0517700","PY17X_0713400",TRUE,TRUE,TRUE,FALSE,TRUE
"637","PVP01_0517800","PY17X_0713500",TRUE,TRUE,TRUE,FALSE,FALSE
"638","PVP01_0517900","PY17X_0713600",TRUE,TRUE,TRUE,FALSE,TRUE
"639","PVP01_0518100","PY17X_0713800",TRUE,TRUE,TRUE,FALSE,FALSE
"640","PVP01_0518200","PY17X_0713900",TRUE,TRUE,TRUE,FALSE,TRUE
"641","PVP01_0518300","PY17X_0714000",TRUE,TRUE,TRUE,FALSE,FALSE
"642","PVP01_0518400","PY17X_0714100",TRUE,FALSE,FALSE,FALSE,FALSE
"643","PVP01_0518500","PY17X_0714200",FALSE,TRUE,FALSE,FALSE,FALSE
"644","PVP01_0518600","PY17X_0714300",TRUE,TRUE,TRUE,FALSE,FALSE
"645","PVP01_0518700","PY17X_0714400",TRUE,TRUE,TRUE,FALSE,TRUE
"646","PVP01_0518800","PY17X_0714500",FALSE,FALSE,FALSE,FALSE,TRUE
"647","PVP01_0518900","PY17X_0714600",TRUE,TRUE,TRUE,FALSE,TRUE
"648","PVP01_0519000","PY17X_0714700",FALSE,FALSE,FALSE,FALSE,FALSE
"649","PVP01_0519100","PY17X_0714800",TRUE,TRUE,TRUE,FALSE,TRUE
"650","PVP01_0519200","PY17X_0714900",TRUE,TRUE,TRUE,FALSE,FALSE
"651","PVP01_0519300","PY17X_0715000",TRUE,TRUE,TRUE,FALSE,FALSE
"652","PVP01_0519400","PY17X_0715100",TRUE,TRUE,TRUE,FALSE,FALSE
"653","PVP01_0519500","PY17X_0715200",TRUE,TRUE,TRUE,FALSE,TRUE
"654","PVP01_0519600","PY17X_0715300",TRUE,TRUE,TRUE,FALSE,TRUE
"655","PVP01_0519700","PY17X_0715400",TRUE,TRUE,TRUE,FALSE,TRUE
"656","PVP01_0519800","PY17X_0715500",TRUE,TRUE,TRUE,FALSE,TRUE
"657","PVP01_0519900","PY17X_0715600",TRUE,TRUE,TRUE,FALSE,TRUE
"658","PVP01_0520000","PY17X_0715700",TRUE,TRUE,TRUE,TRUE,TRUE
"659","PVP01_0520100","PY17X_0715800",TRUE,TRUE,TRUE,FALSE,FALSE
"660","PVP01_0520200","PY17X_0715900",TRUE,TRUE,TRUE,FALSE,TRUE
"661","PVP01_0520300","PY17X_0716000",TRUE,TRUE,TRUE,TRUE,TRUE
"662","PVP01_0520400","PY17X_0716100",TRUE,TRUE,TRUE,FALSE,FALSE
"663","PVP01_0520500","PY17X_0716200",TRUE,TRUE,TRUE,FALSE,FALSE
"664","PVP01_0520600","PY17X_0716300",TRUE,TRUE,TRUE,FALSE,TRUE
"665","PVP01_0520700","PY17X_0716400",TRUE,FALSE,FALSE,FALSE,TRUE
"666","PVP01_0520800","PY17X_0716500",TRUE,TRUE,TRUE,TRUE,TRUE
"667","PVP01_0521000","PY17X_0716700",TRUE,TRUE,TRUE,FALSE,FALSE
"668","PVP01_0521100","PY17X_0716800",TRUE,TRUE,TRUE,FALSE,FALSE
"669","PVP01_0521200","PY17X_0716900",TRUE,TRUE,TRUE,FALSE,FALSE
"670","PVP01_0521400","PY17X_0717100",TRUE,TRUE,TRUE,FALSE,FALSE
"671","PVP01_0521500","PY17X_0717200",TRUE,TRUE,TRUE,FALSE,FALSE
"672","PVP01_0521600","PY17X_0717300",TRUE,TRUE,TRUE,FALSE,TRUE
"673","PVP01_0521700","PY17X_0717400",TRUE,TRUE,TRUE,FALSE,TRUE
"674","PVP01_0521800","PY17X_0717500",TRUE,TRUE,TRUE,FALSE,TRUE
"675","PVP01_0521900","PY17X_0717600",TRUE,TRUE,TRUE,FALSE,TRUE
"676","PVP01_0522000","PY17X_0717700",TRUE,TRUE,TRUE,FALSE,TRUE
"677","PVP01_0522100","PY17X_0717800",TRUE,TRUE,TRUE,FALSE,TRUE
"678","PVP01_0522200","PY17X_0717900",TRUE,TRUE,TRUE,FALSE,TRUE
"679","PVP01_0522400","PY17X_0718000",TRUE,TRUE,TRUE,TRUE,TRUE
"680","PVP01_0525500","PY17X_0718300",TRUE,TRUE,TRUE,FALSE,TRUE
"681","PVP01_0525600","PY17X_0718400",TRUE,TRUE,TRUE,FALSE,FALSE
"682","PVP01_0525700","PY17X_0718500",TRUE,TRUE,TRUE,FALSE,TRUE
"683","PVP01_0525800","PY17X_0718600",TRUE,TRUE,TRUE,FALSE,TRUE
"684","PVP01_0525900","PY17X_0718700",TRUE,TRUE,TRUE,FALSE,FALSE
"685","PVP01_0526000","PY17X_0718800",TRUE,TRUE,TRUE,FALSE,TRUE
"686","PVP01_0526200","PY17X_0718900",TRUE,TRUE,TRUE,FALSE,TRUE
"687","PVP01_0526300","PY17X_0719000",TRUE,TRUE,TRUE,TRUE,TRUE
"688","PVP01_0526500","PY17X_0719200",TRUE,TRUE,TRUE,FALSE,TRUE
"689","PVP01_0526600","PY17X_0719300",TRUE,TRUE,TRUE,TRUE,FALSE
"690","PVP01_0526700","PY17X_0719400",TRUE,TRUE,TRUE,FALSE,TRUE
"691","PVP01_0526900","PY17X_0719600",TRUE,TRUE,TRUE,FALSE,TRUE
"692","PVP01_0527200","PY17X_0719900",TRUE,TRUE,TRUE,FALSE,TRUE
"693","PVP01_0527400","PY17X_0720100",TRUE,TRUE,TRUE,FALSE,TRUE
"694","PVP01_0527500","PY17X_0720200",TRUE,TRUE,TRUE,FALSE,FALSE
"695","PVP01_0527600","PY17X_0720300",TRUE,TRUE,TRUE,FALSE,FALSE
"696","PVP01_0527800","PY17X_0720500",TRUE,TRUE,TRUE,FALSE,TRUE
"697","PVP01_0527900","PY17X_0720600",TRUE,TRUE,TRUE,FALSE,TRUE
"698","PVP01_0528100","PY17X_0720800",TRUE,TRUE,TRUE,TRUE,TRUE
"699","PVP01_0528200","PY17X_0720900",FALSE,TRUE,FALSE,FALSE,TRUE
"700","PVP01_0528300","PY17X_0721000",TRUE,FALSE,FALSE,FALSE,TRUE
"701","PVP01_0528400","PY17X_0721100",FALSE,FALSE,FALSE,FALSE,FALSE
"702","PVP01_0528500","PY17X_0721200",TRUE,TRUE,TRUE,FALSE,TRUE
"703","PVP01_0528600","PY17X_0721300",TRUE,TRUE,TRUE,FALSE,TRUE
"704","PVP01_0528700","PY17X_0721400",TRUE,TRUE,TRUE,FALSE,FALSE
"705","PVP01_0528800","PY17X_0721500",TRUE,TRUE,TRUE,FALSE,TRUE
"706","PVP01_0528900","PY17X_0721600",TRUE,TRUE,TRUE,FALSE,TRUE
"707","PVP01_0529000","PY17X_0721700",TRUE,TRUE,TRUE,FALSE,FALSE
"708","PVP01_0529100","PY17X_0721800",TRUE,FALSE,FALSE,FALSE,TRUE
"709","PVP01_0529200","PY17X_0721900",TRUE,TRUE,TRUE,TRUE,TRUE
"710","PVP01_0529500","PY17X_0522800",TRUE,TRUE,TRUE,FALSE,FALSE
"711","PVP01_0529600","PY17X_0522900",TRUE,FALSE,FALSE,FALSE,TRUE
"712","PVP01_0529700","PY17X_0523000",TRUE,TRUE,TRUE,FALSE,TRUE
"713","PVP01_0529900","PY17X_0523200",TRUE,TRUE,TRUE,FALSE,TRUE
"714","PVP01_0530000","PY17X_0523300",TRUE,FALSE,FALSE,FALSE,TRUE
"715","PVP01_0530100","PY17X_0523400",TRUE,TRUE,TRUE,FALSE,TRUE
"716","PVP01_0530200","PY17X_0523500",TRUE,FALSE,FALSE,FALSE,TRUE
"717","PVP01_0530400","PY17X_0523700",FALSE,FALSE,FALSE,FALSE,TRUE
"718","PVP01_0530500","PY17X_0523800",TRUE,TRUE,TRUE,FALSE,TRUE
"719","PVP01_0530600","PY17X_0523900",TRUE,TRUE,TRUE,FALSE,FALSE
"720","PVP01_0530700","PY17X_0524000",TRUE,TRUE,TRUE,FALSE,FALSE
"721","PVP01_0530800","PY17X_0524100",TRUE,TRUE,TRUE,TRUE,TRUE
"722","PVP01_0530900","PY17X_0524200",TRUE,TRUE,TRUE,FALSE,TRUE
"723","PVP01_0531000","PY17X_0524300",TRUE,TRUE,TRUE,TRUE,TRUE
"724","PVP01_0531100","PY17X_0524400",TRUE,TRUE,TRUE,FALSE,FALSE
"725","PVP01_0531200","PY17X_0524500",TRUE,TRUE,TRUE,FALSE,FALSE
"726","PVP01_0531300","PY17X_0524600",TRUE,TRUE,TRUE,FALSE,FALSE
"727","PVP01_0531400","PY17X_0524700",TRUE,TRUE,TRUE,FALSE,TRUE
"728","PVP01_0531600","PY17X_0524900",TRUE,TRUE,TRUE,FALSE,FALSE
"729","PVP01_0531700","PY17X_0525000",TRUE,TRUE,TRUE,FALSE,TRUE
"730","PVP01_0532000","PY17X_0525300",TRUE,TRUE,TRUE,FALSE,TRUE
"731","PVP01_0532100","PY17X_0525400",TRUE,TRUE,TRUE,TRUE,FALSE
"732","PVP01_0532300","PY17X_0525600",TRUE,FALSE,FALSE,TRUE,TRUE
"733","PVP01_0532600","PY17X_0525700",FALSE,TRUE,FALSE,FALSE,TRUE
"734","PVP01_0602200","PY17X_0502300",TRUE,TRUE,TRUE,TRUE,TRUE
"735","PVP01_0602300","PY17X_0502400",TRUE,TRUE,TRUE,FALSE,TRUE
"736","PVP01_0602400","PY17X_0502500",TRUE,TRUE,TRUE,FALSE,TRUE
"737","PVP01_0602500","PY17X_0502600",TRUE,TRUE,TRUE,FALSE,FALSE
"738","PVP01_0602600","PY17X_0502700",TRUE,TRUE,TRUE,FALSE,TRUE
"739","PVP01_0602700","PY17X_0502800",TRUE,TRUE,TRUE,FALSE,TRUE
"740","PVP01_0602800","PY17X_0502900",TRUE,TRUE,TRUE,FALSE,FALSE
"741","PVP01_0603100","PY17X_0503200",TRUE,TRUE,TRUE,FALSE,TRUE
"742","PVP01_0603200","PY17X_0503300",TRUE,TRUE,TRUE,FALSE,TRUE
"743","PVP01_0603300","PY17X_0503400",TRUE,TRUE,TRUE,FALSE,FALSE
"744","PVP01_0603500","PY17X_0503600",TRUE,TRUE,TRUE,FALSE,FALSE
"745","PVP01_0603700","PY17X_0503800",FALSE,TRUE,FALSE,FALSE,FALSE
"746","PVP01_0603800","PY17X_0503900",TRUE,TRUE,TRUE,TRUE,TRUE
"747","PVP01_0603900","PY17X_0504000",TRUE,TRUE,TRUE,FALSE,TRUE
"748","PVP01_0604100","PY17X_0504200",TRUE,TRUE,TRUE,FALSE,TRUE
"749","PVP01_0604200","PY17X_0504300",TRUE,TRUE,TRUE,FALSE,FALSE
"750","PVP01_0604400","PY17X_0504500",FALSE,FALSE,FALSE,FALSE,TRUE
"751","PVP01_0604500","PY17X_0504600",FALSE,TRUE,FALSE,FALSE,TRUE
"752","PVP01_0604600","PY17X_0504700",TRUE,TRUE,TRUE,FALSE,FALSE
"753","PVP01_0604700","PY17X_0504800",TRUE,TRUE,TRUE,FALSE,TRUE
"754","PVP01_0605000","PY17X_0505100",TRUE,TRUE,TRUE,FALSE,TRUE
"755","PVP01_0605100","PY17X_0505200",TRUE,TRUE,TRUE,FALSE,TRUE
"756","PVP01_0605200","PY17X_0505300",TRUE,TRUE,TRUE,FALSE,FALSE
"757","PVP01_0605300","PY17X_0505400",FALSE,FALSE,FALSE,FALSE,TRUE
"758","PVP01_0605400","PY17X_0505500",TRUE,FALSE,FALSE,FALSE,TRUE
"759","PVP01_0605500","PY17X_0505600",TRUE,TRUE,TRUE,FALSE,TRUE
"760","PVP01_0605600","PY17X_0505700",TRUE,TRUE,TRUE,FALSE,FALSE
"761","PVP01_0605700","PY17X_0505800",TRUE,TRUE,TRUE,FALSE,TRUE
"762","PVP01_0605800","PY17X_0505900",TRUE,TRUE,TRUE,FALSE,TRUE
"763","PVP01_0605900","PY17X_0506000",TRUE,TRUE,TRUE,FALSE,TRUE
"764","PVP01_0606000","PY17X_0506100",TRUE,TRUE,TRUE,FALSE,TRUE
"765","PVP01_0606100","PY17X_0506200",TRUE,TRUE,TRUE,FALSE,TRUE
"766","PVP01_0606200","PY17X_0506300",TRUE,TRUE,TRUE,FALSE,TRUE
"767","PVP01_0606400","PY17X_0506500",TRUE,TRUE,TRUE,FALSE,TRUE
"768","PVP01_0606500","PY17X_0506600",TRUE,TRUE,TRUE,TRUE,FALSE
"769","PVP01_0606600","PY17X_0506700",TRUE,TRUE,TRUE,FALSE,FALSE
"770","PVP01_0606700","PY17X_0506800",TRUE,TRUE,TRUE,FALSE,TRUE
"771","PVP01_0606800","PY17X_0506900",TRUE,TRUE,TRUE,FALSE,FALSE
"772","PVP01_0607200","PY17X_0507300",TRUE,TRUE,TRUE,TRUE,TRUE
"773","PVP01_0607300","PY17X_0507400",TRUE,TRUE,TRUE,FALSE,FALSE
"774","PVP01_0607400","PY17X_0507500",TRUE,TRUE,TRUE,FALSE,TRUE
"775","PVP01_0607500","PY17X_0507600",TRUE,TRUE,TRUE,TRUE,TRUE
"776","PVP01_0607600","PY17X_0507700",TRUE,TRUE,TRUE,TRUE,TRUE
"777","PVP01_0607700","PY17X_0507800",TRUE,TRUE,TRUE,FALSE,TRUE
"778","PVP01_0607800","PY17X_0507900",TRUE,TRUE,TRUE,FALSE,TRUE
"779","PVP01_0607900","PY17X_0508000",TRUE,TRUE,TRUE,FALSE,TRUE
"780","PVP01_0608000","PY17X_0508100",TRUE,TRUE,TRUE,FALSE,TRUE
"781","PVP01_0608100","PY17X_0508200",TRUE,TRUE,TRUE,FALSE,TRUE
"782","PVP01_0608200","PY17X_0508300",TRUE,TRUE,TRUE,FALSE,TRUE
"783","PVP01_0608300","PY17X_0508400",TRUE,TRUE,TRUE,FALSE,TRUE
"784","PVP01_0608400","PY17X_0508500",TRUE,TRUE,TRUE,FALSE,FALSE
"785","PVP01_0608500","PY17X_0508600",TRUE,TRUE,TRUE,FALSE,TRUE
"786","PVP01_0608600","PY17X_0508700",TRUE,TRUE,TRUE,FALSE,TRUE
"787","PVP01_0608700","PY17X_0508800",TRUE,TRUE,TRUE,TRUE,FALSE
"788","PVP01_0608800","PY17X_0508900",FALSE,FALSE,FALSE,FALSE,FALSE
"789","PVP01_0608900","PY17X_0509000",FALSE,FALSE,FALSE,FALSE,TRUE
"790","PVP01_0609100","PY17X_0509200",TRUE,TRUE,TRUE,TRUE,TRUE
"791","PVP01_0609200","PY17X_0509300",TRUE,TRUE,TRUE,FALSE,FALSE
"792","PVP01_0609400","PY17X_0509500",TRUE,TRUE,TRUE,FALSE,FALSE
"793","PVP01_0609500","PY17X_0509600",TRUE,TRUE,TRUE,TRUE,FALSE
"794","PVP01_0609700","PY17X_0509800",TRUE,TRUE,TRUE,FALSE,FALSE
"795","PVP01_0609800","PY17X_0509900",TRUE,TRUE,TRUE,FALSE,TRUE
"796","PVP01_0609900","PY17X_0510000",TRUE,TRUE,TRUE,TRUE,TRUE
"797","PVP01_0610000","PY17X_0510100",TRUE,TRUE,TRUE,FALSE,TRUE
"798","PVP01_0610100","PY17X_0510200",TRUE,TRUE,TRUE,FALSE,TRUE
"799","PVP01_0610200","PY17X_0510300",TRUE,TRUE,TRUE,FALSE,TRUE
"800","PVP01_0610300","PY17X_0510400",TRUE,TRUE,TRUE,FALSE,TRUE
"801","PVP01_0610400","PY17X_0510500",TRUE,TRUE,TRUE,FALSE,FALSE
"802","PVP01_0610500","PY17X_0510600",TRUE,TRUE,TRUE,FALSE,TRUE
"803","PVP01_0610600","PY17X_0510700",TRUE,TRUE,TRUE,FALSE,TRUE
"804","PVP01_0610700","PY17X_0510800",TRUE,FALSE,FALSE,TRUE,TRUE
"805","PVP01_0610800","PY17X_0510900",TRUE,TRUE,TRUE,FALSE,TRUE
"806","PVP01_0610900","PY17X_0511000",TRUE,TRUE,TRUE,FALSE,TRUE
"807","PVP01_0611000","PY17X_0511100",TRUE,TRUE,TRUE,FALSE,TRUE
"808","PVP01_0611100","PY17X_0511200",TRUE,TRUE,TRUE,FALSE,TRUE
"809","PVP01_0611300","PY17X_0511400",FALSE,TRUE,FALSE,FALSE,TRUE
"810","PVP01_0611400","PY17X_0511500",TRUE,TRUE,TRUE,FALSE,TRUE
"811","PVP01_0611500","PY17X_0511600",TRUE,TRUE,TRUE,FALSE,TRUE
"812","PVP01_0611600","PY17X_0511700",FALSE,TRUE,FALSE,FALSE,FALSE
"813","PVP01_0611700","PY17X_0511800",FALSE,FALSE,FALSE,FALSE,TRUE
"814","PVP01_0611900","PY17X_0512000",TRUE,TRUE,TRUE,FALSE,TRUE
"815","PVP01_0612000","PY17X_0512100",TRUE,TRUE,TRUE,FALSE,FALSE
"816","PVP01_0612200","PY17X_0512300",TRUE,TRUE,TRUE,FALSE,TRUE
"817","PVP01_0612300","PY17X_0512400",TRUE,TRUE,TRUE,FALSE,FALSE
"818","PVP01_0612400","PY17X_0512500",TRUE,TRUE,TRUE,TRUE,TRUE
"819","PVP01_0612500","PY17X_0512600",TRUE,TRUE,TRUE,FALSE,TRUE
"820","PVP01_0612600","PY17X_0512700",TRUE,TRUE,TRUE,FALSE,FALSE
"821","PVP01_0612700","PY17X_0512800",FALSE,TRUE,FALSE,FALSE,TRUE
"822","PVP01_0612800","PY17X_0512900",TRUE,TRUE,TRUE,FALSE,FALSE
"823","PVP01_0612900","PY17X_0513000",TRUE,TRUE,TRUE,TRUE,FALSE
"824","PVP01_0613000","PY17X_0513100",TRUE,TRUE,TRUE,FALSE,TRUE
"825","PVP01_0613100","PY17X_0513200",TRUE,TRUE,TRUE,TRUE,FALSE
"826","PVP01_0613200","PY17X_0513300",TRUE,TRUE,TRUE,FALSE,FALSE
"827","PVP01_0613300","PY17X_0513400",TRUE,TRUE,TRUE,FALSE,FALSE
"828","PVP01_0613400","PY17X_0513500",FALSE,TRUE,FALSE,FALSE,TRUE
"829","PVP01_0613500","PY17X_0513600",TRUE,TRUE,TRUE,FALSE,FALSE
"830","PVP01_0613700","PY17X_0513800",TRUE,TRUE,TRUE,FALSE,FALSE
"831","PVP01_0613900","PY17X_0514000",TRUE,TRUE,TRUE,FALSE,TRUE
"832","PVP01_0614000","PY17X_0514100",TRUE,TRUE,TRUE,FALSE,TRUE
"833","PVP01_0614200","PY17X_0514200",TRUE,TRUE,TRUE,TRUE,TRUE
"834","PVP01_0614300","PY17X_0514300",TRUE,TRUE,TRUE,FALSE,TRUE
"835","PVP01_0614400","PY17X_0514400",TRUE,TRUE,TRUE,FALSE,FALSE
"836","PVP01_0614500","PY17X_0514500",TRUE,TRUE,TRUE,TRUE,TRUE
"837","PVP01_0614700","PY17X_0514700",TRUE,TRUE,TRUE,FALSE,FALSE
"838","PVP01_0614800","PY17X_0514800",FALSE,FALSE,FALSE,FALSE,TRUE
"839","PVP01_0614900","PY17X_0514900",TRUE,TRUE,TRUE,FALSE,FALSE
"840","PVP01_0615000","PY17X_0515000",TRUE,TRUE,TRUE,FALSE,TRUE
"841","PVP01_0615100","PY17X_0515100",TRUE,TRUE,TRUE,TRUE,TRUE
"842","PVP01_0615200","PY17X_0515200",TRUE,TRUE,TRUE,FALSE,TRUE
"843","PVP01_0615300","PY17X_0515300",TRUE,TRUE,TRUE,FALSE,TRUE
"844","PVP01_0615500","PY17X_0515400",TRUE,TRUE,TRUE,FALSE,TRUE
"845","PVP01_0615600","PY17X_0515500",TRUE,TRUE,TRUE,FALSE,TRUE
"846","PVP01_0615700","PY17X_0515600",TRUE,TRUE,TRUE,FALSE,FALSE
"847","PVP01_0615800","PY17X_0515700",TRUE,TRUE,TRUE,FALSE,FALSE
"848","PVP01_0615900","PY17X_0515800",TRUE,TRUE,TRUE,FALSE,FALSE
"849","PVP01_0616000","PY17X_0515900",TRUE,FALSE,FALSE,TRUE,FALSE
"850","PVP01_0616100","PY17X_0516000",TRUE,FALSE,FALSE,TRUE,TRUE
"851","PVP01_0616200","PY17X_0516100",TRUE,TRUE,TRUE,FALSE,TRUE
"852","PVP01_0616300","PY17X_0516200",TRUE,TRUE,TRUE,FALSE,FALSE
"853","PVP01_0616400","PY17X_0516300",TRUE,TRUE,TRUE,FALSE,TRUE
"854","PVP01_0616500","PY17X_0516400",TRUE,FALSE,FALSE,FALSE,TRUE
"855","PVP01_0616800","PY17X_0516600",TRUE,TRUE,TRUE,FALSE,FALSE
"856","PVP01_0616900","PY17X_0516700",TRUE,TRUE,TRUE,FALSE,FALSE
"857","PVP01_0617000","PY17X_0516800",FALSE,FALSE,FALSE,FALSE,FALSE
"858","PVP01_0617100","PY17X_0516900",TRUE,TRUE,TRUE,FALSE,FALSE
"859","PVP01_0617300","PY17X_0517100",FALSE,FALSE,FALSE,FALSE,TRUE
"860","PVP01_0617500","PY17X_0517300",TRUE,TRUE,TRUE,FALSE,TRUE
"861","PVP01_0617600","PY17X_0517400",TRUE,TRUE,TRUE,TRUE,TRUE
"862","PVP01_0617700","PY17X_0517500",TRUE,TRUE,TRUE,FALSE,TRUE
"863","PVP01_0617900","PY17X_0517700",TRUE,TRUE,TRUE,FALSE,FALSE
"864","PVP01_0618000","PY17X_0517800",TRUE,TRUE,TRUE,FALSE,TRUE
"865","PVP01_0618100","PY17X_0517900",TRUE,TRUE,TRUE,FALSE,FALSE
"866","PVP01_0618200","PY17X_0518000",TRUE,TRUE,TRUE,TRUE,TRUE
"867","PVP01_0618400","PY17X_0518200",TRUE,TRUE,TRUE,FALSE,FALSE
"868","PVP01_0618500","PY17X_0518300",TRUE,TRUE,TRUE,FALSE,TRUE
"869","PVP01_0618600","PY17X_0518400",TRUE,TRUE,TRUE,TRUE,TRUE
"870","PVP01_0618700","PY17X_0518500",TRUE,TRUE,TRUE,TRUE,TRUE
"871","PVP01_0618800","PY17X_0518600",TRUE,TRUE,TRUE,TRUE,TRUE
"872","PVP01_0618900","PY17X_0518700",FALSE,FALSE,FALSE,FALSE,TRUE
"873","PVP01_0619000","PY17X_0518800",TRUE,TRUE,TRUE,TRUE,FALSE
"874","PVP01_0619100","PY17X_0518900",TRUE,TRUE,TRUE,FALSE,TRUE
"875","PVP01_0619200","PY17X_0519000",FALSE,FALSE,FALSE,FALSE,FALSE
"876","PVP01_0619300","PY17X_0519100",TRUE,TRUE,TRUE,FALSE,TRUE
"877","PVP01_0619500","PY17X_0519300",TRUE,TRUE,TRUE,FALSE,FALSE
"878","PVP01_0619700","PY17X_0519500",TRUE,TRUE,TRUE,FALSE,TRUE
"879","PVP01_0619800","PY17X_0519600",TRUE,TRUE,TRUE,TRUE,TRUE
"880","PVP01_0619900","PY17X_0519700",TRUE,TRUE,TRUE,FALSE,FALSE
"881","PVP01_0620000","PY17X_0519800",TRUE,TRUE,TRUE,FALSE,TRUE
"882","PVP01_0620100","PY17X_0519900",TRUE,TRUE,TRUE,TRUE,TRUE
"883","PVP01_0620800","PY17X_0520500",TRUE,TRUE,TRUE,FALSE,TRUE
"884","PVP01_0621000","PY17X_0520700",TRUE,TRUE,TRUE,FALSE,FALSE
"885","PVP01_0621100","PY17X_0520800",TRUE,TRUE,TRUE,FALSE,FALSE
"886","PVP01_0621200","PY17X_0520900",TRUE,TRUE,TRUE,FALSE,TRUE
"887","PVP01_0621500","PY17X_0521100",TRUE,TRUE,TRUE,FALSE,TRUE
"888","PVP01_0621600","PY17X_0521200",TRUE,TRUE,TRUE,TRUE,TRUE
"889","PVP01_0621700","PY17X_0521300",TRUE,TRUE,TRUE,FALSE,TRUE
"890","PVP01_0621900","PY17X_0521500",TRUE,TRUE,TRUE,FALSE,TRUE
"891","PVP01_0622000","PY17X_0521600",TRUE,TRUE,TRUE,FALSE,FALSE
"892","PVP01_0622100","PY17X_0521700",TRUE,TRUE,TRUE,FALSE,TRUE
"893","PVP01_0622200","PY17X_0521800",TRUE,TRUE,TRUE,FALSE,TRUE
"894","PVP01_0622300","PY17X_0521900",TRUE,TRUE,TRUE,FALSE,TRUE
"895","PVP01_0622400","PY17X_0522000",TRUE,TRUE,TRUE,FALSE,TRUE
"896","PVP01_0622500","PY17X_0522100",TRUE,TRUE,TRUE,FALSE,TRUE
"897","PVP01_0622600","PY17X_0522200",TRUE,FALSE,FALSE,FALSE,TRUE
"898","PVP01_0622700","PY17X_0522300",TRUE,TRUE,TRUE,TRUE,TRUE
"899","PVP01_0701400","PY17X_0421200",TRUE,TRUE,TRUE,FALSE,TRUE
"900","PVP01_0701500","PY17X_0421100",TRUE,TRUE,TRUE,FALSE,TRUE
"901","PVP01_0701600","PY17X_0421000",TRUE,TRUE,TRUE,TRUE,TRUE
"902","PVP01_0701800","PY17X_0420800",TRUE,TRUE,TRUE,TRUE,TRUE
"903","PVP01_0702000","PY17X_0420600",TRUE,TRUE,TRUE,TRUE,TRUE
"904","PVP01_0702100","PY17X_0420500",TRUE,TRUE,TRUE,TRUE,TRUE
"905","PVP01_0702200","PY17X_0420400",TRUE,TRUE,TRUE,FALSE,TRUE
"906","PVP01_0702300","PY17X_0420300",TRUE,TRUE,TRUE,TRUE,FALSE
"907","PVP01_0702400","PY17X_0420200",TRUE,TRUE,TRUE,FALSE,TRUE
"908","PVP01_0702500","PY17X_0420100",TRUE,TRUE,TRUE,TRUE,TRUE
"909","PVP01_0702600","PY17X_0420000",TRUE,FALSE,FALSE,FALSE,TRUE
"910","PVP01_0702700","PY17X_0419900",TRUE,TRUE,TRUE,TRUE,TRUE
"911","PVP01_0702800","PY17X_0419800",TRUE,TRUE,TRUE,FALSE,TRUE
"912","PVP01_0702900","PY17X_0419700",TRUE,TRUE,TRUE,FALSE,TRUE
"913","PVP01_0703000","PY17X_0419600",TRUE,TRUE,TRUE,FALSE,TRUE
"914","PVP01_0703100","PY17X_0419500",TRUE,TRUE,TRUE,FALSE,FALSE
"915","PVP01_0703200","PY17X_0419400",TRUE,TRUE,TRUE,TRUE,TRUE
"916","PVP01_0703300","PY17X_0419300",TRUE,TRUE,TRUE,FALSE,TRUE
"917","PVP01_0703400","PY17X_0419200",TRUE,TRUE,TRUE,FALSE,TRUE
"918","PVP01_0703500","PY17X_0419100",TRUE,TRUE,TRUE,FALSE,TRUE
"919","PVP01_0703600","PY17X_0419000",TRUE,TRUE,TRUE,FALSE,FALSE
"920","PVP01_0703700","PY17X_0418900",TRUE,TRUE,TRUE,FALSE,TRUE
"921","PVP01_0703800","PY17X_0418800",TRUE,TRUE,TRUE,TRUE,TRUE
"922","PVP01_0703900","PY17X_0418700",TRUE,FALSE,FALSE,FALSE,FALSE
"923","PVP01_0704000","PY17X_0418600",TRUE,FALSE,FALSE,FALSE,FALSE
"924","PVP01_0704100","PY17X_0418500",TRUE,TRUE,TRUE,FALSE,FALSE
"925","PVP01_0704300","PY17X_0418300",TRUE,TRUE,TRUE,FALSE,TRUE
"926","PVP01_0704400","PY17X_0418200",TRUE,TRUE,TRUE,TRUE,FALSE
"927","PVP01_0704500","PY17X_0418100",TRUE,TRUE,TRUE,FALSE,TRUE
"928","PVP01_0704600","PY17X_0418000",TRUE,TRUE,TRUE,FALSE,FALSE
"929","PVP01_0704700","PY17X_0417900",TRUE,TRUE,TRUE,TRUE,TRUE
"930","PVP01_0704800","PY17X_0417800",TRUE,TRUE,TRUE,FALSE,FALSE
"931","PVP01_0704900","PY17X_0417700",FALSE,TRUE,FALSE,FALSE,TRUE
"932","PVP01_0705000","PY17X_0417600",FALSE,TRUE,FALSE,FALSE,TRUE
"933","PVP01_0705300","PY17X_0811600",TRUE,TRUE,TRUE,FALSE,FALSE
"934","PVP01_0705400","PY17X_0811700",TRUE,TRUE,TRUE,FALSE,FALSE
"935","PVP01_0705500","PY17X_0811800",TRUE,TRUE,TRUE,FALSE,FALSE
"936","PVP01_0705600","PY17X_0811900",TRUE,TRUE,TRUE,FALSE,TRUE
"937","PVP01_0705700","PY17X_0812000",TRUE,TRUE,TRUE,FALSE,TRUE
"938","PVP01_0705800","PY17X_0812100",TRUE,TRUE,TRUE,FALSE,TRUE
"939","PVP01_0705900","PY17X_0812200",TRUE,TRUE,TRUE,FALSE,TRUE
"940","PVP01_0706100","PY17X_0812300",TRUE,TRUE,TRUE,FALSE,FALSE
"941","PVP01_0706200","PY17X_0812400",TRUE,TRUE,TRUE,FALSE,FALSE
"942","PVP01_0706300","PY17X_0812500",TRUE,TRUE,TRUE,FALSE,FALSE
"943","PVP01_0706400","PY17X_0812600",TRUE,TRUE,TRUE,FALSE,FALSE
"944","PVP01_0706500","PY17X_0812700",TRUE,TRUE,TRUE,FALSE,TRUE
"945","PVP01_0706600","PY17X_0812800",TRUE,TRUE,TRUE,FALSE,TRUE
"946","PVP01_0706800","PY17X_0813000",TRUE,TRUE,TRUE,FALSE,TRUE
"947","PVP01_0707100","PY17X_0813100",TRUE,TRUE,TRUE,FALSE,FALSE
"948","PVP01_0707200","PY17X_0813200",TRUE,TRUE,TRUE,FALSE,FALSE
"949","PVP01_0707300","PY17X_0813300",TRUE,TRUE,TRUE,FALSE,TRUE
"950","PVP01_0707400","PY17X_0813400",TRUE,TRUE,TRUE,FALSE,TRUE
"951","PVP01_0707600","PY17X_0813600",TRUE,TRUE,TRUE,FALSE,TRUE
"952","PVP01_0707700","PY17X_0813700",FALSE,TRUE,FALSE,FALSE,FALSE
"953","PVP01_0707800","PY17X_0813800",TRUE,TRUE,TRUE,FALSE,FALSE
"954","PVP01_0707900","PY17X_0813900",TRUE,TRUE,TRUE,FALSE,FALSE
"955","PVP01_0708000","PY17X_0814000",TRUE,FALSE,FALSE,FALSE,TRUE
"956","PVP01_0708100","PY17X_0814100",TRUE,TRUE,TRUE,FALSE,FALSE
"957","PVP01_0708200","PY17X_0814200",TRUE,TRUE,TRUE,TRUE,TRUE
"958","PVP01_0708300","PY17X_0814300",TRUE,TRUE,TRUE,FALSE,FALSE
"959","PVP01_0708400","PY17X_0814400",TRUE,TRUE,TRUE,TRUE,TRUE
"960","PVP01_0708600","PY17X_0814600",TRUE,TRUE,TRUE,FALSE,TRUE
"961","PVP01_0708800","PY17X_0814800",TRUE,TRUE,TRUE,FALSE,TRUE
"962","PVP01_0708900","PY17X_0814900",TRUE,TRUE,TRUE,FALSE,TRUE
"963","PVP01_0709100","PY17X_0815000",TRUE,TRUE,TRUE,TRUE,FALSE
"964","PVP01_0709200","PY17X_0815100",TRUE,TRUE,TRUE,FALSE,FALSE
"965","PVP01_0709300","PY17X_0815200",TRUE,TRUE,TRUE,TRUE,TRUE
"966","PVP01_0709400","PY17X_0815300",TRUE,TRUE,TRUE,FALSE,TRUE
"967","PVP01_0709500","PY17X_0815400",TRUE,TRUE,TRUE,FALSE,TRUE
"968","PVP01_0709600","PY17X_0815500",TRUE,TRUE,TRUE,FALSE,TRUE
"969","PVP01_0709700","PY17X_0815600",TRUE,TRUE,TRUE,FALSE,FALSE
"970","PVP01_0709800","PY17X_0815700",TRUE,TRUE,TRUE,TRUE,TRUE
"971","PVP01_0709900","PY17X_0815800",TRUE,TRUE,TRUE,FALSE,FALSE
"972","PVP01_0710000","PY17X_0815900",TRUE,FALSE,FALSE,FALSE,TRUE
"973","PVP01_0710200","PY17X_0816100",TRUE,TRUE,TRUE,TRUE,TRUE
"974","PVP01_0710300","PY17X_0816200",TRUE,TRUE,TRUE,FALSE,TRUE
"975","PVP01_0710600","PY17X_0816500",TRUE,TRUE,TRUE,TRUE,TRUE
"976","PVP01_0710700","PY17X_0816600",FALSE,TRUE,FALSE,FALSE,TRUE
"977","PVP01_0710800","PY17X_0816700",TRUE,TRUE,TRUE,FALSE,TRUE
"978","PVP01_0710900","PY17X_0816800",TRUE,TRUE,TRUE,FALSE,TRUE
"979","PVP01_0711100","PY17X_0817000",TRUE,TRUE,TRUE,FALSE,TRUE
"980","PVP01_0711200","PY17X_0817100",TRUE,TRUE,TRUE,FALSE,TRUE
"981","PVP01_0711300","PY17X_0817200",TRUE,TRUE,TRUE,FALSE,TRUE
"982","PVP01_0711400","PY17X_0817300",TRUE,TRUE,TRUE,FALSE,FALSE
"983","PVP01_0711500","PY17X_0817400",TRUE,TRUE,TRUE,FALSE,TRUE
"984","PVP01_0711550","PY17X_0817450",FALSE,TRUE,FALSE,FALSE,FALSE
"985","PVP01_0711600","PY17X_0817500",TRUE,TRUE,TRUE,FALSE,TRUE
"986","PVP01_0711700","PY17X_0817600",TRUE,TRUE,TRUE,FALSE,TRUE
"987","PVP01_0711800","PY17X_0817700",TRUE,TRUE,TRUE,FALSE,TRUE
"988","PVP01_0711900","PY17X_0817800",TRUE,TRUE,TRUE,FALSE,TRUE
"989","PVP01_0712000","PY17X_0817900",TRUE,TRUE,TRUE,FALSE,TRUE
"990","PVP01_0712100","PY17X_0818000",TRUE,TRUE,TRUE,FALSE,FALSE
"991","PVP01_0712300","PY17X_0818200",TRUE,TRUE,TRUE,FALSE,TRUE
"992","PVP01_0712400","PY17X_0818300",TRUE,TRUE,TRUE,FALSE,TRUE
"993","PVP01_0712600","PY17X_0818500",TRUE,TRUE,TRUE,FALSE,FALSE
"994","PVP01_0712700","PY17X_0818600",TRUE,TRUE,TRUE,FALSE,TRUE
"995","PVP01_0712800","PY17X_0818700",TRUE,TRUE,TRUE,FALSE,TRUE
"996","PVP01_0713000","PY17X_0818900",TRUE,TRUE,TRUE,TRUE,TRUE
"997","PVP01_0713100","PY17X_0819000",TRUE,TRUE,TRUE,FALSE,FALSE
"998","PVP01_0713200","PY17X_0819100",TRUE,TRUE,TRUE,TRUE,TRUE
"999","PVP01_0713400","PY17X_0819300",TRUE,TRUE,TRUE,FALSE,TRUE
"1000","PVP01_0713500","PY17X_0819400",TRUE,TRUE,TRUE,TRUE,TRUE
"1001","PVP01_0713600","PY17X_0819500",TRUE,TRUE,TRUE,FALSE,FALSE
"1002","PVP01_0713700","PY17X_0819600",TRUE,TRUE,TRUE,FALSE,TRUE
"1003","PVP01_0713800","PY17X_0819700",TRUE,TRUE,TRUE,FALSE,TRUE
"1004","PVP01_0713900","PY17X_0819800",TRUE,TRUE,TRUE,FALSE,TRUE
"1005","PVP01_0714000","PY17X_0819900",TRUE,TRUE,TRUE,FALSE,TRUE
"1006","PVP01_0714100","PY17X_0820000",TRUE,TRUE,TRUE,FALSE,TRUE
"1007","PVP01_0714200","PY17X_0820100",FALSE,TRUE,FALSE,FALSE,TRUE
"1008","PVP01_0714300","PY17X_0820200",TRUE,TRUE,TRUE,FALSE,TRUE
"1009","PVP01_0714400","PY17X_0820300",TRUE,TRUE,TRUE,FALSE,TRUE
"1010","PVP01_0714500","PY17X_0820400",TRUE,TRUE,TRUE,FALSE,TRUE
"1011","PVP01_0714600","PY17X_0820500",TRUE,TRUE,TRUE,FALSE,TRUE
"1012","PVP01_0714700","PY17X_0820600",TRUE,FALSE,FALSE,FALSE,TRUE
"1013","PVP01_0714800","PY17X_0820700",TRUE,TRUE,TRUE,FALSE,TRUE
"1014","PVP01_0714900","PY17X_0820800",TRUE,TRUE,TRUE,TRUE,FALSE
"1015","PVP01_0715000","PY17X_0820900",TRUE,TRUE,TRUE,FALSE,TRUE
"1016","PVP01_0715100","PY17X_0821000",TRUE,TRUE,TRUE,FALSE,FALSE
"1017","PVP01_0715200","PY17X_0821100",TRUE,TRUE,TRUE,FALSE,FALSE
"1018","PVP01_0715300","PY17X_0821200",TRUE,TRUE,TRUE,FALSE,TRUE
"1019","PVP01_0715400","PY17X_0821300",TRUE,TRUE,TRUE,FALSE,TRUE
"1020","PVP01_0715500","PY17X_0821400",TRUE,TRUE,TRUE,FALSE,TRUE
"1021","PVP01_0715600","PY17X_0821500",TRUE,TRUE,TRUE,FALSE,FALSE
"1022","PVP01_0715700","PY17X_0821600",TRUE,TRUE,TRUE,FALSE,FALSE
"1023","PVP01_0715900","PY17X_0821800",TRUE,TRUE,TRUE,FALSE,TRUE
"1024","PVP01_0716000","PY17X_0821900",TRUE,TRUE,TRUE,FALSE,TRUE
"1025","PVP01_0716100","PY17X_0822000",TRUE,TRUE,TRUE,FALSE,TRUE
"1026","PVP01_0716200","PY17X_0822100",TRUE,TRUE,TRUE,FALSE,TRUE
"1027","PVP01_0716300","PY17X_0822200",TRUE,TRUE,TRUE,FALSE,TRUE
"1028","PVP01_0716400","PY17X_0822300",TRUE,TRUE,TRUE,FALSE,TRUE
"1029","PVP01_0716500","PY17X_0822400",TRUE,TRUE,TRUE,FALSE,FALSE
"1030","PVP01_0716600","PY17X_0822500",TRUE,TRUE,TRUE,FALSE,FALSE
"1031","PVP01_0716700","PY17X_0822600",TRUE,TRUE,TRUE,FALSE,FALSE
"1032","PVP01_0716800","PY17X_0822700",TRUE,TRUE,TRUE,TRUE,TRUE
"1033","PVP01_0717000","PY17X_0822800",TRUE,TRUE,TRUE,FALSE,TRUE
"1034","PVP01_0717200","PY17X_0823000",TRUE,TRUE,TRUE,FALSE,TRUE
"1035","PVP01_0717300","PY17X_0823100",TRUE,TRUE,TRUE,FALSE,TRUE
"1036","PVP01_0717400","PY17X_0823200",TRUE,TRUE,TRUE,FALSE,TRUE
"1037","PVP01_0717500","PY17X_0823300",TRUE,TRUE,TRUE,FALSE,TRUE
"1038","PVP01_0717600","PY17X_0823400",TRUE,TRUE,TRUE,FALSE,TRUE
"1039","PVP01_0717700","PY17X_0823500",FALSE,FALSE,FALSE,FALSE,TRUE
"1040","PVP01_0717800","PY17X_0823600",TRUE,TRUE,TRUE,FALSE,TRUE
"1041","PVP01_0717900","PY17X_0823700",TRUE,TRUE,TRUE,FALSE,TRUE
"1042","PVP01_0718000","PY17X_0823800",TRUE,TRUE,TRUE,FALSE,TRUE
"1043","PVP01_0718100","PY17X_0823900",TRUE,TRUE,TRUE,FALSE,TRUE
"1044","PVP01_0718200","PY17X_0824000",TRUE,TRUE,TRUE,FALSE,TRUE
"1045","PVP01_0718300","PY17X_0824100",TRUE,TRUE,TRUE,TRUE,TRUE
"1046","PVP01_0718400","PY17X_0824200",TRUE,TRUE,TRUE,FALSE,TRUE
"1047","PVP01_0718500","PY17X_0824300",TRUE,TRUE,TRUE,FALSE,FALSE
"1048","PVP01_0718600","PY17X_0824400",TRUE,TRUE,TRUE,FALSE,FALSE
"1049","PVP01_0718700","PY17X_0824500",TRUE,TRUE,TRUE,FALSE,TRUE
"1050","PVP01_0718800","PY17X_0824600",TRUE,TRUE,TRUE,FALSE,TRUE
"1051","PVP01_0718900","PY17X_0824700",TRUE,FALSE,FALSE,FALSE,TRUE
"1052","PVP01_0719100","PY17X_0824900",TRUE,TRUE,TRUE,FALSE,TRUE
"1053","PVP01_0719200","PY17X_0825000",TRUE,TRUE,TRUE,FALSE,TRUE
"1054","PVP01_0719300","PY17X_0825100",TRUE,TRUE,TRUE,FALSE,FALSE
"1055","PVP01_0719400","PY17X_0825200",TRUE,TRUE,TRUE,FALSE,FALSE
"1056","PVP01_0719600","PY17X_0825300",TRUE,TRUE,TRUE,FALSE,FALSE
"1057","PVP01_0719800","PY17X_0825500",TRUE,TRUE,TRUE,FALSE,FALSE
"1058","PVP01_0719900","PY17X_0825600",TRUE,TRUE,TRUE,TRUE,TRUE
"1059","PVP01_0720000","PY17X_0825700",TRUE,TRUE,TRUE,TRUE,FALSE
"1060","PVP01_0720100","PY17X_0825800",TRUE,TRUE,TRUE,FALSE,TRUE
"1061","PVP01_0720200","PY17X_0825900",TRUE,TRUE,TRUE,FALSE,TRUE
"1062","PVP01_0720300","PY17X_0826000",TRUE,TRUE,TRUE,FALSE,TRUE
"1063","PVP01_0720400","PY17X_0826100",TRUE,TRUE,TRUE,FALSE,TRUE
"1064","PVP01_0720500","PY17X_0826200",TRUE,TRUE,TRUE,TRUE,TRUE
"1065","PVP01_0720700","PY17X_0826400",TRUE,TRUE,TRUE,TRUE,FALSE
"1066","PVP01_0720800","PY17X_0826500",FALSE,FALSE,FALSE,FALSE,FALSE
"1067","PVP01_0720900","PY17X_0826600",TRUE,TRUE,TRUE,TRUE,TRUE
"1068","PVP01_0721000","PY17X_0826700",TRUE,TRUE,TRUE,FALSE,TRUE
"1069","PVP01_0721100","PY17X_0826800",TRUE,TRUE,TRUE,FALSE,TRUE
"1070","PVP01_0721200","PY17X_0826900",TRUE,TRUE,TRUE,FALSE,FALSE
"1071","PVP01_0721400","PY17X_0827100",TRUE,TRUE,TRUE,FALSE,TRUE
"1072","PVP01_0721500","PY17X_0827200",TRUE,TRUE,TRUE,FALSE,TRUE
"1073","PVP01_0721600","PY17X_0827300",TRUE,TRUE,TRUE,FALSE,TRUE
"1074","PVP01_0721700","PY17X_0827400",TRUE,TRUE,TRUE,FALSE,TRUE
"1075","PVP01_0721800","PY17X_0827500",TRUE,TRUE,TRUE,FALSE,TRUE
"1076","PVP01_0722000","PY17X_0827700",TRUE,TRUE,TRUE,FALSE,TRUE
"1077","PVP01_0722100","PY17X_0827800",TRUE,TRUE,TRUE,FALSE,TRUE
"1078","PVP01_0722200","PY17X_0827900",FALSE,TRUE,FALSE,FALSE,TRUE
"1079","PVP01_0722300","PY17X_0828000",TRUE,TRUE,TRUE,FALSE,TRUE
"1080","PVP01_0722400","PY17X_0828100",TRUE,TRUE,TRUE,FALSE,FALSE
"1081","PVP01_0722500","PY17X_0828200",TRUE,TRUE,TRUE,FALSE,TRUE
"1082","PVP01_0722600","PY17X_0828300",TRUE,TRUE,TRUE,FALSE,TRUE
"1083","PVP01_0722700","PY17X_0828400",TRUE,TRUE,TRUE,TRUE,TRUE
"1084","PVP01_0722800","PY17X_0828500",TRUE,TRUE,TRUE,FALSE,FALSE
"1085","PVP01_0723000","PY17X_0828700",TRUE,TRUE,TRUE,FALSE,FALSE
"1086","PVP01_0723200","PY17X_0828900",TRUE,TRUE,TRUE,FALSE,TRUE
"1087","PVP01_0723500","PY17X_0829100",TRUE,FALSE,FALSE,FALSE,FALSE
"1088","PVP01_0723600","PY17X_0829200",TRUE,TRUE,TRUE,FALSE,TRUE
"1089","PVP01_0723700","PY17X_0829300",TRUE,TRUE,TRUE,FALSE,TRUE
"1090","PVP01_0723800","PY17X_0829400",TRUE,TRUE,TRUE,FALSE,TRUE
"1091","PVP01_0723900","PY17X_0829500",TRUE,TRUE,TRUE,FALSE,TRUE
"1092","PVP01_0724000","PY17X_0829600",TRUE,FALSE,FALSE,FALSE,TRUE
"1093","PVP01_0724100","PY17X_0829700",TRUE,TRUE,TRUE,FALSE,FALSE
"1094","PVP01_0724200","PY17X_0829800",TRUE,TRUE,TRUE,FALSE,FALSE
"1095","PVP01_0724300","PY17X_0829900",TRUE,TRUE,TRUE,FALSE,TRUE
"1096","PVP01_0724400","PY17X_0830000",TRUE,TRUE,TRUE,TRUE,FALSE
"1097","PVP01_0724500","PY17X_0830100",TRUE,TRUE,TRUE,FALSE,TRUE
"1098","PVP01_0724600","PY17X_0830200",TRUE,TRUE,TRUE,FALSE,TRUE
"1099","PVP01_0724700","PY17X_0830300",TRUE,FALSE,FALSE,FALSE,TRUE
"1100","PVP01_0724800","PY17X_0830400",TRUE,TRUE,TRUE,FALSE,TRUE
"1101","PVP01_0724900","PY17X_0830500",TRUE,TRUE,TRUE,FALSE,TRUE
"1102","PVP01_0725200","PY17X_0830800",TRUE,TRUE,TRUE,TRUE,TRUE
"1103","PVP01_0725400","PY17X_0831000",TRUE,TRUE,TRUE,FALSE,TRUE
"1104","PVP01_0725500","PY17X_0831100",TRUE,TRUE,TRUE,FALSE,TRUE
"1105","PVP01_0725600","PY17X_0831200",TRUE,TRUE,TRUE,FALSE,TRUE
"1106","PVP01_0725700","PY17X_0831300",TRUE,TRUE,TRUE,FALSE,TRUE
"1107","PVP01_0725800","PY17X_0831400",TRUE,TRUE,TRUE,FALSE,TRUE
"1108","PVP01_0725900","PY17X_0831500",FALSE,TRUE,FALSE,FALSE,FALSE
"1109","PVP01_0726000","PY17X_0831600",TRUE,FALSE,FALSE,TRUE,TRUE
"1110","PVP01_0726100","PY17X_0831700",TRUE,TRUE,TRUE,FALSE,TRUE
"1111","PVP01_0726200","PY17X_0831800",TRUE,TRUE,TRUE,FALSE,TRUE
"1112","PVP01_0726300","PY17X_0831900",TRUE,TRUE,TRUE,FALSE,TRUE
"1113","PVP01_0726400","PY17X_0832000",TRUE,TRUE,TRUE,FALSE,FALSE
"1114","PVP01_0726500","PY17X_0832100",TRUE,TRUE,TRUE,FALSE,TRUE
"1115","PVP01_0726700","PY17X_0832300",TRUE,TRUE,TRUE,FALSE,FALSE
"1116","PVP01_0726800","PY17X_0832400",TRUE,TRUE,TRUE,FALSE,FALSE
"1117","PVP01_0726900","PY17X_0832500",TRUE,TRUE,TRUE,FALSE,TRUE
"1118","PVP01_0727000","PY17X_0832600",TRUE,TRUE,TRUE,FALSE,TRUE
"1119","PVP01_0727300","PY17X_0832900",TRUE,TRUE,TRUE,FALSE,FALSE
"1120","PVP01_0727400","PY17X_0833000",TRUE,TRUE,TRUE,FALSE,TRUE
"1121","PVP01_0727500","PY17X_0833100",TRUE,TRUE,TRUE,FALSE,TRUE
"1122","PVP01_0727600","PY17X_0833200",TRUE,TRUE,TRUE,FALSE,TRUE
"1123","PVP01_0727700","PY17X_0833300",TRUE,TRUE,TRUE,TRUE,TRUE
"1124","PVP01_0727900","PY17X_0833500",TRUE,TRUE,TRUE,FALSE,TRUE
"1125","PVP01_0728000","PY17X_0833600",FALSE,FALSE,FALSE,FALSE,FALSE
"1126","PVP01_0728100","PY17X_0833700",TRUE,FALSE,FALSE,FALSE,TRUE
"1127","PVP01_0728200","PY17X_0833800",TRUE,TRUE,TRUE,FALSE,TRUE
"1128","PVP01_0728300","PY17X_0833900",TRUE,TRUE,TRUE,FALSE,FALSE
"1129","PVP01_0728400","PY17X_0834000",TRUE,TRUE,TRUE,FALSE,FALSE
"1130","PVP01_0728600","PY17X_0834200",TRUE,TRUE,TRUE,FALSE,TRUE
"1131","PVP01_0728700","PY17X_0834300",FALSE,FALSE,FALSE,TRUE,TRUE
"1132","PVP01_0728900","PY17X_0834400",TRUE,TRUE,TRUE,TRUE,TRUE
"1133","PVP01_0729000","PY17X_0834500",TRUE,TRUE,TRUE,TRUE,TRUE
"1134","PVP01_0729200","PY17X_0834700",TRUE,TRUE,TRUE,TRUE,TRUE
"1135","PVP01_0729300","PY17X_0834800",TRUE,TRUE,TRUE,FALSE,TRUE
"1136","PVP01_0729500","PY17X_0835000",FALSE,FALSE,FALSE,FALSE,TRUE
"1137","PVP01_0729600","PY17X_0835100",TRUE,TRUE,TRUE,TRUE,FALSE
"1138","PVP01_0729700","PY17X_0835200",TRUE,TRUE,TRUE,FALSE,TRUE
"1139","PVP01_0729800","PY17X_0835300",TRUE,TRUE,TRUE,FALSE,FALSE
"1140","PVP01_0729900","PY17X_0835400",TRUE,TRUE,TRUE,FALSE,TRUE
"1141","PVP01_0730100","PY17X_0835600",TRUE,TRUE,TRUE,FALSE,TRUE
"1142","PVP01_0730200","PY17X_0835700",TRUE,FALSE,FALSE,FALSE,TRUE
"1143","PVP01_0730300","PY17X_0835800",FALSE,FALSE,FALSE,FALSE,FALSE
"1144","PVP01_0730400","PY17X_0835900",TRUE,TRUE,TRUE,FALSE,FALSE
"1145","PVP01_0730500","PY17X_0836000",TRUE,TRUE,TRUE,FALSE,FALSE
"1146","PVP01_0730600","PY17X_0836100",TRUE,TRUE,TRUE,FALSE,TRUE
"1147","PVP01_0730700","PY17X_0836200",TRUE,FALSE,FALSE,FALSE,TRUE
"1148","PVP01_0730800","PY17X_0836300",TRUE,TRUE,TRUE,FALSE,TRUE
"1149","PVP01_0730900","PY17X_0836400",TRUE,TRUE,TRUE,TRUE,TRUE
"1150","PVP01_0731000","PY17X_0836500",TRUE,TRUE,TRUE,FALSE,FALSE
"1151","PVP01_0731100","PY17X_0836600",TRUE,TRUE,TRUE,FALSE,FALSE
"1152","PVP01_0731200","PY17X_0836700",TRUE,TRUE,TRUE,FALSE,FALSE
"1153","PVP01_0731300","PY17X_0836800",TRUE,TRUE,TRUE,FALSE,FALSE
"1154","PVP01_0731500","PY17X_0837000",TRUE,TRUE,TRUE,TRUE,TRUE
"1155","PVP01_0731700","PY17X_0837200",TRUE,TRUE,TRUE,FALSE,TRUE
"1156","PVP01_0731800","PY17X_0837300",TRUE,TRUE,TRUE,FALSE,FALSE
"1157","PVP01_0731900","PY17X_0837400",FALSE,TRUE,FALSE,FALSE,FALSE
"1158","PVP01_0732000","PY17X_0837500",TRUE,TRUE,TRUE,FALSE,TRUE
"1159","PVP01_0732100","PY17X_0837600",TRUE,TRUE,TRUE,FALSE,FALSE
"1160","PVP01_0732200","PY17X_0837700",TRUE,TRUE,TRUE,FALSE,TRUE
"1161","PVP01_0732300","PY17X_0837800",TRUE,TRUE,TRUE,FALSE,TRUE
"1162","PVP01_0732400","PY17X_0837900",TRUE,TRUE,TRUE,FALSE,FALSE
"1163","PVP01_0732500","PY17X_0838000",FALSE,TRUE,FALSE,FALSE,TRUE
"1164","PVP01_0732600","PY17X_0838100",TRUE,TRUE,TRUE,FALSE,FALSE
"1165","PVP01_0732700","PY17X_0838200",TRUE,TRUE,TRUE,FALSE,FALSE
"1166","PVP01_0732800","PY17X_0838300",TRUE,TRUE,TRUE,FALSE,TRUE
"1167","PVP01_0732900","PY17X_0838400",TRUE,TRUE,TRUE,FALSE,TRUE
"1168","PVP01_0733000","PY17X_0838500",TRUE,TRUE,TRUE,FALSE,TRUE
"1169","PVP01_0733100","PY17X_0838600",TRUE,TRUE,TRUE,FALSE,TRUE
"1170","PVP01_0733200","PY17X_0838700",TRUE,TRUE,TRUE,FALSE,TRUE
"1171","PVP01_0733300","PY17X_0838800",TRUE,FALSE,FALSE,FALSE,TRUE
"1172","PVP01_0733400","PY17X_0838900",TRUE,TRUE,TRUE,FALSE,TRUE
"1173","PVP01_0733500","PY17X_0839000",TRUE,TRUE,TRUE,FALSE,TRUE
"1174","PVP01_0733700","PY17X_0839200",TRUE,TRUE,TRUE,FALSE,TRUE
"1175","PVP01_0733800","PY17X_0839300",FALSE,TRUE,FALSE,FALSE,TRUE
"1176","PVP01_0733900","PY17X_0839400",TRUE,TRUE,TRUE,FALSE,TRUE
"1177","PVP01_0734000","PY17X_0839500",TRUE,FALSE,FALSE,FALSE,FALSE
"1178","PVP01_0734500","PY17X_0839700",TRUE,TRUE,TRUE,FALSE,TRUE
"1179","PVP01_0802100","PY17X_1203800",FALSE,TRUE,FALSE,FALSE,TRUE
"1180","PVP01_0802200","PY17X_1203900",TRUE,TRUE,TRUE,TRUE,TRUE
"1181","PVP01_0802300","PY17X_1204000",TRUE,TRUE,TRUE,FALSE,TRUE
"1182","PVP01_0802500","PY17X_1204200",TRUE,TRUE,TRUE,FALSE,TRUE
"1183","PVP01_0802700","PY17X_1204400",TRUE,TRUE,TRUE,FALSE,TRUE
"1184","PVP01_0802800","PY17X_1204500",TRUE,TRUE,TRUE,FALSE,FALSE
"1185","PVP01_0802900","PY17X_1204600",TRUE,TRUE,TRUE,FALSE,TRUE
"1186","PVP01_0803000","PY17X_1204700",TRUE,TRUE,TRUE,FALSE,TRUE
"1187","PVP01_0803100","PY17X_1204800",TRUE,TRUE,TRUE,FALSE,TRUE
"1188","PVP01_0803300","PY17X_1205000",TRUE,TRUE,TRUE,FALSE,FALSE
"1189","PVP01_0803400","PY17X_1205100",TRUE,TRUE,TRUE,FALSE,TRUE
"1190","PVP01_0803500","PY17X_1205200",TRUE,TRUE,TRUE,FALSE,TRUE
"1191","PVP01_0803600","PY17X_1205300",TRUE,TRUE,TRUE,FALSE,TRUE
"1192","PVP01_0803700","PY17X_1205400",TRUE,FALSE,FALSE,FALSE,TRUE
"1193","PVP01_0803800","PY17X_1205500",TRUE,TRUE,TRUE,FALSE,FALSE
"1194","PVP01_0803900","PY17X_1205600",TRUE,TRUE,TRUE,FALSE,TRUE
"1195","PVP01_0804000","PY17X_1205700",TRUE,TRUE,TRUE,FALSE,TRUE
"1196","PVP01_0804100","PY17X_1205800",TRUE,TRUE,TRUE,FALSE,TRUE
"1197","PVP01_0804200","PY17X_1205900",TRUE,TRUE,TRUE,TRUE,TRUE
"1198","PVP01_0804300","PY17X_1206000",TRUE,TRUE,TRUE,FALSE,TRUE
"1199","PVP01_0804400","PY17X_1206100",TRUE,TRUE,TRUE,FALSE,TRUE
"1200","PVP01_0804500","PY17X_1206200",TRUE,TRUE,TRUE,FALSE,FALSE
"1201","PVP01_0804600","PY17X_1206300",TRUE,TRUE,TRUE,FALSE,FALSE
"1202","PVP01_0804700","PY17X_1206400",TRUE,TRUE,TRUE,FALSE,TRUE
"1203","PVP01_0804800","PY17X_1206500",TRUE,TRUE,TRUE,FALSE,FALSE
"1204","PVP01_0804900","PY17X_1206600",FALSE,FALSE,FALSE,FALSE,FALSE
"1205","PVP01_0805000","PY17X_1206700",FALSE,FALSE,FALSE,FALSE,FALSE
"1206","PVP01_0805100","PY17X_1206800",FALSE,FALSE,FALSE,FALSE,FALSE
"1207","PVP01_0805200","PY17X_1206900",TRUE,TRUE,TRUE,FALSE,TRUE
"1208","PVP01_0805300","PY17X_1207000",TRUE,TRUE,TRUE,FALSE,FALSE
"1209","PVP01_0805400","PY17X_1207100",TRUE,TRUE,TRUE,FALSE,TRUE
"1210","PVP01_0805500","PY17X_1207200",TRUE,FALSE,FALSE,TRUE,TRUE
"1211","PVP01_0805600","PY17X_1207300",TRUE,TRUE,TRUE,FALSE,FALSE
"1212","PVP01_0805700","PY17X_1207400",FALSE,FALSE,FALSE,FALSE,FALSE
"1213","PVP01_0805800","PY17X_1207500",TRUE,TRUE,TRUE,FALSE,TRUE
"1214","PVP01_0805900","PY17X_1207600",TRUE,TRUE,TRUE,FALSE,TRUE
"1215","PVP01_0806000","PY17X_1207700",FALSE,FALSE,FALSE,FALSE,TRUE
"1216","PVP01_0806100","PY17X_1207800",TRUE,TRUE,TRUE,TRUE,TRUE
"1217","PVP01_0806300","PY17X_1208000",TRUE,TRUE,TRUE,TRUE,TRUE
"1218","PVP01_0806400","PY17X_1208100",TRUE,TRUE,TRUE,TRUE,FALSE
"1219","PVP01_0806500","PY17X_1208200",TRUE,TRUE,TRUE,TRUE,FALSE
"1220","PVP01_0806600","PY17X_1208300",TRUE,TRUE,TRUE,FALSE,TRUE
"1221","PVP01_0806700","PY17X_1208400",TRUE,TRUE,TRUE,FALSE,TRUE
"1222","PVP01_0806800","PY17X_1208500",FALSE,FALSE,FALSE,FALSE,TRUE
"1223","PVP01_0806900","PY17X_1208600",TRUE,TRUE,TRUE,FALSE,TRUE
"1224","PVP01_0807000","PY17X_1208700",TRUE,FALSE,FALSE,FALSE,TRUE
"1225","PVP01_0807100","PY17X_1208800",TRUE,TRUE,TRUE,TRUE,FALSE
"1226","PVP01_0807200","PY17X_1208900",TRUE,TRUE,TRUE,FALSE,FALSE
"1227","PVP01_0807300","PY17X_1209000",TRUE,TRUE,TRUE,FALSE,TRUE
"1228","PVP01_0807600","PY17X_1209300",TRUE,TRUE,TRUE,FALSE,TRUE
"1229","PVP01_0807700","PY17X_1209400",TRUE,TRUE,TRUE,FALSE,TRUE
"1230","PVP01_0807900","PY17X_1209600",TRUE,TRUE,TRUE,FALSE,TRUE
"1231","PVP01_0808000","PY17X_1209700",TRUE,TRUE,TRUE,FALSE,FALSE
"1232","PVP01_0808100","PY17X_1209800",TRUE,TRUE,TRUE,FALSE,TRUE
"1233","PVP01_0808200","PY17X_1209900",TRUE,TRUE,TRUE,TRUE,TRUE
"1234","PVP01_0808300","PY17X_1210000",FALSE,FALSE,FALSE,TRUE,TRUE
"1235","PVP01_0808400","PY17X_1210100",TRUE,TRUE,TRUE,FALSE,TRUE
"1236","PVP01_0808500","PY17X_1210200",TRUE,TRUE,TRUE,FALSE,TRUE
"1237","PVP01_0808900","PY17X_1210400",TRUE,TRUE,TRUE,TRUE,FALSE
"1238","PVP01_0809000","PY17X_1210500",TRUE,TRUE,TRUE,FALSE,TRUE
"1239","PVP01_0809100","PY17X_1210600",TRUE,FALSE,FALSE,FALSE,FALSE
"1240","PVP01_0809200","PY17X_1210700",TRUE,TRUE,TRUE,FALSE,TRUE
"1241","PVP01_0809300","PY17X_1210800",TRUE,TRUE,TRUE,FALSE,TRUE
"1242","PVP01_0809400","PY17X_1210900",TRUE,TRUE,TRUE,FALSE,FALSE
"1243","PVP01_0809500","PY17X_1211000",TRUE,TRUE,TRUE,TRUE,FALSE
"1244","PVP01_0809600","PY17X_1211100",TRUE,TRUE,TRUE,TRUE,TRUE
"1245","PVP01_0809700","PY17X_1211200",TRUE,FALSE,FALSE,FALSE,TRUE
"1246","PVP01_0809800","PY17X_1211300",TRUE,TRUE,TRUE,FALSE,FALSE
"1247","PVP01_0809900","PY17X_1211400",TRUE,TRUE,TRUE,FALSE,TRUE
"1248","PVP01_0810000","PY17X_1211500",TRUE,TRUE,TRUE,FALSE,TRUE
"1249","PVP01_0810100","PY17X_1211600",TRUE,TRUE,TRUE,FALSE,FALSE
"1250","PVP01_0810200","PY17X_1211700",TRUE,TRUE,TRUE,FALSE,TRUE
"1251","PVP01_0810300","PY17X_1211800",TRUE,TRUE,TRUE,FALSE,TRUE
"1252","PVP01_0810400","PY17X_1211900",TRUE,TRUE,TRUE,TRUE,FALSE
"1253","PVP01_0810500","PY17X_1212000",FALSE,FALSE,FALSE,TRUE,FALSE
"1254","PVP01_0810600","PY17X_1212100",FALSE,FALSE,FALSE,FALSE,FALSE
"1255","PVP01_0810700","PY17X_1212200",TRUE,TRUE,TRUE,FALSE,FALSE
"1256","PVP01_0810800","PY17X_1212300",TRUE,TRUE,TRUE,TRUE,FALSE
"1257","PVP01_0810900","PY17X_1212400",TRUE,TRUE,TRUE,FALSE,TRUE
"1258","PVP01_0811000","PY17X_1212500",TRUE,TRUE,TRUE,TRUE,TRUE
"1259","PVP01_0811100","PY17X_1212600",TRUE,FALSE,FALSE,FALSE,TRUE
"1260","PVP01_0811200","PY17X_1212700",TRUE,TRUE,TRUE,TRUE,TRUE
"1261","PVP01_0811300","PY17X_1212800",TRUE,TRUE,TRUE,FALSE,TRUE
"1262","PVP01_0811400","PY17X_1212900",TRUE,TRUE,TRUE,FALSE,TRUE
"1263","PVP01_0811500","PY17X_1213000",TRUE,TRUE,TRUE,FALSE,TRUE
"1264","PVP01_0811600","PY17X_1213100",TRUE,TRUE,TRUE,FALSE,TRUE
"1265","PVP01_0811700","PY17X_1213200",TRUE,TRUE,TRUE,FALSE,TRUE
"1266","PVP01_0811800","PY17X_1213300",TRUE,TRUE,TRUE,FALSE,TRUE
"1267","PVP01_0811900","PY17X_1213400",TRUE,TRUE,TRUE,FALSE,TRUE
"1268","PVP01_0812000","PY17X_1213500",TRUE,TRUE,TRUE,FALSE,FALSE
"1269","PVP01_0812100","PY17X_1213600",TRUE,TRUE,TRUE,FALSE,TRUE
"1270","PVP01_0812200","PY17X_1213700",TRUE,TRUE,TRUE,FALSE,TRUE
"1271","PVP01_0812300","PY17X_1213800",TRUE,TRUE,TRUE,FALSE,FALSE
"1272","PVP01_0812400","PY17X_1213900",TRUE,TRUE,TRUE,FALSE,TRUE
"1273","PVP01_0812500","PY17X_1214000",TRUE,TRUE,TRUE,FALSE,TRUE
"1274","PVP01_0812600","PY17X_1214100",FALSE,TRUE,FALSE,FALSE,TRUE
"1275","PVP01_0812700","PY17X_1214200",TRUE,TRUE,TRUE,TRUE,TRUE
"1276","PVP01_0812800","PY17X_1214300",TRUE,TRUE,TRUE,TRUE,TRUE
"1277","PVP01_0812900","PY17X_1214400",TRUE,TRUE,TRUE,FALSE,TRUE
"1278","PVP01_0813000","PY17X_1214500",TRUE,TRUE,TRUE,TRUE,TRUE
"1279","PVP01_0813200","PY17X_1214700",TRUE,TRUE,TRUE,TRUE,TRUE
"1280","PVP01_0813300","PY17X_1214800",TRUE,TRUE,TRUE,FALSE,TRUE
"1281","PVP01_0813400","PY17X_1214900",TRUE,TRUE,TRUE,FALSE,TRUE
"1282","PVP01_0813500","PY17X_1215000",TRUE,TRUE,TRUE,FALSE,TRUE
"1283","PVP01_0813600","PY17X_1215100",TRUE,TRUE,TRUE,FALSE,TRUE
"1284","PVP01_0813800","PY17X_1215300",FALSE,TRUE,FALSE,FALSE,TRUE
"1285","PVP01_0813900","PY17X_1215400",TRUE,FALSE,FALSE,FALSE,TRUE
"1286","PVP01_0814000","PY17X_1215500",TRUE,TRUE,TRUE,FALSE,TRUE
"1287","PVP01_0814100","PY17X_1215600",TRUE,FALSE,FALSE,FALSE,TRUE
"1288","PVP01_0814200","PY17X_1215700",TRUE,FALSE,FALSE,TRUE,TRUE
"1289","PVP01_0814300","PY17X_1215800",TRUE,TRUE,TRUE,FALSE,FALSE
"1290","PVP01_0814500","PY17X_1216000",TRUE,TRUE,TRUE,FALSE,FALSE
"1291","PVP01_0814700","PY17X_1216200",TRUE,TRUE,TRUE,FALSE,TRUE
"1292","PVP01_0814800","PY17X_1216300",TRUE,TRUE,TRUE,FALSE,TRUE
"1293","PVP01_0814900","PY17X_1216400",FALSE,FALSE,FALSE,TRUE,TRUE
"1294","PVP01_0815100","PY17X_1216600",TRUE,TRUE,TRUE,FALSE,TRUE
"1295","PVP01_0815200","PY17X_1216700",TRUE,TRUE,TRUE,FALSE,TRUE
"1296","PVP01_0815300","PY17X_1216800",TRUE,TRUE,TRUE,TRUE,TRUE
"1297","PVP01_0815400","PY17X_1216900",TRUE,TRUE,TRUE,FALSE,TRUE
"1298","PVP01_0815500","PY17X_1217000",TRUE,TRUE,TRUE,TRUE,FALSE
"1299","PVP01_0815600","PY17X_1217100",TRUE,TRUE,TRUE,FALSE,FALSE
"1300","PVP01_0815700","PY17X_1217200",TRUE,TRUE,TRUE,FALSE,FALSE
"1301","PVP01_0815800","PY17X_1217300",TRUE,TRUE,TRUE,FALSE,TRUE
"1302","PVP01_0815900","PY17X_1217400",TRUE,TRUE,TRUE,FALSE,TRUE
"1303","PVP01_0816000","PY17X_1217500",TRUE,TRUE,TRUE,FALSE,FALSE
"1304","PVP01_0816200","PY17X_1217700",TRUE,FALSE,FALSE,FALSE,TRUE
"1305","PVP01_0816300","PY17X_1217800",TRUE,TRUE,TRUE,FALSE,TRUE
"1306","PVP01_0816400","PY17X_1217900",TRUE,TRUE,TRUE,FALSE,TRUE
"1307","PVP01_0816500","PY17X_1218000",TRUE,TRUE,TRUE,FALSE,FALSE
"1308","PVP01_0816600","PY17X_1218100",TRUE,TRUE,TRUE,FALSE,FALSE
"1309","PVP01_0816700","PY17X_1218200",TRUE,TRUE,TRUE,FALSE,FALSE
"1310","PVP01_0816800","PY17X_1218300",TRUE,TRUE,TRUE,FALSE,TRUE
"1311","PVP01_0816900","PY17X_1218400",TRUE,TRUE,TRUE,FALSE,FALSE
"1312","PVP01_0817000","PY17X_1218500",TRUE,TRUE,TRUE,FALSE,TRUE
"1313","PVP01_0817200","PY17X_1218700",TRUE,TRUE,TRUE,FALSE,FALSE
"1314","PVP01_0817300","PY17X_1218800",TRUE,TRUE,TRUE,FALSE,TRUE
"1315","PVP01_0817400","PY17X_1218900",TRUE,FALSE,FALSE,FALSE,TRUE
"1316","PVP01_0817700","PY17X_1219200",TRUE,TRUE,TRUE,FALSE,TRUE
"1317","PVP01_0817800","PY17X_1219300",TRUE,TRUE,TRUE,TRUE,TRUE
"1318","PVP01_0817900","PY17X_1219400",TRUE,TRUE,TRUE,FALSE,TRUE
"1319","PVP01_0818000","PY17X_1219500",TRUE,FALSE,FALSE,FALSE,TRUE
"1320","PVP01_0818100","PY17X_1219600",TRUE,TRUE,TRUE,FALSE,TRUE
"1321","PVP01_0818200","PY17X_1219700",TRUE,TRUE,TRUE,TRUE,TRUE
"1322","PVP01_0818300","PY17X_1219800",TRUE,TRUE,TRUE,FALSE,TRUE
"1323","PVP01_0818600","PY17X_1220100",TRUE,TRUE,TRUE,FALSE,TRUE
"1324","PVP01_0818700","PY17X_1220200",TRUE,TRUE,TRUE,FALSE,FALSE
"1325","PVP01_0818800","PY17X_1220300",TRUE,TRUE,TRUE,TRUE,FALSE
"1326","PVP01_0819000","PY17X_1220500",TRUE,TRUE,TRUE,FALSE,TRUE
"1327","PVP01_0819300","PY17X_1220800",TRUE,TRUE,TRUE,FALSE,TRUE
"1328","PVP01_0819400","PY17X_1220900",TRUE,TRUE,TRUE,FALSE,TRUE
"1329","PVP01_0819500","PY17X_1221000",TRUE,TRUE,TRUE,FALSE,FALSE
"1330","PVP01_0819600","PY17X_1221100",TRUE,TRUE,TRUE,TRUE,TRUE
"1331","PVP01_0819700","PY17X_1221200",TRUE,TRUE,TRUE,FALSE,TRUE
"1332","PVP01_0819800","PY17X_1221300",FALSE,TRUE,FALSE,TRUE,TRUE
"1333","PVP01_0819900","PY17X_1221400",TRUE,TRUE,TRUE,FALSE,FALSE
"1334","PVP01_0820000","PY17X_1221500",FALSE,TRUE,FALSE,FALSE,TRUE
"1335","PVP01_0820100","PY17X_1221600",TRUE,TRUE,TRUE,FALSE,TRUE
"1336","PVP01_0820200","PY17X_1221700",TRUE,TRUE,TRUE,FALSE,TRUE
"1337","PVP01_0820300","PY17X_1221800",TRUE,TRUE,TRUE,FALSE,TRUE
"1338","PVP01_0820400","PY17X_1221900",TRUE,FALSE,FALSE,FALSE,FALSE
"1339","PVP01_0820500","PY17X_1222000",TRUE,TRUE,TRUE,TRUE,TRUE
"1340","PVP01_0820600","PY17X_1222100",TRUE,TRUE,TRUE,FALSE,TRUE
"1341","PVP01_0820700","PY17X_0809000",TRUE,TRUE,TRUE,FALSE,TRUE
"1342","PVP01_0820800","PY17X_0809100",TRUE,TRUE,TRUE,FALSE,TRUE
"1343","PVP01_0820900","PY17X_0809200",TRUE,TRUE,TRUE,FALSE,FALSE
"1344","PVP01_0821000","PY17X_0809300",TRUE,TRUE,TRUE,FALSE,TRUE
"1345","PVP01_0821100","PY17X_0809400",TRUE,TRUE,TRUE,FALSE,FALSE
"1346","PVP01_0821200","PY17X_0809500",TRUE,TRUE,TRUE,FALSE,FALSE
"1347","PVP01_0821300","PY17X_0809600",TRUE,TRUE,TRUE,TRUE,TRUE
"1348","PVP01_0821400","PY17X_0809700",TRUE,TRUE,TRUE,FALSE,FALSE
"1349","PVP01_0821500","PY17X_0809800",TRUE,TRUE,TRUE,FALSE,TRUE
"1350","PVP01_0821600","PY17X_0809900",TRUE,TRUE,TRUE,TRUE,TRUE
"1351","PVP01_0821700","PY17X_0810000",TRUE,FALSE,FALSE,FALSE,TRUE
"1352","PVP01_0821800","PY17X_0810100",TRUE,TRUE,TRUE,FALSE,TRUE
"1353","PVP01_0821900","PY17X_0810200",TRUE,TRUE,TRUE,FALSE,TRUE
"1354","PVP01_0822000","PY17X_0810300",TRUE,TRUE,TRUE,FALSE,TRUE
"1355","PVP01_0822100","PY17X_0810400",TRUE,FALSE,FALSE,FALSE,TRUE
"1356","PVP01_0822200","PY17X_0810500",TRUE,TRUE,TRUE,FALSE,TRUE
"1357","PVP01_0822300","PY17X_0810600",TRUE,TRUE,TRUE,FALSE,TRUE
"1358","PVP01_0822400","PY17X_0810700",TRUE,TRUE,TRUE,FALSE,TRUE
"1359","PVP01_0822500","PY17X_0810800",TRUE,TRUE,TRUE,FALSE,FALSE
"1360","PVP01_0822600","PY17X_0810900",TRUE,TRUE,TRUE,FALSE,TRUE
"1361","PVP01_0822700","PY17X_0811000",TRUE,TRUE,TRUE,FALSE,TRUE
"1362","PVP01_0822900","PY17X_0811200",TRUE,TRUE,TRUE,FALSE,TRUE
"1363","PVP01_0823000","PY17X_0811300",TRUE,TRUE,TRUE,TRUE,TRUE
"1364","PVP01_0823100","PY17X_0811400",TRUE,TRUE,TRUE,FALSE,TRUE
"1365","PVP01_0823200","PY17X_0811500",TRUE,TRUE,TRUE,FALSE,FALSE
"1366","PVP01_0823300","PY17X_0417400",TRUE,TRUE,TRUE,FALSE,TRUE
"1367","PVP01_0823400","PY17X_0417300",TRUE,TRUE,TRUE,FALSE,TRUE
"1368","PVP01_0823500","PY17X_0417200",TRUE,TRUE,TRUE,FALSE,TRUE
"1369","PVP01_0823600","PY17X_0417100",TRUE,TRUE,TRUE,FALSE,TRUE
"1370","PVP01_0823700","PY17X_0417000",TRUE,TRUE,TRUE,FALSE,TRUE
"1371","PVP01_0823800","PY17X_0416900",TRUE,TRUE,TRUE,FALSE,FALSE
"1372","PVP01_0823900","PY17X_0416800",TRUE,TRUE,TRUE,TRUE,TRUE
"1373","PVP01_0824000","PY17X_0416700",TRUE,TRUE,TRUE,FALSE,TRUE
"1374","PVP01_0824200","PY17X_0416500",FALSE,TRUE,FALSE,FALSE,FALSE
"1375","PVP01_0824400","PY17X_0416300",TRUE,TRUE,TRUE,FALSE,FALSE
"1376","PVP01_0824600","PY17X_0416100",TRUE,TRUE,TRUE,FALSE,TRUE
"1377","PVP01_0824700","PY17X_0416000",TRUE,TRUE,TRUE,FALSE,FALSE
"1378","PVP01_0824900","PY17X_0415800",FALSE,TRUE,FALSE,FALSE,TRUE
"1379","PVP01_0825000","PY17X_0415700",TRUE,TRUE,TRUE,FALSE,TRUE
"1380","PVP01_0825100","PY17X_0415600",TRUE,TRUE,TRUE,FALSE,FALSE
"1381","PVP01_0825500","PY17X_0415200",TRUE,TRUE,TRUE,FALSE,FALSE
"1382","PVP01_0825600","PY17X_0415100",TRUE,TRUE,TRUE,FALSE,TRUE
"1383","PVP01_0825700","PY17X_0415000",TRUE,TRUE,TRUE,FALSE,FALSE
"1384","PVP01_0825800","PY17X_0414900",TRUE,TRUE,TRUE,FALSE,FALSE
"1385","PVP01_0825900","PY17X_0414800",TRUE,TRUE,TRUE,FALSE,TRUE
"1386","PVP01_0826000","PY17X_0414700",TRUE,TRUE,TRUE,FALSE,TRUE
"1387","PVP01_0826100","PY17X_0414600",TRUE,TRUE,TRUE,FALSE,TRUE
"1388","PVP01_0826200","PY17X_0414500",TRUE,TRUE,TRUE,TRUE,FALSE
"1389","PVP01_0826300","PY17X_0414400",TRUE,TRUE,TRUE,TRUE,FALSE
"1390","PVP01_0826400","PY17X_0414300",TRUE,TRUE,TRUE,FALSE,TRUE
"1391","PVP01_0826500","PY17X_0414200",TRUE,TRUE,TRUE,FALSE,TRUE
"1392","PVP01_0826600","PY17X_0414100",TRUE,TRUE,TRUE,FALSE,FALSE
"1393","PVP01_0826700","PY17X_0414000",TRUE,TRUE,TRUE,FALSE,TRUE
"1394","PVP01_0826900","PY17X_0413800",TRUE,TRUE,TRUE,FALSE,FALSE
"1395","PVP01_0827000","PY17X_0413700",TRUE,TRUE,TRUE,FALSE,TRUE
"1396","PVP01_0827100","PY17X_0413600",TRUE,TRUE,TRUE,FALSE,FALSE
"1397","PVP01_0827400","PY17X_0413300",TRUE,TRUE,TRUE,FALSE,TRUE
"1398","PVP01_0827700","PY17X_0413000",TRUE,TRUE,TRUE,FALSE,FALSE
"1399","PVP01_0827800","PY17X_0412900",TRUE,TRUE,TRUE,FALSE,TRUE
"1400","PVP01_0827900","PY17X_0412800",TRUE,TRUE,TRUE,FALSE,TRUE
"1401","PVP01_0828000","PY17X_0412700",TRUE,TRUE,TRUE,FALSE,FALSE
"1402","PVP01_0828100","PY17X_0412600",TRUE,TRUE,TRUE,FALSE,TRUE
"1403","PVP01_0828200","PY17X_0412500",TRUE,TRUE,TRUE,FALSE,FALSE
"1404","PVP01_0828300","PY17X_0412400",TRUE,TRUE,TRUE,FALSE,FALSE
"1405","PVP01_0828400","PY17X_0412300",TRUE,TRUE,TRUE,FALSE,TRUE
"1406","PVP01_0828500","PY17X_0412200",TRUE,FALSE,FALSE,FALSE,TRUE
"1407","PVP01_0828600","PY17X_0412100",TRUE,TRUE,TRUE,FALSE,TRUE
"1408","PVP01_0828700","PY17X_0412000",TRUE,TRUE,TRUE,FALSE,FALSE
"1409","PVP01_0828900","PY17X_0411800",TRUE,TRUE,TRUE,FALSE,TRUE
"1410","PVP01_0829000","PY17X_0411700",TRUE,TRUE,TRUE,FALSE,TRUE
"1411","PVP01_0829100","PY17X_0411600",TRUE,TRUE,TRUE,FALSE,FALSE
"1412","PVP01_0829200","PY17X_0411500",FALSE,TRUE,FALSE,FALSE,TRUE
"1413","PVP01_0829300","PY17X_0411400",TRUE,TRUE,TRUE,FALSE,TRUE
"1414","PVP01_0829400","PY17X_0411300",TRUE,TRUE,TRUE,FALSE,TRUE
"1415","PVP01_0829500","PY17X_0411200",TRUE,TRUE,TRUE,FALSE,TRUE
"1416","PVP01_0829600","PY17X_0411100",TRUE,TRUE,TRUE,FALSE,TRUE
"1417","PVP01_0829800","PY17X_0411000",TRUE,TRUE,TRUE,FALSE,FALSE
"1418","PVP01_0829900","PY17X_0410900",TRUE,TRUE,TRUE,FALSE,FALSE
"1419","PVP01_0830100","PY17X_0410700",FALSE,TRUE,FALSE,FALSE,TRUE
"1420","PVP01_0830200","PY17X_0410600",TRUE,TRUE,TRUE,FALSE,TRUE
"1421","PVP01_0830300","PY17X_0410500",TRUE,TRUE,TRUE,TRUE,TRUE
"1422","PVP01_0830400","PY17X_0410400",TRUE,TRUE,TRUE,FALSE,FALSE
"1423","PVP01_0830500","PY17X_0410300",TRUE,TRUE,TRUE,FALSE,FALSE
"1424","PVP01_0830600","PY17X_0410200",TRUE,TRUE,TRUE,FALSE,TRUE
"1425","PVP01_0830700","PY17X_0410100",TRUE,TRUE,TRUE,FALSE,TRUE
"1426","PVP01_0830900","PY17X_0409900",TRUE,TRUE,TRUE,TRUE,TRUE
"1427","PVP01_0831000","PY17X_0409800",TRUE,TRUE,TRUE,FALSE,TRUE
"1428","PVP01_0831100","PY17X_0409700",FALSE,FALSE,FALSE,FALSE,TRUE
"1429","PVP01_0831200","PY17X_0409600",TRUE,TRUE,TRUE,FALSE,TRUE
"1430","PVP01_0831300","PY17X_0409500",TRUE,TRUE,TRUE,FALSE,FALSE
"1431","PVP01_0831400","PY17X_0409400",TRUE,TRUE,TRUE,FALSE,TRUE
"1432","PVP01_0831500","PY17X_0409300",TRUE,TRUE,TRUE,FALSE,TRUE
"1433","PVP01_0831600","PY17X_0409200",TRUE,TRUE,TRUE,FALSE,FALSE
"1434","PVP01_0831700","PY17X_0409100",TRUE,TRUE,TRUE,FALSE,FALSE
"1435","PVP01_0832000","PY17X_0408800",TRUE,TRUE,TRUE,FALSE,TRUE
"1436","PVP01_0832100","PY17X_0408700",TRUE,TRUE,TRUE,TRUE,TRUE
"1437","PVP01_0832200","PY17X_0408600",TRUE,TRUE,TRUE,TRUE,FALSE
"1438","PVP01_0832300","PY17X_0408500",TRUE,TRUE,TRUE,FALSE,TRUE
"1439","PVP01_0832400","PY17X_0408400",TRUE,TRUE,TRUE,FALSE,FALSE
"1440","PVP01_0832500","PY17X_0408300",TRUE,TRUE,TRUE,FALSE,TRUE
"1441","PVP01_0832600","PY17X_0408200",TRUE,TRUE,TRUE,FALSE,FALSE
"1442","PVP01_0832700","PY17X_0408100",TRUE,TRUE,TRUE,FALSE,FALSE
"1443","PVP01_0832800","PY17X_0408000",TRUE,TRUE,TRUE,FALSE,TRUE
"1444","PVP01_0832900","PY17X_0407900",TRUE,TRUE,TRUE,TRUE,TRUE
"1445","PVP01_0833000","PY17X_0407800",TRUE,TRUE,TRUE,FALSE,FALSE
"1446","PVP01_0833100","PY17X_0407700",TRUE,TRUE,TRUE,FALSE,TRUE
"1447","PVP01_0833200","PY17X_0407500",TRUE,TRUE,TRUE,FALSE,FALSE
"1448","PVP01_0833400","PY17X_0407400",TRUE,TRUE,TRUE,FALSE,FALSE
"1449","PVP01_0833500","PY17X_0407300",TRUE,TRUE,TRUE,FALSE,FALSE
"1450","PVP01_0833600","PY17X_0407200",TRUE,TRUE,TRUE,FALSE,TRUE
"1451","PVP01_0833700","PY17X_0407100",TRUE,TRUE,TRUE,FALSE,TRUE
"1452","PVP01_0833800","PY17X_0407000",TRUE,TRUE,TRUE,FALSE,TRUE
"1453","PVP01_0833900","PY17X_0406900",TRUE,TRUE,TRUE,FALSE,FALSE
"1454","PVP01_0834000","PY17X_0406800",TRUE,TRUE,TRUE,FALSE,FALSE
"1455","PVP01_0834200","PY17X_0406600",TRUE,TRUE,TRUE,FALSE,TRUE
"1456","PVP01_0834400","PY17X_0406500",FALSE,TRUE,FALSE,FALSE,TRUE
"1457","PVP01_0834500","PY17X_0406400",TRUE,TRUE,TRUE,TRUE,TRUE
"1458","PVP01_0834600","PY17X_0406300",TRUE,TRUE,TRUE,FALSE,FALSE
"1459","PVP01_0834700","PY17X_0406200",TRUE,TRUE,TRUE,FALSE,TRUE
"1460","PVP01_0834800","PY17X_0406100",TRUE,TRUE,TRUE,FALSE,FALSE
"1461","PVP01_0834900","PY17X_0406000",TRUE,TRUE,TRUE,TRUE,TRUE
"1462","PVP01_0835200","PY17X_0405700",TRUE,TRUE,TRUE,FALSE,FALSE
"1463","PVP01_0835300","PY17X_0405600",TRUE,TRUE,TRUE,FALSE,FALSE
"1464","PVP01_0835400","PY17X_0405500",TRUE,TRUE,TRUE,FALSE,TRUE
"1465","PVP01_0835700","PY17X_0405300",TRUE,TRUE,TRUE,TRUE,TRUE
"1466","PVP01_0835800","PY17X_0405200",TRUE,TRUE,TRUE,FALSE,TRUE
"1467","PVP01_0835900","PY17X_0405100",TRUE,TRUE,TRUE,FALSE,TRUE
"1468","PVP01_0836000","PY17X_0405000",TRUE,TRUE,TRUE,TRUE,TRUE
"1469","PVP01_0836100","PY17X_0404900",TRUE,FALSE,FALSE,FALSE,FALSE
"1470","PVP01_0836200","PY17X_0404800",FALSE,FALSE,FALSE,FALSE,TRUE
"1471","PVP01_0836300","PY17X_0404700",FALSE,FALSE,FALSE,FALSE,FALSE
"1472","PVP01_0836400","PY17X_0404600",TRUE,TRUE,TRUE,FALSE,FALSE
"1473","PVP01_0836500","PY17X_0404500",TRUE,TRUE,TRUE,FALSE,TRUE
"1474","PVP01_0836600","PY17X_0404400",TRUE,TRUE,TRUE,FALSE,FALSE
"1475","PVP01_0836700","PY17X_0404300",TRUE,TRUE,TRUE,FALSE,TRUE
"1476","PVP01_0836800","PY17X_0404200",TRUE,TRUE,TRUE,FALSE,FALSE
"1477","PVP01_0836900","PY17X_0404100",TRUE,TRUE,TRUE,FALSE,TRUE
"1478","PVP01_0837000","PY17X_0404000",TRUE,TRUE,TRUE,FALSE,TRUE
"1479","PVP01_0837100","PY17X_0403900",TRUE,TRUE,TRUE,TRUE,TRUE
"1480","PVP01_0837200","PY17X_0403800",TRUE,TRUE,TRUE,FALSE,TRUE
"1481","PVP01_0837300","PY17X_0403700",TRUE,TRUE,TRUE,FALSE,TRUE
"1482","PVP01_0837400","PY17X_0403600",TRUE,TRUE,TRUE,TRUE,FALSE
"1483","PVP01_0837500","PY17X_0403500",TRUE,TRUE,TRUE,FALSE,TRUE
"1484","PVP01_0837700","PY17X_0403300",TRUE,TRUE,TRUE,TRUE,TRUE
"1485","PVP01_0837800","PY17X_0403200",TRUE,TRUE,TRUE,FALSE,TRUE
"1486","PVP01_0837900","PY17X_0403100",TRUE,TRUE,TRUE,FALSE,TRUE
"1487","PVP01_0903900","PY17X_0946300",TRUE,TRUE,TRUE,TRUE,TRUE
"1488","PVP01_0904200","PY17X_0946000",TRUE,TRUE,TRUE,FALSE,FALSE
"1489","PVP01_0904300","PY17X_0945900",TRUE,TRUE,TRUE,FALSE,FALSE
"1490","PVP01_0904400","PY17X_0945800",TRUE,TRUE,TRUE,FALSE,TRUE
"1491","PVP01_0904500","PY17X_0945700",TRUE,TRUE,TRUE,FALSE,FALSE
"1492","PVP01_0904600","PY17X_0945600",TRUE,TRUE,TRUE,FALSE,TRUE
"1493","PVP01_0904700","PY17X_0945500",FALSE,FALSE,FALSE,FALSE,FALSE
"1494","PVP01_0904800","PY17X_0945400",TRUE,TRUE,TRUE,FALSE,FALSE
"1495","PVP01_0904900","PY17X_0945300",TRUE,TRUE,TRUE,FALSE,FALSE
"1496","PVP01_0905000","PY17X_0945200",TRUE,TRUE,TRUE,FALSE,TRUE
"1497","PVP01_0905100","PY17X_0945100",TRUE,TRUE,TRUE,TRUE,TRUE
"1498","PVP01_0905200","PY17X_0945000",TRUE,TRUE,TRUE,FALSE,TRUE
"1499","PVP01_0905300","PY17X_0944900",FALSE,FALSE,FALSE,FALSE,TRUE
"1500","PVP01_0905400","PY17X_0944800",FALSE,FALSE,FALSE,FALSE,TRUE
"1501","PVP01_0905500","PY17X_0944700",TRUE,TRUE,TRUE,FALSE,TRUE
"1502","PVP01_0905600","PY17X_0944600",TRUE,TRUE,TRUE,TRUE,FALSE
"1503","PVP01_0905700","PY17X_0944500",TRUE,TRUE,TRUE,FALSE,FALSE
"1504","PVP01_0905800","PY17X_0944400",TRUE,TRUE,TRUE,TRUE,FALSE
"1505","PVP01_0905900","PY17X_0944300",TRUE,TRUE,TRUE,TRUE,FALSE
"1506","PVP01_0906000","PY17X_0944200",TRUE,FALSE,FALSE,FALSE,TRUE
"1507","PVP01_0906100","PY17X_0944100",TRUE,TRUE,TRUE,TRUE,TRUE
"1508","PVP01_0906200","PY17X_0944000",TRUE,TRUE,TRUE,FALSE,TRUE
"1509","PVP01_0906300","PY17X_0943900",TRUE,TRUE,TRUE,FALSE,TRUE
"1510","PVP01_0906400","PY17X_0943800",TRUE,TRUE,TRUE,TRUE,TRUE
"1511","PVP01_0906500","PY17X_0943700",TRUE,TRUE,TRUE,FALSE,TRUE
"1512","PVP01_0906600","PY17X_0943600",TRUE,TRUE,TRUE,FALSE,FALSE
"1513","PVP01_0906700","PY17X_0943500",FALSE,TRUE,FALSE,FALSE,TRUE
"1514","PVP01_0906800","PY17X_0943400",TRUE,TRUE,TRUE,FALSE,TRUE
"1515","PVP01_0906900","PY17X_0943300",TRUE,TRUE,TRUE,FALSE,TRUE
"1516","PVP01_0907000","PY17X_0943200",TRUE,TRUE,TRUE,FALSE,FALSE
"1517","PVP01_0907100","PY17X_0943100",TRUE,TRUE,TRUE,FALSE,TRUE
"1518","PVP01_0907200","PY17X_0943000",TRUE,TRUE,TRUE,FALSE,FALSE
"1519","PVP01_0907400","PY17X_0942800",TRUE,TRUE,TRUE,TRUE,TRUE
"1520","PVP01_0907500","PY17X_0942700",TRUE,TRUE,TRUE,FALSE,TRUE
"1521","PVP01_0907700","PY17X_0942500",FALSE,FALSE,FALSE,FALSE,FALSE
"1522","PVP01_0907800","PY17X_0942400",TRUE,TRUE,TRUE,FALSE,TRUE
"1523","PVP01_0907900","PY17X_0942300",TRUE,TRUE,TRUE,TRUE,TRUE
"1524","PVP01_0908000","PY17X_0942200",TRUE,TRUE,TRUE,FALSE,TRUE
"1525","PVP01_0908200","PY17X_0942000",TRUE,TRUE,TRUE,FALSE,TRUE
"1526","PVP01_0908300","PY17X_0941900",TRUE,TRUE,TRUE,FALSE,TRUE
"1527","PVP01_0908400","PY17X_0941800",TRUE,TRUE,TRUE,FALSE,TRUE
"1528","PVP01_0908500","PY17X_0941700",TRUE,TRUE,TRUE,FALSE,TRUE
"1529","PVP01_0908700","PY17X_0941500",TRUE,TRUE,TRUE,TRUE,TRUE
"1530","PVP01_0908800","PY17X_0941400",TRUE,TRUE,TRUE,FALSE,TRUE
"1531","PVP01_0909000","PY17X_0941200",TRUE,TRUE,TRUE,FALSE,TRUE
"1532","PVP01_0909200","PY17X_0941100",TRUE,TRUE,TRUE,FALSE,TRUE
"1533","PVP01_0909300","PY17X_0941000",TRUE,TRUE,TRUE,FALSE,TRUE
"1534","PVP01_0909400","PY17X_0940900",TRUE,TRUE,TRUE,FALSE,FALSE
"1535","PVP01_0909500","PY17X_0940800",TRUE,TRUE,TRUE,FALSE,TRUE
"1536","PVP01_0909600","PY17X_0940700",TRUE,FALSE,FALSE,FALSE,FALSE
"1537","PVP01_0909700","PY17X_0940600",TRUE,TRUE,TRUE,FALSE,TRUE
"1538","PVP01_0909900","PY17X_0940400",TRUE,TRUE,TRUE,FALSE,TRUE
"1539","PVP01_0910000","PY17X_0940300",FALSE,FALSE,FALSE,FALSE,TRUE
"1540","PVP01_0910200","PY17X_0939900",TRUE,TRUE,TRUE,FALSE,FALSE
"1541","PVP01_0910700","PY17X_0939700",TRUE,TRUE,TRUE,FALSE,FALSE
"1542","PVP01_0910800","PY17X_0939600",TRUE,FALSE,FALSE,FALSE,FALSE
"1543","PVP01_0910900","PY17X_0939500",TRUE,TRUE,TRUE,FALSE,TRUE
"1544","PVP01_0911000","PY17X_0939400",TRUE,TRUE,TRUE,FALSE,FALSE
"1545","PVP01_0911100","PY17X_0939300",TRUE,TRUE,TRUE,FALSE,TRUE
"1546","PVP01_0911300","PY17X_0939100",TRUE,TRUE,TRUE,FALSE,TRUE
"1547","PVP01_0911400","PY17X_0939000",TRUE,TRUE,TRUE,FALSE,FALSE
"1548","PVP01_0911500","PY17X_0938900",TRUE,TRUE,TRUE,FALSE,FALSE
"1549","PVP01_0911600","PY17X_0938800",FALSE,FALSE,FALSE,FALSE,FALSE
"1550","PVP01_0911700","PY17X_0938700",TRUE,TRUE,TRUE,TRUE,TRUE
"1551","PVP01_0911800","PY17X_0938600",TRUE,TRUE,TRUE,FALSE,FALSE
"1552","PVP01_0911900","PY17X_0938500",TRUE,TRUE,TRUE,FALSE,FALSE
"1553","PVP01_0912000","PY17X_0938400",TRUE,TRUE,TRUE,FALSE,FALSE
"1554","PVP01_0912100","PY17X_0938300",TRUE,TRUE,TRUE,TRUE,TRUE
"1555","PVP01_0912200","PY17X_0938200",TRUE,TRUE,TRUE,FALSE,TRUE
"1556","PVP01_0912300","PY17X_0938100",TRUE,TRUE,TRUE,FALSE,FALSE
"1557","PVP01_0912400","PY17X_0938000",FALSE,TRUE,FALSE,FALSE,TRUE
"1558","PVP01_0912600","PY17X_0937800",TRUE,TRUE,TRUE,FALSE,TRUE
"1559","PVP01_0912700","PY17X_0937700",TRUE,TRUE,TRUE,FALSE,TRUE
"1560","PVP01_0912800","PY17X_0937600",TRUE,TRUE,TRUE,FALSE,TRUE
"1561","PVP01_0912900","PY17X_0937500",TRUE,TRUE,TRUE,FALSE,TRUE
"1562","PVP01_0913000","PY17X_0937400",TRUE,TRUE,TRUE,FALSE,FALSE
"1563","PVP01_0913100","PY17X_0937300",TRUE,TRUE,TRUE,TRUE,TRUE
"1564","PVP01_0913200","PY17X_0937200",TRUE,TRUE,TRUE,FALSE,TRUE
"1565","PVP01_0913300","PY17X_0937100",TRUE,TRUE,TRUE,FALSE,FALSE
"1566","PVP01_0913400","PY17X_0937000",TRUE,TRUE,TRUE,FALSE,TRUE
"1567","PVP01_0913500","PY17X_0936900",TRUE,FALSE,FALSE,FALSE,TRUE
"1568","PVP01_0913600","PY17X_0936800",TRUE,FALSE,FALSE,FALSE,FALSE
"1569","PVP01_0913700","PY17X_0936700",TRUE,FALSE,FALSE,FALSE,TRUE
"1570","PVP01_0913900","PY17X_0936500",TRUE,TRUE,TRUE,FALSE,TRUE
"1571","PVP01_0914100","PY17X_0936300",TRUE,TRUE,TRUE,FALSE,FALSE
"1572","PVP01_0914200","PY17X_0936200",TRUE,TRUE,TRUE,FALSE,TRUE
"1573","PVP01_0914300","PY17X_0936100",TRUE,TRUE,TRUE,TRUE,TRUE
"1574","PVP01_0914400","PY17X_0936000",TRUE,TRUE,TRUE,FALSE,TRUE
"1575","PVP01_0914500","PY17X_0935900",TRUE,TRUE,TRUE,FALSE,TRUE
"1576","PVP01_0914600","PY17X_0935800",TRUE,TRUE,TRUE,FALSE,TRUE
"1577","PVP01_0914700","PY17X_0935700",TRUE,TRUE,TRUE,FALSE,TRUE
"1578","PVP01_0914800","PY17X_0935600",TRUE,FALSE,FALSE,FALSE,TRUE
"1579","PVP01_0914900","PY17X_0935500",TRUE,TRUE,TRUE,FALSE,TRUE
"1580","PVP01_0915000","PY17X_0935400",TRUE,TRUE,TRUE,TRUE,FALSE
"1581","PVP01_0915100","PY17X_0935300",TRUE,TRUE,TRUE,FALSE,TRUE
"1582","PVP01_0915200","PY17X_0935200",TRUE,TRUE,TRUE,FALSE,TRUE
"1583","PVP01_0915400","PY17X_0935000",TRUE,TRUE,TRUE,FALSE,TRUE
"1584","PVP01_0915500","PY17X_0934900",TRUE,TRUE,TRUE,FALSE,TRUE
"1585","PVP01_0915600","PY17X_0934800",TRUE,TRUE,TRUE,FALSE,FALSE
"1586","PVP01_0915700","PY17X_0934700",TRUE,TRUE,TRUE,FALSE,FALSE
"1587","PVP01_0915800","PY17X_0934600",FALSE,FALSE,FALSE,FALSE,TRUE
"1588","PVP01_0915900","PY17X_0934500",TRUE,TRUE,TRUE,FALSE,FALSE
"1589","PVP01_0916000","PY17X_0934400",TRUE,TRUE,TRUE,FALSE,TRUE
"1590","PVP01_0916100","PY17X_0934400",TRUE,TRUE,TRUE,FALSE,TRUE
"1591","PVP01_0916300","PY17X_0934300",TRUE,TRUE,TRUE,TRUE,TRUE
"1592","PVP01_0916400","PY17X_0934200",TRUE,TRUE,TRUE,FALSE,FALSE
"1593","PVP01_0916500","PY17X_0934100",TRUE,TRUE,TRUE,FALSE,FALSE
"1594","PVP01_0916700","PY17X_0933900",TRUE,TRUE,TRUE,FALSE,TRUE
"1595","PVP01_0916800","PY17X_0933800",TRUE,TRUE,TRUE,FALSE,TRUE
"1596","PVP01_0916900","PY17X_0933700",TRUE,TRUE,TRUE,FALSE,FALSE
"1597","PVP01_0917000","PY17X_0933600",TRUE,TRUE,TRUE,FALSE,TRUE
"1598","PVP01_0917100","PY17X_0933500",TRUE,TRUE,TRUE,FALSE,TRUE
"1599","PVP01_0917200","PY17X_0933400",TRUE,TRUE,TRUE,FALSE,TRUE
"1600","PVP01_0917300","PY17X_0933300",TRUE,TRUE,TRUE,TRUE,TRUE
"1601","PVP01_0917400","PY17X_0933200",TRUE,TRUE,TRUE,FALSE,FALSE
"1602","PVP01_0917500","PY17X_0933100",TRUE,TRUE,TRUE,FALSE,FALSE
"1603","PVP01_0917700","PY17X_0932900",TRUE,TRUE,TRUE,FALSE,FALSE
"1604","PVP01_0917900","PY17X_0932700",TRUE,TRUE,TRUE,FALSE,FALSE
"1605","PVP01_0918000","PY17X_0932600",TRUE,TRUE,TRUE,TRUE,TRUE
"1606","PVP01_0918100","PY17X_0932500",TRUE,TRUE,TRUE,FALSE,FALSE
"1607","PVP01_0918200","PY17X_0932400",TRUE,TRUE,TRUE,FALSE,TRUE
"1608","PVP01_0918300","PY17X_0932300",TRUE,TRUE,TRUE,FALSE,TRUE
"1609","PVP01_0918400","PY17X_0932200",TRUE,TRUE,TRUE,FALSE,TRUE
"1610","PVP01_0918700","PY17X_0932000",TRUE,TRUE,TRUE,FALSE,FALSE
"1611","PVP01_0918800","PY17X_0931900",TRUE,TRUE,TRUE,FALSE,TRUE
"1612","PVP01_0918900","PY17X_0931800",TRUE,TRUE,TRUE,FALSE,FALSE
"1613","PVP01_0919000","PY17X_0931700",TRUE,TRUE,TRUE,FALSE,FALSE
"1614","PVP01_0919100","PY17X_0931600",TRUE,TRUE,TRUE,FALSE,TRUE
"1615","PVP01_0919200","PY17X_0931500",TRUE,TRUE,TRUE,FALSE,TRUE
"1616","PVP01_0919300","PY17X_0931400",TRUE,TRUE,TRUE,FALSE,TRUE
"1617","PVP01_0919400","PY17X_0931300",FALSE,TRUE,FALSE,FALSE,TRUE
"1618","PVP01_0919500","PY17X_0931200",FALSE,TRUE,FALSE,FALSE,FALSE
"1619","PVP01_0919600","PY17X_0931100",TRUE,TRUE,TRUE,FALSE,TRUE
"1620","PVP01_0919700","PY17X_0931000",TRUE,TRUE,TRUE,FALSE,FALSE
"1621","PVP01_0919800","PY17X_0930900",TRUE,TRUE,TRUE,FALSE,FALSE
"1622","PVP01_0919900","PY17X_0930800",TRUE,TRUE,TRUE,FALSE,FALSE
"1623","PVP01_0920000","PY17X_0930700",TRUE,TRUE,TRUE,FALSE,TRUE
"1624","PVP01_0920100","PY17X_0930600",TRUE,TRUE,TRUE,FALSE,FALSE
"1625","PVP01_0920200","PY17X_0930500",TRUE,TRUE,TRUE,FALSE,TRUE
"1626","PVP01_0920600","PY17X_0930200",TRUE,TRUE,TRUE,FALSE,TRUE
"1627","PVP01_0920700","PY17X_0930100",TRUE,TRUE,TRUE,FALSE,TRUE
"1628","PVP01_0920800","PY17X_0930000",TRUE,TRUE,TRUE,FALSE,FALSE
"1629","PVP01_0920900","PY17X_0929900",TRUE,TRUE,TRUE,FALSE,TRUE
"1630","PVP01_0921100","PY17X_0929800",TRUE,TRUE,TRUE,FALSE,TRUE
"1631","PVP01_0921400","PY17X_0929500",TRUE,TRUE,TRUE,FALSE,TRUE
"1632","PVP01_0921500","PY17X_0929400",TRUE,TRUE,TRUE,FALSE,FALSE
"1633","PVP01_0921600","PY17X_0929300",TRUE,FALSE,FALSE,FALSE,TRUE
"1634","PVP01_0921700","PY17X_0929200",TRUE,TRUE,TRUE,FALSE,TRUE
"1635","PVP01_0921800","PY17X_0929100",TRUE,TRUE,TRUE,FALSE,FALSE
"1636","PVP01_0921900","PY17X_0929000",TRUE,TRUE,TRUE,FALSE,TRUE
"1637","PVP01_0922000","PY17X_0928900",TRUE,TRUE,TRUE,TRUE,TRUE
"1638","PVP01_0922100","PY17X_0928800",TRUE,TRUE,TRUE,FALSE,FALSE
"1639","PVP01_0922300","PY17X_0928600",TRUE,TRUE,TRUE,FALSE,TRUE
"1640","PVP01_0922400","PY17X_0928500",FALSE,TRUE,FALSE,TRUE,TRUE
"1641","PVP01_0922500","PY17X_0928400",TRUE,TRUE,TRUE,FALSE,TRUE
"1642","PVP01_0922600","PY17X_0928300",TRUE,TRUE,TRUE,FALSE,FALSE
"1643","PVP01_0922700","PY17X_0928200",TRUE,TRUE,TRUE,FALSE,TRUE
"1644","PVP01_0922800","PY17X_0928100",TRUE,TRUE,TRUE,FALSE,TRUE
"1645","PVP01_0922900","PY17X_0928000",TRUE,TRUE,TRUE,FALSE,TRUE
"1646","PVP01_0923000","PY17X_0927900",TRUE,TRUE,TRUE,FALSE,TRUE
"1647","PVP01_0923100","PY17X_0927800",TRUE,TRUE,TRUE,FALSE,TRUE
"1648","PVP01_0923200","PY17X_0927700",TRUE,TRUE,TRUE,FALSE,TRUE
"1649","PVP01_0923300","PY17X_0927600",TRUE,TRUE,TRUE,FALSE,TRUE
"1650","PVP01_0923400","PY17X_0927500",TRUE,TRUE,TRUE,TRUE,TRUE
"1651","PVP01_0923500","PY17X_0927400",TRUE,TRUE,TRUE,FALSE,TRUE
"1652","PVP01_0923700","PY17X_0927200",TRUE,TRUE,TRUE,TRUE,TRUE
"1653","PVP01_0923800","PY17X_0927100",TRUE,TRUE,TRUE,FALSE,TRUE
"1654","PVP01_0923900","PY17X_0927000",TRUE,TRUE,TRUE,FALSE,TRUE
"1655","PVP01_0924000","PY17X_0926900",TRUE,TRUE,TRUE,FALSE,TRUE
"1656","PVP01_0924100","PY17X_0926800",TRUE,TRUE,TRUE,TRUE,FALSE
"1657","PVP01_0924200","PY17X_0926700",TRUE,TRUE,TRUE,FALSE,TRUE
"1658","PVP01_0924300","PY17X_0926600",TRUE,TRUE,TRUE,FALSE,TRUE
"1659","PVP01_0924400","PY17X_0926500",TRUE,TRUE,TRUE,FALSE,TRUE
"1660","PVP01_0924500","PY17X_0926400",TRUE,TRUE,TRUE,FALSE,TRUE
"1661","PVP01_0924600","PY17X_0926300",TRUE,TRUE,TRUE,FALSE,TRUE
"1662","PVP01_0924700","PY17X_0926200",TRUE,TRUE,TRUE,FALSE,FALSE
"1663","PVP01_0924800","PY17X_0926100",TRUE,TRUE,TRUE,FALSE,FALSE
"1664","PVP01_0924900","PY17X_0926000",TRUE,TRUE,TRUE,FALSE,FALSE
"1665","PVP01_0925000","PY17X_0925900",TRUE,TRUE,TRUE,FALSE,TRUE
"1666","PVP01_0925100","PY17X_0925800",TRUE,TRUE,TRUE,FALSE,TRUE
"1667","PVP01_0925200","PY17X_0925700",TRUE,TRUE,TRUE,FALSE,TRUE
"1668","PVP01_0925300","PY17X_0925600",TRUE,TRUE,TRUE,FALSE,TRUE
"1669","PVP01_0925400","PY17X_0925500",TRUE,TRUE,TRUE,FALSE,TRUE
"1670","PVP01_0925600","PY17X_0925400",TRUE,TRUE,TRUE,FALSE,TRUE
"1671","PVP01_0925700","PY17X_0925300",TRUE,TRUE,TRUE,FALSE,TRUE
"1672","PVP01_0925800","PY17X_0925200",TRUE,TRUE,TRUE,FALSE,TRUE
"1673","PVP01_0925900","PY17X_0925100",TRUE,TRUE,TRUE,FALSE,TRUE
"1674","PVP01_0926000","PY17X_0925000",TRUE,TRUE,TRUE,FALSE,TRUE
"1675","PVP01_0926100","PY17X_0924900",TRUE,TRUE,TRUE,FALSE,FALSE
"1676","PVP01_0926200","PY17X_0924800",TRUE,TRUE,TRUE,FALSE,TRUE
"1677","PVP01_0926300","PY17X_0924700",TRUE,FALSE,FALSE,FALSE,TRUE
"1678","PVP01_0926400","PY17X_0924600",TRUE,TRUE,TRUE,FALSE,TRUE
"1679","PVP01_0926500","PY17X_0924500",TRUE,TRUE,TRUE,FALSE,TRUE
"1680","PVP01_0926600","PY17X_0924400",TRUE,TRUE,TRUE,FALSE,TRUE
"1681","PVP01_0926700","PY17X_0924300",TRUE,TRUE,TRUE,FALSE,TRUE
"1682","PVP01_0926800","PY17X_0924200",TRUE,TRUE,TRUE,FALSE,TRUE
"1683","PVP01_0926900","PY17X_0924100",TRUE,TRUE,TRUE,FALSE,TRUE
"1684","PVP01_0927100","PY17X_1426100",TRUE,TRUE,TRUE,TRUE,TRUE
"1685","PVP01_0927200","PY17X_0923900",TRUE,TRUE,TRUE,FALSE,TRUE
"1686","PVP01_0927300","PY17X_0923800",TRUE,TRUE,TRUE,FALSE,TRUE
"1687","PVP01_0927400","PY17X_0923700",TRUE,TRUE,TRUE,FALSE,TRUE
"1688","PVP01_0927500","PY17X_0923600",TRUE,TRUE,TRUE,TRUE,FALSE
"1689","PVP01_0927600","PY17X_0923500",TRUE,TRUE,TRUE,FALSE,TRUE
"1690","PVP01_0927700","PY17X_0923400",TRUE,TRUE,TRUE,FALSE,TRUE
"1691","PVP01_0927800","PY17X_0923300",TRUE,TRUE,TRUE,FALSE,TRUE
"1692","PVP01_0927900","PY17X_0923200",TRUE,FALSE,FALSE,FALSE,FALSE
"1693","PVP01_0928000","PY17X_0923100",TRUE,TRUE,TRUE,FALSE,TRUE
"1694","PVP01_0928100","PY17X_0923000",TRUE,TRUE,TRUE,FALSE,FALSE
"1695","PVP01_0928200","PY17X_0922900",TRUE,TRUE,TRUE,FALSE,TRUE
"1696","PVP01_0928300","PY17X_0922800",TRUE,TRUE,TRUE,FALSE,FALSE
"1697","PVP01_0928600","PY17X_0922500",TRUE,TRUE,TRUE,FALSE,TRUE
"1698","PVP01_0928700","PY17X_0922400",TRUE,TRUE,TRUE,FALSE,FALSE
"1699","PVP01_0928800","PY17X_0922300",TRUE,TRUE,TRUE,FALSE,TRUE
"1700","PVP01_0928900","PY17X_0922200",TRUE,TRUE,TRUE,FALSE,FALSE
"1701","PVP01_0929000","PY17X_0922100",TRUE,TRUE,TRUE,FALSE,FALSE
"1702","PVP01_0929100","PY17X_0922000",TRUE,TRUE,TRUE,FALSE,TRUE
"1703","PVP01_0929200","PY17X_0921900",TRUE,TRUE,TRUE,FALSE,FALSE
"1704","PVP01_0929300","PY17X_0921800",TRUE,TRUE,TRUE,FALSE,TRUE
"1705","PVP01_0929400","PY17X_0921700",TRUE,TRUE,TRUE,FALSE,TRUE
"1706","PVP01_0929500","PY17X_0921600",TRUE,TRUE,TRUE,FALSE,TRUE
"1707","PVP01_0929600","PY17X_0921500",TRUE,TRUE,TRUE,TRUE,TRUE
"1708","PVP01_0929700","PY17X_0921400",TRUE,TRUE,TRUE,FALSE,TRUE
"1709","PVP01_0929900","PY17X_0920700",TRUE,TRUE,TRUE,FALSE,FALSE
"1710","PVP01_0930000","PY17X_0920600",TRUE,TRUE,TRUE,FALSE,TRUE
"1711","PVP01_0930100","PY17X_0920500",TRUE,TRUE,TRUE,FALSE,TRUE
"1712","PVP01_0930200","PY17X_0920400",TRUE,TRUE,TRUE,FALSE,TRUE
"1713","PVP01_0930300","PY17X_0920300",TRUE,TRUE,TRUE,FALSE,TRUE
"1714","PVP01_0930400","PY17X_0920100",TRUE,TRUE,TRUE,FALSE,FALSE
"1715","PVP01_0930500","PY17X_0920000",TRUE,TRUE,TRUE,FALSE,TRUE
"1716","PVP01_0930600","PY17X_0919900",TRUE,TRUE,TRUE,FALSE,TRUE
"1717","PVP01_0930700","PY17X_0919800",TRUE,TRUE,TRUE,FALSE,TRUE
"1718","PVP01_0930800","PY17X_0919700",TRUE,TRUE,TRUE,FALSE,TRUE
"1719","PVP01_0931200","PY17X_0919400",TRUE,TRUE,TRUE,FALSE,FALSE
"1720","PVP01_0931300","PY17X_0919300",TRUE,TRUE,TRUE,FALSE,TRUE
"1721","PVP01_0931400","PY17X_0919200",TRUE,TRUE,TRUE,FALSE,TRUE
"1722","PVP01_0931500","PY17X_0919100",TRUE,TRUE,TRUE,TRUE,TRUE
"1723","PVP01_0931600","PY17X_0919000",TRUE,TRUE,TRUE,FALSE,TRUE
"1724","PVP01_0931800","PY17X_0918800",TRUE,TRUE,TRUE,FALSE,FALSE
"1725","PVP01_0931900","PY17X_0918700",TRUE,TRUE,TRUE,TRUE,FALSE
"1726","PVP01_0932000","PY17X_0918600",TRUE,FALSE,FALSE,FALSE,TRUE
"1727","PVP01_0932200","PY17X_0918400",TRUE,TRUE,TRUE,FALSE,TRUE
"1728","PVP01_0932300","PY17X_0918300",FALSE,FALSE,FALSE,FALSE,TRUE
"1729","PVP01_0932700","PY17X_0918000",TRUE,FALSE,FALSE,TRUE,TRUE
"1730","PVP01_0932800","PY17X_0917900",TRUE,TRUE,TRUE,FALSE,TRUE
"1731","PVP01_0933000","PY17X_0917700",TRUE,TRUE,TRUE,TRUE,TRUE
"1732","PVP01_0933100","PY17X_0917600",TRUE,TRUE,TRUE,FALSE,TRUE
"1733","PVP01_0933300","PY17X_0917400",TRUE,FALSE,FALSE,FALSE,TRUE
"1734","PVP01_0933400","PY17X_0917300",TRUE,TRUE,TRUE,FALSE,FALSE
"1735","PVP01_0933500","PY17X_0917200",TRUE,TRUE,TRUE,FALSE,FALSE
"1736","PVP01_0933600","PY17X_0917100",TRUE,TRUE,TRUE,TRUE,TRUE
"1737","PVP01_0933700","PY17X_0917000",TRUE,TRUE,TRUE,FALSE,TRUE
"1738","PVP01_0933900","PY17X_0916800",TRUE,TRUE,TRUE,FALSE,TRUE
"1739","PVP01_0934000","PY17X_0916700",TRUE,TRUE,TRUE,FALSE,TRUE
"1740","PVP01_0934100","PY17X_0916600",TRUE,TRUE,TRUE,FALSE,TRUE
"1741","PVP01_0934200","PY17X_0916500",TRUE,TRUE,TRUE,FALSE,TRUE
"1742","PVP01_0934300","PY17X_0916400",TRUE,TRUE,TRUE,TRUE,TRUE
"1743","PVP01_0934400","PY17X_0916300",TRUE,TRUE,TRUE,TRUE,FALSE
"1744","PVP01_0934500","PY17X_0916200",TRUE,TRUE,TRUE,FALSE,TRUE
"1745","PVP01_0934600","PY17X_0916100",TRUE,TRUE,TRUE,FALSE,TRUE
"1746","PVP01_0934700","PY17X_0916000",TRUE,TRUE,TRUE,TRUE,TRUE
"1747","PVP01_0934800","PY17X_0915900",TRUE,TRUE,TRUE,TRUE,TRUE
"1748","PVP01_0934900","PY17X_0915800",TRUE,TRUE,TRUE,FALSE,FALSE
"1749","PVP01_0935000","PY17X_0915700",TRUE,TRUE,TRUE,TRUE,TRUE
"1750","PVP01_0935200","PY17X_0915500",TRUE,TRUE,TRUE,TRUE,TRUE
"1751","PVP01_0935300","PY17X_0915400",TRUE,TRUE,TRUE,FALSE,TRUE
"1752","PVP01_0935500","PY17X_0915300",TRUE,TRUE,TRUE,FALSE,TRUE
"1753","PVP01_0935600","PY17X_0915200",TRUE,TRUE,TRUE,FALSE,FALSE
"1754","PVP01_0935700","PY17X_0915100",FALSE,FALSE,FALSE,FALSE,FALSE
"1755","PVP01_0935800","PY17X_0915000",FALSE,TRUE,FALSE,TRUE,FALSE
"1756","PVP01_0935900","PY17X_0914900",TRUE,TRUE,TRUE,FALSE,TRUE
"1757","PVP01_0936000","PY17X_0914800",TRUE,TRUE,TRUE,FALSE,FALSE
"1758","PVP01_0936100","PY17X_0914700",TRUE,TRUE,TRUE,FALSE,TRUE
"1759","PVP01_0936400","PY17X_0914600",TRUE,TRUE,TRUE,FALSE,FALSE
"1760","PVP01_0936500","PY17X_0914500",TRUE,TRUE,TRUE,TRUE,TRUE
"1761","PVP01_0936600","PY17X_0914400",TRUE,FALSE,FALSE,FALSE,FALSE
"1762","PVP01_0936700","PY17X_0914300",TRUE,TRUE,TRUE,TRUE,TRUE
"1763","PVP01_0936800","PY17X_0914200",TRUE,TRUE,TRUE,TRUE,TRUE
"1764","PVP01_0937200","PY17X_0913800",TRUE,TRUE,TRUE,FALSE,TRUE
"1765","PVP01_0937300","PY17X_0913700",TRUE,TRUE,TRUE,FALSE,FALSE
"1766","PVP01_0937400","PY17X_0913600",TRUE,TRUE,TRUE,TRUE,FALSE
"1767","PVP01_0937600","PY17X_0913400",TRUE,TRUE,TRUE,FALSE,FALSE
"1768","PVP01_0937700","PY17X_0913300",TRUE,TRUE,TRUE,TRUE,TRUE
"1769","PVP01_0937800","PY17X_0913200",TRUE,TRUE,TRUE,FALSE,TRUE
"1770","PVP01_0938000","PY17X_0913000",TRUE,TRUE,TRUE,TRUE,TRUE
"1771","PVP01_0938100","PY17X_0912900",TRUE,FALSE,FALSE,FALSE,TRUE
"1772","PVP01_0938300","PY17X_0912800",TRUE,TRUE,TRUE,TRUE,TRUE
"1773","PVP01_0938400","PY17X_0912700",TRUE,TRUE,TRUE,FALSE,FALSE
"1774","PVP01_0938500","PY17X_0912600",TRUE,TRUE,TRUE,FALSE,FALSE
"1775","PVP01_0938600","PY17X_0912500",FALSE,TRUE,FALSE,FALSE,FALSE
"1776","PVP01_0938700","PY17X_0912400",FALSE,FALSE,FALSE,FALSE,TRUE
"1777","PVP01_0938800","PY17X_0912300",FALSE,FALSE,FALSE,FALSE,TRUE
"1778","PVP01_0938900","PY17X_0912200",TRUE,FALSE,FALSE,FALSE,TRUE
"1779","PVP01_0939100","PY17X_0912000",TRUE,TRUE,TRUE,FALSE,FALSE
"1780","PVP01_0939200","PY17X_0911900",FALSE,FALSE,FALSE,TRUE,TRUE
"1781","PVP01_0939300","PY17X_0911800",FALSE,TRUE,FALSE,FALSE,TRUE
"1782","PVP01_0939350","PY17X_0911750",FALSE,FALSE,FALSE,FALSE,TRUE
"1783","PVP01_0939400","PY17X_0911700",TRUE,TRUE,TRUE,TRUE,TRUE
"1784","PVP01_0939500","PY17X_0911600",TRUE,TRUE,TRUE,FALSE,TRUE
"1785","PVP01_0939600","PY17X_0911500",TRUE,TRUE,TRUE,FALSE,TRUE
"1786","PVP01_0939800","PY17X_0911300",TRUE,TRUE,TRUE,TRUE,TRUE
"1787","PVP01_0939900","PY17X_0911200",TRUE,TRUE,TRUE,FALSE,TRUE
"1788","PVP01_0940000","PY17X_0911100",TRUE,TRUE,TRUE,TRUE,TRUE
"1789","PVP01_0940100","PY17X_0911000",TRUE,TRUE,TRUE,FALSE,TRUE
"1790","PVP01_0940200","PY17X_0910900",TRUE,TRUE,TRUE,FALSE,FALSE
"1791","PVP01_0940400","PY17X_0910700",TRUE,TRUE,TRUE,FALSE,TRUE
"1792","PVP01_0940500","PY17X_0910600",TRUE,TRUE,TRUE,TRUE,TRUE
"1793","PVP01_0940600","PY17X_0910500",TRUE,TRUE,TRUE,FALSE,TRUE
"1794","PVP01_0940800","PY17X_0910300",TRUE,TRUE,TRUE,FALSE,TRUE
"1795","PVP01_0940900","PY17X_0910200",TRUE,TRUE,TRUE,FALSE,TRUE
"1796","PVP01_0941000","PY17X_0910100",TRUE,TRUE,TRUE,FALSE,FALSE
"1797","PVP01_0941100","PY17X_0910000",TRUE,TRUE,TRUE,FALSE,TRUE
"1798","PVP01_0941500","PY17X_0909600",TRUE,TRUE,TRUE,TRUE,TRUE
"1799","PVP01_0941600","PY17X_0909500",TRUE,TRUE,TRUE,FALSE,TRUE
"1800","PVP01_0941900","PY17X_0909200",TRUE,TRUE,TRUE,FALSE,TRUE
"1801","PVP01_0942000","PY17X_0909100",TRUE,TRUE,TRUE,FALSE,TRUE
"1802","PVP01_0942100","PY17X_0909000",TRUE,TRUE,TRUE,FALSE,TRUE
"1803","PVP01_0942200","PY17X_0908900",TRUE,FALSE,FALSE,FALSE,TRUE
"1804","PVP01_0942300","PY17X_0908800",TRUE,TRUE,TRUE,FALSE,TRUE
"1805","PVP01_0942400","PY17X_0908700",TRUE,TRUE,TRUE,FALSE,FALSE
"1806","PVP01_0942500","PY17X_0908600",TRUE,TRUE,TRUE,TRUE,TRUE
"1807","PVP01_0942600","PY17X_0908500",FALSE,TRUE,FALSE,FALSE,TRUE
"1808","PVP01_0942900","PY17X_0908200",TRUE,TRUE,TRUE,FALSE,FALSE
"1809","PVP01_0943000","PY17X_0908100",TRUE,TRUE,TRUE,FALSE,FALSE
"1810","PVP01_0943100","PY17X_0908000",TRUE,TRUE,TRUE,FALSE,TRUE
"1811","PVP01_0943200","PY17X_0907900",TRUE,TRUE,TRUE,FALSE,FALSE
"1812","PVP01_0943300","PY17X_0907800",TRUE,TRUE,TRUE,TRUE,FALSE
"1813","PVP01_0943400","PY17X_0907700",TRUE,TRUE,TRUE,FALSE,FALSE
"1814","PVP01_0943500","PY17X_0907600",TRUE,TRUE,TRUE,FALSE,FALSE
"1815","PVP01_0943600","PY17X_0907500",TRUE,TRUE,TRUE,FALSE,TRUE
"1816","PVP01_0943700","PY17X_0907400",TRUE,TRUE,TRUE,FALSE,FALSE
"1817","PVP01_0943900","PY17X_0907200",TRUE,TRUE,TRUE,FALSE,FALSE
"1818","PVP01_0944000","PY17X_0907100",TRUE,TRUE,TRUE,FALSE,FALSE
"1819","PVP01_0944100","PY17X_0907000",TRUE,TRUE,TRUE,FALSE,FALSE
"1820","PVP01_0944200","PY17X_0906900",TRUE,TRUE,TRUE,TRUE,TRUE
"1821","PVP01_0944300","PY17X_0906800",FALSE,FALSE,FALSE,FALSE,TRUE
"1822","PVP01_0944400","PY17X_0906700",FALSE,TRUE,FALSE,TRUE,TRUE
"1823","PVP01_0944500","PY17X_0906600",TRUE,TRUE,TRUE,TRUE,TRUE
"1824","PVP01_0944600","PY17X_0906500",TRUE,TRUE,TRUE,FALSE,TRUE
"1825","PVP01_0944700","PY17X_0906400",TRUE,TRUE,TRUE,FALSE,TRUE
"1826","PVP01_0944800","PY17X_0906300",TRUE,TRUE,TRUE,FALSE,FALSE
"1827","PVP01_0944900","PY17X_0906200",FALSE,TRUE,FALSE,FALSE,TRUE
"1828","PVP01_0945000","PY17X_0906100",TRUE,TRUE,TRUE,FALSE,TRUE
"1829","PVP01_0945200","PY17X_0905900",TRUE,TRUE,TRUE,FALSE,TRUE
"1830","PVP01_0945300","PY17X_0905800",TRUE,TRUE,TRUE,TRUE,TRUE
"1831","PVP01_0945400","PY17X_0905700",TRUE,TRUE,TRUE,FALSE,FALSE
"1832","PVP01_0945600","PY17X_0905500",TRUE,TRUE,TRUE,FALSE,FALSE
"1833","PVP01_0945800","PY17X_0905300",TRUE,TRUE,TRUE,FALSE,TRUE
"1834","PVP01_0945900","PY17X_0905200",TRUE,TRUE,TRUE,FALSE,TRUE
"1835","PVP01_0946000","PY17X_0905100",TRUE,TRUE,TRUE,FALSE,TRUE
"1836","PVP01_0946100","PY17X_0905000",TRUE,TRUE,TRUE,TRUE,FALSE
"1837","PVP01_0946200","PY17X_0904900",TRUE,TRUE,TRUE,FALSE,TRUE
"1838","PVP01_0946300","PY17X_0904800",TRUE,TRUE,TRUE,FALSE,TRUE
"1839","PVP01_0946400","PY17X_0904700",TRUE,TRUE,TRUE,FALSE,TRUE
"1840","PVP01_0946600","PY17X_0904500",FALSE,FALSE,FALSE,FALSE,FALSE
"1841","PVP01_0946700","PY17X_0904400",TRUE,TRUE,TRUE,FALSE,TRUE
"1842","PVP01_0946800","PY17X_0904300",FALSE,TRUE,FALSE,FALSE,TRUE
"1843","PVP01_0946900","PY17X_0904200",TRUE,FALSE,FALSE,FALSE,FALSE
"1844","PVP01_0947100","PY17X_0904000",FALSE,TRUE,FALSE,FALSE,TRUE
"1845","PVP01_0947200","PY17X_0903900",TRUE,TRUE,TRUE,FALSE,FALSE
"1846","PVP01_0947300","PY17X_0903800",FALSE,FALSE,FALSE,FALSE,TRUE
"1847","PVP01_0947500","PY17X_0903600",TRUE,TRUE,TRUE,FALSE,TRUE
"1848","PVP01_0947700","PY17X_0903400",TRUE,FALSE,FALSE,FALSE,TRUE
"1849","PVP01_0947800","PY17X_0903300",TRUE,TRUE,TRUE,TRUE,TRUE
"1850","PVP01_0947900","PY17X_0903200",TRUE,TRUE,TRUE,FALSE,TRUE
"1851","PVP01_0948000","PY17X_0903100",TRUE,TRUE,TRUE,FALSE,TRUE
"1852","PVP01_0948100","PY17X_0903000",TRUE,TRUE,TRUE,FALSE,TRUE
"1853","PVP01_0948200","PY17X_0902900",TRUE,TRUE,TRUE,FALSE,TRUE
"1854","PVP01_0948300","PY17X_0902800",TRUE,TRUE,TRUE,FALSE,TRUE
"1855","PVP01_0948400","PY17X_0902700",FALSE,TRUE,FALSE,FALSE,TRUE
"1856","PVP01_0948400","PY17X_0902700",FALSE,TRUE,FALSE,FALSE,TRUE
"1857","PVP01_0948500","PY17X_0902600",TRUE,TRUE,TRUE,FALSE,TRUE
"1858","PVP01_0948600","PY17X_0902500",TRUE,TRUE,TRUE,TRUE,TRUE
"1859","PVP01_1002400","PY17X_1249300",TRUE,TRUE,TRUE,FALSE,FALSE
"1860","PVP01_1002500","PY17X_1249200",TRUE,TRUE,TRUE,FALSE,FALSE
"1861","PVP01_1002600","PY17X_1249100",TRUE,TRUE,TRUE,TRUE,TRUE
"1862","PVP01_1002700","PY17X_1249000",TRUE,TRUE,TRUE,TRUE,TRUE
"1863","PVP01_1002800","PY17X_1248900",TRUE,TRUE,TRUE,FALSE,TRUE
"1864","PVP01_1002900","PY17X_1248800",TRUE,TRUE,TRUE,TRUE,TRUE
"1865","PVP01_1003000","PY17X_1248700",FALSE,TRUE,FALSE,FALSE,TRUE
"1866","PVP01_1003100","PY17X_1248650",TRUE,FALSE,FALSE,FALSE,FALSE
"1867","PVP01_1003200","PY17X_1248600",TRUE,TRUE,TRUE,TRUE,TRUE
"1868","PVP01_1003300","PY17X_1248500",TRUE,TRUE,TRUE,FALSE,FALSE
"1869","PVP01_1003400","PY17X_1248400",TRUE,TRUE,TRUE,FALSE,TRUE
"1870","PVP01_1003500","PY17X_1248300",TRUE,TRUE,TRUE,FALSE,TRUE
"1871","PVP01_1003700","PY17X_1248100",TRUE,TRUE,TRUE,FALSE,TRUE
"1872","PVP01_1003800","PY17X_1248000",TRUE,TRUE,TRUE,TRUE,TRUE
"1873","PVP01_1004000","PY17X_1247800",TRUE,TRUE,TRUE,TRUE,TRUE
"1874","PVP01_1004100","PY17X_1247700",TRUE,TRUE,TRUE,FALSE,TRUE
"1875","PVP01_1004200","PY17X_1247600",TRUE,TRUE,TRUE,FALSE,FALSE
"1876","PVP01_1004400","PY17X_1247400",TRUE,TRUE,TRUE,FALSE,FALSE
"1877","PVP01_1004500","PY17X_1247300",TRUE,TRUE,TRUE,FALSE,FALSE
"1878","PVP01_1004600","PY17X_1247200",FALSE,TRUE,FALSE,TRUE,TRUE
"1879","PVP01_1004700","PY17X_1247100",TRUE,TRUE,TRUE,FALSE,FALSE
"1880","PVP01_1004800","PY17X_1247000",TRUE,TRUE,TRUE,FALSE,TRUE
"1881","PVP01_1004900","PY17X_1246900",FALSE,FALSE,FALSE,FALSE,FALSE
"1882","PVP01_1005000","PY17X_1246800",TRUE,TRUE,TRUE,TRUE,TRUE
"1883","PVP01_1005100","PY17X_1246700",TRUE,TRUE,TRUE,FALSE,FALSE
"1884","PVP01_1005200","PY17X_1246600",TRUE,TRUE,TRUE,FALSE,TRUE
"1885","PVP01_1005300","PY17X_1246500",TRUE,TRUE,TRUE,FALSE,TRUE
"1886","PVP01_1005400","PY17X_1246400",TRUE,TRUE,TRUE,FALSE,TRUE
"1887","PVP01_1005500","PY17X_1246300",TRUE,TRUE,TRUE,FALSE,FALSE
"1888","PVP01_1005600","PY17X_1246200",TRUE,TRUE,TRUE,FALSE,FALSE
"1889","PVP01_1005700","PY17X_1246100",TRUE,TRUE,TRUE,FALSE,TRUE
"1890","PVP01_1005800","PY17X_1246000",TRUE,TRUE,TRUE,FALSE,FALSE
"1891","PVP01_1005900","PY17X_1245900",TRUE,TRUE,TRUE,TRUE,TRUE
"1892","PVP01_1006200","PY17X_1245600",TRUE,TRUE,TRUE,FALSE,TRUE
"1893","PVP01_1006300","PY17X_1245500",TRUE,TRUE,TRUE,TRUE,TRUE
"1894","PVP01_1006500","PY17X_1245300",TRUE,TRUE,TRUE,TRUE,TRUE
"1895","PVP01_1006600","PY17X_1245200",TRUE,TRUE,TRUE,FALSE,TRUE
"1896","PVP01_1006700","PY17X_1245100",TRUE,TRUE,TRUE,TRUE,TRUE
"1897","PVP01_1006800","PY17X_1245000",TRUE,TRUE,TRUE,FALSE,TRUE
"1898","PVP01_1006900","PY17X_1244900",TRUE,TRUE,TRUE,TRUE,TRUE
"1899","PVP01_1007000","PY17X_1244800",TRUE,TRUE,TRUE,FALSE,FALSE
"1900","PVP01_1007100","PY17X_1244700",TRUE,TRUE,TRUE,FALSE,FALSE
"1901","PVP01_1007250","PY17X_1244600",TRUE,TRUE,TRUE,FALSE,FALSE
"1902","PVP01_1007300","PY17X_1244500",TRUE,TRUE,TRUE,FALSE,TRUE
"1903","PVP01_1007400","PY17X_1244400",TRUE,TRUE,TRUE,FALSE,TRUE
"1904","PVP01_1007500","PY17X_1244300",TRUE,TRUE,TRUE,FALSE,FALSE
"1905","PVP01_1007600","PY17X_1244200",TRUE,TRUE,TRUE,TRUE,TRUE
"1906","PVP01_1007700","PY17X_1244100",TRUE,TRUE,TRUE,TRUE,TRUE
"1907","PVP01_1007800","PY17X_1244000",TRUE,TRUE,TRUE,FALSE,FALSE
"1908","PVP01_1007900","PY17X_1243900",FALSE,TRUE,FALSE,FALSE,TRUE
"1909","PVP01_1008000","PY17X_1243800",TRUE,TRUE,TRUE,FALSE,FALSE
"1910","PVP01_1008100","PY17X_1243700",TRUE,TRUE,TRUE,TRUE,FALSE
"1911","PVP01_1008200","PY17X_1243600",TRUE,TRUE,TRUE,FALSE,FALSE
"1912","PVP01_1008300","PY17X_1243500",TRUE,TRUE,TRUE,TRUE,TRUE
"1913","PVP01_1008400","PY17X_1243400",TRUE,TRUE,TRUE,TRUE,FALSE
"1914","PVP01_1008600","PY17X_1243200",TRUE,TRUE,TRUE,FALSE,TRUE
"1915","PVP01_1008700","PY17X_1243100",TRUE,TRUE,TRUE,TRUE,TRUE
"1916","PVP01_1008800","PY17X_1243000",TRUE,TRUE,TRUE,TRUE,TRUE
"1917","PVP01_1008900","PY17X_1242900",TRUE,TRUE,TRUE,FALSE,TRUE
"1918","PVP01_1009100","PY17X_1242800",TRUE,TRUE,TRUE,TRUE,TRUE
"1919","PVP01_1009200","PY17X_1242700",TRUE,TRUE,TRUE,FALSE,TRUE
"1920","PVP01_1009300","PY17X_1242600",TRUE,TRUE,TRUE,FALSE,FALSE
"1921","PVP01_1009400","PY17X_1242500",TRUE,TRUE,TRUE,FALSE,TRUE
"1922","PVP01_1009500","PY17X_1242400",TRUE,TRUE,TRUE,TRUE,FALSE
"1923","PVP01_1009600","PY17X_1242300",TRUE,TRUE,TRUE,TRUE,TRUE
"1924","PVP01_1009700","PY17X_1242200",FALSE,TRUE,FALSE,FALSE,FALSE
"1925","PVP01_1009900","PY17X_1242000",TRUE,TRUE,TRUE,TRUE,TRUE
"1926","PVP01_1010000","PY17X_1241900",TRUE,TRUE,TRUE,FALSE,TRUE
"1927","PVP01_1010100","PY17X_1241800",TRUE,TRUE,TRUE,TRUE,TRUE
"1928","PVP01_1010200","PY17X_1241700",TRUE,TRUE,TRUE,TRUE,TRUE
"1929","PVP01_1010300","PY17X_1241600",TRUE,TRUE,TRUE,FALSE,FALSE
"1930","PVP01_1010400","PY17X_1241500",TRUE,FALSE,FALSE,FALSE,FALSE
"1931","PVP01_1010500","PY17X_1241400",TRUE,TRUE,TRUE,TRUE,TRUE
"1932","PVP01_1010600","PY17X_1241300",TRUE,TRUE,TRUE,FALSE,TRUE
"1933","PVP01_1010700","PY17X_1241200",TRUE,TRUE,TRUE,FALSE,TRUE
"1934","PVP01_1010800","PY17X_1241100",TRUE,TRUE,TRUE,FALSE,TRUE
"1935","PVP01_1010900","PY17X_1241000",TRUE,FALSE,FALSE,TRUE,TRUE
"1936","PVP01_1011000","PY17X_1240900",TRUE,TRUE,TRUE,FALSE,TRUE
"1937","PVP01_1011100","PY17X_1240800",TRUE,TRUE,TRUE,TRUE,FALSE
"1938","PVP01_1011200","PY17X_1240700",TRUE,TRUE,TRUE,FALSE,FALSE
"1939","PVP01_1011300","PY17X_1240600",TRUE,TRUE,TRUE,TRUE,FALSE
"1940","PVP01_1011400","PY17X_1240500",TRUE,TRUE,TRUE,FALSE,TRUE
"1941","PVP01_1011600","PY17X_1240300",TRUE,TRUE,TRUE,FALSE,TRUE
"1942","PVP01_1011700","PY17X_1240200",TRUE,TRUE,TRUE,FALSE,FALSE
"1943","PVP01_1011800","PY17X_1240100",TRUE,TRUE,TRUE,FALSE,TRUE
"1944","PVP01_1011900","PY17X_1240000",FALSE,TRUE,FALSE,FALSE,FALSE
"1945","PVP01_1012100","PY17X_1239800",TRUE,TRUE,TRUE,FALSE,FALSE
"1946","PVP01_1012200","PY17X_1239700",TRUE,TRUE,TRUE,FALSE,TRUE
"1947","PVP01_1012300","PY17X_1239600",FALSE,FALSE,FALSE,FALSE,TRUE
"1948","PVP01_1012400","PY17X_1239500",TRUE,TRUE,TRUE,FALSE,TRUE
"1949","PVP01_1012500","PY17X_1239400",TRUE,TRUE,TRUE,FALSE,TRUE
"1950","PVP01_1012700","PY17X_1239200",TRUE,TRUE,TRUE,FALSE,FALSE
"1951","PVP01_1012800","PY17X_1239100",TRUE,TRUE,TRUE,TRUE,TRUE
"1952","PVP01_1013000","PY17X_1239000",TRUE,TRUE,TRUE,FALSE,TRUE
"1953","PVP01_1013100","PY17X_1238900",TRUE,TRUE,TRUE,TRUE,TRUE
"1954","PVP01_1013300","PY17X_1238700",TRUE,TRUE,TRUE,FALSE,FALSE
"1955","PVP01_1013500","PY17X_1238600",TRUE,TRUE,TRUE,FALSE,TRUE
"1956","PVP01_1013600","PY17X_1238500",TRUE,TRUE,TRUE,FALSE,TRUE
"1957","PVP01_1013700","PY17X_1238400",TRUE,TRUE,TRUE,FALSE,TRUE
"1958","PVP01_1013800","PY17X_1238300",TRUE,TRUE,TRUE,FALSE,FALSE
"1959","PVP01_1013900","PY17X_1238200",TRUE,TRUE,TRUE,TRUE,TRUE
"1960","PVP01_1014000","PY17X_1238100",TRUE,TRUE,TRUE,FALSE,TRUE
"1961","PVP01_1014100","PY17X_1238000",TRUE,TRUE,TRUE,FALSE,TRUE
"1962","PVP01_1014200","PY17X_1237900",TRUE,TRUE,TRUE,TRUE,TRUE
"1963","PVP01_1014300","PY17X_1237800",TRUE,TRUE,TRUE,TRUE,TRUE
"1964","PVP01_1014400","PY17X_1237700",TRUE,TRUE,TRUE,TRUE,TRUE
"1965","PVP01_1014500","PY17X_1237600",TRUE,TRUE,TRUE,FALSE,TRUE
"1966","PVP01_1014600","PY17X_1237500",TRUE,TRUE,TRUE,FALSE,TRUE
"1967","PVP01_1014700","PY17X_1237400",TRUE,TRUE,TRUE,TRUE,TRUE
"1968","PVP01_1014800","PY17X_1237300",TRUE,TRUE,TRUE,FALSE,TRUE
"1969","PVP01_1014900","PY17X_1237200",TRUE,TRUE,TRUE,FALSE,FALSE
"1970","PVP01_1015000","PY17X_1237100",TRUE,FALSE,FALSE,FALSE,FALSE
"1971","PVP01_1015100","PY17X_1237000",FALSE,FALSE,FALSE,FALSE,FALSE
"1972","PVP01_1015200","PY17X_1236900",TRUE,TRUE,TRUE,TRUE,TRUE
"1973","PVP01_1015300","PY17X_1236800",TRUE,TRUE,TRUE,FALSE,FALSE
"1974","PVP01_1015400","PY17X_1236700",TRUE,TRUE,TRUE,FALSE,TRUE
"1975","PVP01_1015500","PY17X_1236600",TRUE,TRUE,TRUE,FALSE,FALSE
"1976","PVP01_1015600","PY17X_1236500",TRUE,TRUE,TRUE,FALSE,FALSE
"1977","PVP01_1015700","PY17X_1236400",TRUE,TRUE,TRUE,FALSE,FALSE
"1978","PVP01_1015800","PY17X_1236300",TRUE,TRUE,TRUE,TRUE,TRUE
"1979","PVP01_1015900","PY17X_1236200",TRUE,TRUE,TRUE,TRUE,TRUE
"1980","PVP01_1016000","PY17X_1236100",TRUE,TRUE,TRUE,FALSE,TRUE
"1981","PVP01_1016200","PY17X_1236000",TRUE,FALSE,FALSE,FALSE,TRUE
"1982","PVP01_1016300","PY17X_1235900",TRUE,TRUE,TRUE,TRUE,FALSE
"1983","PVP01_1016400","PY17X_1235800",TRUE,TRUE,TRUE,FALSE,TRUE
"1984","PVP01_1016500","PY17X_1235700",FALSE,TRUE,FALSE,FALSE,TRUE
"1985","PVP01_1016600","PY17X_1235600",TRUE,TRUE,TRUE,TRUE,TRUE
"1986","PVP01_1016700","PY17X_1235500",TRUE,TRUE,TRUE,FALSE,FALSE
"1987","PVP01_1016800","PY17X_1235400",TRUE,TRUE,TRUE,FALSE,FALSE
"1988","PVP01_1016900","PY17X_1235300",TRUE,TRUE,TRUE,FALSE,FALSE
"1989","PVP01_1017000","PY17X_1235200",TRUE,TRUE,TRUE,FALSE,FALSE
"1990","PVP01_1017100","PY17X_1235100",TRUE,TRUE,TRUE,FALSE,TRUE
"1991","PVP01_1017200","PY17X_1235000",TRUE,TRUE,TRUE,TRUE,TRUE
"1992","PVP01_1017300","PY17X_1234900",TRUE,TRUE,TRUE,FALSE,TRUE
"1993","PVP01_1017400","PY17X_1234800",TRUE,TRUE,TRUE,FALSE,TRUE
"1994","PVP01_1017500","PY17X_1234700",FALSE,TRUE,FALSE,FALSE,TRUE
"1995","PVP01_1017600","PY17X_1234600",TRUE,TRUE,TRUE,FALSE,TRUE
"1996","PVP01_1017700","PY17X_1234500",TRUE,TRUE,TRUE,FALSE,TRUE
"1997","PVP01_1017800","PY17X_1234400",TRUE,TRUE,TRUE,FALSE,FALSE
"1998","PVP01_1017900","PY17X_1234300",TRUE,TRUE,TRUE,FALSE,TRUE
"1999","PVP01_1018000","PY17X_1116700",TRUE,TRUE,TRUE,FALSE,TRUE
"2000","PVP01_1018100","PY17X_1116600",TRUE,TRUE,TRUE,FALSE,FALSE
"2001","PVP01_1018200","PY17X_1116500",TRUE,TRUE,TRUE,FALSE,TRUE
"2002","PVP01_1018300","PY17X_1116400",TRUE,FALSE,FALSE,FALSE,TRUE
"2003","PVP01_1018400","PY17X_1116300",FALSE,FALSE,FALSE,FALSE,TRUE
"2004","PVP01_1018500","PY17X_1116200",TRUE,TRUE,TRUE,TRUE,FALSE
"2005","PVP01_1018600","PY17X_1116100",TRUE,TRUE,TRUE,FALSE,TRUE
"2006","PVP01_1018700","PY17X_1116000",FALSE,TRUE,FALSE,FALSE,FALSE
"2007","PVP01_1018900","PY17X_1115800",TRUE,TRUE,TRUE,TRUE,TRUE
"2008","PVP01_1019000","PY17X_1115700",TRUE,TRUE,TRUE,FALSE,TRUE
"2009","PVP01_1019200","PY17X_1115500",TRUE,TRUE,TRUE,FALSE,TRUE
"2010","PVP01_1019300","PY17X_1115400",TRUE,TRUE,TRUE,TRUE,TRUE
"2011","PVP01_1019400","PY17X_1115300",TRUE,FALSE,FALSE,FALSE,TRUE
"2012","PVP01_1019600","PY17X_1115100",TRUE,TRUE,TRUE,FALSE,TRUE
"2013","PVP01_1019700","PY17X_1115000",TRUE,TRUE,TRUE,FALSE,TRUE
"2014","PVP01_1019800","PY17X_1114900",TRUE,TRUE,TRUE,FALSE,TRUE
"2015","PVP01_1019900","PY17X_1114800",TRUE,TRUE,TRUE,FALSE,TRUE
"2016","PVP01_1020000","PY17X_1114700",TRUE,TRUE,TRUE,FALSE,TRUE
"2017","PVP01_1020100","PY17X_1114600",TRUE,TRUE,TRUE,FALSE,FALSE
"2018","PVP01_1020200","PY17X_1114500",TRUE,TRUE,TRUE,TRUE,FALSE
"2019","PVP01_1020300","PY17X_1114400",TRUE,TRUE,TRUE,FALSE,TRUE
"2020","PVP01_1020400","PY17X_1114300",TRUE,TRUE,TRUE,TRUE,TRUE
"2021","PVP01_1020500","PY17X_1114200",TRUE,TRUE,TRUE,FALSE,TRUE
"2022","PVP01_1020600","PY17X_1114100",TRUE,TRUE,TRUE,FALSE,TRUE
"2023","PVP01_1020700","PY17X_1114000",TRUE,TRUE,TRUE,FALSE,TRUE
"2024","PVP01_1020800","PY17X_1113900",TRUE,TRUE,TRUE,FALSE,TRUE
"2025","PVP01_1020900","PY17X_1113800",TRUE,TRUE,TRUE,FALSE,FALSE
"2026","PVP01_1021000","PY17X_1113700",TRUE,TRUE,TRUE,FALSE,TRUE
"2027","PVP01_1021100","PY17X_1113600",TRUE,TRUE,TRUE,FALSE,TRUE
"2028","PVP01_1021200","PY17X_1113500",TRUE,TRUE,TRUE,FALSE,TRUE
"2029","PVP01_1021300","PY17X_1113400",TRUE,TRUE,TRUE,FALSE,TRUE
"2030","PVP01_1021500","PY17X_1113200",FALSE,TRUE,FALSE,FALSE,TRUE
"2031","PVP01_1021600","PY17X_1113100",FALSE,TRUE,FALSE,FALSE,TRUE
"2032","PVP01_1021700","PY17X_1113000",TRUE,TRUE,TRUE,TRUE,TRUE
"2033","PVP01_1021800","PY17X_1112900",TRUE,TRUE,TRUE,FALSE,TRUE
"2034","PVP01_1021900","PY17X_1112800",TRUE,TRUE,TRUE,FALSE,TRUE
"2035","PVP01_1022000","PY17X_1112700",TRUE,TRUE,TRUE,FALSE,FALSE
"2036","PVP01_1022100","PY17X_1112600",TRUE,TRUE,TRUE,FALSE,TRUE
"2037","PVP01_1022200","PY17X_1112500",TRUE,TRUE,TRUE,FALSE,FALSE
"2038","PVP01_1022300","PY17X_1112400",TRUE,TRUE,TRUE,FALSE,TRUE
"2039","PVP01_1022700","PY17X_1112000",TRUE,TRUE,TRUE,FALSE,TRUE
"2040","PVP01_1022800","PY17X_1111900",TRUE,TRUE,TRUE,FALSE,TRUE
"2041","PVP01_1022900","PY17X_1111800",TRUE,TRUE,TRUE,FALSE,TRUE
"2042","PVP01_1023000","PY17X_1111700",TRUE,TRUE,TRUE,TRUE,TRUE
"2043","PVP01_1023200","PY17X_1111500",FALSE,TRUE,FALSE,FALSE,TRUE
"2044","PVP01_1023300","PY17X_1111400",FALSE,FALSE,FALSE,FALSE,TRUE
"2045","PVP01_1023500","PY17X_1111200",TRUE,TRUE,TRUE,FALSE,TRUE
"2046","PVP01_1023600","PY17X_1111100",TRUE,TRUE,TRUE,FALSE,TRUE
"2047","PVP01_1023700","PY17X_1111000",TRUE,FALSE,FALSE,FALSE,TRUE
"2048","PVP01_1023800","PY17X_1110900",TRUE,TRUE,TRUE,FALSE,TRUE
"2049","PVP01_1023900","PY17X_1110800",TRUE,TRUE,TRUE,TRUE,TRUE
"2050","PVP01_1024000","PY17X_1110700",TRUE,TRUE,TRUE,FALSE,TRUE
"2051","PVP01_1024100","PY17X_1110600",TRUE,TRUE,TRUE,FALSE,FALSE
"2052","PVP01_1024200","PY17X_1110500",TRUE,TRUE,TRUE,FALSE,TRUE
"2053","PVP01_1024400","PY17X_1110300",TRUE,TRUE,TRUE,FALSE,FALSE
"2054","PVP01_1024500","PY17X_1110200",TRUE,TRUE,TRUE,FALSE,FALSE
"2055","PVP01_1024600","PY17X_1110100",TRUE,TRUE,TRUE,FALSE,FALSE
"2056","PVP01_1024800","PY17X_1109900",FALSE,FALSE,FALSE,FALSE,TRUE
"2057","PVP01_1024900","PY17X_1109800",TRUE,TRUE,TRUE,FALSE,TRUE
"2058","PVP01_1025000","PY17X_1109700",TRUE,TRUE,TRUE,FALSE,TRUE
"2059","PVP01_1025200","PY17X_1109500",TRUE,TRUE,TRUE,FALSE,TRUE
"2060","PVP01_1025300","PY17X_1109400",TRUE,TRUE,TRUE,FALSE,FALSE
"2061","PVP01_1025400","PY17X_1109300",TRUE,TRUE,TRUE,FALSE,FALSE
"2062","PVP01_1025500","PY17X_1109200",TRUE,TRUE,TRUE,FALSE,TRUE
"2063","PVP01_1025600","PY17X_1109100",FALSE,FALSE,FALSE,FALSE,FALSE
"2064","PVP01_1025700","PY17X_1109000",TRUE,TRUE,TRUE,FALSE,FALSE
"2065","PVP01_1025800","PY17X_1108900",TRUE,TRUE,TRUE,FALSE,TRUE
"2066","PVP01_1025900","PY17X_1108800",TRUE,TRUE,TRUE,FALSE,TRUE
"2067","PVP01_1026000","PY17X_1108700",TRUE,TRUE,TRUE,FALSE,TRUE
"2068","PVP01_1026100","PY17X_1108600",TRUE,TRUE,TRUE,FALSE,TRUE
"2069","PVP01_1026200","PY17X_1108500",TRUE,TRUE,TRUE,FALSE,TRUE
"2070","PVP01_1026300","PY17X_1108400",TRUE,TRUE,TRUE,FALSE,TRUE
"2071","PVP01_1026400","PY17X_1108300",TRUE,TRUE,TRUE,FALSE,FALSE
"2072","PVP01_1026500","PY17X_1108200",TRUE,TRUE,TRUE,FALSE,FALSE
"2073","PVP01_1026600","PY17X_1108100",TRUE,FALSE,FALSE,FALSE,TRUE
"2074","PVP01_1026800","PY17X_1107900",TRUE,TRUE,TRUE,FALSE,TRUE
"2075","PVP01_1026900","PY17X_1107800",TRUE,TRUE,TRUE,TRUE,FALSE
"2076","PVP01_1027000","PY17X_1107700",TRUE,TRUE,TRUE,FALSE,FALSE
"2077","PVP01_1027100","PY17X_1107600",TRUE,TRUE,TRUE,FALSE,TRUE
"2078","PVP01_1027200","PY17X_1107500",TRUE,TRUE,TRUE,FALSE,TRUE
"2079","PVP01_1027300","PY17X_1107400",TRUE,TRUE,TRUE,FALSE,TRUE
"2080","PVP01_1027400","PY17X_1107300",TRUE,TRUE,TRUE,FALSE,TRUE
"2081","PVP01_1027600","PY17X_1107100",TRUE,TRUE,TRUE,FALSE,TRUE
"2082","PVP01_1027700","PY17X_1107000",TRUE,TRUE,TRUE,FALSE,TRUE
"2083","PVP01_1027800","PY17X_1106900",TRUE,TRUE,TRUE,FALSE,TRUE
"2084","PVP01_1027900","PY17X_1106800",TRUE,TRUE,TRUE,FALSE,TRUE
"2085","PVP01_1028000","PY17X_1106700",TRUE,TRUE,TRUE,FALSE,TRUE
"2086","PVP01_1028100","PY17X_1106600",TRUE,TRUE,TRUE,FALSE,TRUE
"2087","PVP01_1028200","PY17X_1106500",TRUE,TRUE,TRUE,TRUE,TRUE
"2088","PVP01_1028300","PY17X_1106400",TRUE,TRUE,TRUE,FALSE,TRUE
"2089","PVP01_1028400","PY17X_1106300",TRUE,TRUE,TRUE,FALSE,TRUE
"2090","PVP01_1028500","PY17X_1106200",TRUE,TRUE,TRUE,FALSE,FALSE
"2091","PVP01_1028600","PY17X_1106100",TRUE,TRUE,TRUE,FALSE,FALSE
"2092","PVP01_1028700","PY17X_1106000",TRUE,TRUE,TRUE,FALSE,TRUE
"2093","PVP01_1028800","PY17X_1105900",TRUE,TRUE,TRUE,TRUE,FALSE
"2094","PVP01_1029000","PY17X_1105700",TRUE,TRUE,TRUE,FALSE,TRUE
"2095","PVP01_1029100","PY17X_1105600",TRUE,TRUE,TRUE,FALSE,TRUE
"2096","PVP01_1029200","PY17X_1105500",TRUE,TRUE,TRUE,FALSE,TRUE
"2097","PVP01_1029400","PY17X_1105300",TRUE,TRUE,TRUE,FALSE,FALSE
"2098","PVP01_1029500","PY17X_1105200",TRUE,TRUE,TRUE,TRUE,FALSE
"2099","PVP01_1029600","PY17X_1105100",TRUE,TRUE,TRUE,FALSE,FALSE
"2100","PVP01_1029700","PY17X_1105000",FALSE,FALSE,FALSE,FALSE,TRUE
"2101","PVP01_1029800","PY17X_1104900",TRUE,TRUE,TRUE,FALSE,FALSE
"2102","PVP01_1029900","PY17X_1104800",TRUE,TRUE,TRUE,FALSE,TRUE
"2103","PVP01_1030000","PY17X_1104700",TRUE,TRUE,TRUE,FALSE,TRUE
"2104","PVP01_1030100","PY17X_1104600",TRUE,TRUE,TRUE,FALSE,FALSE
"2105","PVP01_1030200","PY17X_1104500",TRUE,TRUE,TRUE,FALSE,TRUE
"2106","PVP01_1030300","PY17X_1104400",TRUE,TRUE,TRUE,FALSE,TRUE
"2107","PVP01_1030400","PY17X_1104300",TRUE,TRUE,TRUE,FALSE,FALSE
"2108","PVP01_1030500","PY17X_1104200",TRUE,TRUE,TRUE,TRUE,TRUE
"2109","PVP01_1030600","PY17X_1104100",TRUE,TRUE,TRUE,TRUE,FALSE
"2110","PVP01_1031800","PY17X_1104000",TRUE,TRUE,TRUE,FALSE,TRUE
"2111","PVP01_1031900","PY17X_1103900",TRUE,TRUE,TRUE,FALSE,TRUE
"2112","PVP01_1032000","PY17X_1103800",TRUE,TRUE,TRUE,FALSE,FALSE
"2113","PVP01_1032100","PY17X_1103700",TRUE,TRUE,TRUE,FALSE,TRUE
"2114","PVP01_1032200","PY17X_1103600",TRUE,TRUE,TRUE,FALSE,FALSE
"2115","PVP01_1032300","PY17X_1103500",TRUE,TRUE,TRUE,FALSE,TRUE
"2116","PVP01_1032400","PY17X_1103400",FALSE,FALSE,FALSE,TRUE,TRUE
"2117","PVP01_1032600","PY17X_1103300",TRUE,TRUE,TRUE,FALSE,TRUE
"2118","PVP01_1032800","PY17X_1103100",TRUE,TRUE,TRUE,FALSE,TRUE
"2119","PVP01_1032900","PY17X_1103000",TRUE,TRUE,TRUE,FALSE,FALSE
"2120","PVP01_1033000","PY17X_1102900",TRUE,TRUE,TRUE,FALSE,TRUE
"2121","PVP01_1033100","PY17X_1102800",TRUE,TRUE,TRUE,FALSE,TRUE
"2122","PVP01_1033200","PY17X_1102700",TRUE,TRUE,TRUE,TRUE,TRUE
"2123","PVP01_1033300","PY17X_1102600",TRUE,TRUE,TRUE,TRUE,TRUE
"2124","PVP01_1102300","PY17X_1147000",TRUE,TRUE,TRUE,FALSE,FALSE
"2125","PVP01_1102400","PY17X_1146900",TRUE,TRUE,TRUE,FALSE,TRUE
"2126","PVP01_1102600","PY17X_1146600",TRUE,TRUE,TRUE,FALSE,TRUE
"2127","PVP01_1102700","PY17X_1146500",TRUE,TRUE,TRUE,FALSE,FALSE
"2128","PVP01_1103000","PY17X_1146200",TRUE,TRUE,TRUE,FALSE,TRUE
"2129","PVP01_1103100","PY17X_1146100",TRUE,TRUE,TRUE,TRUE,FALSE
"2130","PVP01_1103200","PY17X_1146000",TRUE,TRUE,TRUE,FALSE,FALSE
"2131","PVP01_1103300","PY17X_1145900",TRUE,TRUE,TRUE,FALSE,TRUE
"2132","PVP01_1103400","PY17X_1145800",TRUE,TRUE,TRUE,FALSE,TRUE
"2133","PVP01_1103500","PY17X_1145700",TRUE,TRUE,TRUE,FALSE,TRUE
"2134","PVP01_1103600","PY17X_1145600",TRUE,TRUE,TRUE,FALSE,TRUE
"2135","PVP01_1103700","PY17X_1145500",TRUE,TRUE,TRUE,FALSE,TRUE
"2136","PVP01_1103800","PY17X_1145400",TRUE,TRUE,TRUE,FALSE,TRUE
"2137","PVP01_1103900","PY17X_1145300",TRUE,TRUE,TRUE,FALSE,TRUE
"2138","PVP01_1104000","PY17X_1145200",TRUE,FALSE,FALSE,FALSE,TRUE
"2139","PVP01_1104100","PY17X_1145100",FALSE,FALSE,FALSE,FALSE,FALSE
"2140","PVP01_1104300","PY17X_1144900",TRUE,TRUE,TRUE,FALSE,TRUE
"2141","PVP01_1104400","PY17X_1144800",TRUE,TRUE,TRUE,FALSE,FALSE
"2142","PVP01_1104500","PY17X_1144700",TRUE,TRUE,TRUE,TRUE,FALSE
"2143","PVP01_1104600","PY17X_1144600",TRUE,TRUE,TRUE,FALSE,TRUE
"2144","PVP01_1104700","PY17X_1144500",TRUE,FALSE,FALSE,FALSE,TRUE
"2145","PVP01_1104800","PY17X_1144400",TRUE,FALSE,FALSE,TRUE,FALSE
"2146","PVP01_1104900","PY17X_1144300",TRUE,TRUE,TRUE,FALSE,TRUE
"2147","PVP01_1105000","PY17X_1144200",TRUE,TRUE,TRUE,FALSE,TRUE
"2148","PVP01_1105200","PY17X_1144000",TRUE,TRUE,TRUE,TRUE,TRUE
"2149","PVP01_1105300","PY17X_1143900",TRUE,TRUE,TRUE,TRUE,TRUE
"2150","PVP01_1105400","PY17X_1143800",TRUE,TRUE,TRUE,FALSE,FALSE
"2151","PVP01_1105500","PY17X_1143700",TRUE,TRUE,TRUE,FALSE,TRUE
"2152","PVP01_1105700","PY17X_1143500",TRUE,TRUE,TRUE,FALSE,TRUE
"2153","PVP01_1105800","PY17X_1143400",TRUE,TRUE,TRUE,FALSE,TRUE
"2154","PVP01_1105900","PY17X_1143300",TRUE,FALSE,FALSE,FALSE,TRUE
"2155","PVP01_1106000","PY17X_1143200",TRUE,TRUE,TRUE,FALSE,TRUE
"2156","PVP01_1106100","PY17X_1143100",TRUE,TRUE,TRUE,FALSE,TRUE
"2157","PVP01_1106200","PY17X_1143000",TRUE,TRUE,TRUE,TRUE,TRUE
"2158","PVP01_1106300","PY17X_1142900",TRUE,TRUE,TRUE,FALSE,TRUE
"2159","PVP01_1106400","PY17X_1142800",FALSE,FALSE,FALSE,FALSE,TRUE
"2160","PVP01_1106500","PY17X_1142700",TRUE,TRUE,TRUE,TRUE,TRUE
"2161","PVP01_1106600","PY17X_1142600",TRUE,TRUE,TRUE,FALSE,TRUE
"2162","PVP01_1106800","PY17X_1142400",TRUE,TRUE,TRUE,FALSE,TRUE
"2163","PVP01_1106900","PY17X_1142300",TRUE,TRUE,TRUE,FALSE,FALSE
"2164","PVP01_1107000","PY17X_1142200",TRUE,TRUE,TRUE,FALSE,TRUE
"2165","PVP01_1107100","PY17X_1142100",TRUE,TRUE,TRUE,FALSE,TRUE
"2166","PVP01_1107200","PY17X_1142000",TRUE,TRUE,TRUE,TRUE,FALSE
"2167","PVP01_1107400","PY17X_1141900",TRUE,TRUE,TRUE,TRUE,TRUE
"2168","PVP01_1107500","PY17X_1141800",TRUE,TRUE,TRUE,FALSE,TRUE
"2169","PVP01_1107700","PY17X_1141600",TRUE,TRUE,TRUE,FALSE,FALSE
"2170","PVP01_1108000","PY17X_1141400",TRUE,TRUE,TRUE,FALSE,TRUE
"2171","PVP01_1108100","PY17X_1141300",TRUE,TRUE,TRUE,FALSE,FALSE
"2172","PVP01_1108200","PY17X_1141200",TRUE,FALSE,FALSE,FALSE,TRUE
"2173","PVP01_1108300","PY17X_1141100",TRUE,TRUE,TRUE,FALSE,TRUE
"2174","PVP01_1108400","PY17X_1141000",TRUE,TRUE,TRUE,FALSE,TRUE
"2175","PVP01_1108500","PY17X_1140900",TRUE,TRUE,TRUE,FALSE,TRUE
"2176","PVP01_1108600","PY17X_1140800",TRUE,TRUE,TRUE,TRUE,TRUE
"2177","PVP01_1108700","PY17X_1140700",TRUE,TRUE,TRUE,FALSE,TRUE
"2178","PVP01_1108800","PY17X_1140600",TRUE,TRUE,TRUE,FALSE,TRUE
"2179","PVP01_1108900","PY17X_1140500",TRUE,TRUE,TRUE,TRUE,TRUE
"2180","PVP01_1109000","PY17X_1140400",TRUE,TRUE,TRUE,FALSE,TRUE
"2181","PVP01_1109200","PY17X_1140200",TRUE,FALSE,FALSE,TRUE,TRUE
"2182","PVP01_1109400","PY17X_1140000",TRUE,FALSE,FALSE,FALSE,TRUE
"2183","PVP01_1109500","PY17X_1139900",TRUE,TRUE,TRUE,FALSE,FALSE
"2184","PVP01_1109600","PY17X_1139800",TRUE,TRUE,TRUE,TRUE,TRUE
"2185","PVP01_1109700","PY17X_1139700",TRUE,TRUE,TRUE,FALSE,TRUE
"2186","PVP01_1109800","PY17X_1139600",TRUE,TRUE,TRUE,FALSE,TRUE
"2187","PVP01_1109900","PY17X_1139500",TRUE,FALSE,FALSE,FALSE,FALSE
"2188","PVP01_1110000","PY17X_1139400",TRUE,TRUE,TRUE,FALSE,TRUE
"2189","PVP01_1110100","PY17X_1139300",TRUE,TRUE,TRUE,FALSE,FALSE
"2190","PVP01_1110200","PY17X_1139200",TRUE,TRUE,TRUE,FALSE,TRUE
"2191","PVP01_1110300","PY17X_1139100",TRUE,TRUE,TRUE,FALSE,TRUE
"2192","PVP01_1110400","PY17X_1139000",TRUE,TRUE,TRUE,FALSE,TRUE
"2193","PVP01_1110600","PY17X_1138900",TRUE,FALSE,FALSE,FALSE,TRUE
"2194","PVP01_1110700","PY17X_1138800",FALSE,FALSE,FALSE,FALSE,FALSE
"2195","PVP01_1110900","PY17X_1138600",TRUE,TRUE,TRUE,TRUE,TRUE
"2196","PVP01_1111000","PY17X_1138500",TRUE,TRUE,TRUE,FALSE,TRUE
"2197","PVP01_1111200","PY17X_1138400",TRUE,TRUE,TRUE,FALSE,TRUE
"2198","PVP01_1111300","PY17X_1138300",TRUE,TRUE,TRUE,FALSE,TRUE
"2199","PVP01_1111400","PY17X_1138200",TRUE,TRUE,TRUE,TRUE,TRUE
"2200","PVP01_1111500","PY17X_1138100",TRUE,TRUE,TRUE,FALSE,FALSE
"2201","PVP01_1111600","PY17X_1138000",TRUE,TRUE,TRUE,TRUE,TRUE
"2202","PVP01_1111700","PY17X_1137900",TRUE,TRUE,TRUE,FALSE,TRUE
"2203","PVP01_1111800","PY17X_1137800",TRUE,TRUE,TRUE,FALSE,TRUE
"2204","PVP01_1111900","PY17X_1137700",TRUE,TRUE,TRUE,FALSE,TRUE
"2205","PVP01_1112000","PY17X_1137600",TRUE,TRUE,TRUE,FALSE,TRUE
"2206","PVP01_1112100","PY17X_1137500",TRUE,TRUE,TRUE,FALSE,FALSE
"2207","PVP01_1112200","PY17X_1137400",TRUE,TRUE,TRUE,TRUE,TRUE
"2208","PVP01_1112500","PY17X_1137200",TRUE,TRUE,TRUE,TRUE,TRUE
"2209","PVP01_1112600","PY17X_1137100",TRUE,TRUE,TRUE,FALSE,TRUE
"2210","PVP01_1112700","PY17X_1137000",TRUE,TRUE,TRUE,FALSE,TRUE
"2211","PVP01_1112800","PY17X_1136900",TRUE,TRUE,TRUE,FALSE,TRUE
"2212","PVP01_1112900","PY17X_1136800",TRUE,TRUE,TRUE,FALSE,TRUE
"2213","PVP01_1113000","PY17X_1136700",TRUE,TRUE,TRUE,FALSE,FALSE
"2214","PVP01_1113100","PY17X_1136600",TRUE,TRUE,TRUE,FALSE,TRUE
"2215","PVP01_1113200","PY17X_1136500",TRUE,TRUE,TRUE,FALSE,FALSE
"2216","PVP01_1113300","PY17X_1136400",TRUE,TRUE,TRUE,TRUE,FALSE
"2217","PVP01_1113400","PY17X_1136300",TRUE,TRUE,TRUE,FALSE,TRUE
"2218","PVP01_1113500","PY17X_1136200",TRUE,TRUE,TRUE,FALSE,TRUE
"2219","PVP01_1113600","PY17X_1136100",TRUE,TRUE,TRUE,FALSE,TRUE
"2220","PVP01_1113800","PY17X_1135900",TRUE,TRUE,TRUE,FALSE,TRUE
"2221","PVP01_1113900","PY17X_1135800",TRUE,TRUE,TRUE,FALSE,TRUE
"2222","PVP01_1114000","PY17X_1135700",TRUE,TRUE,TRUE,TRUE,FALSE
"2223","PVP01_1114100","PY17X_1135600",TRUE,TRUE,TRUE,FALSE,TRUE
"2224","PVP01_1114200","PY17X_1135500",TRUE,TRUE,TRUE,FALSE,FALSE
"2225","PVP01_1114300","PY17X_1135400",TRUE,TRUE,TRUE,TRUE,TRUE
"2226","PVP01_1114400","PY17X_1135300",TRUE,TRUE,TRUE,TRUE,TRUE
"2227","PVP01_1114600","PY17X_1135100",FALSE,TRUE,FALSE,FALSE,TRUE
"2228","PVP01_1114700","PY17X_1135000",TRUE,TRUE,TRUE,FALSE,TRUE
"2229","PVP01_1114800","PY17X_1134900",TRUE,TRUE,TRUE,FALSE,FALSE
"2230","PVP01_1114900","PY17X_1134800",TRUE,TRUE,TRUE,FALSE,FALSE
"2231","PVP01_1115000","PY17X_1134700",TRUE,TRUE,TRUE,FALSE,FALSE
"2232","PVP01_1115100","PY17X_1134600",TRUE,FALSE,FALSE,TRUE,TRUE
"2233","PVP01_1115200","PY17X_1134500",TRUE,TRUE,TRUE,FALSE,TRUE
"2234","PVP01_1115300","PY17X_1134400",TRUE,TRUE,TRUE,FALSE,FALSE
"2235","PVP01_1115400","PY17X_1134300",TRUE,FALSE,FALSE,FALSE,TRUE
"2236","PVP01_1115500","PY17X_1134200",TRUE,TRUE,TRUE,FALSE,TRUE
"2237","PVP01_1115600","PY17X_1134100",TRUE,TRUE,TRUE,FALSE,TRUE
"2238","PVP01_1115700","PY17X_1134000",TRUE,TRUE,TRUE,FALSE,TRUE
"2239","PVP01_1116000","PY17X_1133700",TRUE,TRUE,TRUE,FALSE,TRUE
"2240","PVP01_1116100","PY17X_1133600",TRUE,FALSE,FALSE,FALSE,TRUE
"2241","PVP01_1116200","PY17X_1133500",TRUE,TRUE,TRUE,TRUE,TRUE
"2242","PVP01_1116400","PY17X_1133400",TRUE,TRUE,TRUE,FALSE,TRUE
"2243","PVP01_1116600","PY17X_1133200",TRUE,TRUE,TRUE,FALSE,TRUE
"2244","PVP01_1116700","PY17X_1133100",TRUE,TRUE,TRUE,FALSE,TRUE
"2245","PVP01_1116800","PY17X_1133000",TRUE,TRUE,TRUE,FALSE,TRUE
"2246","PVP01_1116900","PY17X_1132900",TRUE,TRUE,TRUE,FALSE,TRUE
"2247","PVP01_1117000","PY17X_1132800",TRUE,TRUE,TRUE,FALSE,TRUE
"2248","PVP01_1117200","PY17X_1132600",TRUE,TRUE,TRUE,FALSE,TRUE
"2249","PVP01_1117300","PY17X_1132500",TRUE,TRUE,TRUE,FALSE,FALSE
"2250","PVP01_1117400","PY17X_1132400",TRUE,TRUE,TRUE,FALSE,FALSE
"2251","PVP01_1117500","PY17X_1132300",TRUE,TRUE,TRUE,FALSE,TRUE
"2252","PVP01_1117600","PY17X_1132200",TRUE,TRUE,TRUE,FALSE,TRUE
"2253","PVP01_1117800","PY17X_1131900",TRUE,TRUE,TRUE,FALSE,TRUE
"2254","PVP01_1117900","PY17X_1131800",TRUE,TRUE,TRUE,FALSE,TRUE
"2255","PVP01_1118000","PY17X_1131700",TRUE,TRUE,TRUE,FALSE,FALSE
"2256","PVP01_1118100","PY17X_1131600",TRUE,TRUE,TRUE,TRUE,TRUE
"2257","PVP01_1118200","PY17X_1131500",TRUE,TRUE,TRUE,TRUE,TRUE
"2258","PVP01_1118300","PY17X_1131400",TRUE,TRUE,TRUE,FALSE,TRUE
"2259","PVP01_1118500","PY17X_1131200",TRUE,FALSE,FALSE,FALSE,TRUE
"2260","PVP01_1118600","PY17X_1131100",TRUE,TRUE,TRUE,FALSE,FALSE
"2261","PVP01_1118700","PY17X_1131000",TRUE,FALSE,FALSE,FALSE,TRUE
"2262","PVP01_1118800","PY17X_1130900",TRUE,TRUE,TRUE,FALSE,FALSE
"2263","PVP01_1118900","PY17X_1130800",TRUE,TRUE,TRUE,TRUE,TRUE
"2264","PVP01_1119000","PY17X_0062300",TRUE,TRUE,TRUE,FALSE,TRUE
"2265","PVP01_1119100","PY17X_1130700",TRUE,TRUE,TRUE,FALSE,TRUE
"2266","PVP01_1119200","PY17X_1130600",TRUE,TRUE,TRUE,FALSE,TRUE
"2267","PVP01_1119300","PY17X_1130500",TRUE,TRUE,TRUE,TRUE,FALSE
"2268","PVP01_1119500","PY17X_1130300",TRUE,FALSE,FALSE,FALSE,TRUE
"2269","PVP01_1119600","PY17X_1130200",TRUE,TRUE,TRUE,TRUE,TRUE
"2270","PVP01_1119700","PY17X_1130100",TRUE,TRUE,TRUE,TRUE,TRUE
"2271","PVP01_1119900","PY17X_1129900",TRUE,TRUE,TRUE,FALSE,FALSE
"2272","PVP01_1120000","PY17X_1129800",TRUE,TRUE,TRUE,FALSE,FALSE
"2273","PVP01_1120100","PY17X_1129700",TRUE,TRUE,TRUE,FALSE,FALSE
"2274","PVP01_1120200","PY17X_1129600",TRUE,TRUE,TRUE,FALSE,TRUE
"2275","PVP01_1120300","PY17X_1129300",TRUE,TRUE,TRUE,FALSE,TRUE
"2276","PVP01_1120400","PY17X_1129200",TRUE,TRUE,TRUE,FALSE,TRUE
"2277","PVP01_1120500","PY17X_1129100",TRUE,TRUE,TRUE,FALSE,TRUE
"2278","PVP01_1120700","PY17X_1129000",TRUE,TRUE,TRUE,TRUE,TRUE
"2279","PVP01_1120800","PY17X_1128900",TRUE,TRUE,TRUE,TRUE,TRUE
"2280","PVP01_1120900","PY17X_1128800",TRUE,TRUE,TRUE,FALSE,FALSE
"2281","PVP01_1121000","PY17X_1128700",TRUE,TRUE,TRUE,FALSE,TRUE
"2282","PVP01_1121100","PY17X_1128600",FALSE,FALSE,FALSE,FALSE,FALSE
"2283","PVP01_1121200","PY17X_1128500",TRUE,TRUE,TRUE,TRUE,TRUE
"2284","PVP01_1121300","PY17X_1128400",TRUE,TRUE,TRUE,TRUE,TRUE
"2285","PVP01_1121400","PY17X_1128300",TRUE,TRUE,TRUE,TRUE,TRUE
"2286","PVP01_1121500","PY17X_1128200",TRUE,TRUE,TRUE,FALSE,TRUE
"2287","PVP01_1121600","PY17X_1128100",TRUE,TRUE,TRUE,FALSE,TRUE
"2288","PVP01_1121700","PY17X_1128000",TRUE,TRUE,TRUE,TRUE,TRUE
"2289","PVP01_1121800","PY17X_1127900",TRUE,TRUE,TRUE,TRUE,TRUE
"2290","PVP01_1122000","PY17X_1127700",TRUE,TRUE,TRUE,TRUE,TRUE
"2291","PVP01_1122100","PY17X_1127600",FALSE,TRUE,FALSE,TRUE,TRUE
"2292","PVP01_1122200","PY17X_1127500",TRUE,TRUE,TRUE,TRUE,TRUE
"2293","PVP01_1122400","PY17X_1127400",TRUE,TRUE,TRUE,TRUE,TRUE
"2294","PVP01_1122500","PY17X_1127300",FALSE,FALSE,FALSE,FALSE,FALSE
"2295","PVP01_1122600","PY17X_1127200",TRUE,TRUE,TRUE,FALSE,TRUE
"2296","PVP01_1122700","PY17X_1127000",TRUE,TRUE,TRUE,TRUE,TRUE
"2297","PVP01_1122800","PY17X_1126900",TRUE,TRUE,TRUE,FALSE,TRUE
"2298","PVP01_1122900","PY17X_1126800",TRUE,TRUE,TRUE,FALSE,TRUE
"2299","PVP01_1123000","PY17X_1126700",TRUE,FALSE,FALSE,FALSE,TRUE
"2300","PVP01_1123100","PY17X_1126600",TRUE,TRUE,TRUE,FALSE,TRUE
"2301","PVP01_1123200","PY17X_1126500",TRUE,TRUE,TRUE,FALSE,TRUE
"2302","PVP01_1123300","PY17X_1126400",TRUE,TRUE,TRUE,FALSE,FALSE
"2303","PVP01_1123400","PY17X_1126300",TRUE,TRUE,TRUE,TRUE,TRUE
"2304","PVP01_1123500","PY17X_1126200",TRUE,TRUE,TRUE,FALSE,TRUE
"2305","PVP01_1123800","PY17X_1126000",TRUE,TRUE,TRUE,FALSE,TRUE
"2306","PVP01_1123900","PY17X_1125900",TRUE,TRUE,TRUE,FALSE,FALSE
"2307","PVP01_1124000","PY17X_1125800",TRUE,TRUE,TRUE,FALSE,TRUE
"2308","PVP01_1124200","PY17X_1125600",TRUE,TRUE,TRUE,FALSE,TRUE
"2309","PVP01_1124400","PY17X_1125400",FALSE,TRUE,FALSE,FALSE,TRUE
"2310","PVP01_1124500","PY17X_1125300",TRUE,TRUE,TRUE,FALSE,FALSE
"2311","PVP01_1124600","PY17X_1125200",FALSE,FALSE,FALSE,FALSE,TRUE
"2312","PVP01_1124700","PY17X_1125100",TRUE,TRUE,TRUE,TRUE,FALSE
"2313","PVP01_1124800","PY17X_1125000",TRUE,TRUE,TRUE,FALSE,TRUE
"2314","PVP01_1124900","PY17X_1124900",TRUE,TRUE,TRUE,TRUE,TRUE
"2315","PVP01_1125000","PY17X_1124800",TRUE,TRUE,TRUE,FALSE,TRUE
"2316","PVP01_1125100","PY17X_1124700",TRUE,TRUE,TRUE,FALSE,FALSE
"2317","PVP01_1125200","PY17X_1124600",TRUE,FALSE,FALSE,FALSE,FALSE
"2318","PVP01_1125300","PY17X_1124500",TRUE,TRUE,TRUE,FALSE,TRUE
"2319","PVP01_1125400","PY17X_1124400",TRUE,TRUE,TRUE,FALSE,TRUE
"2320","PVP01_1125500","PY17X_1124300",TRUE,TRUE,TRUE,TRUE,FALSE
"2321","PVP01_1125600","PY17X_1124200",TRUE,TRUE,TRUE,FALSE,TRUE
"2322","PVP01_1125700","PY17X_1124100",TRUE,TRUE,TRUE,FALSE,TRUE
"2323","PVP01_1125800","PY17X_1124000",TRUE,TRUE,TRUE,FALSE,TRUE
"2324","PVP01_1125900","PY17X_1123900",TRUE,TRUE,TRUE,FALSE,TRUE
"2325","PVP01_1126000","PY17X_1123800",TRUE,TRUE,TRUE,TRUE,TRUE
"2326","PVP01_1126100","PY17X_1123700",TRUE,TRUE,TRUE,FALSE,FALSE
"2327","PVP01_1126200","PY17X_1123600",TRUE,TRUE,TRUE,FALSE,TRUE
"2328","PVP01_1126300","PY17X_1123500",TRUE,TRUE,TRUE,FALSE,TRUE
"2329","PVP01_1126400","PY17X_1123400",TRUE,TRUE,TRUE,FALSE,TRUE
"2330","PVP01_1126500","PY17X_1123300",TRUE,TRUE,TRUE,TRUE,TRUE
"2331","PVP01_1126700","PY17X_1123100",TRUE,TRUE,TRUE,FALSE,TRUE
"2332","PVP01_1126800","PY17X_1123000",TRUE,TRUE,TRUE,FALSE,TRUE
"2333","PVP01_1126900","PY17X_1122900",TRUE,TRUE,TRUE,FALSE,FALSE
"2334","PVP01_1127000","PY17X_1122800",TRUE,TRUE,TRUE,FALSE,FALSE
"2335","PVP01_1127100","PY17X_1122700",TRUE,TRUE,TRUE,FALSE,FALSE
"2336","PVP01_1127200","PY17X_1122600",TRUE,TRUE,TRUE,FALSE,TRUE
"2337","PVP01_1127300","PY17X_1122500",TRUE,TRUE,TRUE,FALSE,TRUE
"2338","PVP01_1127500","PY17X_1122300",FALSE,FALSE,FALSE,FALSE,TRUE
"2339","PVP01_1127600","PY17X_1122200",TRUE,TRUE,TRUE,FALSE,TRUE
"2340","PVP01_1127700","PY17X_1122100",TRUE,TRUE,TRUE,TRUE,FALSE
"2341","PVP01_1127800","PY17X_1122000",TRUE,TRUE,TRUE,FALSE,TRUE
"2342","PVP01_1128000","PY17X_1121800",TRUE,TRUE,TRUE,FALSE,TRUE
"2343","PVP01_1128100","PY17X_1121700",TRUE,TRUE,TRUE,TRUE,TRUE
"2344","PVP01_1128200","PY17X_1121600",TRUE,TRUE,TRUE,TRUE,TRUE
"2345","PVP01_1128300","PY17X_1121500",TRUE,TRUE,TRUE,FALSE,TRUE
"2346","PVP01_1128400","PY17X_1121400",TRUE,TRUE,TRUE,FALSE,TRUE
"2347","PVP01_1128500","PY17X_1121300",TRUE,TRUE,TRUE,FALSE,TRUE
"2348","PVP01_1128800","PY17X_1121000",TRUE,TRUE,TRUE,FALSE,TRUE
"2349","PVP01_1128900","PY17X_1120900",TRUE,FALSE,FALSE,FALSE,TRUE
"2350","PVP01_1129000","PY17X_1120800",TRUE,TRUE,TRUE,TRUE,TRUE
"2351","PVP01_1129200","PY17X_1120600",TRUE,TRUE,TRUE,FALSE,FALSE
"2352","PVP01_1129300","PY17X_1120500",FALSE,FALSE,FALSE,FALSE,TRUE
"2353","PVP01_1129400","PY17X_1120400",TRUE,TRUE,TRUE,FALSE,FALSE
"2354","PVP01_1129600","PY17X_1120200",TRUE,TRUE,TRUE,FALSE,TRUE
"2355","PVP01_1129800","PY17X_1120000",TRUE,TRUE,TRUE,FALSE,FALSE
"2356","PVP01_1129900","PY17X_1119900",TRUE,TRUE,TRUE,FALSE,TRUE
"2357","PVP01_1130000","PY17X_1119800",TRUE,TRUE,TRUE,TRUE,TRUE
"2358","PVP01_1130100","PY17X_1119700",TRUE,TRUE,TRUE,FALSE,TRUE
"2359","PVP01_1130300","PY17X_1119500",TRUE,TRUE,TRUE,FALSE,TRUE
"2360","PVP01_1130400","PY17X_1119400",TRUE,TRUE,TRUE,FALSE,TRUE
"2361","PVP01_1130500","PY17X_1119300",TRUE,TRUE,TRUE,FALSE,TRUE
"2362","PVP01_1130600","PY17X_1119200",TRUE,TRUE,TRUE,FALSE,TRUE
"2363","PVP01_1130700","PY17X_1119100",TRUE,TRUE,TRUE,TRUE,TRUE
"2364","PVP01_1130800","PY17X_1119000",TRUE,TRUE,TRUE,FALSE,FALSE
"2365","PVP01_1130900","PY17X_1118900",TRUE,TRUE,TRUE,FALSE,TRUE
"2366","PVP01_1131000","PY17X_1118800",TRUE,TRUE,TRUE,FALSE,FALSE
"2367","PVP01_1131100","PY17X_1118700",TRUE,TRUE,TRUE,FALSE,TRUE
"2368","PVP01_1131200","PY17X_1118600",TRUE,TRUE,TRUE,FALSE,TRUE
"2369","PVP01_1131300","PY17X_1118500",TRUE,TRUE,TRUE,FALSE,FALSE
"2370","PVP01_1131400","PY17X_1118400",TRUE,TRUE,TRUE,FALSE,FALSE
"2371","PVP01_1131500","PY17X_1118300",TRUE,TRUE,TRUE,FALSE,TRUE
"2372","PVP01_1131600","PY17X_1118200",TRUE,TRUE,TRUE,TRUE,FALSE
"2373","PVP01_1131700","PY17X_1118100",TRUE,TRUE,TRUE,FALSE,FALSE
"2374","PVP01_1131800","PY17X_1118000",TRUE,TRUE,TRUE,FALSE,TRUE
"2375","PVP01_1131900","PY17X_1117900",TRUE,TRUE,TRUE,FALSE,TRUE
"2376","PVP01_1132000","PY17X_1117800",TRUE,TRUE,TRUE,FALSE,TRUE
"2377","PVP01_1132100","PY17X_1117700",TRUE,TRUE,TRUE,FALSE,FALSE
"2378","PVP01_1132300","PY17X_1117500",TRUE,TRUE,TRUE,FALSE,TRUE
"2379","PVP01_1132400","PY17X_1117400",TRUE,TRUE,TRUE,FALSE,TRUE
"2380","PVP01_1132500","PY17X_1117300",TRUE,TRUE,TRUE,FALSE,TRUE
"2381","PVP01_1132600","PY17X_1117200",TRUE,TRUE,TRUE,FALSE,TRUE
"2382","PVP01_1132700","PY17X_1117100",TRUE,TRUE,TRUE,FALSE,TRUE
"2383","PVP01_1132800","PY17X_1117000",TRUE,TRUE,TRUE,FALSE,TRUE
"2384","PVP01_1132900","PY17X_1116900",TRUE,TRUE,TRUE,FALSE,FALSE
"2385","PVP01_1133000","PY17X_1116800",TRUE,TRUE,TRUE,FALSE,TRUE
"2386","PVP01_1133100","PY17X_1234200",TRUE,TRUE,TRUE,FALSE,TRUE
"2387","PVP01_1133300","PY17X_1234000",TRUE,TRUE,TRUE,FALSE,FALSE
"2388","PVP01_1133400","PY17X_1233900",TRUE,TRUE,TRUE,FALSE,FALSE
"2389","PVP01_1133500","PY17X_1233800",TRUE,TRUE,TRUE,FALSE,TRUE
"2390","PVP01_1133600","PY17X_1233700",TRUE,TRUE,TRUE,TRUE,TRUE
"2391","PVP01_1133800","PY17X_1233500",TRUE,TRUE,TRUE,FALSE,FALSE
"2392","PVP01_1133900","PY17X_1233400",TRUE,TRUE,TRUE,FALSE,TRUE
"2393","PVP01_1134000","PY17X_1233300",TRUE,TRUE,TRUE,FALSE,FALSE
"2394","PVP01_1134100","PY17X_1233200",TRUE,TRUE,TRUE,FALSE,TRUE
"2395","PVP01_1134200","PY17X_1233100",TRUE,TRUE,TRUE,FALSE,TRUE
"2396","PVP01_1134300","PY17X_1233000",TRUE,TRUE,TRUE,FALSE,FALSE
"2397","PVP01_1134400","PY17X_1232900",TRUE,FALSE,FALSE,FALSE,TRUE
"2398","PVP01_1134500","PY17X_1232800",TRUE,TRUE,TRUE,FALSE,FALSE
"2399","PVP01_1134600","PY17X_1232700",TRUE,TRUE,TRUE,FALSE,TRUE
"2400","PVP01_1134700","PY17X_1232600",TRUE,TRUE,TRUE,FALSE,TRUE
"2401","PVP01_1134800","PY17X_0114100",TRUE,TRUE,TRUE,FALSE,FALSE
"2402","PVP01_1134900","PY17X_0114000",TRUE,TRUE,TRUE,TRUE,TRUE
"2403","PVP01_1135000","PY17X_0113900",TRUE,TRUE,TRUE,FALSE,FALSE
"2404","PVP01_1135300","PY17X_0113700",TRUE,TRUE,TRUE,FALSE,TRUE
"2405","PVP01_1135400","PY17X_0113600",TRUE,TRUE,TRUE,FALSE,TRUE
"2406","PVP01_1135600","PY17X_0113400",TRUE,TRUE,TRUE,FALSE,FALSE
"2407","PVP01_1135700","PY17X_0113300",TRUE,TRUE,TRUE,FALSE,FALSE
"2408","PVP01_1135800","PY17X_0113200",TRUE,TRUE,TRUE,FALSE,TRUE
"2409","PVP01_1135900","PY17X_0113100",TRUE,TRUE,TRUE,FALSE,TRUE
"2410","PVP01_1136000","PY17X_0113000",TRUE,TRUE,TRUE,FALSE,TRUE
"2411","PVP01_1136100","PY17X_0112900",TRUE,TRUE,TRUE,FALSE,TRUE
"2412","PVP01_1136200","PY17X_0112800",TRUE,TRUE,TRUE,FALSE,FALSE
"2413","PVP01_1136300","PY17X_0112700",TRUE,TRUE,TRUE,FALSE,FALSE
"2414","PVP01_1136400","PY17X_0112600",TRUE,TRUE,TRUE,FALSE,TRUE
"2415","PVP01_1136500","PY17X_0112500",TRUE,TRUE,TRUE,FALSE,FALSE
"2416","PVP01_1136600","PY17X_0112400",FALSE,FALSE,FALSE,FALSE,FALSE
"2417","PVP01_1136700","PY17X_0112300",TRUE,TRUE,TRUE,FALSE,TRUE
"2418","PVP01_1136800","PY17X_0112200",TRUE,TRUE,TRUE,FALSE,TRUE
"2419","PVP01_1137000","PY17X_0112000",TRUE,TRUE,TRUE,FALSE,TRUE
"2420","PVP01_1137100","PY17X_0111900",TRUE,FALSE,FALSE,FALSE,FALSE
"2421","PVP01_1137200","PY17X_0111800",TRUE,TRUE,TRUE,FALSE,TRUE
"2422","PVP01_1137500","PY17X_0111600",TRUE,TRUE,TRUE,FALSE,TRUE
"2423","PVP01_1137700","PY17X_0111400",FALSE,FALSE,FALSE,TRUE,FALSE
"2424","PVP01_1137800","PY17X_0111300",TRUE,TRUE,TRUE,TRUE,TRUE
"2425","PVP01_1137900","PY17X_0111200",TRUE,TRUE,TRUE,TRUE,FALSE
"2426","PVP01_1138000","PY17X_0111100",TRUE,TRUE,TRUE,TRUE,TRUE
"2427","PVP01_1138100","PY17X_0111000",TRUE,TRUE,TRUE,FALSE,TRUE
"2428","PVP01_1138200","PY17X_0110900",TRUE,TRUE,TRUE,FALSE,TRUE
"2429","PVP01_1138300","PY17X_0110800",TRUE,TRUE,TRUE,FALSE,FALSE
"2430","PVP01_1138400","PY17X_0110700",TRUE,TRUE,TRUE,FALSE,TRUE
"2431","PVP01_1138500","PY17X_0110600",TRUE,TRUE,TRUE,FALSE,TRUE
"2432","PVP01_1138600","PY17X_0110500",TRUE,TRUE,TRUE,FALSE,TRUE
"2433","PVP01_1138700","PY17X_0110400",TRUE,TRUE,TRUE,FALSE,TRUE
"2434","PVP01_1138900","PY17X_0110200",TRUE,TRUE,TRUE,FALSE,FALSE
"2435","PVP01_1139000","PY17X_0110100",TRUE,TRUE,TRUE,FALSE,FALSE
"2436","PVP01_1139100","PY17X_0110000",TRUE,TRUE,TRUE,FALSE,TRUE
"2437","PVP01_1139200","PY17X_0109900",TRUE,FALSE,FALSE,FALSE,FALSE
"2438","PVP01_1139300","PY17X_0109800",TRUE,TRUE,TRUE,FALSE,TRUE
"2439","PVP01_1139400","PY17X_0109700",TRUE,TRUE,TRUE,FALSE,FALSE
"2440","PVP01_1139500","PY17X_0109600",TRUE,TRUE,TRUE,FALSE,TRUE
"2441","PVP01_1139700","PY17X_0109400",TRUE,TRUE,TRUE,FALSE,TRUE
"2442","PVP01_1139800","PY17X_0109300",TRUE,TRUE,TRUE,FALSE,TRUE
"2443","PVP01_1140100","PY17X_0109000",TRUE,TRUE,TRUE,FALSE,FALSE
"2444","PVP01_1140200","PY17X_0108900",TRUE,TRUE,TRUE,TRUE,TRUE
"2445","PVP01_1140400","PY17X_0108700",TRUE,TRUE,TRUE,FALSE,TRUE
"2446","PVP01_1140500","PY17X_0108600",TRUE,TRUE,TRUE,FALSE,TRUE
"2447","PVP01_1140600","PY17X_0108500",TRUE,TRUE,TRUE,FALSE,FALSE
"2448","PVP01_1140700","PY17X_0108400",TRUE,TRUE,TRUE,FALSE,TRUE
"2449","PVP01_1140800","PY17X_0108300",TRUE,TRUE,TRUE,FALSE,FALSE
"2450","PVP01_1140900","PY17X_0108200",TRUE,TRUE,TRUE,TRUE,TRUE
"2451","PVP01_1141000","PY17X_0108100",TRUE,TRUE,TRUE,FALSE,FALSE
"2452","PVP01_1141100","PY17X_0108000",TRUE,TRUE,TRUE,FALSE,FALSE
"2453","PVP01_1141200","PY17X_0107900",TRUE,TRUE,TRUE,TRUE,TRUE
"2454","PVP01_1141300","PY17X_0107800",TRUE,TRUE,TRUE,FALSE,TRUE
"2455","PVP01_1141400","PY17X_0107700",TRUE,TRUE,TRUE,FALSE,TRUE
"2456","PVP01_1141500","PY17X_0107600",TRUE,TRUE,TRUE,FALSE,FALSE
"2457","PVP01_1141600","PY17X_0107500",TRUE,TRUE,TRUE,FALSE,TRUE
"2458","PVP01_1141700","PY17X_0107400",TRUE,TRUE,TRUE,FALSE,TRUE
"2459","PVP01_1141800","PY17X_0107300",TRUE,TRUE,TRUE,FALSE,TRUE
"2460","PVP01_1141900","PY17X_0107200",FALSE,TRUE,FALSE,FALSE,FALSE
"2461","PVP01_1142000","PY17X_0107100",TRUE,TRUE,TRUE,FALSE,FALSE
"2462","PVP01_1142100","PY17X_0107000",TRUE,TRUE,TRUE,TRUE,FALSE
"2463","PVP01_1142200","PY17X_0106900",TRUE,TRUE,TRUE,FALSE,TRUE
"2464","PVP01_1142400","PY17X_0106700",TRUE,TRUE,TRUE,FALSE,TRUE
"2465","PVP01_1142500","PY17X_0106600",TRUE,FALSE,FALSE,FALSE,FALSE
"2466","PVP01_1142700","PY17X_0106500",TRUE,TRUE,TRUE,FALSE,TRUE
"2467","PVP01_1142800","PY17X_0106400",TRUE,TRUE,TRUE,FALSE,FALSE
"2468","PVP01_1142900","PY17X_0106300",TRUE,TRUE,TRUE,TRUE,TRUE
"2469","PVP01_1143000","PY17X_0106200",TRUE,TRUE,TRUE,TRUE,TRUE
"2470","PVP01_1143100","PY17X_0106100",TRUE,TRUE,TRUE,FALSE,TRUE
"2471","PVP01_1143200","PY17X_0106000",FALSE,FALSE,FALSE,TRUE,TRUE
"2472","PVP01_1143300","PY17X_0105900",TRUE,TRUE,TRUE,FALSE,FALSE
"2473","PVP01_1143400","PY17X_0105800",TRUE,TRUE,TRUE,FALSE,FALSE
"2474","PVP01_1143500","PY17X_0105700",TRUE,FALSE,FALSE,FALSE,TRUE
"2475","PVP01_1143600","PY17X_0105600",TRUE,TRUE,TRUE,FALSE,TRUE
"2476","PVP01_1143700","PY17X_0105500",TRUE,TRUE,TRUE,FALSE,FALSE
"2477","PVP01_1143800","PY17X_0105400",TRUE,TRUE,TRUE,TRUE,TRUE
"2478","PVP01_1143900","PY17X_0105300",TRUE,TRUE,TRUE,FALSE,TRUE
"2479","PVP01_1144000","PY17X_0105200",TRUE,FALSE,FALSE,FALSE,TRUE
"2480","PVP01_1144100","PY17X_0105100",TRUE,TRUE,TRUE,FALSE,TRUE
"2481","PVP01_1144200","PY17X_0105000",TRUE,TRUE,TRUE,FALSE,TRUE
"2482","PVP01_1144500","PY17X_0104800",FALSE,FALSE,FALSE,TRUE,TRUE
"2483","PVP01_1144600","PY17X_0104700",TRUE,TRUE,TRUE,FALSE,TRUE
"2484","PVP01_1144700","PY17X_0104600",FALSE,TRUE,FALSE,FALSE,TRUE
"2485","PVP01_1145000","PY17X_0104300",TRUE,FALSE,FALSE,FALSE,FALSE
"2486","PVP01_1145100","PY17X_0104200",TRUE,TRUE,TRUE,FALSE,FALSE
"2487","PVP01_1145200","PY17X_0104100",TRUE,TRUE,TRUE,FALSE,FALSE
"2488","PVP01_1145400","PY17X_0103900",TRUE,TRUE,TRUE,FALSE,TRUE
"2489","PVP01_1145500","PY17X_0103800",TRUE,TRUE,TRUE,TRUE,TRUE
"2490","PVP01_1145600","PY17X_0103700",TRUE,TRUE,TRUE,FALSE,FALSE
"2491","PVP01_1145700","PY17X_0103600",TRUE,TRUE,TRUE,FALSE,FALSE
"2492","PVP01_1146000","PY17X_0103300",TRUE,TRUE,TRUE,FALSE,FALSE
"2493","PVP01_1146100","PY17X_0103200",TRUE,TRUE,TRUE,FALSE,TRUE
"2494","PVP01_1146200","PY17X_0103100",TRUE,TRUE,TRUE,TRUE,TRUE
"2495","PVP01_1146300","PY17X_0103000",TRUE,TRUE,TRUE,FALSE,TRUE
"2496","PVP01_1146400","PY17X_0102900",TRUE,TRUE,TRUE,FALSE,FALSE
"2497","PVP01_1146500","PY17X_0102800",TRUE,TRUE,TRUE,FALSE,TRUE
"2498","PVP01_1146600","PY17X_0102700",TRUE,TRUE,TRUE,FALSE,FALSE
"2499","PVP01_1146700","PY17X_0102600",TRUE,TRUE,TRUE,FALSE,TRUE
"2500","PVP01_1146800","PY17X_0102500",TRUE,TRUE,TRUE,FALSE,TRUE
"2501","PVP01_1146900","PY17X_0102400",TRUE,TRUE,TRUE,TRUE,TRUE
"2502","PVP01_1147700","PY17X_0102100",TRUE,TRUE,TRUE,TRUE,FALSE
"2503","PVP01_1202000","PY17X_1371200",TRUE,TRUE,TRUE,TRUE,TRUE
"2504","PVP01_1202100","PY17X_1371100",TRUE,TRUE,TRUE,TRUE,TRUE
"2505","PVP01_1202300","PY17X_1371000",TRUE,TRUE,TRUE,FALSE,TRUE
"2506","PVP01_1202400","PY17X_1370900",TRUE,TRUE,TRUE,TRUE,TRUE
"2507","PVP01_1202500","PY17X_1370800",TRUE,TRUE,TRUE,FALSE,TRUE
"2508","PVP01_1202600","PY17X_1370700",TRUE,TRUE,TRUE,FALSE,FALSE
"2509","PVP01_1202700","PY17X_1370600",TRUE,TRUE,TRUE,FALSE,TRUE
"2510","PVP01_1202800","PY17X_1370500",TRUE,TRUE,TRUE,FALSE,FALSE
"2511","PVP01_1203000","PY17X_1370300",TRUE,TRUE,TRUE,FALSE,FALSE
"2512","PVP01_1203200","PY17X_1370100",TRUE,TRUE,TRUE,FALSE,TRUE
"2513","PVP01_1203300","PY17X_1369900",TRUE,TRUE,TRUE,FALSE,TRUE
"2514","PVP01_1203500","PY17X_1369800",TRUE,TRUE,TRUE,FALSE,TRUE
"2515","PVP01_1203600","PY17X_1369700",TRUE,TRUE,TRUE,TRUE,TRUE
"2516","PVP01_1203700","PY17X_1369600",TRUE,TRUE,TRUE,FALSE,FALSE
"2517","PVP01_1203900","PY17X_1369400",TRUE,TRUE,TRUE,FALSE,TRUE
"2518","PVP01_1204000","PY17X_1369300",TRUE,TRUE,TRUE,FALSE,TRUE
"2519","PVP01_1204100","PY17X_1369200",TRUE,TRUE,TRUE,FALSE,TRUE
"2520","PVP01_1204200","PY17X_1369100",TRUE,TRUE,TRUE,FALSE,TRUE
"2521","PVP01_1204300","PY17X_1369000",TRUE,TRUE,TRUE,FALSE,TRUE
"2522","PVP01_1204400","PY17X_1368900",FALSE,TRUE,FALSE,FALSE,TRUE
"2523","PVP01_1204500","PY17X_1368800",TRUE,TRUE,TRUE,FALSE,TRUE
"2524","PVP01_1204600","PY17X_1368700",TRUE,TRUE,TRUE,FALSE,TRUE
"2525","PVP01_1204700","PY17X_1368600",TRUE,TRUE,TRUE,TRUE,FALSE
"2526","PVP01_1204800","PY17X_1368500",FALSE,FALSE,FALSE,FALSE,FALSE
"2527","PVP01_1204900","PY17X_1368400",TRUE,TRUE,TRUE,FALSE,FALSE
"2528","PVP01_1205000","PY17X_1368300",TRUE,TRUE,TRUE,FALSE,FALSE
"2529","PVP01_1205100","PY17X_1368200",TRUE,TRUE,TRUE,FALSE,TRUE
"2530","PVP01_1205200","PY17X_1368100",TRUE,TRUE,TRUE,FALSE,FALSE
"2531","PVP01_1205300","PY17X_1368000",TRUE,TRUE,TRUE,FALSE,TRUE
"2532","PVP01_1205400","PY17X_1367900",TRUE,TRUE,TRUE,FALSE,FALSE
"2533","PVP01_1205500","PY17X_1367800",TRUE,TRUE,TRUE,FALSE,TRUE
"2534","PVP01_1205600","PY17X_1367700",TRUE,TRUE,TRUE,FALSE,TRUE
"2535","PVP01_1205700","PY17X_1367600",TRUE,TRUE,TRUE,FALSE,FALSE
"2536","PVP01_1205800","PY17X_1367500",FALSE,FALSE,FALSE,FALSE,FALSE
"2537","PVP01_1205900","PY17X_1367400",TRUE,FALSE,FALSE,FALSE,TRUE
"2538","PVP01_1206000","PY17X_1367300",FALSE,FALSE,FALSE,FALSE,TRUE
"2539","PVP01_1206100","PY17X_1367200",TRUE,FALSE,FALSE,FALSE,TRUE
"2540","PVP01_1206200","PY17X_1367100",TRUE,FALSE,FALSE,FALSE,TRUE
"2541","PVP01_1206300","PY17X_1367000",TRUE,TRUE,TRUE,FALSE,TRUE
"2542","PVP01_1206500","PY17X_1366800",TRUE,TRUE,TRUE,FALSE,TRUE
"2543","PVP01_1206600","PY17X_1366700",TRUE,TRUE,TRUE,FALSE,FALSE
"2544","PVP01_1206700","PY17X_1366600",TRUE,FALSE,FALSE,FALSE,TRUE
"2545","PVP01_1206800","PY17X_1366500",TRUE,TRUE,TRUE,FALSE,FALSE
"2546","PVP01_1207000","PY17X_1366300",FALSE,FALSE,FALSE,FALSE,FALSE
"2547","PVP01_1207100","PY17X_1366200",TRUE,TRUE,TRUE,TRUE,TRUE
"2548","PVP01_1207200","PY17X_1366100",FALSE,FALSE,FALSE,FALSE,TRUE
"2549","PVP01_1207300","PY17X_1366000",TRUE,TRUE,TRUE,TRUE,FALSE
"2550","PVP01_1207400","PY17X_1365900",TRUE,TRUE,TRUE,FALSE,FALSE
"2551","PVP01_1207600","PY17X_1365800",TRUE,TRUE,TRUE,FALSE,TRUE
"2552","PVP01_1207700","PY17X_1365700",TRUE,TRUE,TRUE,TRUE,FALSE
"2553","PVP01_1207800","PY17X_1365600",TRUE,FALSE,FALSE,TRUE,TRUE
"2554","PVP01_1208000","PY17X_1365400",TRUE,TRUE,TRUE,TRUE,FALSE
"2555","PVP01_1208100","PY17X_1365300",FALSE,TRUE,FALSE,FALSE,TRUE
"2556","PVP01_1208200","PY17X_1365200",TRUE,TRUE,TRUE,FALSE,TRUE
"2557","PVP01_1208300","PY17X_1365100",TRUE,TRUE,TRUE,FALSE,TRUE
"2558","PVP01_1208400","PY17X_1365000",TRUE,TRUE,TRUE,TRUE,TRUE
"2559","PVP01_1208500","PY17X_1364900",TRUE,TRUE,TRUE,FALSE,TRUE
"2560","PVP01_1208600","PY17X_1364800",TRUE,TRUE,TRUE,FALSE,TRUE
"2561","PVP01_1208700","PY17X_1364700",TRUE,TRUE,TRUE,TRUE,TRUE
"2562","PVP01_1208800","PY17X_1364600",TRUE,FALSE,FALSE,FALSE,TRUE
"2563","PVP01_1208900","PY17X_1364500",TRUE,TRUE,TRUE,FALSE,FALSE
"2564","PVP01_1209000","PY17X_1364400",TRUE,TRUE,TRUE,FALSE,TRUE
"2565","PVP01_1209100","PY17X_1364300",TRUE,TRUE,TRUE,TRUE,TRUE
"2566","PVP01_1209200","PY17X_1364200",TRUE,FALSE,FALSE,FALSE,TRUE
"2567","PVP01_1209300","PY17X_1364100",TRUE,TRUE,TRUE,FALSE,TRUE
"2568","PVP01_1209400","PY17X_1364000",TRUE,TRUE,TRUE,FALSE,TRUE
"2569","PVP01_1209500","PY17X_1363900",TRUE,TRUE,TRUE,FALSE,FALSE
"2570","PVP01_1209600","PY17X_1363800",TRUE,TRUE,TRUE,FALSE,TRUE
"2571","PVP01_1209700","PY17X_1363700",TRUE,TRUE,TRUE,FALSE,FALSE
"2572","PVP01_1209800","PY17X_1363600",FALSE,TRUE,FALSE,FALSE,FALSE
"2573","PVP01_1210000","PY17X_1363400",TRUE,TRUE,TRUE,TRUE,TRUE
"2574","PVP01_1210200","PY17X_1363200",TRUE,TRUE,TRUE,FALSE,TRUE
"2575","PVP01_1210300","PY17X_1363100",TRUE,TRUE,TRUE,FALSE,FALSE
"2576","PVP01_1210600","PY17X_1362900",TRUE,TRUE,TRUE,FALSE,TRUE
"2577","PVP01_1210700","PY17X_1362800",TRUE,TRUE,TRUE,FALSE,TRUE
"2578","PVP01_1210800","PY17X_1362700",TRUE,TRUE,TRUE,FALSE,TRUE
"2579","PVP01_1210900","PY17X_1362600",TRUE,TRUE,TRUE,TRUE,TRUE
"2580","PVP01_1211100","PY17X_1362400",TRUE,TRUE,TRUE,TRUE,TRUE
"2581","PVP01_1211200","PY17X_1362300",TRUE,TRUE,TRUE,FALSE,FALSE
"2582","PVP01_1211300","PY17X_1362200",TRUE,TRUE,TRUE,FALSE,TRUE
"2583","PVP01_1211400","PY17X_1362100",TRUE,TRUE,TRUE,TRUE,TRUE
"2584","PVP01_1211500","PY17X_1362000",TRUE,TRUE,TRUE,FALSE,TRUE
"2585","PVP01_1211600","PY17X_1361900",TRUE,TRUE,TRUE,TRUE,TRUE
"2586","PVP01_1211700","PY17X_1361800",TRUE,TRUE,TRUE,TRUE,TRUE
"2587","PVP01_1212000","PY17X_1361600",TRUE,TRUE,TRUE,FALSE,FALSE
"2588","PVP01_1212100","PY17X_1361500",TRUE,TRUE,TRUE,FALSE,FALSE
"2589","PVP01_1212200","PY17X_1361400",TRUE,TRUE,TRUE,FALSE,TRUE
"2590","PVP01_1212300","PY17X_1361300",TRUE,TRUE,TRUE,FALSE,TRUE
"2591","PVP01_1212400","PY17X_1361200",TRUE,TRUE,TRUE,FALSE,TRUE
"2592","PVP01_1212500","PY17X_1361100",TRUE,TRUE,TRUE,FALSE,TRUE
"2593","PVP01_1212600","PY17X_1361000",TRUE,TRUE,TRUE,FALSE,TRUE
"2594","PVP01_1212700","PY17X_1360900",TRUE,TRUE,TRUE,FALSE,TRUE
"2595","PVP01_1212800","PY17X_1360800",TRUE,TRUE,TRUE,FALSE,TRUE
"2596","PVP01_1212900","PY17X_1360700",TRUE,TRUE,TRUE,TRUE,TRUE
"2597","PVP01_1213000","PY17X_1360600",TRUE,FALSE,FALSE,FALSE,FALSE
"2598","PVP01_1213100","PY17X_1360500",FALSE,FALSE,FALSE,FALSE,FALSE
"2599","PVP01_1213200","PY17X_1360400",TRUE,TRUE,TRUE,FALSE,TRUE
"2600","PVP01_1213300","PY17X_1360300",FALSE,TRUE,FALSE,FALSE,TRUE
"2601","PVP01_1213400","PY17X_1360100",TRUE,TRUE,TRUE,FALSE,TRUE
"2602","PVP01_1213600","PY17X_1360000",TRUE,TRUE,TRUE,FALSE,TRUE
"2603","PVP01_1213900","PY17X_1359700",TRUE,TRUE,TRUE,TRUE,TRUE
"2604","PVP01_1214000","PY17X_1359600",TRUE,FALSE,FALSE,FALSE,TRUE
"2605","PVP01_1214100","PY17X_1359500",TRUE,TRUE,TRUE,FALSE,TRUE
"2606","PVP01_1214200","PY17X_1359400",TRUE,TRUE,TRUE,TRUE,TRUE
"2607","PVP01_1214300","PY17X_1359300",TRUE,FALSE,FALSE,FALSE,FALSE
"2608","PVP01_1214400","PY17X_1359200",FALSE,FALSE,FALSE,FALSE,TRUE
"2609","PVP01_1214500","PY17X_1359100",TRUE,TRUE,TRUE,FALSE,TRUE
"2610","PVP01_1214600","PY17X_1359000",TRUE,TRUE,TRUE,FALSE,TRUE
"2611","PVP01_1214700","PY17X_1358900",TRUE,TRUE,TRUE,FALSE,TRUE
"2612","PVP01_1214900","PY17X_1358700",TRUE,TRUE,TRUE,FALSE,TRUE
"2613","PVP01_1215000","PY17X_1358600",TRUE,TRUE,TRUE,TRUE,FALSE
"2614","PVP01_1215200","PY17X_1358400",TRUE,TRUE,TRUE,FALSE,TRUE
"2615","PVP01_1215300","PY17X_1358300",TRUE,TRUE,TRUE,FALSE,FALSE
"2616","PVP01_1215400","PY17X_1358200",TRUE,TRUE,TRUE,FALSE,TRUE
"2617","PVP01_1215500","PY17X_1358100",TRUE,TRUE,TRUE,FALSE,FALSE
"2618","PVP01_1215800","PY17X_1357800",TRUE,TRUE,TRUE,FALSE,TRUE
"2619","PVP01_1215900","PY17X_1357700",FALSE,FALSE,FALSE,FALSE,TRUE
"2620","PVP01_1216000","PY17X_1357600",TRUE,TRUE,TRUE,FALSE,TRUE
"2621","PVP01_1216100","PY17X_1357500",TRUE,TRUE,TRUE,FALSE,TRUE
"2622","PVP01_1216200","PY17X_1357400",TRUE,TRUE,TRUE,FALSE,TRUE
"2623","PVP01_1216300","PY17X_1357300",FALSE,TRUE,FALSE,FALSE,TRUE
"2624","PVP01_1216400","PY17X_1357200",TRUE,TRUE,TRUE,TRUE,TRUE
"2625","PVP01_1216500","PY17X_1357100",TRUE,TRUE,TRUE,FALSE,TRUE
"2626","PVP01_1216600","PY17X_1357000",TRUE,TRUE,TRUE,FALSE,TRUE
"2627","PVP01_1216700","PY17X_1356900",TRUE,TRUE,TRUE,TRUE,FALSE
"2628","PVP01_1216800","PY17X_1356800",TRUE,TRUE,TRUE,FALSE,FALSE
"2629","PVP01_1216900","PY17X_1356700",TRUE,FALSE,FALSE,TRUE,TRUE
"2630","PVP01_1217000","PY17X_1356600",TRUE,FALSE,FALSE,FALSE,FALSE
"2631","PVP01_1217300","PY17X_1356300",TRUE,TRUE,TRUE,FALSE,FALSE
"2632","PVP01_1217400","PY17X_1356200",TRUE,TRUE,TRUE,FALSE,FALSE
"2633","PVP01_1217500","PY17X_1356100",TRUE,TRUE,TRUE,FALSE,TRUE
"2634","PVP01_1217600","PY17X_1356000",TRUE,TRUE,TRUE,FALSE,TRUE
"2635","PVP01_1217700","PY17X_1355900",TRUE,TRUE,TRUE,FALSE,TRUE
"2636","PVP01_1217800","PY17X_1355800",TRUE,TRUE,TRUE,FALSE,TRUE
"2637","PVP01_1217900","PY17X_1355700",TRUE,TRUE,TRUE,FALSE,TRUE
"2638","PVP01_1218100","PY17X_1355500",TRUE,TRUE,TRUE,FALSE,FALSE
"2639","PVP01_1218200","PY17X_1355300",TRUE,TRUE,TRUE,TRUE,TRUE
"2640","PVP01_1218300","PY17X_1355200",TRUE,TRUE,TRUE,FALSE,TRUE
"2641","PVP01_1218400","PY17X_1355100",TRUE,TRUE,TRUE,TRUE,TRUE
"2642","PVP01_1218500","PY17X_1355000",TRUE,TRUE,TRUE,FALSE,TRUE
"2643","PVP01_1218600","PY17X_1354900",TRUE,TRUE,TRUE,FALSE,FALSE
"2644","PVP01_1218700","PY17X_1354800",FALSE,TRUE,FALSE,FALSE,TRUE
"2645","PVP01_1218800","PY17X_1354700",TRUE,TRUE,TRUE,FALSE,TRUE
"2646","PVP01_1218900","PY17X_1354600",TRUE,TRUE,TRUE,TRUE,TRUE
"2647","PVP01_1219000","PY17X_1354500",TRUE,TRUE,TRUE,FALSE,TRUE
"2648","PVP01_1219100","PY17X_1354400",FALSE,TRUE,FALSE,FALSE,TRUE
"2649","PVP01_1219600","PY17X_1354200",TRUE,TRUE,TRUE,FALSE,FALSE
"2650","PVP01_1220000","PY17X_1354100",TRUE,FALSE,FALSE,FALSE,TRUE
"2651","PVP01_1220300","PY17X_1354000",TRUE,TRUE,TRUE,FALSE,TRUE
"2652","PVP01_1220400","PY17X_1354000",TRUE,TRUE,TRUE,FALSE,TRUE
"2653","PVP01_1220500","PY17X_1353900",TRUE,TRUE,TRUE,FALSE,TRUE
"2654","PVP01_1220600","PY17X_1353800",TRUE,TRUE,TRUE,TRUE,TRUE
"2655","PVP01_1220700","PY17X_1353700",TRUE,TRUE,TRUE,FALSE,TRUE
"2656","PVP01_1220800","PY17X_1353600",TRUE,TRUE,TRUE,FALSE,TRUE
"2657","PVP01_1220900","PY17X_1353500",TRUE,TRUE,TRUE,FALSE,TRUE
"2658","PVP01_1221000","PY17X_1353400",TRUE,TRUE,TRUE,FALSE,TRUE
"2659","PVP01_1221200","PY17X_1353200",FALSE,TRUE,FALSE,FALSE,TRUE
"2660","PVP01_1221300","PY17X_1353100",TRUE,TRUE,TRUE,FALSE,TRUE
"2661","PVP01_1221400","PY17X_1353000",TRUE,TRUE,TRUE,FALSE,TRUE
"2662","PVP01_1221500","PY17X_1352900",TRUE,TRUE,TRUE,FALSE,TRUE
"2663","PVP01_1221700","PY17X_1352800",TRUE,TRUE,TRUE,FALSE,TRUE
"2664","PVP01_1221800","PY17X_1352700",TRUE,TRUE,TRUE,FALSE,TRUE
"2665","PVP01_1221900","PY17X_1352600",TRUE,TRUE,TRUE,FALSE,TRUE
"2666","PVP01_1222000","PY17X_1352500",TRUE,TRUE,TRUE,FALSE,FALSE
"2667","PVP01_1222100","PY17X_1352400",TRUE,TRUE,TRUE,FALSE,TRUE
"2668","PVP01_1222200","PY17X_1352300",TRUE,TRUE,TRUE,FALSE,FALSE
"2669","PVP01_1222300","PY17X_1352200",TRUE,TRUE,TRUE,FALSE,TRUE
"2670","PVP01_1222400","PY17X_1352100",TRUE,TRUE,TRUE,FALSE,FALSE
"2671","PVP01_1222500","PY17X_1352000",TRUE,TRUE,TRUE,FALSE,FALSE
"2672","PVP01_1222600","PY17X_1351900",TRUE,TRUE,TRUE,FALSE,TRUE
"2673","PVP01_1222700","PY17X_1351800",TRUE,TRUE,TRUE,TRUE,TRUE
"2674","PVP01_1222800","PY17X_1351600",TRUE,TRUE,TRUE,TRUE,FALSE
"2675","PVP01_1222900","PY17X_1351500",TRUE,TRUE,TRUE,FALSE,TRUE
"2676","PVP01_1223000","PY17X_1351400",TRUE,TRUE,TRUE,FALSE,FALSE
"2677","PVP01_1223200","PY17X_1351200",FALSE,TRUE,FALSE,FALSE,TRUE
"2678","PVP01_1223300","PY17X_1351100",TRUE,TRUE,TRUE,FALSE,TRUE
"2679","PVP01_1223400","PY17X_1351000",TRUE,TRUE,TRUE,FALSE,TRUE
"2680","PVP01_1223500","PY17X_1350900",TRUE,TRUE,TRUE,TRUE,TRUE
"2681","PVP01_1223600","PY17X_1350800",TRUE,TRUE,TRUE,FALSE,TRUE
"2682","PVP01_1223800","PY17X_1350500",TRUE,TRUE,TRUE,FALSE,FALSE
"2683","PVP01_1223900","PY17X_1350400",TRUE,TRUE,TRUE,FALSE,FALSE
"2684","PVP01_1224000","PY17X_1350300",TRUE,TRUE,TRUE,FALSE,TRUE
"2685","PVP01_1224100","PY17X_1350200",TRUE,TRUE,TRUE,TRUE,FALSE
"2686","PVP01_1224200","PY17X_1350100",TRUE,TRUE,TRUE,FALSE,TRUE
"2687","PVP01_1224300","PY17X_1350000",TRUE,TRUE,TRUE,FALSE,FALSE
"2688","PVP01_1224400","PY17X_1349900",TRUE,TRUE,TRUE,FALSE,FALSE
"2689","PVP01_1224500","PY17X_1349800",TRUE,TRUE,TRUE,FALSE,TRUE
"2690","PVP01_1224600","PY17X_1349700",TRUE,TRUE,TRUE,FALSE,TRUE
"2691","PVP01_1224700","PY17X_1349600",TRUE,TRUE,TRUE,FALSE,FALSE
"2692","PVP01_1224800","PY17X_1349500",TRUE,TRUE,TRUE,TRUE,TRUE
"2693","PVP01_1225000","PY17X_1349300",TRUE,TRUE,TRUE,FALSE,TRUE
"2694","PVP01_1225100","PY17X_1349200",TRUE,TRUE,TRUE,FALSE,TRUE
"2695","PVP01_1225200","PY17X_1349100",TRUE,TRUE,TRUE,FALSE,TRUE
"2696","PVP01_1225300","PY17X_1349000",FALSE,TRUE,FALSE,FALSE,FALSE
"2697","PVP01_1225400","PY17X_1348900",TRUE,TRUE,TRUE,FALSE,FALSE
"2698","PVP01_1225500","PY17X_1348800",TRUE,TRUE,TRUE,FALSE,TRUE
"2699","PVP01_1225600","PY17X_1348700",TRUE,TRUE,TRUE,FALSE,TRUE
"2700","PVP01_1225700","PY17X_1348600",TRUE,TRUE,TRUE,FALSE,FALSE
"2701","PVP01_1225800","PY17X_1348400",FALSE,FALSE,FALSE,FALSE,TRUE
"2702","PVP01_1226000","PY17X_1348300",TRUE,TRUE,TRUE,FALSE,TRUE
"2703","PVP01_1226100","PY17X_1348200",TRUE,TRUE,TRUE,FALSE,FALSE
"2704","PVP01_1226300","PY17X_1348000",TRUE,TRUE,TRUE,TRUE,TRUE
"2705","PVP01_1226500","PY17X_1347800",FALSE,FALSE,FALSE,TRUE,TRUE
"2706","PVP01_1226600","PY17X_1347700",TRUE,TRUE,TRUE,TRUE,TRUE
"2707","PVP01_1226700","PY17X_1347600",TRUE,TRUE,TRUE,FALSE,TRUE
"2708","PVP01_1226800","PY17X_1347500",TRUE,TRUE,TRUE,FALSE,TRUE
"2709","PVP01_1226900","PY17X_1347400",TRUE,TRUE,TRUE,FALSE,TRUE
"2710","PVP01_1227000","PY17X_1347300",TRUE,TRUE,TRUE,FALSE,TRUE
"2711","PVP01_1227200","PY17X_1347100",TRUE,TRUE,TRUE,FALSE,FALSE
"2712","PVP01_1227300","PY17X_1347000",TRUE,TRUE,TRUE,FALSE,FALSE
"2713","PVP01_1227400","PY17X_1346900",TRUE,TRUE,TRUE,FALSE,TRUE
"2714","PVP01_1227600","PY17X_1346700",TRUE,TRUE,TRUE,FALSE,TRUE
"2715","PVP01_1227700","PY17X_1346600",TRUE,TRUE,TRUE,TRUE,FALSE
"2716","PVP01_1228000","PY17X_1346300",TRUE,TRUE,TRUE,FALSE,TRUE
"2717","PVP01_1228100","PY17X_1346200",TRUE,TRUE,TRUE,FALSE,TRUE
"2718","PVP01_1228200","PY17X_1346100",TRUE,FALSE,FALSE,FALSE,TRUE
"2719","PVP01_1228300","PY17X_1346000",TRUE,TRUE,TRUE,FALSE,TRUE
"2720","PVP01_1228400","PY17X_1345900",TRUE,TRUE,TRUE,FALSE,FALSE
"2721","PVP01_1228500","PY17X_1345800",TRUE,TRUE,TRUE,TRUE,TRUE
"2722","PVP01_1228900","PY17X_1345500",TRUE,TRUE,TRUE,FALSE,FALSE
"2723","PVP01_1229000","PY17X_1345400",TRUE,TRUE,TRUE,TRUE,TRUE
"2724","PVP01_1229100","PY17X_1345300",TRUE,TRUE,TRUE,FALSE,FALSE
"2725","PVP01_1229400","PY17X_1345100",TRUE,FALSE,FALSE,FALSE,FALSE
"2726","PVP01_1229500","PY17X_1345000",TRUE,TRUE,TRUE,FALSE,FALSE
"2727","PVP01_1229600","PY17X_1344900",TRUE,TRUE,TRUE,FALSE,FALSE
"2728","PVP01_1229700","PY17X_1344800",TRUE,TRUE,TRUE,FALSE,FALSE
"2729","PVP01_1229800","PY17X_1344700",TRUE,TRUE,TRUE,FALSE,TRUE
"2730","PVP01_1229900","PY17X_1344600",TRUE,TRUE,TRUE,FALSE,TRUE
"2731","PVP01_1230100","PY17X_1344400",TRUE,TRUE,TRUE,FALSE,TRUE
"2732","PVP01_1230200","PY17X_1344300",FALSE,TRUE,FALSE,FALSE,TRUE
"2733","PVP01_1230300","PY17X_1344200",TRUE,TRUE,TRUE,FALSE,TRUE
"2734","PVP01_1230400","PY17X_1344100",TRUE,TRUE,TRUE,FALSE,FALSE
"2735","PVP01_1230500","PY17X_1344000",TRUE,TRUE,TRUE,FALSE,TRUE
"2736","PVP01_1230600","PY17X_1343900",TRUE,TRUE,TRUE,FALSE,FALSE
"2737","PVP01_1230700","PY17X_1343800",TRUE,TRUE,TRUE,FALSE,TRUE
"2738","PVP01_1230800","PY17X_1343700",TRUE,TRUE,TRUE,FALSE,FALSE
"2739","PVP01_1230900","PY17X_1343600",TRUE,TRUE,TRUE,FALSE,TRUE
"2740","PVP01_1231000","PY17X_1343500",TRUE,TRUE,TRUE,FALSE,TRUE
"2741","PVP01_1231100","PY17X_1343400",TRUE,TRUE,TRUE,FALSE,TRUE
"2742","PVP01_1231200","PY17X_1343300",TRUE,TRUE,TRUE,FALSE,TRUE
"2743","PVP01_1231300","PY17X_1343200",TRUE,TRUE,TRUE,FALSE,TRUE
"2744","PVP01_1231400","PY17X_1343100",TRUE,TRUE,TRUE,FALSE,FALSE
"2745","PVP01_1231500","PY17X_1343000",TRUE,TRUE,TRUE,FALSE,TRUE
"2746","PVP01_1231600","PY17X_1342900",TRUE,TRUE,TRUE,FALSE,TRUE
"2747","PVP01_1231700","PY17X_1342800",FALSE,FALSE,FALSE,FALSE,FALSE
"2748","PVP01_1231800","PY17X_1342700",TRUE,TRUE,TRUE,FALSE,FALSE
"2749","PVP01_1232100","PY17X_1342500",TRUE,TRUE,TRUE,FALSE,TRUE
"2750","PVP01_1232300","PY17X_1342300",TRUE,TRUE,TRUE,TRUE,TRUE
"2751","PVP01_1232600","PY17X_1342100",TRUE,TRUE,TRUE,TRUE,FALSE
"2752","PVP01_1232700","PY17X_1342000",TRUE,TRUE,TRUE,FALSE,TRUE
"2753","PVP01_1232800","PY17X_1341900",TRUE,TRUE,TRUE,FALSE,FALSE
"2754","PVP01_1233000","PY17X_1341700",TRUE,TRUE,TRUE,TRUE,FALSE
"2755","PVP01_1233200","PY17X_1341500",TRUE,FALSE,FALSE,FALSE,TRUE
"2756","PVP01_1233300","PY17X_1341400",TRUE,TRUE,TRUE,FALSE,TRUE
"2757","PVP01_1233500","PY17X_1341200",TRUE,FALSE,FALSE,FALSE,TRUE
"2758","PVP01_1233600","PY17X_1341100",TRUE,TRUE,TRUE,TRUE,TRUE
"2759","PVP01_1233700","PY17X_1341000",TRUE,TRUE,TRUE,TRUE,TRUE
"2760","PVP01_1233800","PY17X_1340900",FALSE,FALSE,FALSE,FALSE,FALSE
"2761","PVP01_1233900","PY17X_1340800",TRUE,TRUE,TRUE,FALSE,TRUE
"2762","PVP01_1234000","PY17X_1340700",TRUE,TRUE,TRUE,FALSE,FALSE
"2763","PVP01_1234100","PY17X_1340600",TRUE,TRUE,TRUE,FALSE,TRUE
"2764","PVP01_1234200","PY17X_1340500",TRUE,TRUE,TRUE,FALSE,TRUE
"2765","PVP01_1234300","PY17X_1340400",TRUE,TRUE,TRUE,FALSE,FALSE
"2766","PVP01_1234400","PY17X_1340300",TRUE,TRUE,TRUE,FALSE,TRUE
"2767","PVP01_1234500","PY17X_1340200",TRUE,TRUE,TRUE,FALSE,TRUE
"2768","PVP01_1234600","PY17X_1340100",TRUE,TRUE,TRUE,FALSE,TRUE
"2769","PVP01_1234700","PY17X_1340000",TRUE,TRUE,TRUE,FALSE,TRUE
"2770","PVP01_1234800","PY17X_1339900",TRUE,TRUE,TRUE,FALSE,TRUE
"2771","PVP01_1235300","PY17X_1339400",FALSE,FALSE,FALSE,TRUE,TRUE
"2772","PVP01_1235400","PY17X_1339300",TRUE,TRUE,TRUE,TRUE,FALSE
"2773","PVP01_1235500","PY17X_1339200",TRUE,TRUE,TRUE,FALSE,TRUE
"2774","PVP01_1235600","PY17X_1339100",TRUE,TRUE,TRUE,TRUE,TRUE
"2775","PVP01_1235700","PY17X_1339000",TRUE,TRUE,TRUE,TRUE,TRUE
"2776","PVP01_1235800","PY17X_1338900",TRUE,TRUE,TRUE,FALSE,TRUE
"2777","PVP01_1235900","PY17X_1338800",TRUE,TRUE,TRUE,FALSE,TRUE
"2778","PVP01_1236000","PY17X_1338700",TRUE,TRUE,TRUE,FALSE,FALSE
"2779","PVP01_1236200","PY17X_1338500",TRUE,TRUE,TRUE,FALSE,FALSE
"2780","PVP01_1236300","PY17X_1338400",TRUE,FALSE,FALSE,FALSE,TRUE
"2781","PVP01_1236400","PY17X_1338300",TRUE,TRUE,TRUE,FALSE,TRUE
"2782","PVP01_1236500","PY17X_1338200",TRUE,TRUE,TRUE,TRUE,FALSE
"2783","PVP01_1236600","PY17X_1338100",TRUE,TRUE,TRUE,TRUE,TRUE
"2784","PVP01_1236700","PY17X_1338000",TRUE,TRUE,TRUE,FALSE,TRUE
"2785","PVP01_1236800","PY17X_1337900",TRUE,TRUE,TRUE,FALSE,FALSE
"2786","PVP01_1236900","PY17X_1337800",FALSE,TRUE,FALSE,FALSE,TRUE
"2787","PVP01_1237000","PY17X_1337700",TRUE,TRUE,TRUE,FALSE,TRUE
"2788","PVP01_1237100","PY17X_1337600",TRUE,TRUE,TRUE,FALSE,FALSE
"2789","PVP01_1237200","PY17X_1337500",TRUE,TRUE,TRUE,TRUE,TRUE
"2790","PVP01_1237500","PY17X_1337200",TRUE,TRUE,TRUE,FALSE,FALSE
"2791","PVP01_1237600","PY17X_1337100",TRUE,TRUE,TRUE,FALSE,FALSE
"2792","PVP01_1237700","PY17X_1337000",TRUE,TRUE,TRUE,FALSE,TRUE
"2793","PVP01_1237800","PY17X_1336900",TRUE,TRUE,TRUE,FALSE,FALSE
"2794","PVP01_1237900","PY17X_1336800",TRUE,TRUE,TRUE,TRUE,TRUE
"2795","PVP01_1238000","PY17X_1336700",TRUE,TRUE,TRUE,FALSE,FALSE
"2796","PVP01_1238100","PY17X_1336600",TRUE,TRUE,TRUE,FALSE,TRUE
"2797","PVP01_1238300","PY17X_1336500",TRUE,TRUE,TRUE,FALSE,TRUE
"2798","PVP01_1238500","PY17X_1336300",TRUE,FALSE,FALSE,FALSE,TRUE
"2799","PVP01_1238600","PY17X_1336200",TRUE,TRUE,TRUE,FALSE,FALSE
"2800","PVP01_1238700","PY17X_1336100",TRUE,TRUE,TRUE,FALSE,TRUE
"2801","PVP01_1238800","PY17X_1336000",TRUE,TRUE,TRUE,FALSE,TRUE
"2802","PVP01_1238900","PY17X_1335900",TRUE,TRUE,TRUE,FALSE,TRUE
"2803","PVP01_1239000","PY17X_1335800",TRUE,TRUE,TRUE,FALSE,TRUE
"2804","PVP01_1239100","PY17X_1335700",FALSE,TRUE,FALSE,FALSE,TRUE
"2805","PVP01_1239200","PY17X_1335600",TRUE,FALSE,FALSE,FALSE,FALSE
"2806","PVP01_1239300","PY17X_1335500",TRUE,TRUE,TRUE,FALSE,TRUE
"2807","PVP01_1239400","PY17X_1335400",TRUE,TRUE,TRUE,FALSE,FALSE
"2808","PVP01_1239500","PY17X_1335300",TRUE,TRUE,TRUE,FALSE,FALSE
"2809","PVP01_1239600","PY17X_1335200",TRUE,TRUE,TRUE,FALSE,FALSE
"2810","PVP01_1239700","PY17X_1335100",TRUE,TRUE,TRUE,FALSE,FALSE
"2811","PVP01_1240000","PY17X_1334900",TRUE,TRUE,TRUE,FALSE,TRUE
"2812","PVP01_1240100","PY17X_1334800",TRUE,TRUE,TRUE,FALSE,TRUE
"2813","PVP01_1240200","PY17X_1334700",FALSE,TRUE,FALSE,FALSE,FALSE
"2814","PVP01_1240300","PY17X_1334600",TRUE,FALSE,FALSE,FALSE,TRUE
"2815","PVP01_1240500","PY17X_1334400",TRUE,TRUE,TRUE,TRUE,FALSE
"2816","PVP01_1240700","PY17X_1334200",TRUE,TRUE,TRUE,FALSE,TRUE
"2817","PVP01_1240800","PY17X_1334100",TRUE,FALSE,FALSE,FALSE,TRUE
"2818","PVP01_1240900","PY17X_1334000",TRUE,TRUE,TRUE,FALSE,FALSE
"2819","PVP01_1241000","PY17X_1333900",TRUE,TRUE,TRUE,FALSE,TRUE
"2820","PVP01_1241100","PY17X_1333800",TRUE,FALSE,FALSE,FALSE,FALSE
"2821","PVP01_1241200","PY17X_1333700",TRUE,FALSE,FALSE,FALSE,FALSE
"2822","PVP01_1241300","PY17X_1333600",TRUE,TRUE,TRUE,TRUE,TRUE
"2823","PVP01_1241400","PY17X_1333500",TRUE,TRUE,TRUE,TRUE,TRUE
"2824","PVP01_1241500","PY17X_1333400",TRUE,TRUE,TRUE,FALSE,FALSE
"2825","PVP01_1241600","PY17X_1333300",TRUE,TRUE,TRUE,FALSE,TRUE
"2826","PVP01_1241700","PY17X_1333200",TRUE,TRUE,TRUE,FALSE,TRUE
"2827","PVP01_1241800","PY17X_1333100",TRUE,TRUE,TRUE,FALSE,TRUE
"2828","PVP01_1241900","PY17X_1333000",TRUE,TRUE,TRUE,FALSE,FALSE
"2829","PVP01_1242000","PY17X_1332900",TRUE,FALSE,FALSE,FALSE,TRUE
"2830","PVP01_1242100","PY17X_1332800",TRUE,TRUE,TRUE,FALSE,FALSE
"2831","PVP01_1242200","PY17X_1332700",TRUE,TRUE,TRUE,TRUE,TRUE
"2832","PVP01_1242400","PY17X_1332500",TRUE,TRUE,TRUE,FALSE,TRUE
"2833","PVP01_1242500","PY17X_1332400",TRUE,TRUE,TRUE,FALSE,FALSE
"2834","PVP01_1242600","PY17X_1332300",TRUE,TRUE,TRUE,FALSE,FALSE
"2835","PVP01_1242700","PY17X_1332200",TRUE,TRUE,TRUE,FALSE,TRUE
"2836","PVP01_1242800","PY17X_1332100",TRUE,TRUE,TRUE,FALSE,TRUE
"2837","PVP01_1242900","PY17X_1331500",TRUE,FALSE,FALSE,FALSE,TRUE
"2838","PVP01_1243000","PY17X_1331600",TRUE,TRUE,TRUE,FALSE,TRUE
"2839","PVP01_1243100","PY17X_1331800",TRUE,TRUE,TRUE,FALSE,TRUE
"2840","PVP01_1243200","PY17X_1331850",TRUE,TRUE,TRUE,FALSE,FALSE
"2841","PVP01_1243300","PY17X_1331200",TRUE,FALSE,FALSE,TRUE,TRUE
"2842","PVP01_1243300","PY17X_1330900",TRUE,FALSE,FALSE,TRUE,TRUE
"2843","PVP01_1243300","PY17X_1331900",TRUE,FALSE,FALSE,TRUE,FALSE
"2844","PVP01_1243400","PY17X_1330800",TRUE,TRUE,TRUE,FALSE,TRUE
"2845","PVP01_1243500","PY17X_1330700",TRUE,TRUE,TRUE,FALSE,TRUE
"2846","PVP01_1243600","PY17X_1330600",TRUE,TRUE,TRUE,TRUE,TRUE
"2847","PVP01_1243800","PY17X_1330400",TRUE,TRUE,TRUE,TRUE,TRUE
"2848","PVP01_1244000","PY17X_1330200",TRUE,TRUE,TRUE,TRUE,TRUE
"2849","PVP01_1244100","PY17X_1330100",TRUE,TRUE,TRUE,TRUE,FALSE
"2850","PVP01_1244200","PY17X_1330000",TRUE,FALSE,FALSE,FALSE,TRUE
"2851","PVP01_1244300","PY17X_1329900",FALSE,FALSE,FALSE,FALSE,TRUE
"2852","PVP01_1244500","PY17X_1329800",TRUE,TRUE,TRUE,TRUE,TRUE
"2853","PVP01_1244600","PY17X_1329700",TRUE,TRUE,TRUE,FALSE,FALSE
"2854","PVP01_1244700","PY17X_1329600",TRUE,TRUE,TRUE,FALSE,FALSE
"2855","PVP01_1244800","PY17X_1329500",TRUE,FALSE,FALSE,FALSE,FALSE
"2856","PVP01_1244900","PY17X_1329400",TRUE,TRUE,TRUE,FALSE,TRUE
"2857","PVP01_1245100","PY17X_1329200",FALSE,FALSE,FALSE,TRUE,FALSE
"2858","PVP01_1245200","PY17X_1329100",TRUE,TRUE,TRUE,FALSE,TRUE
"2859","PVP01_1245300","PY17X_1329000",TRUE,FALSE,FALSE,FALSE,TRUE
"2860","PVP01_1245400","PY17X_1328900",TRUE,TRUE,TRUE,FALSE,TRUE
"2861","PVP01_1245500","PY17X_1328800",TRUE,TRUE,TRUE,TRUE,TRUE
"2862","PVP01_1245600","PY17X_1328700",TRUE,TRUE,TRUE,FALSE,FALSE
"2863","PVP01_1245700","PY17X_1328600",TRUE,TRUE,TRUE,FALSE,FALSE
"2864","PVP01_1245800","PY17X_1328500",TRUE,TRUE,TRUE,FALSE,TRUE
"2865","PVP01_1245900","PY17X_1328400",TRUE,TRUE,TRUE,FALSE,TRUE
"2866","PVP01_1246000","PY17X_1328300",TRUE,TRUE,TRUE,FALSE,TRUE
"2867","PVP01_1246100","PY17X_1328200",TRUE,TRUE,TRUE,FALSE,TRUE
"2868","PVP01_1246200","PY17X_1328100",TRUE,TRUE,TRUE,FALSE,TRUE
"2869","PVP01_1246400","PY17X_1327900",TRUE,TRUE,TRUE,FALSE,TRUE
"2870","PVP01_1246500","PY17X_1327800",TRUE,TRUE,TRUE,FALSE,FALSE
"2871","PVP01_1246600","PY17X_1327700",TRUE,TRUE,TRUE,FALSE,FALSE
"2872","PVP01_1246700","PY17X_1327600",TRUE,FALSE,FALSE,TRUE,TRUE
"2873","PVP01_1246800","PY17X_1327500",TRUE,TRUE,TRUE,FALSE,FALSE
"2874","PVP01_1246900","PY17X_1327400",FALSE,TRUE,FALSE,FALSE,TRUE
"2875","PVP01_1247000","PY17X_1327300",TRUE,FALSE,FALSE,FALSE,TRUE
"2876","PVP01_1247100","PY17X_1327200",TRUE,TRUE,TRUE,FALSE,FALSE
"2877","PVP01_1247200","PY17X_1327100",TRUE,TRUE,TRUE,FALSE,TRUE
"2878","PVP01_1247300","PY17X_1327000",TRUE,TRUE,TRUE,TRUE,TRUE
"2879","PVP01_1247400","PY17X_1326900",TRUE,TRUE,TRUE,FALSE,TRUE
"2880","PVP01_1247500","PY17X_1326800",TRUE,TRUE,TRUE,FALSE,TRUE
"2881","PVP01_1247600","PY17X_1326700",TRUE,TRUE,TRUE,TRUE,TRUE
"2882","PVP01_1247800","PY17X_1326600",TRUE,TRUE,TRUE,FALSE,TRUE
"2883","PVP01_1247900","PY17X_1326500",TRUE,TRUE,TRUE,FALSE,FALSE
"2884","PVP01_1248000","PY17X_1326400",TRUE,TRUE,TRUE,FALSE,FALSE
"2885","PVP01_1248100","PY17X_1326300",TRUE,TRUE,TRUE,FALSE,TRUE
"2886","PVP01_1248200","PY17X_1326200",TRUE,TRUE,TRUE,FALSE,FALSE
"2887","PVP01_1248300","PY17X_1326100",TRUE,TRUE,TRUE,FALSE,TRUE
"2888","PVP01_1248400","PY17X_1326000",TRUE,TRUE,TRUE,FALSE,TRUE
"2889","PVP01_1248500","PY17X_1325900",TRUE,TRUE,TRUE,TRUE,TRUE
"2890","PVP01_1248600","PY17X_1325800",TRUE,TRUE,TRUE,FALSE,TRUE
"2891","PVP01_1248700","PY17X_1325700",TRUE,TRUE,TRUE,FALSE,TRUE
"2892","PVP01_1248800","PY17X_1325600",TRUE,TRUE,TRUE,FALSE,TRUE
"2893","PVP01_1248900","PY17X_1325500",TRUE,TRUE,TRUE,FALSE,TRUE
"2894","PVP01_1249200","PY17X_1325200",TRUE,TRUE,TRUE,FALSE,TRUE
"2895","PVP01_1249300","PY17X_1325100",TRUE,TRUE,TRUE,FALSE,FALSE
"2896","PVP01_1249400","PY17X_1325000",TRUE,TRUE,TRUE,FALSE,TRUE
"2897","PVP01_1249600","PY17X_1324800",TRUE,TRUE,TRUE,FALSE,TRUE
"2898","PVP01_1249700","PY17X_1324700",TRUE,TRUE,TRUE,TRUE,TRUE
"2899","PVP01_1249900","PY17X_1324500",TRUE,TRUE,TRUE,FALSE,TRUE
"2900","PVP01_1250000","PY17X_1324400",TRUE,TRUE,TRUE,FALSE,FALSE
"2901","PVP01_1250100","PY17X_1324300",TRUE,TRUE,TRUE,FALSE,TRUE
"2902","PVP01_1250200","PY17X_1324200",TRUE,TRUE,TRUE,FALSE,TRUE
"2903","PVP01_1250300","PY17X_1324100",TRUE,TRUE,TRUE,FALSE,FALSE
"2904","PVP01_1250600","PY17X_1323800",TRUE,TRUE,TRUE,TRUE,TRUE
"2905","PVP01_1250700","PY17X_1323700",TRUE,TRUE,TRUE,FALSE,TRUE
"2906","PVP01_1250800","PY17X_1323600",TRUE,TRUE,TRUE,FALSE,TRUE
"2907","PVP01_1250900","PY17X_1323500",TRUE,TRUE,TRUE,FALSE,TRUE
"2908","PVP01_1251000","PY17X_1323400",TRUE,TRUE,TRUE,FALSE,TRUE
"2909","PVP01_1251100","PY17X_1323300",FALSE,FALSE,FALSE,FALSE,TRUE
"2910","PVP01_1251300","PY17X_1323100",TRUE,TRUE,TRUE,TRUE,TRUE
"2911","PVP01_1251400","PY17X_1323000",TRUE,TRUE,TRUE,FALSE,TRUE
"2912","PVP01_1251500","PY17X_1322900",TRUE,TRUE,TRUE,FALSE,TRUE
"2913","PVP01_1251600","PY17X_1322800",TRUE,TRUE,TRUE,TRUE,TRUE
"2914","PVP01_1251700","PY17X_1322700",TRUE,TRUE,TRUE,FALSE,TRUE
"2915","PVP01_1251800","PY17X_1322600",TRUE,FALSE,FALSE,FALSE,TRUE
"2916","PVP01_1252000","PY17X_1322500",FALSE,TRUE,FALSE,TRUE,TRUE
"2917","PVP01_1252100","PY17X_1322400",FALSE,FALSE,FALSE,FALSE,FALSE
"2918","PVP01_1252200","PY17X_1322300",FALSE,TRUE,FALSE,TRUE,TRUE
"2919","PVP01_1252300","PY17X_1322200",TRUE,TRUE,TRUE,FALSE,TRUE
"2920","PVP01_1252400","PY17X_1322100",TRUE,TRUE,TRUE,FALSE,TRUE
"2921","PVP01_1252500","PY17X_1322000",TRUE,TRUE,TRUE,FALSE,TRUE
"2922","PVP01_1252600","PY17X_1321900",TRUE,TRUE,TRUE,FALSE,FALSE
"2923","PVP01_1252800","PY17X_1321700",TRUE,TRUE,TRUE,FALSE,TRUE
"2924","PVP01_1252900","PY17X_1321600",FALSE,TRUE,FALSE,FALSE,TRUE
"2925","PVP01_1253000","PY17X_1321500",TRUE,TRUE,TRUE,FALSE,TRUE
"2926","PVP01_1253100","PY17X_1321400",TRUE,TRUE,TRUE,FALSE,TRUE
"2927","PVP01_1253200","PY17X_1321300",TRUE,TRUE,TRUE,FALSE,TRUE
"2928","PVP01_1253300","PY17X_1321200",TRUE,TRUE,TRUE,FALSE,TRUE
"2929","PVP01_1253400","PY17X_1321100",TRUE,TRUE,TRUE,TRUE,TRUE
"2930","PVP01_1253500","PY17X_1321000",TRUE,TRUE,TRUE,TRUE,TRUE
"2931","PVP01_1253700","PY17X_1320800",TRUE,TRUE,TRUE,TRUE,TRUE
"2932","PVP01_1253800","PY17X_1320700",TRUE,TRUE,TRUE,TRUE,TRUE
"2933","PVP01_1253900","PY17X_1320600",TRUE,TRUE,TRUE,TRUE,TRUE
"2934","PVP01_1254000","PY17X_1320500",TRUE,TRUE,TRUE,FALSE,FALSE
"2935","PVP01_1254100","PY17X_1320400",TRUE,TRUE,TRUE,FALSE,FALSE
"2936","PVP01_1254200","PY17X_1320300",FALSE,FALSE,FALSE,FALSE,TRUE
"2937","PVP01_1254300","PY17X_1320200",TRUE,TRUE,TRUE,TRUE,TRUE
"2938","PVP01_1254500","PY17X_1320000",TRUE,TRUE,TRUE,TRUE,TRUE
"2939","PVP01_1254700","PY17X_1319800",TRUE,TRUE,TRUE,FALSE,TRUE
"2940","PVP01_1254800","PY17X_1319700",TRUE,TRUE,TRUE,TRUE,TRUE
"2941","PVP01_1254900","PY17X_1319600",TRUE,TRUE,TRUE,FALSE,TRUE
"2942","PVP01_1255000","PY17X_1319500",TRUE,TRUE,TRUE,TRUE,TRUE
"2943","PVP01_1255100","PY17X_1319400",TRUE,TRUE,TRUE,TRUE,TRUE
"2944","PVP01_1255200","PY17X_1319300",TRUE,TRUE,TRUE,TRUE,TRUE
"2945","PVP01_1255300","PY17X_1319200",TRUE,TRUE,TRUE,TRUE,TRUE
"2946","PVP01_1255400","PY17X_1319100",FALSE,TRUE,FALSE,FALSE,TRUE
"2947","PVP01_1255500","PY17X_1319000",TRUE,TRUE,TRUE,FALSE,TRUE
"2948","PVP01_1255600","PY17X_1318900",TRUE,TRUE,TRUE,FALSE,TRUE
"2949","PVP01_1255700","PY17X_1318800",TRUE,TRUE,TRUE,FALSE,FALSE
"2950","PVP01_1255900","PY17X_1318600",TRUE,TRUE,TRUE,FALSE,TRUE
"2951","PVP01_1256100","PY17X_1318400",TRUE,TRUE,TRUE,FALSE,TRUE
"2952","PVP01_1256200","PY17X_1318300",TRUE,TRUE,TRUE,FALSE,TRUE
"2953","PVP01_1256300","PY17X_1318200",TRUE,TRUE,TRUE,TRUE,TRUE
"2954","PVP01_1256400","PY17X_1318100",TRUE,TRUE,TRUE,FALSE,TRUE
"2955","PVP01_1256500","PY17X_1318000",TRUE,TRUE,TRUE,FALSE,TRUE
"2956","PVP01_1256600","PY17X_1317900",TRUE,TRUE,TRUE,TRUE,FALSE
"2957","PVP01_1256700","PY17X_1317800",TRUE,TRUE,TRUE,FALSE,TRUE
"2958","PVP01_1256800","PY17X_1317700",TRUE,TRUE,TRUE,FALSE,FALSE
"2959","PVP01_1256900","PY17X_1317600",TRUE,TRUE,TRUE,FALSE,TRUE
"2960","PVP01_1257000","PY17X_1317500",TRUE,TRUE,TRUE,FALSE,TRUE
"2961","PVP01_1257100","PY17X_1317400",TRUE,TRUE,TRUE,TRUE,TRUE
"2962","PVP01_1257200","PY17X_1317300",TRUE,TRUE,TRUE,FALSE,TRUE
"2963","PVP01_1257300","PY17X_1317200",TRUE,TRUE,TRUE,FALSE,FALSE
"2964","PVP01_1257400","PY17X_1317100",TRUE,TRUE,TRUE,FALSE,FALSE
"2965","PVP01_1257600","PY17X_1316900",TRUE,TRUE,TRUE,FALSE,TRUE
"2966","PVP01_1257700","PY17X_1316800",TRUE,TRUE,TRUE,FALSE,FALSE
"2967","PVP01_1258000","PY17X_1316500",FALSE,FALSE,FALSE,FALSE,TRUE
"2968","PVP01_1258100","PY17X_1316400",TRUE,TRUE,TRUE,FALSE,FALSE
"2969","PVP01_1258200","PY17X_1316300",TRUE,TRUE,TRUE,FALSE,FALSE
"2970","PVP01_1258300","PY17X_1316200",TRUE,TRUE,TRUE,FALSE,TRUE
"2971","PVP01_1258400","PY17X_1316100",TRUE,TRUE,TRUE,FALSE,TRUE
"2972","PVP01_1258600","PY17X_1316000",TRUE,TRUE,TRUE,FALSE,TRUE
"2973","PVP01_1258800","PY17X_1315800",TRUE,TRUE,TRUE,FALSE,FALSE
"2974","PVP01_1259000","PY17X_1315600",TRUE,TRUE,TRUE,FALSE,FALSE
"2975","PVP01_1259100","PY17X_1315500",TRUE,TRUE,TRUE,TRUE,TRUE
"2976","PVP01_1259200","PY17X_1315400",TRUE,TRUE,TRUE,FALSE,TRUE
"2977","PVP01_1259300","PY17X_1315300",TRUE,TRUE,TRUE,FALSE,TRUE
"2978","PVP01_1259400","PY17X_1315200",FALSE,FALSE,FALSE,FALSE,FALSE
"2979","PVP01_1259500","PY17X_1315100",FALSE,FALSE,FALSE,FALSE,FALSE
"2980","PVP01_1259600","PY17X_1315000",TRUE,TRUE,TRUE,FALSE,TRUE
"2981","PVP01_1259700","PY17X_1314900",TRUE,TRUE,TRUE,FALSE,TRUE
"2982","PVP01_1259800","PY17X_1314800",TRUE,TRUE,TRUE,FALSE,TRUE
"2983","PVP01_1259900","PY17X_1314700",TRUE,TRUE,TRUE,FALSE,TRUE
"2984","PVP01_1260000","PY17X_1314600",TRUE,TRUE,TRUE,FALSE,TRUE
"2985","PVP01_1260100","PY17X_1314500",TRUE,TRUE,TRUE,FALSE,TRUE
"2986","PVP01_1260200","PY17X_1314400",TRUE,TRUE,TRUE,FALSE,TRUE
"2987","PVP01_1260300","PY17X_1314300",TRUE,TRUE,TRUE,FALSE,TRUE
"2988","PVP01_1260400","PY17X_1314200",TRUE,TRUE,TRUE,FALSE,TRUE
"2989","PVP01_1260600","PY17X_1314000",TRUE,TRUE,TRUE,FALSE,TRUE
"2990","PVP01_1260700","PY17X_1313900",TRUE,TRUE,TRUE,TRUE,TRUE
"2991","PVP01_1260800","PY17X_1313800",TRUE,TRUE,TRUE,FALSE,TRUE
"2992","PVP01_1260900","PY17X_1313700",TRUE,TRUE,TRUE,FALSE,TRUE
"2993","PVP01_1261100","PY17X_1313500",TRUE,TRUE,TRUE,TRUE,FALSE
"2994","PVP01_1261300","PY17X_1313300",TRUE,TRUE,TRUE,FALSE,FALSE
"2995","PVP01_1261400","PY17X_1313200",TRUE,TRUE,TRUE,TRUE,TRUE
"2996","PVP01_1261500","PY17X_1313100",TRUE,TRUE,TRUE,TRUE,FALSE
"2997","PVP01_1261600","PY17X_1313000",TRUE,TRUE,TRUE,TRUE,TRUE
"2998","PVP01_1261700","PY17X_1312900",TRUE,TRUE,TRUE,FALSE,TRUE
"2999","PVP01_1261800","PY17X_1312800",TRUE,TRUE,TRUE,FALSE,FALSE
"3000","PVP01_1261900","PY17X_1312700",TRUE,TRUE,TRUE,FALSE,TRUE
"3001","PVP01_1262000","PY17X_1312600",TRUE,TRUE,TRUE,FALSE,FALSE
"3002","PVP01_1262200","PY17X_1312400",TRUE,TRUE,TRUE,FALSE,TRUE
"3003","PVP01_1262300","PY17X_1312300",TRUE,TRUE,TRUE,FALSE,FALSE
"3004","PVP01_1262500","PY17X_1312200",TRUE,TRUE,TRUE,FALSE,TRUE
"3005","PVP01_1262600","PY17X_1312100",TRUE,TRUE,TRUE,FALSE,TRUE
"3006","PVP01_1262700","PY17X_1312000",TRUE,TRUE,TRUE,FALSE,FALSE
"3007","PVP01_1262800","PY17X_1311900",FALSE,FALSE,FALSE,FALSE,FALSE
"3008","PVP01_1262900","PY17X_1311800",TRUE,FALSE,FALSE,FALSE,TRUE
"3009","PVP01_1263000","PY17X_1311700",FALSE,FALSE,FALSE,TRUE,FALSE
"3010","PVP01_1263100","PY17X_1311600",TRUE,TRUE,TRUE,FALSE,FALSE
"3011","PVP01_1263200","PY17X_1311500",TRUE,TRUE,TRUE,FALSE,TRUE
"3012","PVP01_1263300","PY17X_1311400",TRUE,TRUE,TRUE,TRUE,TRUE
"3013","PVP01_1263400","PY17X_1311300",TRUE,TRUE,TRUE,FALSE,TRUE
"3014","PVP01_1263500","PY17X_1311200",TRUE,TRUE,TRUE,FALSE,TRUE
"3015","PVP01_1263600","PY17X_1311100",TRUE,TRUE,TRUE,FALSE,TRUE
"3016","PVP01_1263700","PY17X_1311000",TRUE,TRUE,TRUE,FALSE,FALSE
"3017","PVP01_1263800","PY17X_1310900",TRUE,TRUE,TRUE,FALSE,TRUE
"3018","PVP01_1264100","PY17X_1310600",TRUE,TRUE,TRUE,TRUE,TRUE
"3019","PVP01_1264200","PY17X_1310500",TRUE,TRUE,TRUE,FALSE,TRUE
"3020","PVP01_1264500","PY17X_1310200",TRUE,TRUE,TRUE,FALSE,FALSE
"3021","PVP01_1264600","PY17X_1310100",TRUE,TRUE,TRUE,FALSE,TRUE
"3022","PVP01_1264700","PY17X_1310000",TRUE,TRUE,TRUE,FALSE,TRUE
"3023","PVP01_1264800","PY17X_1309900",TRUE,TRUE,TRUE,FALSE,TRUE
"3024","PVP01_1264900","PY17X_1309800",TRUE,TRUE,TRUE,FALSE,FALSE
"3025","PVP01_1265000","PY17X_1309700",TRUE,TRUE,TRUE,FALSE,FALSE
"3026","PVP01_1265100","PY17X_1309600",TRUE,FALSE,FALSE,FALSE,FALSE
"3027","PVP01_1265200","PY17X_1309500",TRUE,TRUE,TRUE,TRUE,FALSE
"3028","PVP01_1265300","PY17X_1309400",TRUE,TRUE,TRUE,TRUE,TRUE
"3029","PVP01_1265400","PY17X_1309300",TRUE,TRUE,TRUE,TRUE,TRUE
"3030","PVP01_1265500","PY17X_1309200",TRUE,TRUE,TRUE,FALSE,TRUE
"3031","PVP01_1265600","PY17X_1309100",TRUE,TRUE,TRUE,FALSE,FALSE
"3032","PVP01_1265700","PY17X_1309000",TRUE,TRUE,TRUE,FALSE,TRUE
"3033","PVP01_1265800","PY17X_1308900",TRUE,TRUE,TRUE,FALSE,TRUE
"3034","PVP01_1266000","PY17X_1308700",TRUE,TRUE,TRUE,TRUE,TRUE
"3035","PVP01_1266100","PY17X_1308600",TRUE,FALSE,FALSE,TRUE,TRUE
"3036","PVP01_1266200","PY17X_1308500",TRUE,TRUE,TRUE,FALSE,FALSE
"3037","PVP01_1266300","PY17X_1308400",TRUE,TRUE,TRUE,FALSE,TRUE
"3038","PVP01_1266400","PY17X_1308300",FALSE,FALSE,FALSE,FALSE,TRUE
"3039","PVP01_1266500","PY17X_1308200",TRUE,TRUE,TRUE,FALSE,FALSE
"3040","PVP01_1266600","PY17X_1308100",TRUE,TRUE,TRUE,FALSE,TRUE
"3041","PVP01_1266700","PY17X_1308000",TRUE,TRUE,TRUE,FALSE,FALSE
"3042","PVP01_1266800","PY17X_1307900",TRUE,TRUE,TRUE,FALSE,TRUE
"3043","PVP01_1266900","PY17X_1307800",TRUE,TRUE,TRUE,TRUE,TRUE
"3044","PVP01_1267100","PY17X_1307600",TRUE,TRUE,TRUE,TRUE,FALSE
"3045","PVP01_1267200","PY17X_1307500",TRUE,TRUE,TRUE,TRUE,TRUE
"3046","PVP01_1267300","PY17X_1307400",TRUE,TRUE,TRUE,FALSE,FALSE
"3047","PVP01_1267400","PY17X_1307300",TRUE,TRUE,TRUE,FALSE,TRUE
"3048","PVP01_1267500","PY17X_1307200",TRUE,TRUE,TRUE,TRUE,TRUE
"3049","PVP01_1267600","PY17X_1307100",TRUE,TRUE,TRUE,TRUE,TRUE
"3050","PVP01_1267700","PY17X_1307000",TRUE,TRUE,TRUE,FALSE,FALSE
"3051","PVP01_1267800","PY17X_1306900",FALSE,TRUE,FALSE,FALSE,TRUE
"3052","PVP01_1267900","PY17X_1306800",TRUE,TRUE,TRUE,FALSE,TRUE
"3053","PVP01_1268000","PY17X_1306700",TRUE,TRUE,TRUE,FALSE,TRUE
"3054","PVP01_1268100","PY17X_1306600",TRUE,TRUE,TRUE,TRUE,TRUE
"3055","PVP01_1268200","PY17X_1306500",TRUE,TRUE,TRUE,FALSE,TRUE
"3056","PVP01_1268300","PY17X_1306400",TRUE,TRUE,TRUE,FALSE,TRUE
"3057","PVP01_1268400","PY17X_1306300",TRUE,TRUE,TRUE,FALSE,TRUE
"3058","PVP01_1268500","PY17X_1306200",TRUE,TRUE,TRUE,FALSE,TRUE
"3059","PVP01_1268600","PY17X_1306100",TRUE,TRUE,TRUE,FALSE,TRUE
"3060","PVP01_1268900","PY17X_1305800",TRUE,TRUE,TRUE,TRUE,TRUE
"3061","PVP01_1269000","PY17X_1305700",TRUE,TRUE,TRUE,FALSE,TRUE
"3062","PVP01_1269300","PY17X_1305400",TRUE,FALSE,FALSE,FALSE,TRUE
"3063","PVP01_1269400","PY17X_1305300",TRUE,TRUE,TRUE,TRUE,FALSE
"3064","PVP01_1269500","PY17X_1305200",TRUE,TRUE,TRUE,TRUE,TRUE
"3065","PVP01_1269600","PY17X_1305100",TRUE,TRUE,TRUE,FALSE,TRUE
"3066","PVP01_1269700","PY17X_1305000",TRUE,TRUE,TRUE,FALSE,TRUE
"3067","PVP01_1269800","PY17X_1304900",TRUE,TRUE,TRUE,FALSE,TRUE
"3068","PVP01_1269900","PY17X_1304800",TRUE,TRUE,TRUE,FALSE,FALSE
"3069","PVP01_1270000","PY17X_1304700",TRUE,TRUE,TRUE,TRUE,TRUE
"3070","PVP01_1270100","PY17X_1304600",TRUE,TRUE,TRUE,FALSE,TRUE
"3071","PVP01_1270200","PY17X_1304500",TRUE,TRUE,TRUE,TRUE,FALSE
"3072","PVP01_1270300","PY17X_1304400",TRUE,TRUE,TRUE,TRUE,TRUE
"3073","PVP01_1270400","PY17X_1304300",TRUE,TRUE,TRUE,TRUE,FALSE
"3074","PVP01_1270500","PY17X_1304200",TRUE,TRUE,TRUE,FALSE,TRUE
"3075","PVP01_1270600","PY17X_1304100",FALSE,FALSE,FALSE,FALSE,FALSE
"3076","PVP01_1300800","PY17X_0603100",TRUE,TRUE,TRUE,FALSE,FALSE
"3077","PVP01_1300900","PY17X_0603200",TRUE,TRUE,TRUE,TRUE,TRUE
"3078","PVP01_1301000","PY17X_0603300",TRUE,FALSE,FALSE,TRUE,FALSE
"3079","PVP01_1301100","PY17X_0603400",TRUE,TRUE,TRUE,FALSE,TRUE
"3080","PVP01_1301200","PY17X_0603500",TRUE,TRUE,TRUE,FALSE,TRUE
"3081","PVP01_1301300","PY17X_0603600",TRUE,TRUE,TRUE,FALSE,TRUE
"3082","PVP01_1301500","PY17X_0603700",TRUE,TRUE,TRUE,FALSE,FALSE
"3083","PVP01_1301700","PY17X_0603900",TRUE,TRUE,TRUE,FALSE,TRUE
"3084","PVP01_1301800","PY17X_0604000",TRUE,TRUE,TRUE,TRUE,TRUE
"3085","PVP01_1301900","PY17X_0604100",TRUE,TRUE,TRUE,FALSE,TRUE
"3086","PVP01_1302000","PY17X_0604200",TRUE,TRUE,TRUE,FALSE,TRUE
"3087","PVP01_1302100","PY17X_0604300",TRUE,TRUE,TRUE,FALSE,TRUE
"3088","PVP01_1302200","PY17X_0604400",TRUE,TRUE,TRUE,TRUE,FALSE
"3089","PVP01_1302300","PY17X_0604500",TRUE,TRUE,TRUE,FALSE,TRUE
"3090","PVP01_1302500","PY17X_0604700",TRUE,TRUE,TRUE,FALSE,FALSE
"3091","PVP01_1302800","PY17X_0605000",TRUE,TRUE,TRUE,FALSE,FALSE
"3092","PVP01_1302900","PY17X_0605100",TRUE,TRUE,TRUE,TRUE,TRUE
"3093","PVP01_1303000","PY17X_0605200",TRUE,TRUE,TRUE,TRUE,TRUE
"3094","PVP01_1303100","PY17X_0605300",TRUE,TRUE,TRUE,FALSE,FALSE
"3095","PVP01_1303200","PY17X_0605400",FALSE,FALSE,FALSE,FALSE,TRUE
"3096","PVP01_1303400","PY17X_0605600",TRUE,TRUE,TRUE,FALSE,TRUE
"3097","PVP01_1303500","PY17X_0605700",TRUE,TRUE,TRUE,TRUE,FALSE
"3098","PVP01_1303600","PY17X_0605800",TRUE,TRUE,TRUE,FALSE,TRUE
"3099","PVP01_1303700","PY17X_0605900",TRUE,TRUE,TRUE,FALSE,TRUE
"3100","PVP01_1303800","PY17X_0606000",TRUE,TRUE,TRUE,FALSE,TRUE
"3101","PVP01_1303900","PY17X_0606100",TRUE,FALSE,FALSE,FALSE,TRUE
"3102","PVP01_1304100","PY17X_0606300",TRUE,TRUE,TRUE,FALSE,TRUE
"3103","PVP01_1304200","PY17X_0606400",TRUE,TRUE,TRUE,FALSE,TRUE
"3104","PVP01_1304300","PY17X_0606500",TRUE,TRUE,TRUE,FALSE,TRUE
"3105","PVP01_1304400","PY17X_0606600",TRUE,TRUE,TRUE,FALSE,FALSE
"3106","PVP01_1304600","PY17X_0606700",TRUE,TRUE,TRUE,TRUE,TRUE
"3107","PVP01_1304700","PY17X_0606800",TRUE,TRUE,TRUE,FALSE,TRUE
"3108","PVP01_1304800","PY17X_0606900",TRUE,TRUE,TRUE,FALSE,TRUE
"3109","PVP01_1305000","PY17X_0607100",TRUE,TRUE,TRUE,FALSE,TRUE
"3110","PVP01_1305100","PY17X_0607200",TRUE,TRUE,TRUE,FALSE,TRUE
"3111","PVP01_1305300","PY17X_0607300",TRUE,TRUE,TRUE,FALSE,TRUE
"3112","PVP01_1305500","PY17X_0607500",TRUE,TRUE,TRUE,FALSE,TRUE
"3113","PVP01_1305600","PY17X_0607600",FALSE,TRUE,FALSE,TRUE,TRUE
"3114","PVP01_1305700","PY17X_0607700",TRUE,TRUE,TRUE,TRUE,TRUE
"3115","PVP01_1305800","PY17X_0607800",TRUE,TRUE,TRUE,FALSE,FALSE
"3116","PVP01_1305900","PY17X_0607900",TRUE,TRUE,TRUE,FALSE,FALSE
"3117","PVP01_1306000","PY17X_0608000",TRUE,TRUE,TRUE,FALSE,TRUE
"3118","PVP01_1306200","PY17X_0608200",TRUE,TRUE,TRUE,FALSE,TRUE
"3119","PVP01_1306600","PY17X_0608500",TRUE,TRUE,TRUE,FALSE,TRUE
"3120","PVP01_1306700","PY17X_0608600",TRUE,TRUE,TRUE,FALSE,TRUE
"3121","PVP01_1306800","PY17X_0608700",FALSE,FALSE,FALSE,FALSE,FALSE
"3122","PVP01_1306900","PY17X_0608800",TRUE,TRUE,TRUE,FALSE,FALSE
"3123","PVP01_1307000","PY17X_0608900",TRUE,TRUE,TRUE,FALSE,FALSE
"3124","PVP01_1307100","PY17X_0609000",TRUE,TRUE,TRUE,TRUE,FALSE
"3125","PVP01_1307200","PY17X_0609100",TRUE,TRUE,TRUE,FALSE,TRUE
"3126","PVP01_1307300","PY17X_0609200",TRUE,TRUE,TRUE,FALSE,TRUE
"3127","PVP01_1307400","PY17X_0609300",TRUE,TRUE,TRUE,FALSE,TRUE
"3128","PVP01_1307500","PY17X_0609400",TRUE,TRUE,TRUE,FALSE,TRUE
"3129","PVP01_1307700","PY17X_0609600",TRUE,TRUE,TRUE,FALSE,TRUE
"3130","PVP01_1307800","PY17X_0609700",TRUE,TRUE,TRUE,FALSE,FALSE
"3131","PVP01_1308100","PY17X_0610000",TRUE,TRUE,TRUE,FALSE,TRUE
"3132","PVP01_1308300","PY17X_0610100",TRUE,TRUE,TRUE,FALSE,TRUE
"3133","PVP01_1308500","PY17X_0610300",TRUE,TRUE,TRUE,FALSE,FALSE
"3134","PVP01_1308600","PY17X_0610400",FALSE,TRUE,FALSE,FALSE,TRUE
"3135","PVP01_1308700","PY17X_0610500",TRUE,TRUE,TRUE,FALSE,TRUE
"3136","PVP01_1308800","PY17X_0610600",TRUE,TRUE,TRUE,FALSE,TRUE
"3137","PVP01_1308900","PY17X_0610700",TRUE,TRUE,TRUE,FALSE,TRUE
"3138","PVP01_1309000","PY17X_0610800",TRUE,TRUE,TRUE,TRUE,TRUE
"3139","PVP01_1309100","PY17X_0610900",TRUE,TRUE,TRUE,FALSE,TRUE
"3140","PVP01_1309300","PY17X_0611000",TRUE,TRUE,TRUE,FALSE,FALSE
"3141","PVP01_1309500","PY17X_0611200",TRUE,TRUE,TRUE,TRUE,FALSE
"3142","PVP01_1309700","PY17X_0611400",TRUE,TRUE,TRUE,TRUE,TRUE
"3143","PVP01_1309800","PY17X_0611500",TRUE,TRUE,TRUE,FALSE,TRUE
"3144","PVP01_1310000","PY17X_0611700",TRUE,TRUE,TRUE,FALSE,TRUE
"3145","PVP01_1310100","PY17X_0611900",TRUE,TRUE,TRUE,FALSE,FALSE
"3146","PVP01_1310200","PY17X_0612000",TRUE,TRUE,TRUE,FALSE,TRUE
"3147","PVP01_1310300","PY17X_0612100",FALSE,FALSE,FALSE,FALSE,TRUE
"3148","PVP01_1310400","PY17X_0612200",TRUE,TRUE,TRUE,FALSE,TRUE
"3149","PVP01_1310500","PY17X_0612300",TRUE,TRUE,TRUE,FALSE,TRUE
"3150","PVP01_1310600","PY17X_0612400",TRUE,TRUE,TRUE,FALSE,FALSE
"3151","PVP01_1310700","PY17X_0612500",TRUE,TRUE,TRUE,FALSE,TRUE
"3152","PVP01_1310800","PY17X_0612600",TRUE,TRUE,TRUE,FALSE,TRUE
"3153","PVP01_1310900","PY17X_0612700",TRUE,TRUE,TRUE,FALSE,TRUE
"3154","PVP01_1311000","PY17X_0612800",TRUE,TRUE,TRUE,FALSE,TRUE
"3155","PVP01_1311100","PY17X_0612900",TRUE,TRUE,TRUE,FALSE,FALSE
"3156","PVP01_1311200","PY17X_0613000",TRUE,TRUE,TRUE,FALSE,FALSE
"3157","PVP01_1311300","PY17X_0613100",TRUE,TRUE,TRUE,FALSE,FALSE
"3158","PVP01_1311400","PY17X_0613200",TRUE,FALSE,FALSE,FALSE,TRUE
"3159","PVP01_1311500","PY17X_0613300",TRUE,TRUE,TRUE,FALSE,FALSE
"3160","PVP01_1311600","PY17X_0613400",TRUE,TRUE,TRUE,TRUE,TRUE
"3161","PVP01_1311700","PY17X_0613500",TRUE,TRUE,TRUE,FALSE,FALSE
"3162","PVP01_1311800","PY17X_0613600",TRUE,TRUE,TRUE,TRUE,TRUE
"3163","PVP01_1311900","PY17X_0613700",TRUE,TRUE,TRUE,FALSE,TRUE
"3164","PVP01_1312000","PY17X_0613800",TRUE,TRUE,TRUE,TRUE,TRUE
"3165","PVP01_1312100","PY17X_0613900",TRUE,TRUE,TRUE,FALSE,TRUE
"3166","PVP01_1312200","PY17X_0614000",TRUE,TRUE,TRUE,FALSE,TRUE
"3167","PVP01_1312300","PY17X_0614100",TRUE,TRUE,TRUE,FALSE,FALSE
"3168","PVP01_1312400","PY17X_0614200",TRUE,TRUE,TRUE,FALSE,TRUE
"3169","PVP01_1312500","PY17X_0614300",TRUE,TRUE,TRUE,FALSE,TRUE
"3170","PVP01_1312600","PY17X_0614400",TRUE,TRUE,TRUE,FALSE,TRUE
"3171","PVP01_1312700","PY17X_0614500",TRUE,TRUE,TRUE,FALSE,TRUE
"3172","PVP01_1312800","PY17X_0614600",TRUE,TRUE,TRUE,TRUE,TRUE
"3173","PVP01_1312900","PY17X_1009800",TRUE,TRUE,TRUE,FALSE,TRUE
"3174","PVP01_1313000","PY17X_1009900",TRUE,TRUE,TRUE,FALSE,FALSE
"3175","PVP01_1313100","PY17X_1010000",TRUE,TRUE,TRUE,FALSE,TRUE
"3176","PVP01_1313400","PY17X_1010300",TRUE,TRUE,TRUE,FALSE,TRUE
"3177","PVP01_1313500","PY17X_1010400",TRUE,TRUE,TRUE,FALSE,TRUE
"3178","PVP01_1313600","PY17X_1010500",TRUE,TRUE,TRUE,TRUE,TRUE
"3179","PVP01_1313700","PY17X_1010600",TRUE,TRUE,TRUE,FALSE,TRUE
"3180","PVP01_1314000","PY17X_1010900",TRUE,TRUE,TRUE,FALSE,FALSE
"3181","PVP01_1314100","PY17X_1011000",TRUE,TRUE,TRUE,FALSE,TRUE
"3182","PVP01_1314200","PY17X_1011100",TRUE,TRUE,TRUE,FALSE,TRUE
"3183","PVP01_1314300","PY17X_1011200",TRUE,TRUE,TRUE,FALSE,TRUE
"3184","PVP01_1314400","PY17X_1011300",TRUE,TRUE,TRUE,FALSE,TRUE
"3185","PVP01_1314500","PY17X_1011400",TRUE,TRUE,TRUE,FALSE,TRUE
"3186","PVP01_1314600","PY17X_1011500",TRUE,TRUE,TRUE,FALSE,FALSE
"3187","PVP01_1314700","PY17X_1011600",TRUE,TRUE,TRUE,FALSE,FALSE
"3188","PVP01_1314800","PY17X_1011700",FALSE,TRUE,FALSE,FALSE,TRUE
"3189","PVP01_1314900","PY17X_1011800",TRUE,TRUE,TRUE,TRUE,TRUE
"3190","PVP01_1315000","PY17X_1011900",TRUE,TRUE,TRUE,TRUE,TRUE
"3191","PVP01_1315100","PY17X_1012000",TRUE,TRUE,TRUE,FALSE,TRUE
"3192","PVP01_1315200","PY17X_1012100",TRUE,TRUE,TRUE,FALSE,TRUE
"3193","PVP01_1315300","PY17X_1012200",TRUE,TRUE,TRUE,FALSE,TRUE
"3194","PVP01_1315400","PY17X_1012300",TRUE,TRUE,TRUE,FALSE,TRUE
"3195","PVP01_1315500","PY17X_1012400",TRUE,TRUE,TRUE,FALSE,TRUE
"3196","PVP01_1315600","PY17X_1012500",TRUE,TRUE,TRUE,FALSE,TRUE
"3197","PVP01_1315800","PY17X_1012700",TRUE,TRUE,TRUE,TRUE,TRUE
"3198","PVP01_1315900","PY17X_1012800",TRUE,TRUE,TRUE,FALSE,FALSE
"3199","PVP01_1316000","PY17X_1012900",TRUE,TRUE,TRUE,TRUE,TRUE
"3200","PVP01_1316200","PY17X_1013100",TRUE,TRUE,TRUE,FALSE,FALSE
"3201","PVP01_1316300","PY17X_1013200",TRUE,FALSE,FALSE,FALSE,TRUE
"3202","PVP01_1316400","PY17X_1013300",TRUE,TRUE,TRUE,FALSE,TRUE
"3203","PVP01_1316500","PY17X_1013400",TRUE,FALSE,FALSE,FALSE,TRUE
"3204","PVP01_1316600","PY17X_1013500",TRUE,TRUE,TRUE,FALSE,TRUE
"3205","PVP01_1316800","PY17X_1013700",TRUE,TRUE,TRUE,FALSE,FALSE
"3206","PVP01_1316900","PY17X_1013800",TRUE,TRUE,TRUE,FALSE,TRUE
"3207","PVP01_1317000","PY17X_1013900",TRUE,TRUE,TRUE,FALSE,TRUE
"3208","PVP01_1317100","PY17X_1014000",TRUE,TRUE,TRUE,FALSE,TRUE
"3209","PVP01_1317200","PY17X_1014100",TRUE,TRUE,TRUE,TRUE,TRUE
"3210","PVP01_1317400","PY17X_1014300",TRUE,TRUE,TRUE,FALSE,FALSE
"3211","PVP01_1317500","PY17X_1014400",TRUE,TRUE,TRUE,FALSE,TRUE
"3212","PVP01_1317600","PY17X_1014500",TRUE,TRUE,TRUE,FALSE,TRUE
"3213","PVP01_1317700","PY17X_1014600",TRUE,TRUE,TRUE,FALSE,TRUE
"3214","PVP01_1317800","PY17X_1014700",TRUE,TRUE,TRUE,FALSE,TRUE
"3215","PVP01_1317900","PY17X_1014800",TRUE,TRUE,TRUE,FALSE,FALSE
"3216","PVP01_1318000","PY17X_1014900",TRUE,TRUE,TRUE,FALSE,TRUE
"3217","PVP01_1318100","PY17X_1015000",TRUE,TRUE,TRUE,FALSE,TRUE
"3218","PVP01_1318300","PY17X_1015100",TRUE,TRUE,TRUE,FALSE,TRUE
"3219","PVP01_1318400","PY17X_1015200",TRUE,TRUE,TRUE,FALSE,TRUE
"3220","PVP01_1318500","PY17X_1015300",TRUE,TRUE,TRUE,FALSE,TRUE
"3221","PVP01_1318600","PY17X_1015400",TRUE,TRUE,TRUE,FALSE,FALSE
"3222","PVP01_1318700","PY17X_1015500",TRUE,TRUE,TRUE,FALSE,TRUE
"3223","PVP01_1318800","PY17X_1015600",TRUE,TRUE,TRUE,FALSE,TRUE
"3224","PVP01_1318900","PY17X_1015700",FALSE,TRUE,FALSE,FALSE,FALSE
"3225","PVP01_1319000","PY17X_1015800",TRUE,TRUE,TRUE,FALSE,FALSE
"3226","PVP01_1319100","PY17X_1015900",TRUE,TRUE,TRUE,FALSE,TRUE
"3227","PVP01_1319200","PY17X_1016000",TRUE,FALSE,FALSE,FALSE,TRUE
"3228","PVP01_1319300","PY17X_1016100",TRUE,FALSE,FALSE,FALSE,FALSE
"3229","PVP01_1319400","PY17X_1016200",TRUE,TRUE,TRUE,FALSE,TRUE
"3230","PVP01_1319500","PY17X_1016300",TRUE,TRUE,TRUE,FALSE,TRUE
"3231","PVP01_1319600","PY17X_1016400",TRUE,TRUE,TRUE,FALSE,TRUE
"3232","PVP01_1319700","PY17X_1016500",TRUE,TRUE,TRUE,FALSE,TRUE
"3233","PVP01_1319800","PY17X_1016600",TRUE,TRUE,TRUE,FALSE,FALSE
"3234","PVP01_1319900","PY17X_1016700",TRUE,TRUE,TRUE,FALSE,TRUE
"3235","PVP01_1320000","PY17X_1016800",TRUE,TRUE,TRUE,FALSE,TRUE
"3236","PVP01_1320100","PY17X_1016900",TRUE,TRUE,TRUE,FALSE,TRUE
"3237","PVP01_1320300","PY17X_1017100",TRUE,TRUE,TRUE,FALSE,FALSE
"3238","PVP01_1320400","PY17X_1017200",FALSE,TRUE,FALSE,FALSE,TRUE
"3239","PVP01_1320500","PY17X_1017300",TRUE,TRUE,TRUE,FALSE,FALSE
"3240","PVP01_1320600","PY17X_1017400",TRUE,TRUE,TRUE,FALSE,FALSE
"3241","PVP01_1320700","PY17X_1017500",TRUE,TRUE,TRUE,FALSE,TRUE
"3242","PVP01_1320800","PY17X_1017600",TRUE,TRUE,TRUE,FALSE,TRUE
"3243","PVP01_1321000","PY17X_1017800",TRUE,TRUE,TRUE,FALSE,TRUE
"3244","PVP01_1321100","PY17X_1017900",TRUE,TRUE,TRUE,TRUE,TRUE
"3245","PVP01_1321300","PY17X_1018100",TRUE,TRUE,TRUE,FALSE,TRUE
"3246","PVP01_1321400","PY17X_1018200",TRUE,TRUE,TRUE,FALSE,FALSE
"3247","PVP01_1321500","PY17X_1018300",TRUE,TRUE,TRUE,FALSE,TRUE
"3248","PVP01_1321600","PY17X_1018400",TRUE,FALSE,FALSE,FALSE,TRUE
"3249","PVP01_1321700","PY17X_1018500",TRUE,FALSE,FALSE,FALSE,TRUE
"3250","PVP01_1321800","PY17X_1018600",TRUE,TRUE,TRUE,TRUE,TRUE
"3251","PVP01_1321900","PY17X_1018700",TRUE,TRUE,TRUE,TRUE,TRUE
"3252","PVP01_1322000","PY17X_1018800",TRUE,TRUE,TRUE,TRUE,TRUE
"3253","PVP01_1322100","PY17X_1018900",TRUE,TRUE,TRUE,FALSE,FALSE
"3254","PVP01_1322200","PY17X_1019000",TRUE,TRUE,TRUE,TRUE,TRUE
"3255","PVP01_1322300","PY17X_1019100",TRUE,TRUE,TRUE,TRUE,TRUE
"3256","PVP01_1322400","PY17X_1019200",TRUE,TRUE,TRUE,TRUE,FALSE
"3257","PVP01_1322600","PY17X_1019400",TRUE,TRUE,TRUE,TRUE,TRUE
"3258","PVP01_1322800","PY17X_1019600",TRUE,TRUE,TRUE,FALSE,TRUE
"3259","PVP01_1322900","PY17X_1019700",FALSE,FALSE,FALSE,FALSE,FALSE
"3260","PVP01_1323000","PY17X_1019800",FALSE,TRUE,FALSE,FALSE,TRUE
"3261","PVP01_1323100","PY17X_1019900",TRUE,TRUE,TRUE,FALSE,TRUE
"3262","PVP01_1323200","PY17X_1020000",TRUE,TRUE,TRUE,FALSE,TRUE
"3263","PVP01_1323300","PY17X_1020100",TRUE,TRUE,TRUE,TRUE,TRUE
"3264","PVP01_1323400","PY17X_1020200",TRUE,TRUE,TRUE,FALSE,TRUE
"3265","PVP01_1323600","PY17X_1020400",TRUE,TRUE,TRUE,FALSE,TRUE
"3266","PVP01_1323800","PY17X_1020500",FALSE,FALSE,FALSE,TRUE,TRUE
"3267","PVP01_1323900","PY17X_1020600",TRUE,TRUE,TRUE,FALSE,TRUE
"3268","PVP01_1324000","PY17X_1020700",TRUE,TRUE,TRUE,FALSE,TRUE
"3269","PVP01_1324100","PY17X_1020800",TRUE,TRUE,TRUE,FALSE,TRUE
"3270","PVP01_1324700","PY17X_1020900",TRUE,TRUE,TRUE,FALSE,TRUE
"3271","PVP01_1324800","PY17X_1021000",TRUE,TRUE,TRUE,FALSE,FALSE
"3272","PVP01_1325200","PY17X_1021500",TRUE,TRUE,TRUE,FALSE,TRUE
"3273","PVP01_1325300","PY17X_1021600",TRUE,TRUE,TRUE,FALSE,TRUE
"3274","PVP01_1325400","PY17X_1021700",TRUE,TRUE,TRUE,FALSE,FALSE
"3275","PVP01_1325700","PY17X_1022000",TRUE,TRUE,TRUE,FALSE,TRUE
"3276","PVP01_1325800","PY17X_1022100",TRUE,TRUE,TRUE,FALSE,FALSE
"3277","PVP01_1325900","PY17X_1022200",TRUE,TRUE,TRUE,FALSE,TRUE
"3278","PVP01_1326000","PY17X_1022300",TRUE,TRUE,TRUE,FALSE,TRUE
"3279","PVP01_1326100","PY17X_1022400",TRUE,TRUE,TRUE,FALSE,TRUE
"3280","PVP01_1326200","PY17X_1022500",TRUE,TRUE,TRUE,FALSE,FALSE
"3281","PVP01_1326400","PY17X_1022700",TRUE,TRUE,TRUE,FALSE,FALSE
"3282","PVP01_1326500","PY17X_1022800",TRUE,TRUE,TRUE,TRUE,TRUE
"3283","PVP01_1326600","PY17X_1022900",TRUE,TRUE,TRUE,FALSE,TRUE
"3284","PVP01_1326800","PY17X_1023100",TRUE,FALSE,FALSE,FALSE,TRUE
"3285","PVP01_1326900","PY17X_1023200",TRUE,TRUE,TRUE,FALSE,TRUE
"3286","PVP01_1327000","PY17X_1023300",TRUE,TRUE,TRUE,TRUE,TRUE
"3287","PVP01_1327100","PY17X_1023400",TRUE,TRUE,TRUE,TRUE,TRUE
"3288","PVP01_1327300","PY17X_1023600",TRUE,TRUE,TRUE,FALSE,TRUE
"3289","PVP01_1327400","PY17X_1023700",TRUE,TRUE,TRUE,FALSE,TRUE
"3290","PVP01_1327500","PY17X_1023800",TRUE,TRUE,TRUE,FALSE,TRUE
"3291","PVP01_1327700","PY17X_1023900",TRUE,TRUE,TRUE,FALSE,TRUE
"3292","PVP01_1327800","PY17X_1024000",TRUE,TRUE,TRUE,FALSE,TRUE
"3293","PVP01_1327900","PY17X_1024100",TRUE,TRUE,TRUE,FALSE,FALSE
"3294","PVP01_1328000","PY17X_1024200",TRUE,TRUE,TRUE,FALSE,FALSE
"3295","PVP01_1328100","PY17X_1024300",FALSE,FALSE,FALSE,TRUE,FALSE
"3296","PVP01_1328300","PY17X_1024500",TRUE,TRUE,TRUE,FALSE,TRUE
"3297","PVP01_1328400","PY17X_1024600",TRUE,TRUE,TRUE,FALSE,TRUE
"3298","PVP01_1328500","PY17X_1024700",TRUE,TRUE,TRUE,TRUE,TRUE
"3299","PVP01_1328600","PY17X_1024800",TRUE,TRUE,TRUE,FALSE,TRUE
"3300","PVP01_1328700","PY17X_1024900",TRUE,TRUE,TRUE,FALSE,TRUE
"3301","PVP01_1328800","PY17X_1025000",FALSE,TRUE,FALSE,FALSE,TRUE
"3302","PVP01_1328900","PY17X_1025100",TRUE,TRUE,TRUE,FALSE,FALSE
"3303","PVP01_1329000","PY17X_1025200",TRUE,TRUE,TRUE,FALSE,TRUE
"3304","PVP01_1329100","PY17X_1025300",TRUE,TRUE,TRUE,FALSE,TRUE
"3305","PVP01_1329200","PY17X_1025400",TRUE,TRUE,TRUE,FALSE,TRUE
"3306","PVP01_1329300","PY17X_1025500",TRUE,TRUE,TRUE,FALSE,TRUE
"3307","PVP01_1329400","PY17X_1025600",TRUE,TRUE,TRUE,FALSE,TRUE
"3308","PVP01_1329500","PY17X_1025700",TRUE,TRUE,TRUE,FALSE,TRUE
"3309","PVP01_1329600","PY17X_1025800",TRUE,TRUE,TRUE,FALSE,FALSE
"3310","PVP01_1329700","PY17X_1025900",TRUE,TRUE,TRUE,TRUE,TRUE
"3311","PVP01_1329800","PY17X_1026000",TRUE,TRUE,TRUE,FALSE,TRUE
"3312","PVP01_1330000","PY17X_1026200",TRUE,TRUE,TRUE,FALSE,TRUE
"3313","PVP01_1330600","PY17X_1026800",TRUE,TRUE,TRUE,FALSE,TRUE
"3314","PVP01_1330700","PY17X_1026900",TRUE,TRUE,TRUE,FALSE,TRUE
"3315","PVP01_1330800","PY17X_1027000",TRUE,TRUE,TRUE,FALSE,TRUE
"3316","PVP01_1330900","PY17X_1027100",TRUE,TRUE,TRUE,FALSE,TRUE
"3317","PVP01_1331000","PY17X_1027200",TRUE,TRUE,TRUE,FALSE,TRUE
"3318","PVP01_1331100","PY17X_1027300",TRUE,TRUE,TRUE,FALSE,TRUE
"3319","PVP01_1331200","PY17X_1027400",TRUE,TRUE,TRUE,FALSE,TRUE
"3320","PVP01_1331400","PY17X_1027600",TRUE,TRUE,TRUE,FALSE,TRUE
"3321","PVP01_1331500","PY17X_1027700",TRUE,TRUE,TRUE,TRUE,TRUE
"3322","PVP01_1331600","PY17X_1027800",TRUE,TRUE,TRUE,FALSE,TRUE
"3323","PVP01_1331700","PY17X_1027900",TRUE,TRUE,TRUE,FALSE,TRUE
"3324","PVP01_1331800","PY17X_1028000",TRUE,TRUE,TRUE,TRUE,TRUE
"3325","PVP01_1331900","PY17X_1028100",TRUE,TRUE,TRUE,FALSE,TRUE
"3326","PVP01_1332000","PY17X_1028200",TRUE,TRUE,TRUE,FALSE,FALSE
"3327","PVP01_1332100","PY17X_1028300",TRUE,TRUE,TRUE,FALSE,TRUE
"3328","PVP01_1332200","PY17X_1028400",FALSE,TRUE,FALSE,FALSE,TRUE
"3329","PVP01_1332400","PY17X_1028600",TRUE,TRUE,TRUE,FALSE,TRUE
"3330","PVP01_1332500","PY17X_1028700",TRUE,TRUE,TRUE,TRUE,TRUE
"3331","PVP01_1332600","PY17X_1028800",TRUE,TRUE,TRUE,FALSE,FALSE
"3332","PVP01_1332700","PY17X_1028900",TRUE,TRUE,TRUE,FALSE,TRUE
"3333","PVP01_1332800","PY17X_1029000",TRUE,TRUE,TRUE,FALSE,FALSE
"3334","PVP01_1332900","PY17X_1029100",FALSE,TRUE,FALSE,FALSE,TRUE
"3335","PVP01_1333000","PY17X_1029200",TRUE,TRUE,TRUE,FALSE,FALSE
"3336","PVP01_1333100","PY17X_1029300",TRUE,TRUE,TRUE,FALSE,TRUE
"3337","PVP01_1333200","PY17X_1029400",TRUE,TRUE,TRUE,FALSE,TRUE
"3338","PVP01_1333600","PY17X_1029800",TRUE,TRUE,TRUE,TRUE,TRUE
"3339","PVP01_1333700","PY17X_1029900",TRUE,FALSE,FALSE,FALSE,TRUE
"3340","PVP01_1333800","PY17X_1030000",TRUE,FALSE,FALSE,TRUE,TRUE
"3341","PVP01_1333900","PY17X_1030100",TRUE,TRUE,TRUE,FALSE,TRUE
"3342","PVP01_1334000","PY17X_1030200",TRUE,TRUE,TRUE,FALSE,TRUE
"3343","PVP01_1334100","PY17X_1030300",TRUE,TRUE,TRUE,FALSE,TRUE
"3344","PVP01_1334200","PY17X_1030400",TRUE,TRUE,TRUE,FALSE,TRUE
"3345","PVP01_1334300","PY17X_1030500",TRUE,TRUE,TRUE,FALSE,TRUE
"3346","PVP01_1334400","PY17X_1030600",TRUE,TRUE,TRUE,TRUE,TRUE
"3347","PVP01_1334500","PY17X_1030700",TRUE,TRUE,TRUE,TRUE,TRUE
"3348","PVP01_1334600","PY17X_1030800",TRUE,TRUE,TRUE,FALSE,TRUE
"3349","PVP01_1334700","PY17X_1030900",TRUE,TRUE,TRUE,FALSE,TRUE
"3350","PVP01_1334800","PY17X_1031000",TRUE,TRUE,TRUE,TRUE,TRUE
"3351","PVP01_1334900","PY17X_1031100",TRUE,TRUE,TRUE,FALSE,TRUE
"3352","PVP01_1335000","PY17X_1031200",TRUE,TRUE,TRUE,FALSE,TRUE
"3353","PVP01_1335100","PY17X_1031300",TRUE,TRUE,TRUE,FALSE,TRUE
"3354","PVP01_1335400","PY17X_1031600",TRUE,TRUE,TRUE,FALSE,FALSE
"3355","PVP01_1335500","PY17X_1031700",TRUE,TRUE,TRUE,FALSE,FALSE
"3356","PVP01_1335800","PY17X_1031900",FALSE,FALSE,FALSE,FALSE,TRUE
"3357","PVP01_1336000","PY17X_1032100",TRUE,TRUE,TRUE,FALSE,TRUE
"3358","PVP01_1336100","PY17X_1032200",TRUE,TRUE,TRUE,FALSE,FALSE
"3359","PVP01_1336200","PY17X_1032300",TRUE,TRUE,TRUE,FALSE,TRUE
"3360","PVP01_1336300","PY17X_1032400",TRUE,TRUE,TRUE,FALSE,FALSE
"3361","PVP01_1336400","PY17X_1032500",TRUE,TRUE,TRUE,FALSE,TRUE
"3362","PVP01_1336600","PY17X_1032700",TRUE,TRUE,TRUE,FALSE,TRUE
"3363","PVP01_1336700","PY17X_1032800",TRUE,TRUE,TRUE,FALSE,TRUE
"3364","PVP01_1336800","PY17X_1032900",TRUE,TRUE,TRUE,FALSE,FALSE
"3365","PVP01_1337000","PY17X_1033000",TRUE,TRUE,TRUE,FALSE,FALSE
"3366","PVP01_1337100","PY17X_1033100",TRUE,TRUE,TRUE,FALSE,FALSE
"3367","PVP01_1337200","PY17X_1033200",TRUE,TRUE,TRUE,TRUE,TRUE
"3368","PVP01_1337400","PY17X_1033400",TRUE,TRUE,TRUE,FALSE,TRUE
"3369","PVP01_1337500","PY17X_1033500",TRUE,TRUE,TRUE,FALSE,TRUE
"3370","PVP01_1337700","PY17X_1033700",TRUE,TRUE,TRUE,TRUE,TRUE
"3371","PVP01_1337800","PY17X_1033800",TRUE,TRUE,TRUE,FALSE,TRUE
"3372","PVP01_1337900","PY17X_1033900",TRUE,FALSE,FALSE,TRUE,TRUE
"3373","PVP01_1338000","PY17X_1034000",TRUE,TRUE,TRUE,TRUE,TRUE
"3374","PVP01_1338100","PY17X_1034100",TRUE,FALSE,FALSE,TRUE,TRUE
"3375","PVP01_1338200","PY17X_1034200",TRUE,TRUE,TRUE,FALSE,FALSE
"3376","PVP01_1338300","PY17X_1034300",TRUE,TRUE,TRUE,TRUE,FALSE
"3377","PVP01_1338400","PY17X_1034400",TRUE,TRUE,TRUE,TRUE,TRUE
"3378","PVP01_1338500","PY17X_1034500",TRUE,TRUE,TRUE,FALSE,FALSE
"3379","PVP01_1338700","PY17X_1034700",TRUE,TRUE,TRUE,TRUE,TRUE
"3380","PVP01_1338800","PY17X_1034800",TRUE,FALSE,FALSE,FALSE,TRUE
"3381","PVP01_1338900","PY17X_1034900",TRUE,TRUE,TRUE,FALSE,FALSE
"3382","PVP01_1339000","PY17X_1035000",TRUE,TRUE,TRUE,FALSE,TRUE
"3383","PVP01_1339100","PY17X_1035100",TRUE,TRUE,TRUE,TRUE,TRUE
"3384","PVP01_1339200","PY17X_1035200",TRUE,TRUE,TRUE,FALSE,TRUE
"3385","PVP01_1339400","PY17X_1035300",TRUE,TRUE,TRUE,FALSE,FALSE
"3386","PVP01_1339600","PY17X_1035500",TRUE,TRUE,TRUE,FALSE,FALSE
"3387","PVP01_1339700","PY17X_1035600",TRUE,TRUE,TRUE,FALSE,FALSE
"3388","PVP01_1339800","PY17X_1035700",TRUE,TRUE,TRUE,FALSE,TRUE
"3389","PVP01_1339900","PY17X_1035800",TRUE,TRUE,TRUE,FALSE,FALSE
"3390","PVP01_1340000","PY17X_1035900",TRUE,TRUE,TRUE,FALSE,TRUE
"3391","PVP01_1340100","PY17X_1036000",TRUE,TRUE,TRUE,TRUE,TRUE
"3392","PVP01_1340200","PY17X_1036100",TRUE,TRUE,TRUE,FALSE,TRUE
"3393","PVP01_1340300","PY17X_1036200",TRUE,TRUE,TRUE,TRUE,TRUE
"3394","PVP01_1340400","PY17X_1036300",TRUE,TRUE,TRUE,FALSE,TRUE
"3395","PVP01_1340500","PY17X_1036400",TRUE,TRUE,TRUE,TRUE,TRUE
"3396","PVP01_1340600","PY17X_1036500",TRUE,TRUE,TRUE,TRUE,TRUE
"3397","PVP01_1340900","PY17X_1036800",TRUE,TRUE,TRUE,TRUE,TRUE
"3398","PVP01_1341000","PY17X_1036900",TRUE,FALSE,FALSE,FALSE,TRUE
"3399","PVP01_1341200","PY17X_1037100",TRUE,TRUE,TRUE,FALSE,TRUE
"3400","PVP01_1341300","PY17X_1037200",TRUE,TRUE,TRUE,TRUE,TRUE
"3401","PVP01_1341400","PY17X_1037300",TRUE,TRUE,TRUE,FALSE,FALSE
"3402","PVP01_1341500","PY17X_1037400",TRUE,TRUE,TRUE,FALSE,FALSE
"3403","PVP01_1341600","PY17X_1037500",TRUE,TRUE,TRUE,FALSE,FALSE
"3404","PVP01_1341700","PY17X_1037600",TRUE,TRUE,TRUE,TRUE,TRUE
"3405","PVP01_1341800","PY17X_1037700",TRUE,TRUE,TRUE,FALSE,TRUE
"3406","PVP01_1341900","PY17X_1037800",TRUE,TRUE,TRUE,FALSE,TRUE
"3407","PVP01_1342000","PY17X_1037900",TRUE,TRUE,TRUE,FALSE,TRUE
"3408","PVP01_1342100","PY17X_1038000",TRUE,TRUE,TRUE,FALSE,TRUE
"3409","PVP01_1342200","PY17X_1038100",TRUE,TRUE,TRUE,TRUE,TRUE
"3410","PVP01_1342300","PY17X_1038200",TRUE,TRUE,TRUE,FALSE,FALSE
"3411","PVP01_1342400","PY17X_1038300",TRUE,TRUE,TRUE,FALSE,FALSE
"3412","PVP01_1342500","PY17X_1038400",TRUE,TRUE,TRUE,FALSE,TRUE
"3413","PVP01_1342600","PY17X_1038500",TRUE,TRUE,TRUE,FALSE,TRUE
"3414","PVP01_1342700","PY17X_1038600",TRUE,TRUE,TRUE,FALSE,TRUE
"3415","PVP01_1342900","PY17X_1038700",TRUE,TRUE,TRUE,TRUE,FALSE
"3416","PVP01_1343000","PY17X_1038800",TRUE,TRUE,TRUE,FALSE,FALSE
"3417","PVP01_1343100","PY17X_1038900",TRUE,TRUE,TRUE,FALSE,TRUE
"3418","PVP01_1343200","PY17X_1039000",TRUE,TRUE,TRUE,FALSE,TRUE
"3419","PVP01_1343300","PY17X_1039100",TRUE,TRUE,TRUE,FALSE,TRUE
"3420","PVP01_1343500","PY17X_1039300",TRUE,TRUE,TRUE,FALSE,FALSE
"3421","PVP01_1343600","PY17X_1039400",TRUE,TRUE,TRUE,FALSE,TRUE
"3422","PVP01_1343800","PY17X_1039600",TRUE,TRUE,TRUE,FALSE,TRUE
"3423","PVP01_1343900","PY17X_1039700",TRUE,TRUE,TRUE,FALSE,TRUE
"3424","PVP01_1344100","PY17X_1039800",TRUE,TRUE,TRUE,FALSE,TRUE
"3425","PVP01_1344200","PY17X_1039900",FALSE,FALSE,FALSE,FALSE,TRUE
"3426","PVP01_1344300","PY17X_1040000",TRUE,TRUE,TRUE,FALSE,TRUE
"3427","PVP01_1344400","PY17X_1040100",TRUE,TRUE,TRUE,FALSE,TRUE
"3428","PVP01_1344500","PY17X_1040200",FALSE,FALSE,FALSE,TRUE,TRUE
"3429","PVP01_1344700","PY17X_1040400",TRUE,TRUE,TRUE,FALSE,TRUE
"3430","PVP01_1344800","PY17X_1040500",TRUE,TRUE,TRUE,FALSE,FALSE
"3431","PVP01_1345100","PY17X_1040700",TRUE,TRUE,TRUE,FALSE,TRUE
"3432","PVP01_1345200","PY17X_1040800",TRUE,FALSE,FALSE,FALSE,FALSE
"3433","PVP01_1345300","PY17X_1040900",TRUE,FALSE,FALSE,FALSE,FALSE
"3434","PVP01_1345400","PY17X_1041000",FALSE,FALSE,FALSE,FALSE,FALSE
"3435","PVP01_1345500","PY17X_1041100",FALSE,FALSE,FALSE,TRUE,TRUE
"3436","PVP01_1345600","PY17X_1041200",TRUE,FALSE,FALSE,FALSE,TRUE
"3437","PVP01_1345700","PY17X_1041300",TRUE,TRUE,TRUE,TRUE,TRUE
"3438","PVP01_1345800","PY17X_1041400",FALSE,FALSE,FALSE,FALSE,TRUE
"3439","PVP01_1346100","PY17X_1041700",TRUE,TRUE,TRUE,FALSE,FALSE
"3440","PVP01_1346200","PY17X_1041800",FALSE,TRUE,FALSE,FALSE,TRUE
"3441","PVP01_1346400","PY17X_1042000",TRUE,TRUE,TRUE,FALSE,TRUE
"3442","PVP01_1346500","PY17X_1042100",TRUE,TRUE,TRUE,FALSE,TRUE
"3443","PVP01_1346600","PY17X_1042200",TRUE,TRUE,TRUE,FALSE,TRUE
"3444","PVP01_1346700","PY17X_1042300",TRUE,TRUE,TRUE,TRUE,FALSE
"3445","PVP01_1346800","PY17X_1042400",TRUE,TRUE,TRUE,TRUE,FALSE
"3446","PVP01_1346900","PY17X_1042500",FALSE,FALSE,FALSE,FALSE,TRUE
"3447","PVP01_1347000","PY17X_1042600",TRUE,TRUE,TRUE,FALSE,TRUE
"3448","PVP01_1401400","PY17X_1402200",TRUE,TRUE,TRUE,TRUE,TRUE
"3449","PVP01_1403300","PY17X_1402500",FALSE,FALSE,FALSE,FALSE,TRUE
"3450","PVP01_1403400","PY17X_1402600",TRUE,TRUE,TRUE,FALSE,FALSE
"3451","PVP01_1403500","PY17X_1402700",TRUE,TRUE,TRUE,FALSE,TRUE
"3452","PVP01_1403600","PY17X_1402800",TRUE,TRUE,TRUE,FALSE,TRUE
"3453","PVP01_1403700","PY17X_1402900",TRUE,TRUE,TRUE,FALSE,TRUE
"3454","PVP01_1403800","PY17X_1403000",TRUE,TRUE,TRUE,FALSE,TRUE
"3455","PVP01_1403900","PY17X_1403100",TRUE,TRUE,TRUE,FALSE,FALSE
"3456","PVP01_1404000","PY17X_1403200",TRUE,TRUE,TRUE,FALSE,FALSE
"3457","PVP01_1404100","PY17X_1403300",TRUE,TRUE,TRUE,FALSE,FALSE
"3458","PVP01_1404200","PY17X_1403400",TRUE,TRUE,TRUE,FALSE,TRUE
"3459","PVP01_1404300","PY17X_1403500",TRUE,TRUE,TRUE,TRUE,FALSE
"3460","PVP01_1404400","PY17X_1403600",TRUE,TRUE,TRUE,FALSE,TRUE
"3461","PVP01_1404500","PY17X_1403700",TRUE,TRUE,TRUE,FALSE,TRUE
"3462","PVP01_1404800","PY17X_1404000",FALSE,FALSE,FALSE,TRUE,FALSE
"3463","PVP01_1404900","PY17X_1404100",TRUE,TRUE,TRUE,FALSE,TRUE
"3464","PVP01_1405000","PY17X_1404200",TRUE,TRUE,TRUE,TRUE,TRUE
"3465","PVP01_1405100","PY17X_1404300",TRUE,TRUE,TRUE,FALSE,TRUE
"3466","PVP01_1405200","PY17X_1404400",TRUE,TRUE,TRUE,TRUE,FALSE
"3467","PVP01_1405300","PY17X_1404500",TRUE,TRUE,TRUE,FALSE,TRUE
"3468","PVP01_1405600","PY17X_1404800",TRUE,TRUE,TRUE,FALSE,TRUE
"3469","PVP01_1405700","PY17X_1405000",TRUE,TRUE,TRUE,FALSE,TRUE
"3470","PVP01_1405800","PY17X_1405100",TRUE,TRUE,TRUE,FALSE,FALSE
"3471","PVP01_1405900","PY17X_1405200",TRUE,TRUE,TRUE,FALSE,FALSE
"3472","PVP01_1406000","PY17X_1405300",TRUE,TRUE,TRUE,FALSE,FALSE
"3473","PVP01_1406100","PY17X_1405400",TRUE,TRUE,TRUE,FALSE,TRUE
"3474","PVP01_1406200","PY17X_1405500",TRUE,TRUE,TRUE,TRUE,TRUE
"3475","PVP01_1406300","PY17X_1405600",FALSE,TRUE,FALSE,FALSE,TRUE
"3476","PVP01_1406400","PY17X_1405700",TRUE,TRUE,TRUE,TRUE,TRUE
"3477","PVP01_1406500","PY17X_1405800",TRUE,TRUE,TRUE,FALSE,TRUE
"3478","PVP01_1406600","PY17X_1405900",TRUE,TRUE,TRUE,FALSE,TRUE
"3479","PVP01_1406700","PY17X_1406000",TRUE,FALSE,FALSE,FALSE,TRUE
"3480","PVP01_1406800","PY17X_1406100",TRUE,TRUE,TRUE,TRUE,TRUE
"3481","PVP01_1406900","PY17X_1406200",TRUE,TRUE,TRUE,FALSE,FALSE
"3482","PVP01_1407100","PY17X_1406400",TRUE,TRUE,TRUE,FALSE,TRUE
"3483","PVP01_1407200","PY17X_1406500",TRUE,TRUE,TRUE,FALSE,TRUE
"3484","PVP01_1407300","PY17X_1406600",TRUE,TRUE,TRUE,FALSE,TRUE
"3485","PVP01_1407400","PY17X_1406700",TRUE,FALSE,FALSE,TRUE,TRUE
"3486","PVP01_1407500","PY17X_1406800",TRUE,TRUE,TRUE,TRUE,TRUE
"3487","PVP01_1407600","PY17X_1406900",TRUE,TRUE,TRUE,FALSE,TRUE
"3488","PVP01_1407700","PY17X_1407000",TRUE,TRUE,TRUE,FALSE,TRUE
"3489","PVP01_1407800","PY17X_1407100",TRUE,TRUE,TRUE,FALSE,TRUE
"3490","PVP01_1407900","PY17X_1407200",TRUE,TRUE,TRUE,FALSE,TRUE
"3491","PVP01_1408000","PY17X_1407300",TRUE,TRUE,TRUE,FALSE,TRUE
"3492","PVP01_1408100","PY17X_1407400",TRUE,TRUE,TRUE,FALSE,TRUE
"3493","PVP01_1408200","PY17X_1407500",TRUE,TRUE,TRUE,FALSE,TRUE
"3494","PVP01_1408300","PY17X_1407600",TRUE,TRUE,TRUE,FALSE,FALSE
"3495","PVP01_1408400","PY17X_1407700",TRUE,TRUE,TRUE,FALSE,FALSE
"3496","PVP01_1408500","PY17X_1407800",TRUE,TRUE,TRUE,FALSE,FALSE
"3497","PVP01_1408600","PY17X_1407900",TRUE,TRUE,TRUE,FALSE,TRUE
"3498","PVP01_1408700","PY17X_1408000",TRUE,TRUE,TRUE,FALSE,FALSE
"3499","PVP01_1408900","PY17X_1408100",TRUE,TRUE,TRUE,FALSE,TRUE
"3500","PVP01_1409000","PY17X_1408200",TRUE,TRUE,TRUE,FALSE,TRUE
"3501","PVP01_1409100","PY17X_1408300",TRUE,TRUE,TRUE,TRUE,TRUE
"3502","PVP01_1409200","PY17X_1408400",TRUE,TRUE,TRUE,FALSE,TRUE
"3503","PVP01_1409300","PY17X_1408500",TRUE,TRUE,TRUE,FALSE,TRUE
"3504","PVP01_1409500","PY17X_1408700",TRUE,TRUE,TRUE,FALSE,TRUE
"3505","PVP01_1409800","PY17X_1409000",TRUE,TRUE,TRUE,FALSE,TRUE
"3506","PVP01_1409900","PY17X_1409100",TRUE,TRUE,TRUE,FALSE,TRUE
"3507","PVP01_1410000","PY17X_1409200",TRUE,TRUE,TRUE,FALSE,FALSE
"3508","PVP01_1410100","PY17X_1409300",TRUE,TRUE,TRUE,TRUE,FALSE
"3509","PVP01_1410200","PY17X_1409500",TRUE,TRUE,TRUE,FALSE,TRUE
"3510","PVP01_1410300","PY17X_1409600",TRUE,TRUE,TRUE,TRUE,FALSE
"3511","PVP01_1410400","PY17X_1409700",TRUE,TRUE,TRUE,TRUE,TRUE
"3512","PVP01_1410500","PY17X_1409800",TRUE,TRUE,TRUE,FALSE,FALSE
"3513","PVP01_1410600","PY17X_1409900",TRUE,TRUE,TRUE,FALSE,FALSE
"3514","PVP01_1410700","PY17X_1410000",TRUE,TRUE,TRUE,FALSE,TRUE
"3515","PVP01_1410800","PY17X_1410100",TRUE,TRUE,TRUE,FALSE,FALSE
"3516","PVP01_1410900","PY17X_1410200",TRUE,TRUE,TRUE,FALSE,TRUE
"3517","PVP01_1411000","PY17X_1410300",TRUE,TRUE,TRUE,FALSE,TRUE
"3518","PVP01_1411100","PY17X_1410400",TRUE,TRUE,TRUE,TRUE,TRUE
"3519","PVP01_1411200","PY17X_1410500",TRUE,FALSE,FALSE,TRUE,TRUE
"3520","PVP01_1411300","PY17X_1410600",TRUE,TRUE,TRUE,FALSE,TRUE
"3521","PVP01_1411500","PY17X_1410800",TRUE,TRUE,TRUE,FALSE,FALSE
"3522","PVP01_1411600","PY17X_1410900",TRUE,TRUE,TRUE,FALSE,TRUE
"3523","PVP01_1411700","PY17X_1411000",TRUE,TRUE,TRUE,FALSE,TRUE
"3524","PVP01_1411800","PY17X_1411100",TRUE,TRUE,TRUE,TRUE,FALSE
"3525","PVP01_1411900","PY17X_1411200",TRUE,TRUE,TRUE,FALSE,TRUE
"3526","PVP01_1412000","PY17X_1411300",TRUE,TRUE,TRUE,FALSE,TRUE
"3527","PVP01_1412100","PY17X_1411400",TRUE,FALSE,FALSE,TRUE,TRUE
"3528","PVP01_1412200","PY17X_1411500",TRUE,TRUE,TRUE,TRUE,TRUE
"3529","PVP01_1412300","PY17X_1411600",TRUE,TRUE,TRUE,FALSE,FALSE
"3530","PVP01_1412400","PY17X_1411700",TRUE,TRUE,TRUE,TRUE,TRUE
"3531","PVP01_1412500","PY17X_1411800",TRUE,TRUE,TRUE,FALSE,TRUE
"3532","PVP01_1412600","PY17X_1411900",TRUE,TRUE,TRUE,FALSE,FALSE
"3533","PVP01_1412700","PY17X_1412000",TRUE,TRUE,TRUE,FALSE,FALSE
"3534","PVP01_1412800","PY17X_1412100",TRUE,TRUE,TRUE,FALSE,FALSE
"3535","PVP01_1412900","PY17X_1412200",TRUE,TRUE,TRUE,FALSE,FALSE
"3536","PVP01_1413000","PY17X_1412300",TRUE,TRUE,TRUE,FALSE,FALSE
"3537","PVP01_1413200","PY17X_1412500",TRUE,TRUE,TRUE,FALSE,TRUE
"3538","PVP01_1413300","PY17X_1412600",TRUE,TRUE,TRUE,FALSE,TRUE
"3539","PVP01_1413400","PY17X_1412700",TRUE,TRUE,TRUE,FALSE,FALSE
"3540","PVP01_1413450","PY17X_1412750",FALSE,FALSE,FALSE,FALSE,FALSE
"3541","PVP01_1413500","PY17X_1412800",TRUE,FALSE,FALSE,FALSE,TRUE
"3542","PVP01_1413600","PY17X_1412900",TRUE,TRUE,TRUE,FALSE,FALSE
"3543","PVP01_1413700","PY17X_1413000",TRUE,TRUE,TRUE,FALSE,TRUE
"3544","PVP01_1413800","PY17X_1413100",TRUE,TRUE,TRUE,TRUE,TRUE
"3545","PVP01_1413900","PY17X_1413200",TRUE,TRUE,TRUE,FALSE,TRUE
"3546","PVP01_1414100","PY17X_1413400",TRUE,TRUE,TRUE,FALSE,TRUE
"3547","PVP01_1414200","PY17X_1413500",TRUE,TRUE,TRUE,FALSE,TRUE
"3548","PVP01_1414300","PY17X_1413600",TRUE,TRUE,TRUE,FALSE,FALSE
"3549","PVP01_1414400","PY17X_1413700",TRUE,FALSE,FALSE,TRUE,TRUE
"3550","PVP01_1414600","PY17X_1413900",TRUE,TRUE,TRUE,FALSE,TRUE
"3551","PVP01_1414800","PY17X_1414100",TRUE,TRUE,TRUE,FALSE,TRUE
"3552","PVP01_1414900","PY17X_1414200",TRUE,TRUE,TRUE,FALSE,TRUE
"3553","PVP01_1415000","PY17X_1414300",TRUE,TRUE,TRUE,TRUE,TRUE
"3554","PVP01_1415200","PY17X_1414500",TRUE,TRUE,TRUE,FALSE,TRUE
"3555","PVP01_1415300","PY17X_1414600",TRUE,TRUE,TRUE,FALSE,TRUE
"3556","PVP01_1415400","PY17X_1414700",TRUE,TRUE,TRUE,FALSE,TRUE
"3557","PVP01_1415500","PY17X_1414800",TRUE,TRUE,TRUE,TRUE,FALSE
"3558","PVP01_1415600","PY17X_1414900",TRUE,TRUE,TRUE,FALSE,FALSE
"3559","PVP01_1415700","PY17X_1415000",TRUE,FALSE,FALSE,FALSE,FALSE
"3560","PVP01_1415800","PY17X_1415100",TRUE,TRUE,TRUE,FALSE,TRUE
"3561","PVP01_1415900","PY17X_1415200",TRUE,TRUE,TRUE,FALSE,FALSE
"3562","PVP01_1416000","PY17X_1415300",TRUE,FALSE,FALSE,FALSE,FALSE
"3563","PVP01_1416100","PY17X_1415400",TRUE,TRUE,TRUE,FALSE,FALSE
"3564","PVP01_1416200","PY17X_1415500",TRUE,TRUE,TRUE,FALSE,TRUE
"3565","PVP01_1416300","PY17X_1415600",TRUE,TRUE,TRUE,FALSE,FALSE
"3566","PVP01_1416400","PY17X_1415700",TRUE,TRUE,TRUE,TRUE,TRUE
"3567","PVP01_1416500","PY17X_1415800",TRUE,TRUE,TRUE,TRUE,TRUE
"3568","PVP01_1416600","PY17X_1415900",TRUE,TRUE,TRUE,FALSE,TRUE
"3569","PVP01_1416700","PY17X_1416000",TRUE,TRUE,TRUE,FALSE,FALSE
"3570","PVP01_1416800","PY17X_1416100",TRUE,TRUE,TRUE,TRUE,TRUE
"3571","PVP01_1416900","PY17X_1416200",TRUE,FALSE,FALSE,FALSE,FALSE
"3572","PVP01_1417000","PY17X_1416300",TRUE,TRUE,TRUE,FALSE,FALSE
"3573","PVP01_1417100","PY17X_1416400",TRUE,TRUE,TRUE,FALSE,TRUE
"3574","PVP01_1417200","PY17X_1416500",FALSE,FALSE,FALSE,TRUE,FALSE
"3575","PVP01_1417300","PY17X_1416600",TRUE,FALSE,FALSE,TRUE,FALSE
"3576","PVP01_1417400","PY17X_1416700",TRUE,TRUE,TRUE,TRUE,TRUE
"3577","PVP01_1417500","PY17X_1416800",TRUE,TRUE,TRUE,FALSE,TRUE
"3578","PVP01_1417600","PY17X_1416900",TRUE,TRUE,TRUE,FALSE,TRUE
"3579","PVP01_1417700","PY17X_1417000",TRUE,TRUE,TRUE,FALSE,FALSE
"3580","PVP01_1417800","PY17X_1417100",TRUE,TRUE,TRUE,TRUE,TRUE
"3581","PVP01_1417900","PY17X_1417200",TRUE,TRUE,TRUE,FALSE,TRUE
"3582","PVP01_1418000","PY17X_1417300",TRUE,TRUE,TRUE,FALSE,TRUE
"3583","PVP01_1418200","PY17X_1417500",TRUE,TRUE,TRUE,FALSE,TRUE
"3584","PVP01_1418300","PY17X_1417600",TRUE,TRUE,TRUE,FALSE,FALSE
"3585","PVP01_1418400","PY17X_1417700",TRUE,TRUE,TRUE,FALSE,TRUE
"3586","PVP01_1418500","PY17X_1417800",TRUE,TRUE,TRUE,FALSE,FALSE
"3587","PVP01_1418600","PY17X_1417900",TRUE,TRUE,TRUE,FALSE,TRUE
"3588","PVP01_1418700","PY17X_1418000",TRUE,TRUE,TRUE,FALSE,FALSE
"3589","PVP01_1418800","PY17X_1418100",TRUE,TRUE,TRUE,FALSE,FALSE
"3590","PVP01_1418900","PY17X_1418200",TRUE,TRUE,TRUE,TRUE,TRUE
"3591","PVP01_1419000","PY17X_1418300",TRUE,TRUE,TRUE,FALSE,TRUE
"3592","PVP01_1419100","PY17X_1418400",TRUE,TRUE,TRUE,FALSE,TRUE
"3593","PVP01_1419300","PY17X_1418600",TRUE,TRUE,TRUE,FALSE,TRUE
"3594","PVP01_1419400","PY17X_1418700",FALSE,FALSE,FALSE,FALSE,FALSE
"3595","PVP01_1419500","PY17X_1418800",TRUE,TRUE,TRUE,FALSE,FALSE
"3596","PVP01_1419600","PY17X_1418900",TRUE,FALSE,FALSE,FALSE,FALSE
"3597","PVP01_1419700","PY17X_1419000",TRUE,TRUE,TRUE,FALSE,TRUE
"3598","PVP01_1420000","PY17X_1419300",TRUE,TRUE,TRUE,TRUE,TRUE
"3599","PVP01_1420200","PY17X_1419500",TRUE,TRUE,TRUE,TRUE,TRUE
"3600","PVP01_1420300","PY17X_1419600",TRUE,TRUE,TRUE,FALSE,FALSE
"3601","PVP01_1420400","PY17X_1419700",TRUE,FALSE,FALSE,FALSE,FALSE
"3602","PVP01_1420600","PY17X_1419900",TRUE,TRUE,TRUE,TRUE,FALSE
"3603","PVP01_1420800","PY17X_1420000",TRUE,TRUE,TRUE,TRUE,TRUE
"3604","PVP01_1420900","PY17X_1420100",TRUE,TRUE,TRUE,FALSE,TRUE
"3605","PVP01_1421000","PY17X_1420200",TRUE,TRUE,TRUE,FALSE,TRUE
"3606","PVP01_1421100","PY17X_1420300",TRUE,TRUE,TRUE,FALSE,FALSE
"3607","PVP01_1421200","PY17X_1420400",TRUE,TRUE,TRUE,FALSE,FALSE
"3608","PVP01_1421300","PY17X_1420500",TRUE,TRUE,TRUE,FALSE,TRUE
"3609","PVP01_1421400","PY17X_1420600",TRUE,TRUE,TRUE,FALSE,TRUE
"3610","PVP01_1421500","PY17X_1420700",TRUE,TRUE,TRUE,TRUE,TRUE
"3611","PVP01_1421600","PY17X_1420800",TRUE,TRUE,TRUE,FALSE,TRUE
"3612","PVP01_1421700","PY17X_1420900",FALSE,TRUE,FALSE,FALSE,TRUE
"3613","PVP01_1421800","PY17X_1421000",FALSE,FALSE,FALSE,TRUE,TRUE
"3614","PVP01_1421900","PY17X_1421100",TRUE,TRUE,TRUE,TRUE,TRUE
"3615","PVP01_1422000","PY17X_1421200",TRUE,TRUE,TRUE,FALSE,TRUE
"3616","PVP01_1422100","PY17X_1421300",TRUE,TRUE,TRUE,TRUE,TRUE
"3617","PVP01_1422200","PY17X_1421400",TRUE,TRUE,TRUE,FALSE,TRUE
"3618","PVP01_1422300","PY17X_1421500",TRUE,TRUE,TRUE,FALSE,FALSE
"3619","PVP01_1422400","PY17X_1421600",FALSE,TRUE,FALSE,TRUE,FALSE
"3620","PVP01_1422500","PY17X_1421700",TRUE,TRUE,TRUE,FALSE,TRUE
"3621","PVP01_1422600","PY17X_1421800",FALSE,TRUE,FALSE,FALSE,TRUE
"3622","PVP01_1422700","PY17X_1421900",TRUE,TRUE,TRUE,FALSE,TRUE
"3623","PVP01_1422800","PY17X_1422000",TRUE,TRUE,TRUE,FALSE,TRUE
"3624","PVP01_1422900","PY17X_1422100",TRUE,TRUE,TRUE,FALSE,TRUE
"3625","PVP01_1423100","PY17X_1422300",TRUE,TRUE,TRUE,FALSE,TRUE
"3626","PVP01_1423200","PY17X_1422400",TRUE,FALSE,FALSE,FALSE,TRUE
"3627","PVP01_1423400","PY17X_1422600",TRUE,TRUE,TRUE,TRUE,FALSE
"3628","PVP01_1423500","PY17X_1422700",TRUE,FALSE,FALSE,FALSE,TRUE
"3629","PVP01_1423600","PY17X_1422800",TRUE,TRUE,TRUE,FALSE,TRUE
"3630","PVP01_1423700","PY17X_1422900",TRUE,TRUE,TRUE,FALSE,TRUE
"3631","PVP01_1424100","PY17X_1423300",TRUE,TRUE,TRUE,FALSE,FALSE
"3632","PVP01_1424200","PY17X_1423400",FALSE,FALSE,FALSE,FALSE,FALSE
"3633","PVP01_1424400","PY17X_1423600",TRUE,TRUE,TRUE,FALSE,FALSE
"3634","PVP01_1424500","PY17X_1423700",TRUE,FALSE,FALSE,FALSE,TRUE
"3635","PVP01_1424600","PY17X_1423800",TRUE,TRUE,TRUE,FALSE,TRUE
"3636","PVP01_1424700","PY17X_1423900",TRUE,TRUE,TRUE,FALSE,TRUE
"3637","PVP01_1424800","PY17X_1424000",TRUE,TRUE,TRUE,FALSE,TRUE
"3638","PVP01_1424900","PY17X_1424100",TRUE,TRUE,TRUE,TRUE,FALSE
"3639","PVP01_1425000","PY17X_1424200",TRUE,TRUE,TRUE,TRUE,TRUE
"3640","PVP01_1425100","PY17X_1424300",TRUE,TRUE,TRUE,FALSE,FALSE
"3641","PVP01_1425200","PY17X_1424400",TRUE,TRUE,TRUE,FALSE,FALSE
"3642","PVP01_1425300","PY17X_1424500",TRUE,TRUE,TRUE,FALSE,TRUE
"3643","PVP01_1425400","PY17X_1424600",TRUE,TRUE,TRUE,FALSE,TRUE
"3644","PVP01_1425500","PY17X_1424700",TRUE,TRUE,TRUE,TRUE,TRUE
"3645","PVP01_1425700","PY17X_1424900",FALSE,FALSE,FALSE,FALSE,TRUE
"3646","PVP01_1425800","PY17X_1425000",TRUE,FALSE,FALSE,FALSE,TRUE
"3647","PVP01_1425900","PY17X_1425100",TRUE,TRUE,TRUE,FALSE,TRUE
"3648","PVP01_1426000","PY17X_1425200",TRUE,TRUE,TRUE,FALSE,TRUE
"3649","PVP01_1426100","PY17X_1425300",TRUE,TRUE,TRUE,TRUE,FALSE
"3650","PVP01_1426200","PY17X_1425400",TRUE,TRUE,TRUE,TRUE,TRUE
"3651","PVP01_1426300","PY17X_1425500",TRUE,TRUE,TRUE,FALSE,FALSE
"3652","PVP01_1426400","PY17X_1425600",TRUE,TRUE,TRUE,FALSE,TRUE
"3653","PVP01_1426500","PY17X_1425700",TRUE,TRUE,TRUE,FALSE,TRUE
"3654","PVP01_1426700","PY17X_1425900",TRUE,TRUE,TRUE,TRUE,FALSE
"3655","PVP01_1426800","PY17X_1426000",TRUE,TRUE,TRUE,FALSE,FALSE
"3656","PVP01_1427000","PY17X_1426300",TRUE,TRUE,TRUE,TRUE,TRUE
"3657","PVP01_1427100","PY17X_1426400",TRUE,TRUE,TRUE,FALSE,TRUE
"3658","PVP01_1427300","PY17X_1426600",TRUE,TRUE,TRUE,FALSE,FALSE
"3659","PVP01_1427400","PY17X_1426700",TRUE,FALSE,FALSE,FALSE,TRUE
"3660","PVP01_1427500","PY17X_1426800",TRUE,TRUE,TRUE,FALSE,TRUE
"3661","PVP01_1427600","PY17X_1426900",TRUE,TRUE,TRUE,FALSE,FALSE
"3662","PVP01_1427700","PY17X_1427000",TRUE,TRUE,TRUE,FALSE,TRUE
"3663","PVP01_1427800","PY17X_1427100",TRUE,TRUE,TRUE,FALSE,TRUE
"3664","PVP01_1427900","PY17X_1427200",FALSE,TRUE,FALSE,FALSE,TRUE
"3665","PVP01_1428000","PY17X_1427300",TRUE,TRUE,TRUE,FALSE,FALSE
"3666","PVP01_1428100","PY17X_1427400",TRUE,TRUE,TRUE,FALSE,TRUE
"3667","PVP01_1428200","PY17X_1427500",TRUE,TRUE,TRUE,TRUE,TRUE
"3668","PVP01_1428300","PY17X_1427600",TRUE,TRUE,TRUE,FALSE,FALSE
"3669","PVP01_1428400","PY17X_1427700",TRUE,TRUE,TRUE,FALSE,FALSE
"3670","PVP01_1428500","PY17X_1427800",TRUE,TRUE,TRUE,FALSE,TRUE
"3671","PVP01_1428600","PY17X_1427900",TRUE,TRUE,TRUE,FALSE,TRUE
"3672","PVP01_1428700","PY17X_1428000",TRUE,TRUE,TRUE,FALSE,TRUE
"3673","PVP01_1428800","PY17X_1428100",TRUE,TRUE,TRUE,FALSE,FALSE
"3674","PVP01_1428900","PY17X_1428200",TRUE,TRUE,TRUE,FALSE,FALSE
"3675","PVP01_1429000","PY17X_1428300",TRUE,TRUE,TRUE,TRUE,TRUE
"3676","PVP01_1429100","PY17X_1428400",TRUE,TRUE,TRUE,FALSE,TRUE
"3677","PVP01_1429200","PY17X_1428500",TRUE,TRUE,TRUE,TRUE,FALSE
"3678","PVP01_1429300","PY17X_1428600",TRUE,TRUE,TRUE,TRUE,FALSE
"3679","PVP01_1429400","PY17X_1428700",TRUE,FALSE,FALSE,FALSE,FALSE
"3680","PVP01_1429500","PY17X_1428800",TRUE,TRUE,TRUE,FALSE,FALSE
"3681","PVP01_1429600","PY17X_1428900",TRUE,TRUE,TRUE,FALSE,TRUE
"3682","PVP01_1429700","PY17X_1429000",TRUE,TRUE,TRUE,TRUE,TRUE
"3683","PVP01_1429800","PY17X_1429100",TRUE,TRUE,TRUE,FALSE,TRUE
"3684","PVP01_1429900","PY17X_1429200",TRUE,TRUE,TRUE,TRUE,FALSE
"3685","PVP01_1430000","PY17X_1429300",TRUE,FALSE,FALSE,TRUE,TRUE
"3686","PVP01_1430100","PY17X_1429400",TRUE,TRUE,TRUE,FALSE,FALSE
"3687","PVP01_1430200","PY17X_1429500",TRUE,TRUE,TRUE,FALSE,FALSE
"3688","PVP01_1430300","PY17X_1429600",TRUE,TRUE,TRUE,FALSE,FALSE
"3689","PVP01_1430600","PY17X_1429800",TRUE,FALSE,FALSE,FALSE,TRUE
"3690","PVP01_1430800","PY17X_1430000",TRUE,TRUE,TRUE,FALSE,TRUE
"3691","PVP01_1430900","PY17X_1430100",TRUE,TRUE,TRUE,TRUE,TRUE
"3692","PVP01_1430950","PY17X_1430150",FALSE,TRUE,FALSE,FALSE,TRUE
"3693","PVP01_1431100","PY17X_1430300",TRUE,TRUE,TRUE,FALSE,TRUE
"3694","PVP01_1431200","PY17X_1430400",TRUE,TRUE,TRUE,FALSE,TRUE
"3695","PVP01_1431300","PY17X_1430500",TRUE,TRUE,TRUE,FALSE,TRUE
"3696","PVP01_1431400","PY17X_1430600",TRUE,TRUE,TRUE,FALSE,FALSE
"3697","PVP01_1431500","PY17X_1430700",TRUE,TRUE,TRUE,FALSE,TRUE
"3698","PVP01_1431600","PY17X_1430800",TRUE,TRUE,TRUE,TRUE,TRUE
"3699","PVP01_1431700","PY17X_1430900",TRUE,TRUE,TRUE,TRUE,TRUE
"3700","PVP01_1432000","PY17X_1431200",TRUE,TRUE,TRUE,FALSE,TRUE
"3701","PVP01_1432100","PY17X_1431300",FALSE,FALSE,FALSE,FALSE,FALSE
"3702","PVP01_1432200","PY17X_1431400",FALSE,TRUE,FALSE,FALSE,TRUE
"3703","PVP01_1432300","PY17X_1431500",FALSE,TRUE,FALSE,FALSE,TRUE
"3704","PVP01_1432400","PY17X_1431600",TRUE,TRUE,TRUE,FALSE,TRUE
"3705","PVP01_1432500","PY17X_1431700",TRUE,TRUE,TRUE,FALSE,FALSE
"3706","PVP01_1432600","PY17X_1431800",TRUE,TRUE,TRUE,TRUE,TRUE
"3707","PVP01_1432700","PY17X_1431900",TRUE,TRUE,TRUE,FALSE,TRUE
"3708","PVP01_1432800","PY17X_1432000",TRUE,TRUE,TRUE,FALSE,TRUE
"3709","PVP01_1432900","PY17X_1432100",TRUE,TRUE,TRUE,TRUE,TRUE
"3710","PVP01_1433000","PY17X_1432200",TRUE,TRUE,TRUE,FALSE,TRUE
"3711","PVP01_1433100","PY17X_1432300",TRUE,TRUE,TRUE,FALSE,TRUE
"3712","PVP01_1433200","PY17X_1432400",TRUE,TRUE,TRUE,FALSE,FALSE
"3713","PVP01_1433300","PY17X_1432500",TRUE,FALSE,FALSE,FALSE,FALSE
"3714","PVP01_1433400","PY17X_1432600",TRUE,TRUE,TRUE,FALSE,TRUE
"3715","PVP01_1433500","PY17X_1432700",TRUE,TRUE,TRUE,FALSE,TRUE
"3716","PVP01_1433600","PY17X_1432800",TRUE,FALSE,FALSE,FALSE,FALSE
"3717","PVP01_1433700","PY17X_1432900",TRUE,TRUE,TRUE,FALSE,TRUE
"3718","PVP01_1433800","PY17X_1433000",TRUE,TRUE,TRUE,FALSE,TRUE
"3719","PVP01_1433900","PY17X_1433100",TRUE,TRUE,TRUE,FALSE,FALSE
"3720","PVP01_1434000","PY17X_1433200",TRUE,TRUE,TRUE,TRUE,TRUE
"3721","PVP01_1434100","PY17X_1433300",TRUE,TRUE,TRUE,FALSE,TRUE
"3722","PVP01_1434300","PY17X_1433500",FALSE,FALSE,FALSE,FALSE,TRUE
"3723","PVP01_1434400","PY17X_1433600",TRUE,TRUE,TRUE,FALSE,TRUE
"3724","PVP01_1434600","PY17X_1433800",FALSE,TRUE,FALSE,FALSE,FALSE
"3725","PVP01_1434700","PY17X_1433900",TRUE,TRUE,TRUE,TRUE,FALSE
"3726","PVP01_1434800","PY17X_1434000",TRUE,TRUE,TRUE,FALSE,TRUE
"3727","PVP01_1434900","PY17X_1434100",TRUE,TRUE,TRUE,FALSE,FALSE
"3728","PVP01_1435000","PY17X_1434200",TRUE,TRUE,TRUE,TRUE,FALSE
"3729","PVP01_1435100","PY17X_1434300",TRUE,TRUE,TRUE,FALSE,FALSE
"3730","PVP01_1435200","PY17X_1434400",TRUE,TRUE,TRUE,TRUE,TRUE
"3731","PVP01_1435300","PY17X_1434500",TRUE,FALSE,FALSE,FALSE,FALSE
"3732","PVP01_1435400","PY17X_1434600",FALSE,FALSE,FALSE,FALSE,FALSE
"3733","PVP01_1435500","PY17X_1434700",TRUE,TRUE,TRUE,FALSE,TRUE
"3734","PVP01_1435700","PY17X_1434900",TRUE,TRUE,TRUE,TRUE,TRUE
"3735","PVP01_1435800","PY17X_1435000",FALSE,TRUE,FALSE,FALSE,TRUE
"3736","PVP01_1435900","PY17X_1435100",TRUE,TRUE,TRUE,FALSE,TRUE
"3737","PVP01_1436000","PY17X_1435200",TRUE,TRUE,TRUE,FALSE,TRUE
"3738","PVP01_1436100","PY17X_1435300",TRUE,TRUE,TRUE,FALSE,TRUE
"3739","PVP01_1436200","PY17X_1435400",TRUE,TRUE,TRUE,FALSE,FALSE
"3740","PVP01_1436300","PY17X_1435500",TRUE,TRUE,TRUE,TRUE,TRUE
"3741","PVP01_1436400","PY17X_1435600",TRUE,TRUE,TRUE,FALSE,TRUE
"3742","PVP01_1436500","PY17X_1435700",TRUE,TRUE,TRUE,FALSE,TRUE
"3743","PVP01_1436600","PY17X_1435800",TRUE,TRUE,TRUE,FALSE,TRUE
"3744","PVP01_1436700","PY17X_1435900",TRUE,TRUE,TRUE,FALSE,TRUE
"3745","PVP01_1436800","PY17X_1436000",TRUE,TRUE,TRUE,FALSE,TRUE
"3746","PVP01_1436900","PY17X_1436100",FALSE,FALSE,FALSE,FALSE,TRUE
"3747","PVP01_1437100","PY17X_1436300",TRUE,TRUE,TRUE,TRUE,FALSE
"3748","PVP01_1437200","PY17X_1436400",TRUE,TRUE,TRUE,FALSE,TRUE
"3749","PVP01_1437300","PY17X_1436500",TRUE,TRUE,TRUE,FALSE,TRUE
"3750","PVP01_1437400","PY17X_1436600",TRUE,TRUE,TRUE,TRUE,TRUE
"3751","PVP01_1437500","PY17X_1436700",FALSE,TRUE,FALSE,FALSE,TRUE
"3752","PVP01_1437600","PY17X_1436800",TRUE,TRUE,TRUE,FALSE,TRUE
"3753","PVP01_1437700","PY17X_1436900",TRUE,TRUE,TRUE,TRUE,TRUE
"3754","PVP01_1437900","PY17X_1437100",TRUE,TRUE,TRUE,FALSE,TRUE
"3755","PVP01_1438000","PY17X_1437200",TRUE,TRUE,TRUE,FALSE,FALSE
"3756","PVP01_1438100","PY17X_1437300",FALSE,FALSE,FALSE,FALSE,TRUE
"3757","PVP01_1438200","PY17X_1437400",FALSE,FALSE,FALSE,TRUE,TRUE
"3758","PVP01_1438300","PY17X_1437500",TRUE,TRUE,TRUE,FALSE,TRUE
"3759","PVP01_1438400","PY17X_1437600",FALSE,TRUE,FALSE,FALSE,TRUE
"3760","PVP01_1438500","PY17X_1437700",TRUE,TRUE,TRUE,TRUE,TRUE
"3761","PVP01_1438600","PY17X_1437800",TRUE,FALSE,FALSE,TRUE,TRUE
"3762","PVP01_1438700","PY17X_1437900",TRUE,TRUE,TRUE,TRUE,TRUE
"3763","PVP01_1438800","PY17X_1438000",TRUE,TRUE,TRUE,TRUE,FALSE
"3764","PVP01_1438900","PY17X_1438100",TRUE,TRUE,TRUE,TRUE,TRUE
"3765","PVP01_1439000","PY17X_1438200",TRUE,TRUE,TRUE,TRUE,TRUE
"3766","PVP01_1439100","PY17X_1438300",TRUE,FALSE,FALSE,FALSE,TRUE
"3767","PVP01_1439200","PY17X_1438500",TRUE,TRUE,TRUE,FALSE,TRUE
"3768","PVP01_1439300","PY17X_1438600",TRUE,TRUE,TRUE,FALSE,TRUE
"3769","PVP01_1439400","PY17X_1438700",FALSE,FALSE,FALSE,FALSE,TRUE
"3770","PVP01_1439500","PY17X_1438800",TRUE,TRUE,TRUE,FALSE,TRUE
"3771","PVP01_1439600","PY17X_1438900",TRUE,FALSE,FALSE,TRUE,TRUE
"3772","PVP01_1439700","PY17X_1439000",TRUE,FALSE,FALSE,TRUE,TRUE
"3773","PVP01_1439800","PY17X_1439100",TRUE,TRUE,TRUE,FALSE,TRUE
"3774","PVP01_1439900","PY17X_1439200",TRUE,TRUE,TRUE,FALSE,TRUE
"3775","PVP01_1440000","PY17X_1439300",TRUE,TRUE,TRUE,FALSE,FALSE
"3776","PVP01_1440100","PY17X_1439400",TRUE,TRUE,TRUE,FALSE,TRUE
"3777","PVP01_1440200","PY17X_1439500",TRUE,TRUE,TRUE,FALSE,TRUE
"3778","PVP01_1440400","PY17X_1439600",TRUE,TRUE,TRUE,FALSE,FALSE
"3779","PVP01_1440500","PY17X_1439800",TRUE,TRUE,TRUE,TRUE,TRUE
"3780","PVP01_1440700","PY17X_1439900",TRUE,TRUE,TRUE,FALSE,TRUE
"3781","PVP01_1440900","PY17X_1440100",TRUE,FALSE,FALSE,FALSE,TRUE
"3782","PVP01_1441000","PY17X_1440200",FALSE,FALSE,FALSE,TRUE,TRUE
"3783","PVP01_1441100","PY17X_1440300",TRUE,TRUE,TRUE,TRUE,FALSE
"3784","PVP01_1441200","PY17X_1440400",TRUE,TRUE,TRUE,FALSE,FALSE
"3785","PVP01_1441300","PY17X_1440500",TRUE,TRUE,TRUE,FALSE,TRUE
"3786","PVP01_1441400","PY17X_1440600",TRUE,TRUE,TRUE,FALSE,TRUE
"3787","PVP01_1441500","PY17X_1440700",TRUE,TRUE,TRUE,FALSE,TRUE
"3788","PVP01_1441600","PY17X_1440800",TRUE,TRUE,TRUE,FALSE,TRUE
"3789","PVP01_1441800","PY17X_1441000",TRUE,TRUE,TRUE,TRUE,TRUE
"3790","PVP01_1441900","PY17X_1441100",TRUE,TRUE,TRUE,FALSE,TRUE
"3791","PVP01_1442000","PY17X_1441200",TRUE,TRUE,TRUE,FALSE,TRUE
"3792","PVP01_1442100","PY17X_1441300",TRUE,TRUE,TRUE,FALSE,FALSE
"3793","PVP01_1442200","PY17X_1441400",TRUE,TRUE,TRUE,FALSE,TRUE
"3794","PVP01_1442300","PY17X_1441500",TRUE,TRUE,TRUE,FALSE,TRUE
"3795","PVP01_1442400","PY17X_1441600",TRUE,TRUE,TRUE,TRUE,TRUE
"3796","PVP01_1442500","PY17X_1441700",TRUE,TRUE,TRUE,TRUE,TRUE
"3797","PVP01_1442600","PY17X_1441800",TRUE,TRUE,TRUE,FALSE,TRUE
"3798","PVP01_1442700","PY17X_1441900",TRUE,TRUE,TRUE,FALSE,FALSE
"3799","PVP01_1442800","PY17X_1442000",TRUE,TRUE,TRUE,FALSE,TRUE
"3800","PVP01_1443000","PY17X_1442200",TRUE,TRUE,TRUE,FALSE,TRUE
"3801","PVP01_1443100","PY17X_1442300",TRUE,TRUE,TRUE,FALSE,TRUE
"3802","PVP01_1443300","PY17X_1442500",TRUE,TRUE,TRUE,FALSE,TRUE
"3803","PVP01_1443400","PY17X_1442600",TRUE,TRUE,TRUE,FALSE,TRUE
"3804","PVP01_1443500","PY17X_1442700",TRUE,TRUE,TRUE,FALSE,TRUE
"3805","PVP01_1443600","PY17X_1442800",TRUE,TRUE,TRUE,FALSE,TRUE
"3806","PVP01_1443700","PY17X_1442900",TRUE,TRUE,TRUE,FALSE,TRUE
"3807","PVP01_1443800","PY17X_1443000",TRUE,TRUE,TRUE,FALSE,TRUE
"3808","PVP01_1443900","PY17X_1443100",TRUE,TRUE,TRUE,FALSE,TRUE
"3809","PVP01_1444000","PY17X_1443200",TRUE,TRUE,TRUE,FALSE,TRUE
"3810","PVP01_1444100","PY17X_1443300",TRUE,TRUE,TRUE,TRUE,FALSE
"3811","PVP01_1444200","PY17X_1443400",TRUE,TRUE,TRUE,FALSE,FALSE
"3812","PVP01_1444300","PY17X_1443500",TRUE,TRUE,TRUE,FALSE,FALSE
"3813","PVP01_1444500","PY17X_1443600",TRUE,TRUE,TRUE,FALSE,TRUE
"3814","PVP01_1444600","PY17X_1443700",TRUE,TRUE,TRUE,FALSE,TRUE
"3815","PVP01_1444700","PY17X_1443800",TRUE,TRUE,TRUE,TRUE,TRUE
"3816","PVP01_1444800","PY17X_1443900",TRUE,TRUE,TRUE,FALSE,FALSE
"3817","PVP01_1444900","PY17X_1444000",TRUE,TRUE,TRUE,FALSE,TRUE
"3818","PVP01_1445000","PY17X_1444100",TRUE,TRUE,TRUE,FALSE,TRUE
"3819","PVP01_1445100","PY17X_1444200",TRUE,TRUE,TRUE,FALSE,TRUE
"3820","PVP01_1445200","PY17X_1444300",TRUE,FALSE,FALSE,FALSE,FALSE
"3821","PVP01_1445400","PY17X_1444500",TRUE,TRUE,TRUE,FALSE,TRUE
"3822","PVP01_1445900","PY17X_1444900",TRUE,TRUE,TRUE,FALSE,TRUE
"3823","PVP01_1446000","PY17X_1445000",TRUE,TRUE,TRUE,FALSE,TRUE
"3824","PVP01_1446100","PY17X_1445100",TRUE,TRUE,TRUE,FALSE,TRUE
"3825","PVP01_1446200","PY17X_1445200",TRUE,TRUE,TRUE,FALSE,FALSE
"3826","PVP01_1446300","PY17X_1445300",TRUE,TRUE,TRUE,FALSE,TRUE
"3827","PVP01_1446400","PY17X_1445400",TRUE,TRUE,TRUE,FALSE,TRUE
"3828","PVP01_1446500","PY17X_1445500",TRUE,TRUE,TRUE,FALSE,TRUE
"3829","PVP01_1446600","PY17X_1445600",TRUE,TRUE,TRUE,TRUE,TRUE
"3830","PVP01_1446700","PY17X_1445700",TRUE,TRUE,TRUE,FALSE,FALSE
"3831","PVP01_1446900","PY17X_1445900",TRUE,TRUE,TRUE,FALSE,TRUE
"3832","PVP01_1447100","PY17X_1446200",TRUE,TRUE,TRUE,FALSE,TRUE
"3833","PVP01_1447200","PY17X_1446100",TRUE,TRUE,TRUE,TRUE,TRUE
"3834","PVP01_1447300","PY17X_1446300",TRUE,TRUE,TRUE,FALSE,TRUE
"3835","PVP01_1447500","PY17X_1446500",TRUE,TRUE,TRUE,FALSE,TRUE
"3836","PVP01_1447600","PY17X_1446600",TRUE,TRUE,TRUE,FALSE,TRUE
"3837","PVP01_1447800","PY17X_1446800",TRUE,TRUE,TRUE,FALSE,TRUE
"3838","PVP01_1448000","PY17X_1447000",TRUE,TRUE,TRUE,FALSE,TRUE
"3839","PVP01_1448100","PY17X_1447100",TRUE,TRUE,TRUE,FALSE,TRUE
"3840","PVP01_1448200","PY17X_1447200",TRUE,TRUE,TRUE,FALSE,TRUE
"3841","PVP01_1448300","PY17X_1447300",TRUE,FALSE,FALSE,FALSE,TRUE
"3842","PVP01_1448400","PY17X_1447400",TRUE,TRUE,TRUE,FALSE,TRUE
"3843","PVP01_1448500","PY17X_1447500",FALSE,FALSE,FALSE,FALSE,TRUE
"3844","PVP01_1448600","PY17X_1447600",TRUE,TRUE,TRUE,FALSE,TRUE
"3845","PVP01_1448700","PY17X_1447700",TRUE,TRUE,TRUE,FALSE,FALSE
"3846","PVP01_1448800","PY17X_1447800",TRUE,TRUE,TRUE,FALSE,TRUE
"3847","PVP01_1448900","PY17X_1447900",TRUE,TRUE,TRUE,FALSE,TRUE
"3848","PVP01_1449000","PY17X_1448000",TRUE,TRUE,TRUE,FALSE,TRUE
"3849","PVP01_1449100","PY17X_1448100",TRUE,TRUE,TRUE,FALSE,TRUE
"3850","PVP01_1449300","PY17X_1448300",TRUE,TRUE,TRUE,TRUE,TRUE
"3851","PVP01_1449400","PY17X_1448400",TRUE,TRUE,TRUE,FALSE,TRUE
"3852","PVP01_1449500","PY17X_1448500",TRUE,FALSE,FALSE,FALSE,TRUE
"3853","PVP01_1449600","PY17X_1448600",TRUE,TRUE,TRUE,FALSE,TRUE
"3854","PVP01_1449700","PY17X_1448700",TRUE,TRUE,TRUE,FALSE,FALSE
"3855","PVP01_1449800","PY17X_1448800",TRUE,TRUE,TRUE,FALSE,TRUE
"3856","PVP01_1449900","PY17X_1448900",TRUE,FALSE,FALSE,FALSE,TRUE
"3857","PVP01_1450100","PY17X_1449100",TRUE,TRUE,TRUE,FALSE,TRUE
"3858","PVP01_1450200","PY17X_1449200",TRUE,TRUE,TRUE,TRUE,TRUE
"3859","PVP01_1450300","PY17X_1449300",TRUE,TRUE,TRUE,FALSE,TRUE
"3860","PVP01_1450400","PY17X_1449400",TRUE,TRUE,TRUE,FALSE,TRUE
"3861","PVP01_1450500","PY17X_1449500",TRUE,TRUE,TRUE,FALSE,TRUE
"3862","PVP01_1450600","PY17X_1449600",TRUE,TRUE,TRUE,FALSE,TRUE
"3863","PVP01_1450700","PY17X_1449700",TRUE,TRUE,TRUE,FALSE,TRUE
"3864","PVP01_1450800","PY17X_1449800",TRUE,TRUE,TRUE,FALSE,TRUE
"3865","PVP01_1450900","PY17X_1449900",TRUE,TRUE,TRUE,FALSE,TRUE
"3866","PVP01_1451000","PY17X_1450000",TRUE,TRUE,TRUE,FALSE,TRUE
"3867","PVP01_1451100","PY17X_1450100",TRUE,TRUE,TRUE,TRUE,FALSE
"3868","PVP01_1451200","PY17X_1450200",TRUE,TRUE,TRUE,TRUE,FALSE
"3869","PVP01_1451300","PY17X_1450300",TRUE,FALSE,FALSE,FALSE,TRUE
"3870","PVP01_1451500","PY17X_1450500",TRUE,TRUE,TRUE,TRUE,TRUE
"3871","PVP01_1451600","PY17X_1450600",TRUE,TRUE,TRUE,FALSE,FALSE
"3872","PVP01_1451700","PY17X_1450700",TRUE,TRUE,TRUE,FALSE,TRUE
"3873","PVP01_1451800","PY17X_1450800",TRUE,TRUE,TRUE,FALSE,FALSE
"3874","PVP01_1451900","PY17X_1450900",TRUE,TRUE,TRUE,FALSE,FALSE
"3875","PVP01_1452000","PY17X_1451000",TRUE,TRUE,TRUE,FALSE,TRUE
"3876","PVP01_1452100","PY17X_1451100",TRUE,TRUE,TRUE,FALSE,TRUE
"3877","PVP01_1452300","PY17X_1451300",TRUE,TRUE,TRUE,FALSE,TRUE
"3878","PVP01_1452400","PY17X_1451400",TRUE,TRUE,TRUE,FALSE,TRUE
"3879","PVP01_1452500","PY17X_1451500",TRUE,TRUE,TRUE,TRUE,TRUE
"3880","PVP01_1452600","PY17X_1451600",TRUE,TRUE,TRUE,FALSE,FALSE
"3881","PVP01_1452700","PY17X_1451700",TRUE,TRUE,TRUE,FALSE,TRUE
"3882","PVP01_1452800","PY17X_1451800",TRUE,TRUE,TRUE,FALSE,TRUE
"3883","PVP01_1452900","PY17X_1451900",TRUE,TRUE,TRUE,FALSE,TRUE
"3884","PVP01_1453000","PY17X_1452000",TRUE,TRUE,TRUE,FALSE,FALSE
"3885","PVP01_1453100","PY17X_1452100",FALSE,TRUE,FALSE,FALSE,FALSE
"3886","PVP01_1453200","PY17X_1452200",TRUE,TRUE,TRUE,FALSE,TRUE
"3887","PVP01_1453300","PY17X_1452300",TRUE,TRUE,TRUE,FALSE,TRUE
"3888","PVP01_1453400","PY17X_1452400",TRUE,TRUE,TRUE,FALSE,TRUE
"3889","PVP01_1453500","PY17X_1452500",TRUE,TRUE,TRUE,TRUE,TRUE
"3890","PVP01_1453600","PY17X_1452600",TRUE,TRUE,TRUE,FALSE,TRUE
"3891","PVP01_1453700","PY17X_1452700",TRUE,TRUE,TRUE,FALSE,FALSE
"3892","PVP01_1453800","PY17X_1452800",TRUE,TRUE,TRUE,FALSE,TRUE
"3893","PVP01_1453900","PY17X_1452900",TRUE,FALSE,FALSE,FALSE,TRUE
"3894","PVP01_1454000","PY17X_1453000",TRUE,TRUE,TRUE,FALSE,FALSE
"3895","PVP01_1454100","PY17X_1453100",TRUE,TRUE,TRUE,TRUE,TRUE
"3896","PVP01_1454200","PY17X_1453200",TRUE,TRUE,TRUE,FALSE,TRUE
"3897","PVP01_1454300","PY17X_1453300",TRUE,TRUE,TRUE,TRUE,TRUE
"3898","PVP01_1454400","PY17X_1453400",TRUE,TRUE,TRUE,FALSE,TRUE
"3899","PVP01_1454500","PY17X_1453500",TRUE,TRUE,TRUE,FALSE,TRUE
"3900","PVP01_1454600","PY17X_1453600",FALSE,FALSE,FALSE,FALSE,FALSE
"3901","PVP01_1454700","PY17X_1453700",FALSE,TRUE,FALSE,FALSE,FALSE
"3902","PVP01_1454750","PY17X_1453750",FALSE,TRUE,FALSE,FALSE,TRUE
"3903","PVP01_1454800","PY17X_1453800",TRUE,TRUE,TRUE,FALSE,FALSE
"3904","PVP01_1454900","PY17X_1453900",TRUE,TRUE,TRUE,FALSE,FALSE
"3905","PVP01_1455000","PY17X_1454000",TRUE,TRUE,TRUE,FALSE,TRUE
"3906","PVP01_1455100","PY17X_1454100",TRUE,TRUE,TRUE,FALSE,TRUE
"3907","PVP01_1455300","PY17X_1454300",TRUE,TRUE,TRUE,FALSE,TRUE
"3908","PVP01_1455400","PY17X_1454400",TRUE,TRUE,TRUE,FALSE,FALSE
"3909","PVP01_1455500","PY17X_1454500",TRUE,TRUE,TRUE,FALSE,FALSE
"3910","PVP01_1455700","PY17X_1454700",TRUE,TRUE,TRUE,FALSE,TRUE
"3911","PVP01_1455800","PY17X_1454800",TRUE,TRUE,TRUE,FALSE,TRUE
"3912","PVP01_1455900","PY17X_1454900",TRUE,TRUE,TRUE,FALSE,FALSE
"3913","PVP01_1456200","PY17X_1455100",TRUE,TRUE,TRUE,FALSE,TRUE
"3914","PVP01_1456300","PY17X_1455200",FALSE,FALSE,FALSE,FALSE,FALSE
"3915","PVP01_1456400","PY17X_1455300",TRUE,TRUE,TRUE,FALSE,TRUE
"3916","PVP01_1456500","PY17X_1455400",TRUE,TRUE,TRUE,TRUE,FALSE
"3917","PVP01_1456600","PY17X_1455500",TRUE,TRUE,TRUE,FALSE,TRUE
"3918","PVP01_1456700","PY17X_1455600",TRUE,TRUE,TRUE,FALSE,FALSE
"3919","PVP01_1456900","PY17X_1455800",TRUE,TRUE,TRUE,FALSE,FALSE
"3920","PVP01_1457000","PY17X_1455900",TRUE,TRUE,TRUE,FALSE,TRUE
"3921","PVP01_1457100","PY17X_1456000",TRUE,TRUE,TRUE,FALSE,TRUE
"3922","PVP01_1457200","PY17X_1456100",TRUE,TRUE,TRUE,FALSE,TRUE
"3923","PVP01_1457400","PY17X_1456300",TRUE,TRUE,TRUE,FALSE,TRUE
"3924","PVP01_1457500","PY17X_1456400",FALSE,FALSE,FALSE,FALSE,FALSE
"3925","PVP01_1457600","PY17X_1456500",TRUE,TRUE,TRUE,TRUE,FALSE
"3926","PVP01_1457800","PY17X_1456600",TRUE,TRUE,TRUE,FALSE,TRUE
"3927","PVP01_1457900","PY17X_1456700",TRUE,TRUE,TRUE,TRUE,TRUE
"3928","PVP01_1458000","PY17X_1456800",TRUE,TRUE,TRUE,TRUE,TRUE
"3929","PVP01_1458100","PY17X_1456900",TRUE,TRUE,TRUE,FALSE,TRUE
"3930","PVP01_1458200","PY17X_1457000",TRUE,TRUE,TRUE,FALSE,FALSE
"3931","PVP01_1458400","PY17X_1457200",TRUE,TRUE,TRUE,TRUE,TRUE
"3932","PVP01_1458700","PY17X_1457500",TRUE,TRUE,TRUE,FALSE,TRUE
"3933","PVP01_1458800","PY17X_1457600",TRUE,TRUE,TRUE,FALSE,TRUE
"3934","PVP01_1458900","PY17X_1457700",TRUE,TRUE,TRUE,FALSE,FALSE
"3935","PVP01_1459000","PY17X_1457800",TRUE,TRUE,TRUE,FALSE,FALSE
"3936","PVP01_1459100","PY17X_1457900",TRUE,TRUE,TRUE,TRUE,FALSE
"3937","PVP01_1459200","PY17X_1458000",TRUE,TRUE,TRUE,FALSE,FALSE
"3938","PVP01_1459300","PY17X_1458100",TRUE,TRUE,TRUE,FALSE,TRUE
"3939","PVP01_1459400","PY17X_1458200",TRUE,TRUE,TRUE,FALSE,FALSE
"3940","PVP01_1459500","PY17X_1458300",TRUE,FALSE,FALSE,FALSE,TRUE
"3941","PVP01_1459600","PY17X_1458400",TRUE,TRUE,TRUE,FALSE,TRUE
"3942","PVP01_1459700","PY17X_1458500",TRUE,TRUE,TRUE,FALSE,TRUE
"3943","PVP01_1459800","PY17X_1458600",TRUE,TRUE,TRUE,FALSE,TRUE
"3944","PVP01_1459900","PY17X_1458700",TRUE,TRUE,TRUE,FALSE,TRUE
"3945","PVP01_1460000","PY17X_1458800",TRUE,TRUE,TRUE,FALSE,TRUE
"3946","PVP01_1460100","PY17X_1458900",TRUE,TRUE,TRUE,FALSE,TRUE
"3947","PVP01_1460200","PY17X_1459000",TRUE,TRUE,TRUE,FALSE,TRUE
"3948","PVP01_1460300","PY17X_1459100",TRUE,TRUE,TRUE,FALSE,FALSE
"3949","PVP01_1460400","PY17X_1459200",FALSE,FALSE,FALSE,FALSE,FALSE
"3950","PVP01_1460600","PY17X_1459300",TRUE,TRUE,TRUE,FALSE,TRUE
"3951","PVP01_1460700","PY17X_1459400",TRUE,TRUE,TRUE,FALSE,TRUE
"3952","PVP01_1460800","PY17X_1459500",TRUE,TRUE,TRUE,FALSE,TRUE
"3953","PVP01_1460900","PY17X_1459600",TRUE,TRUE,TRUE,FALSE,TRUE
"3954","PVP01_1461000","PY17X_1459700",TRUE,TRUE,TRUE,FALSE,FALSE
"3955","PVP01_1461100","PY17X_1459800",TRUE,TRUE,TRUE,FALSE,TRUE
"3956","PVP01_1461200","PY17X_1459900",TRUE,TRUE,TRUE,FALSE,TRUE
"3957","PVP01_1461300","PY17X_1460000",TRUE,TRUE,TRUE,TRUE,FALSE
"3958","PVP01_1461600","PY17X_1460300",FALSE,FALSE,FALSE,FALSE,TRUE
"3959","PVP01_1461700","PY17X_1460400",TRUE,TRUE,TRUE,FALSE,TRUE
"3960","PVP01_1461800","PY17X_1460500",TRUE,TRUE,TRUE,TRUE,TRUE
"3961","PVP01_1461900","PY17X_1460600",TRUE,TRUE,TRUE,FALSE,FALSE
"3962","PVP01_1462000","PY17X_1460700",TRUE,TRUE,TRUE,TRUE,TRUE
"3963","PVP01_1462100","PY17X_1460800",TRUE,TRUE,TRUE,FALSE,FALSE
"3964","PVP01_1462200","PY17X_1460900",TRUE,TRUE,TRUE,FALSE,TRUE
"3965","PVP01_1462300","PY17X_1461000",TRUE,TRUE,TRUE,TRUE,TRUE
"3966","PVP01_1462400","PY17X_1461100",TRUE,FALSE,FALSE,FALSE,TRUE
"3967","PVP01_1462500","PY17X_1461200",TRUE,TRUE,TRUE,FALSE,FALSE
"3968","PVP01_1462600","PY17X_1461300",TRUE,TRUE,TRUE,FALSE,FALSE
"3969","PVP01_1462700","PY17X_1461400",TRUE,FALSE,FALSE,FALSE,FALSE
"3970","PVP01_1462800","PY17X_1461500",TRUE,TRUE,TRUE,FALSE,FALSE
"3971","PVP01_1462900","PY17X_1461600",TRUE,TRUE,TRUE,FALSE,FALSE
"3972","PVP01_1463000","PY17X_1461700",TRUE,FALSE,FALSE,FALSE,FALSE
"3973","PVP01_1463100","PY17X_1461800",TRUE,TRUE,TRUE,FALSE,TRUE
"3974","PVP01_1463200","PY17X_1461900",TRUE,TRUE,TRUE,FALSE,FALSE
"3975","PVP01_1463400","PY17X_1462000",TRUE,TRUE,TRUE,FALSE,FALSE
"3976","PVP01_1463500","PY17X_1462100",TRUE,TRUE,TRUE,FALSE,FALSE
"3977","PVP01_1463600","PY17X_1462200",TRUE,TRUE,TRUE,FALSE,TRUE
"3978","PVP01_1463700","PY17X_1462300",TRUE,TRUE,TRUE,FALSE,FALSE
"3979","PVP01_1463800","PY17X_1462400",TRUE,TRUE,TRUE,FALSE,FALSE
"3980","PVP01_1463900","PY17X_1462500",TRUE,TRUE,TRUE,FALSE,FALSE
"3981","PVP01_1464000","PY17X_1462600",TRUE,FALSE,FALSE,FALSE,FALSE
"3982","PVP01_1464200","PY17X_1462700",TRUE,TRUE,TRUE,FALSE,FALSE
"3983","PVP01_1464300","PY17X_1462800",TRUE,TRUE,TRUE,FALSE,FALSE
"3984","PVP01_1464400","PY17X_1462900",TRUE,TRUE,TRUE,FALSE,FALSE
"3985","PVP01_1464500","PY17X_1463000",TRUE,TRUE,TRUE,FALSE,TRUE
"3986","PVP01_1464600","PY17X_1463100",TRUE,TRUE,TRUE,FALSE,TRUE
"3987","PVP01_1464700","PY17X_1463200",TRUE,TRUE,TRUE,FALSE,TRUE
"3988","PVP01_1464900","PY17X_1463300",FALSE,TRUE,FALSE,TRUE,TRUE
"3989","PVP01_1465000","PY17X_1463400",FALSE,TRUE,FALSE,FALSE,FALSE
"3990","PVP01_1465100","PY17X_1463500",TRUE,TRUE,TRUE,FALSE,FALSE
"3991","PVP01_1465200","PY17X_1463600",TRUE,TRUE,TRUE,FALSE,FALSE
"3992","PVP01_1465300","PY17X_1463700",TRUE,TRUE,TRUE,FALSE,TRUE
"3993","PVP01_1465400","PY17X_1463800",TRUE,TRUE,TRUE,FALSE,FALSE
"3994","PVP01_1465500","PY17X_1463900",TRUE,TRUE,TRUE,FALSE,TRUE
"3995","PVP01_1465600","PY17X_1464000",TRUE,TRUE,TRUE,TRUE,FALSE
"3996","PVP01_1465700","PY17X_1464100",TRUE,TRUE,TRUE,FALSE,TRUE
"3997","PVP01_1465900","PY17X_1464300",TRUE,TRUE,TRUE,FALSE,TRUE
"3998","PVP01_1466000","PY17X_1464400",TRUE,TRUE,TRUE,FALSE,TRUE
"3999","PVP01_1466100","PY17X_1464500",TRUE,TRUE,TRUE,FALSE,TRUE
"4000","PVP01_1466200","PY17X_1464600",TRUE,TRUE,TRUE,FALSE,FALSE
"4001","PVP01_1466300","PY17X_1464700",FALSE,FALSE,FALSE,FALSE,FALSE
"4002","PVP01_1466400","PY17X_1464800",TRUE,TRUE,TRUE,FALSE,TRUE
"4003","PVP01_1466500","PY17X_1464900",TRUE,TRUE,TRUE,FALSE,FALSE
"4004","PVP01_1466600","PY17X_1465000",TRUE,TRUE,TRUE,FALSE,FALSE
"4005","PVP01_1466700","PY17X_1465100",TRUE,TRUE,TRUE,FALSE,TRUE
"4006","PVP01_1466800","PY17X_1465200",TRUE,TRUE,TRUE,FALSE,TRUE
"4007","PVP01_1466900","PY17X_1465300",TRUE,TRUE,TRUE,FALSE,TRUE
"4008","PVP01_1467000","PY17X_1465400",TRUE,TRUE,TRUE,FALSE,TRUE
"4009","PVP01_1467100","PY17X_1465500",TRUE,TRUE,TRUE,FALSE,FALSE
"4010","PVP01_1467200","PY17X_1465600",TRUE,TRUE,TRUE,TRUE,FALSE
"4011","PVP01_1467300","PY17X_1465700",TRUE,TRUE,TRUE,FALSE,TRUE
"4012","PVP01_1467400","PY17X_1465800",TRUE,TRUE,TRUE,FALSE,TRUE
"4013","PVP01_1467500","PY17X_1465900",TRUE,TRUE,TRUE,FALSE,TRUE
"4014","PVP01_1467600","PY17X_1466000",TRUE,TRUE,TRUE,FALSE,TRUE
"4015","PVP01_1467700","PY17X_1466100",TRUE,TRUE,TRUE,FALSE,TRUE
"4016","PVP01_1467800","PY17X_1466200",TRUE,TRUE,TRUE,FALSE,TRUE
"4017","PVP01_1467900","PY17X_1466300",TRUE,TRUE,TRUE,FALSE,TRUE
"4018","PVP01_1468000","PY17X_1466400",TRUE,TRUE,TRUE,TRUE,TRUE
"4019","PVP01_1468100","PY17X_1466500",TRUE,FALSE,FALSE,FALSE,TRUE
"4020","PVP01_1468200","PY17X_1466600",TRUE,TRUE,TRUE,FALSE,TRUE
"4021","PVP01_1468300","PY17X_1466700",FALSE,FALSE,FALSE,FALSE,TRUE
"4022","PVP01_1468400","PY17X_1466800",TRUE,TRUE,TRUE,FALSE,FALSE
"4023","PVP01_1468600","PY17X_1467000",TRUE,TRUE,TRUE,FALSE,TRUE
"4024","PVP01_1468800","PY17X_1467200",TRUE,TRUE,TRUE,FALSE,TRUE
"4025","PVP01_1469200","PY17X_1467600",TRUE,FALSE,FALSE,TRUE,TRUE
"4026","PVP01_API00200","PY17X_API03700",FALSE,FALSE,FALSE,TRUE,TRUE
"4027","PVP01_API01200","PY17X_API03000",FALSE,FALSE,FALSE,TRUE,TRUE
"4028","PVP01_API01300","PY17X_API02900",FALSE,FALSE,FALSE,TRUE,TRUE
"4029","PVP01_API01400","PY17X_API02800",FALSE,TRUE,FALSE,TRUE,TRUE
"4030","PVP01_API01500","PY17X_API02700",FALSE,FALSE,FALSE,TRUE,TRUE
"4031","PVP01_API01600","PY17X_API02600",FALSE,FALSE,FALSE,TRUE,TRUE
"4032","PVP01_API01700","PY17X_API02500",FALSE,TRUE,FALSE,TRUE,TRUE
"4033","PVP01_API01800","PY17X_API02400",FALSE,FALSE,FALSE,FALSE,TRUE
"4034","PVP01_API01900","PY17X_API02300",FALSE,FALSE,FALSE,FALSE,TRUE
"4035","PVP01_API02000","PY17X_API02200",FALSE,FALSE,FALSE,FALSE,TRUE
"4036","PVP01_API02100","PY17X_API02100",FALSE,FALSE,FALSE,FALSE,FALSE
"4037","PVP01_API02200","PY17X_API02000",FALSE,TRUE,FALSE,TRUE,FALSE
"4038","PVP01_API02300","PY17X_API01900",FALSE,FALSE,FALSE,TRUE,FALSE
"4039","PVP01_API02400","PY17X_API01800",FALSE,FALSE,FALSE,TRUE,FALSE
"4040","PVP01_API02500","PY17X_API01700",FALSE,FALSE,FALSE,TRUE,FALSE
"4041","PVP01_API02600","PY17X_API01600",FALSE,FALSE,FALSE,TRUE,FALSE
"4042","PVP01_API02700","PY17X_API01500",FALSE,FALSE,FALSE,FALSE,FALSE
"4043","PVP01_API02800","PY17X_API01400",FALSE,TRUE,FALSE,FALSE,TRUE
"4044","PVP01_API03400","PY17X_API01100",FALSE,FALSE,FALSE,FALSE,TRUE
"4045","PVP01_API03500","PY17X_API01000",FALSE,FALSE,FALSE,TRUE,TRUE
"4046","PVP01_API03700","PY17X_API00900",FALSE,FALSE,FALSE,TRUE,FALSE
"4047","PVP01_API04000","PY17X_API00700",FALSE,FALSE,FALSE,TRUE,TRUE
"4048","PVP01_API04100","PY17X_API00600",FALSE,FALSE,FALSE,TRUE,TRUE
"4049","PVP01_API04200","PY17X_API00500",FALSE,TRUE,FALSE,TRUE,TRUE
"4050","PVP01_API04300","PY17X_API00400",FALSE,TRUE,FALSE,TRUE,TRUE
"4051","PVP01_API04400","PY17X_API00300",FALSE,FALSE,FALSE,FALSE,TRUE
"4052","PVP01_API04600","PY17X_API00100",FALSE,TRUE,FALSE,TRUE,TRUE
"4053","PVP01_MIT02700","PY17X_MIT00100",TRUE,TRUE,TRUE,FALSE,FALSE
"4054","PVP01_MIT03300","PY17X_MIT00800",TRUE,TRUE,TRUE,TRUE,FALSE
"4055","PVP01_MIT03400","PY17X_MIT00900",TRUE,TRUE,TRUE,FALSE,FALSE
