"logFC"	"logCPM"	"PValue"	"FDR"	"Gene"
-6.23829089062313	5.83376877243657	0.00210981530740198	0.0160921534707262	"PVP01_0000100"
-0.372851893583977	5.59595982256557	0.833141389986214	0.973126027228606	"PVP01_0001430"
-1.18336366381804	5.86078408827682	0.486140828741531	0.853698202953712	"PVP01_0004220"
-3.00684528599339	7.58196789773483	0.0378994444148626	0.201042347884901	"PVP01_0004230"
-8.3661693082151	4.15635635304848	0.000759302914368635	0.0067525173614708	"PVP01_0004400"
8.42498006513229	7.06583309615427	1.95549664178344e-05	0.00151255391408645	"PVP01_0010550"
-2.00158560481587	4.50073937524563	0.15843156357195	0.54718938778848	"PVP01_0103100"
0.537337376615495	7.33668441882241	0.671943647483049	0.935881311360394	"PVP01_0103200"
-0.37111301766706	6.17901646128801	0.807350318487099	0.9721770429063	"PVP01_0103300"
-0.45836200027122	7.02669206556635	0.737208242415928	0.952991537001693	"PVP01_0103400"
-5.42482217246629	5.1453047483579	0.00407263782708982	0.028759221683441	"PVP01_0103500"
-0.166365004847806	4.89684376074237	0.918926044696346	0.986140811278897	"PVP01_0103600"
0.167662668240526	10.5991357403769	0.850579566593763	0.973855473858892	"PVP01_0103700"
0.0319297641892965	6.60039164244684	0.991966443348368	1	"PVP01_0103800"
0.599387526444319	6.63174499060117	0.731926756398469	0.951307129939058	"PVP01_0104000"
0.0512428214835095	8.99989459961026	0.963450812926867	0.995785395834294	"PVP01_0104100"
0.766970232492744	7.82669095274714	0.489874535598512	0.854190752386145	"PVP01_0104200"
-2.2620574795266	8.83682021363136	0.0447938754394801	0.227239946909699	"PVP01_0104300"
-2.58921884304053	5.09663847562028	0.0908000011097389	0.385697067293731	"PVP01_0104400"
-3.65245557591249	7.65842722026889	0.0101344687163	0.0668794502984398	"PVP01_0104500"
-1.13373004078548	6.63333736689394	0.451402524564534	0.837981868569367	"PVP01_0104600"
-10.0719038905095	5.71979199345882	0.000745379624139251	0.0066822981937659	"PVP01_0104700"
-0.816108071780107	9.01958304819108	0.403461128148894	0.81013900069329	"PVP01_0104800"
-1.12227446087771	5.88915031932573	0.457878228140978	0.840920166101141	"PVP01_0104900"
-3.00953478348833	5.81592914895277	0.07034257135948	0.324043479697549	"PVP01_0105000"
-9.72889087485716	5.39646474698597	0.000489850637297156	0.00607908021604263	"PVP01_0105200"
2.11123322614495	6.9508807871713	0.170123308220425	0.566754174528578	"PVP01_0105300"
-3.22284576593888	5.26994175869276	0.0577656495365119	0.279663100958426	"PVP01_0105400"
-0.81064400535666	4.39364772837876	0.602642223301535	0.911085470318593	"PVP01_0105500"
-0.914382825197144	7.07953716840296	0.541891967642477	0.883457532388211	"PVP01_0105600"
-0.204139313644542	9.7744517787485	0.831256801463188	0.973126027228606	"PVP01_0105700"
-8.76666041875166	4.51102529753919	0.000500740094029998	0.00607908021604263	"PVP01_0105800"
-2.41045319190047	6.13726727034514	0.123526403960266	0.470001285083291	"PVP01_0105900"
-2.14883167623629	7.80925039272804	0.108411784817727	0.432347237774291	"PVP01_0106100"
0.021262557115291	8.79777088268622	0.985144367342985	1	"PVP01_0106200"
-0.826873141169279	7.02407929241895	0.562349808501516	0.893207002424089	"PVP01_0106300"
-10.5845157386128	6.2136314217897	0.000239750495732835	0.00607908021604263	"PVP01_0106500"
-1.78670978284549	7.60095390171483	0.188771272596782	0.59738653915975	"PVP01_0106600"
0.909582292321534	9.10957294669674	0.350873402250145	0.784804933344977	"PVP01_0106700"
1.36996786659008	5.50295597464207	0.370510629951613	0.797407416511259	"PVP01_0106800"
-0.613250546250471	5.89359839556028	0.710463610360238	0.947094977177616	"PVP01_0107400"
-5.27532666719196	9.35622909467319	0.000561245336856241	0.00607908021604263	"PVP01_0107500"
-8.41209303698297	4.19717946024029	0.0007373185245618	0.0066639168823167	"PVP01_0107600"
-0.526139315335035	6.77693003017417	0.714925170278375	0.948334927187312	"PVP01_0107700"
1.35079696526651	6.17364191065922	0.343993277188132	0.777471469323607	"PVP01_0107800"
-2.7432654502483	6.39804715717759	0.0995375195667152	0.409661159265443	"PVP01_0107900"
0.503617131961242	6.74541549441543	0.767756081267474	0.962879610217051	"PVP01_0108000"
0.188573814967612	5.48161125739295	0.917574504149715	0.986140811278897	"PVP01_0108100"
-2.47707957578059	5.82845738545776	0.135228089551138	0.493167352902506	"PVP01_0108200"
1.28743839145298	6.99651063917281	0.30946447163288	0.746114974203663	"PVP01_0108400"
1.03674642637813	5.79043869173925	0.488312088337067	0.85415633902254	"PVP01_0108600"
-1.61859266033548	11.2809041885183	0.0751526353611763	0.339616392950098	"PVP01_0108700"
-8.42942302925749	4.21180088328623	0.000786621068188205	0.00690317064061733	"PVP01_0108800"
-0.00763377443626108	6.74991986450226	0.999999999999999	1	"PVP01_0109000"
0.343340515536102	9.07527707102831	0.734557370693163	0.951558396459645	"PVP01_0109100"
-8.22489595769629	7.59453871577042	5.21902033130214e-06	0.000542451925684716	"PVP01_0109300"
1.14929754177219	7.83961673184466	0.338666146807043	0.772567629821829	"PVP01_0109400"
0.25335106712459	6.50797864720758	0.85918377299556	0.976255779571841	"PVP01_0109600"
0.390902991959125	5.43602909096676	0.82736024380243	0.972498135422959	"PVP01_0109900"
-0.823069904306748	7.64898839382793	0.517057576800303	0.874743982310285	"PVP01_0110000"
-1.57717107344407	6.43374710179074	0.318716289409744	0.75502163716297	"PVP01_0110100"
-0.557198123676344	6.59540283631191	0.721200055149576	0.949232838712896	"PVP01_0110300"
-0.620761414994125	6.43910922331693	0.652552381731464	0.928080097668	"PVP01_0110400"
-8.52850526138231	4.29851932169553	0.000653002535818749	0.00620538981180903	"PVP01_0110500"
-3.18915574987466	5.27851482188716	0.0495640358044187	0.246044750873876	"PVP01_0110600"
-8.37437118792844	4.16274464326064	0.000777980419429126	0.00684540443127321	"PVP01_0110800"
-10.1262360683756	5.77237263360628	0.000352905363696013	0.00607908021604263	"PVP01_0111000"
0.599311917730718	5.80017648432934	0.702000366111591	0.944284020426997	"PVP01_0111400"
0.846470801934555	7.1036427167406	0.505046568062014	0.867186780183538	"PVP01_0111900"
-1.55276205805968	5.26205518974935	0.328425228814271	0.765481647537677	"PVP01_0112000"
-0.608443727207705	6.76459917630604	0.671731353197529	0.935881311360394	"PVP01_0112100"
-3.05495667793295	7.22702692789666	0.0611937138944767	0.293271314716181	"PVP01_0112200"
0.664375829029231	5.55430836272434	0.665035769365864	0.933294923591082	"PVP01_0112300"
0.204866837472403	5.03330734099633	0.926540507286642	0.986825658511516	"PVP01_0112400"
-1.31081625930554	5.4013668736648	0.411466692611215	0.81531753085952	"PVP01_0112500"
-2.82233670253345	6.4652277748575	0.0903373524425801	0.384222550158595	"PVP01_0112600"
0.0319285924087844	5.10597026588446	1	1	"PVP01_0112700"
-8.79178484871829	4.53452939777267	0.000536055802101634	0.00607908021604263	"PVP01_0112800"
0.143210751277642	6.29757807840555	0.929913259711619	0.987536253931069	"PVP01_0112900"
-1.28426474830378	4.41527509389296	0.402170256660567	0.81013900069329	"PVP01_0113100"
-0.214223744140003	5.35018185645979	0.887242413408819	0.97808542035144	"PVP01_0113500"
-1.98742059342198	7.99157737217521	0.089132508650661	0.379583513152495	"PVP01_0113600"
0.55651257519393	6.49025100912433	0.703968012187795	0.944284020426997	"PVP01_0113700"
0.651949701565117	6.27506767317244	0.634653755868944	0.923067051936097	"PVP01_0113800"
-4.99195976994908	4.68133509437918	0.00416595223946549	0.0293558414162335	"PVP01_0113900"
-0.663540638901239	7.38603806240992	0.586491150637822	0.907288170707626	"PVP01_0114000"
-0.777013681335539	6.96944626669675	0.610852421023675	0.911806087047099	"PVP01_0114200"
-9.07603616962306	4.79071757099938	0.000413239478381649	0.00607908021604263	"PVP01_0114600"
-5.12119802991905	7.44822330818374	0.000840953401219329	0.00711707636757122	"PVP01_0114800"
-6.88888261371753	7.15529691482451	8.08165998568891e-05	0.00516915406007718	"PVP01_0114900"
1.68440907405	7.86746998727429	0.226948009850279	0.654248854542442	"PVP01_0115000"
-8.29461886839976	4.09339782424631	0.00085356667409232	0.00718724748868622	"PVP01_0115500"
-1.16978842532435	7.88981068590815	0.365267078198368	0.793213823452884	"PVP01_0115600"
0.705844856589182	5.8135765552546	0.688673150753347	0.941257557765313	"PVP01_0115700"
1.28345950215166	7.19503383521899	0.300052051775504	0.736211504462051	"PVP01_0116000"
-0.861349421116674	4.73261458025997	0.554093975356223	0.891478285859216	"PVP01_0116300"
-6.46239521698888	6.04551648394189	0.00144555471007411	0.011474737388321	"PVP01_0116400"
0.177074632984197	6.11298421574515	0.910437485223765	0.985614004730824	"PVP01_0116500"
0.807991367549001	6.51609059225884	0.640088362076937	0.924016446296829	"PVP01_0116600"
-0.294348914692585	6.16579331561332	0.851570470348518	0.973855473858892	"PVP01_0116700"
1.35005746073472	5.86234842575445	0.341731155507324	0.775834691615945	"PVP01_0116800"
-9.18969210012352	4.8951319727544	0.000451449808063767	0.00607908021604263	"PVP01_0117200"
-2.41797473898223	6.01606984189454	0.154207267279654	0.536499342021056	"PVP01_0117400"
-9.96091299923479	5.61535911816789	0.000458363848395218	0.00607908021604263	"PVP01_0117600"
-2.56470953471859	6.04862506345127	0.126123396671146	0.473467786094853	"PVP01_0117700"
-1.68868449525929	5.23440226596555	0.30558867966198	0.741889013544341	"PVP01_0117900"
-2.31742485220397	5.34701371881464	0.145906797506702	0.519022468991754	"PVP01_0118000"
-2.26383036682639	7.22337889809033	0.127681349157652	0.477691976713556	"PVP01_0118100"
-0.340126290185693	6.55416515611238	0.842686961753625	0.973855473858892	"PVP01_0118200"
0.494413978976999	7.39614974820832	0.673948186356715	0.936711938078745	"PVP01_0118300"
-0.748483610967296	7.5575396483859	0.580471119026738	0.904527545129023	"PVP01_0118400"
-8.37702416686286	4.16524680018466	0.000777857152623342	0.00684540443127321	"PVP01_0118500"
1.27335228155551	6.63050770237325	0.41239015642125	0.815463531662946	"PVP01_0118600"
1.29789309275174	5.69206948136647	0.401380250433555	0.81013900069329	"PVP01_0118700"
-0.0684175512717494	8.28593742684565	0.955572688471401	0.992888085553226	"PVP01_0119100"
-0.128350103213998	5.15532993398947	0.933948996597833	0.988901695005694	"PVP01_0119500"
-4.50625615104266	4.31270864983419	0.0103115471685298	0.0676453764941419	"PVP01_0119700"
-3.13696573127501	8.07677924423242	0.0196681831912527	0.118080103418965	"PVP01_0201200"
-1.2279546720494	4.92396354818662	0.398107909321361	0.808418899901381	"PVP01_0202500"
-8.61868734446229	4.37941173555297	0.000566179128102782	0.00607908021604263	"PVP01_0202600"
0.244482689835847	8.70718391991945	0.847389676789095	0.973855473858892	"PVP01_0202700"
-0.401354535981168	9.64303373231025	0.666731551510008	0.934885809579378	"PVP01_0202800"
-0.906510772551295	17.1304509556819	0.241122976205246	0.672213261351854	"PVP01_0202900"
-8.99268371835051	4.71537520272065	0.000449058908632629	0.00607908021604263	"PVP01_0203200"
1.42018290664047	8.71049116996211	0.17735189553323	0.578873802299826	"PVP01_0203400"
-0.0775805763569682	4.6981388359133	0.967508384664002	0.996369060188137	"PVP01_0203500"
0.530827959358271	6.88100541709254	0.723082525504113	0.950713858095527	"PVP01_0203700"
-8.77107241667344	4.51471499761093	0.000516919134293001	0.00607908021604263	"PVP01_0203800"
-10.0236893072114	5.67541760908687	0.000389074669084594	0.00607908021604263	"PVP01_0203900"
2.60331327569807	6.34340168783912	0.130236916580565	0.483446411324731	"PVP01_0204000"
1.72474146818707	6.33351236319213	0.337973087521515	0.772567629821829	"PVP01_0204200"
-0.846572901147698	4.98326571312153	0.569657517443691	0.899463038262615	"PVP01_0204300"
-2.52364959670113	6.5311813079984	0.139306474150967	0.501050702056716	"PVP01_0204400"
-9.89595210470511	5.55486514310461	0.000440423452472273	0.00607908021604263	"PVP01_0204500"
0.809489311225634	5.89710954831172	0.602118780327512	0.910945313268297	"PVP01_0204700"
-8.94247915545845	4.67038386307398	0.000463265538055016	0.00607908021604263	"PVP01_0205300"
-8.64881534592302	4.40577996374688	0.000531157202371067	0.00607908021604263	"PVP01_0205800"
0.735671763942586	5.11798400783783	0.615484068429764	0.913206102388341	"PVP01_0205900"
-10.3504750732004	5.98891262608403	0.000405319831975048	0.00607908021604263	"PVP01_0206100"
0.844242437957405	5.65163477218949	0.585691732542203	0.907067284917359	"PVP01_0206200"
-8.44310061184848	4.22385934905431	0.000694882023054551	0.00643782063699008	"PVP01_0206300"
-0.532401111625064	6.2222580388023	0.749370392753575	0.957111788166069	"PVP01_0206500"
-1.38071351886065	7.14712986019057	0.279366272150585	0.713649939456872	"PVP01_0206700"
0.462049352922002	6.54804622681082	0.76910122607481	0.963476714849273	"PVP01_0206900"
0.598460234144058	5.35553787089408	0.703867149876913	0.944284020426997	"PVP01_0207000"
-0.805217156671926	5.27683189251217	0.604784971146893	0.911789619538403	"PVP01_0207200"
1.26903052044198	5.92756111432333	0.397404235823652	0.808418899901381	"PVP01_0207300"
-1.14518957378986	8.11501492039072	0.316126693278832	0.753178640290397	"PVP01_0207400"
-9.18999526777975	4.89409857795709	0.000488527398034707	0.00607908021604263	"PVP01_0207500"
-8.99392089096614	4.71580966145825	0.000597393217436098	0.00607908021604263	"PVP01_0208000"
1.78723752556118	5.99725998365279	0.255350366670398	0.689217919285149	"PVP01_0208400"
-1.46539661929964	6.82698356184431	0.272249313572201	0.705768680390601	"PVP01_0208500"
1.27798632046862	6.38746923884002	0.418025915416568	0.819765571768317	"PVP01_0208700"
-2.83378339551018	5.18988432333022	0.084074584715369	0.366874937699751	"PVP01_0208800"
-1.10298115663719	6.07428499481154	0.46756979893326	0.844724145166769	"PVP01_0208900"
-1.31736069381805	7.02792571142859	0.310598860228708	0.746964431757544	"PVP01_0209000"
0.48348185794538	7.2609792929019	0.697088413639101	0.943636981588788	"PVP01_0209100"
-1.70796920332236	5.84532695460727	0.29218568537659	0.728198463045055	"PVP01_0209200"
-0.800900985743406	7.0806001423881	0.527801567438725	0.878173093197199	"PVP01_0209600"
-8.52270926415557	4.29314155215674	0.000631548380894894	0.00614414499258307	"PVP01_0209700"
1.37597263316091	10.121474469788	0.146598658888202	0.520370479682136	"PVP01_0209800"
0.0678149310225549	7.97575601961366	0.950312453357109	0.990615931919683	"PVP01_0209900"
-0.956733785016364	5.63427292937234	0.553027748181295	0.891138528599406	"PVP01_0210200"
-9.96150922119018	5.61564708565325	0.000408563417794226	0.00607908021604263	"PVP01_0210300"
-0.154776763766299	6.34878006223569	0.935646454272359	0.989494469605681	"PVP01_0210400"
-3.194851838107	9.10017938714937	0.0310854153526485	0.171459521497361	"PVP01_0210500"
-8.79194038175402	4.53370076812922	0.000546258179170529	0.00607908021604263	"PVP01_0210600"
1.00289164035043	7.82142832085622	0.380366962858865	0.806310081879276	"PVP01_0210800"
-0.298163440061899	7.0808664975572	0.837935679718321	0.973855473858892	"PVP01_0211000"
1.66902966014142	5.71050273113651	0.263059605065652	0.694393846387586	"PVP01_0211100"
1.69863259112715	6.47603660578047	0.314376664789798	0.752963025051108	"PVP01_0211200"
-2.61701317423734	6.98543356848544	0.0746202567727595	0.338159642617221	"PVP01_0211300"
0.815290166861169	5.82160452049073	0.601264992201766	0.910945313268297	"PVP01_0211400"
-7.98325770827999	7.35660524671157	9.30774382588981e-06	0.000814672525392355	"PVP01_0211500"
0.573095003000486	7.31105448743795	0.646744553874334	0.927980509911208	"PVP01_0211600"
-1.01494703286709	7.25160231820463	0.421321865958388	0.820165733189825	"PVP01_0211800"
0.358909094956683	7.5840611607791	0.799445298474552	0.969713735494661	"PVP01_0212100"
0.398405696686646	8.91583856631756	0.695231385837958	0.942657802404015	"PVP01_0212200"
0.448703427606003	6.31650279633667	0.775171137734899	0.965986962947274	"PVP01_0212300"
-1.80406356491887	4.26287359905696	0.164979200052526	0.558778838467111	"PVP01_0212400"
-0.563084259060795	6.12175937317701	0.717064796049421	0.948407019078849	"PVP01_0212600"
0.0342559411083711	4.55935684271387	1	1	"PVP01_0212700"
-0.682175159201176	6.09507230524471	0.664833762563443	0.933294923591082	"PVP01_0212800"
-0.0863830611355195	5.64882075516921	0.967700171276241	0.996369060188137	"PVP01_0212900"
-1.70052417246219	7.26469175610955	0.223234182450456	0.650154895648177	"PVP01_0213100"
-2.81461803554419	4.78642228767824	0.0799109408348805	0.353853062484908	"PVP01_0213300"
0.102175184513705	5.79388842174497	0.950677678905524	0.990615931919683	"PVP01_0213400"
-0.980359662693661	8.03214162298602	0.461750428006887	0.843162878387255	"PVP01_0213500"
-1.99790617819514	8.50785862791529	0.189674237905502	0.598472984031141	"PVP01_0213600"
-1.66115241049531	7.39714639062468	0.23631366100432	0.665520098645527	"PVP01_0213700"
-4.63613069880947	7.06511611271097	0.00179248221676636	0.0138646415185231	"PVP01_0213800"
-0.495786121362036	7.08540559920283	0.724735098557216	0.950837044785871	"PVP01_0214300"
-3.33077451553689	5.20755123111098	0.0396992509162333	0.207609604634264	"PVP01_0214400"
-9.17459575103509	4.8813035068157	0.00044276916127136	0.00607908021604263	"PVP01_0214500"
-0.291991043206159	4.87067230574593	0.834720223027376	0.973126027228606	"PVP01_0214600"
-1.33853043074148	7.23971208582827	0.368699987981028	0.795779467894158	"PVP01_0214800"
-0.179806980152801	5.9865378326508	0.906028573554388	0.985614004730824	"PVP01_0215000"
-2.31151443446481	4.76706906199699	0.128859050034173	0.480747609563376	"PVP01_0215100"
1.11188814839461	5.96918798222038	0.523303158945737	0.875326731463423	"PVP01_0215200"
1.72827362075807	7.66301126768538	0.171553352077303	0.567183348915617	"PVP01_0215300"
4.15272595963216	7.61075917426284	0.00279441209238214	0.0206538102650289	"PVP01_0215600"
-2.9858712428138	4.9227868085357	0.0469047806502029	0.235657553538633	"PVP01_0215800"
0.506973402535405	6.65718964775822	0.738139364759618	0.953047953101898	"PVP01_0215900"
-1.31828227941075	10.0668074115532	0.298600923544417	0.73597299745071	"PVP01_0216000"
-10.413118008272	6.04834864268734	0.000257560671542035	0.00607908021604263	"PVP01_0216100"
-0.388625638524152	9.47056214831285	0.685270886487804	0.94035163036312	"PVP01_0216200"
-1.63874101594514	6.27764904558396	0.290410637948324	0.725699310154866	"PVP01_0302300"
-0.696535610490463	8.77164859106682	0.486969962165369	0.853801841940968	"PVP01_0302600"
2.52324510403374	7.37407310707291	0.0932052683936625	0.392903324052372	"PVP01_0302700"
-2.88101493708511	6.5158626725856	0.0842731366213499	0.366874937699751	"PVP01_0302800"
-0.226734292526654	5.95004069475128	0.87964680041445	0.977144865702405	"PVP01_0302900"
-0.872053148353281	7.67434635649826	0.456241188469808	0.840920166101141	"PVP01_0303100"
-0.288492603509599	6.43619159101147	0.862956721307452	0.976262081508655	"PVP01_0303200"
-0.808152140177856	5.45851341279293	0.605634993657011	0.911806087047099	"PVP01_0303300"
-0.600420031939991	4.90285996779658	0.702786959286109	0.944284020426997	"PVP01_0303700"
-4.20569761525935	12.9353127793404	7.57961815574303e-06	0.000681346215837874	"PVP01_0304000"
-9.73477958234693	5.40211780104937	0.000601168364145692	0.00607908021604263	"PVP01_0304100"
-11.6521925944884	7.25275594358381	4.44089426741604e-06	0.000492347144447525	"PVP01_0304300"
-0.415006860718539	5.56241278924436	0.801221307989099	0.971121980181138	"PVP01_0304400"
-0.0764421830462916	7.68862174817661	0.956986854029223	0.99296225792884	"PVP01_0304500"
-9.57038369401503	5.24909310075832	0.000737153017183944	0.0066639168823167	"PVP01_0304600"
-2.99686969714966	11.5657512115269	0.000961932937078724	0.0079193704125688	"PVP01_0304700"
-0.157235959598407	9.4587210564729	0.867711562682576	0.976414986395257	"PVP01_0304800"
-1.24389073447755	5.17887653951104	0.418941931853158	0.82012999725933	"PVP01_0305000"
-1.16132256461269	9.73170690917888	0.222451730542223	0.649319687081295	"PVP01_0305100"
0.20221016837518	7.28476735561458	0.887511063926833	0.97808542035144	"PVP01_0305200"
-7.01822280298868	6.394018922781	0.000700172087617154	0.00646881212059626	"PVP01_0305300"
-0.675831069553179	5.41295250069264	0.642031410693424	0.925667915984841	"PVP01_0305400"
-0.274474396352269	6.33966889884744	0.858694448818272	0.976137456696441	"PVP01_0305500"
-2.06890739767923	5.42224201617076	0.191386213893739	0.5994293448979	"PVP01_0305700"
-1.80136986595976	5.30145192800964	0.249589972744459	0.682677836634927	"PVP01_0305800"
-1.39550172454673	6.33016776182092	0.368281473672726	0.795779467894158	"PVP01_0305900"
-2.50277080704192	5.33577461970041	0.158264225612281	0.547179640734352	"PVP01_0306000"
-0.681436247384946	5.10312138741391	0.652815959237257	0.928080097668	"PVP01_0306100"
0.337550900217281	5.03033016243907	0.846662389425763	0.973855473858892	"PVP01_0306500"
0.0857077061547667	5.67723858439826	0.968404148416161	0.996569368079255	"PVP01_0306600"
-3.32690084400347	4.98339062840622	0.0302527283474557	0.168688942699453	"PVP01_0306700"
-8.77356763427319	4.51691870178449	0.000519252075088015	0.00607908021604263	"PVP01_0306800"
-8.62427870070584	4.38317539769691	0.000636377278615462	0.00616086358749837	"PVP01_0307000"
-1.45462880919403	6.79232308175922	0.339939800040933	0.773880749442945	"PVP01_0307100"
-8.4362315648652	4.21708723106558	0.000692642093639846	0.00643782063699008	"PVP01_0307200"
-2.15799600328696	5.74531937237472	0.165451912361294	0.558822213197158	"PVP01_0307300"
-8.62759022174406	4.38759951570312	0.00057739664616853	0.00607908021604263	"PVP01_0307400"
0.690834493137896	5.12266605694267	0.687490173468334	0.941257557765313	"PVP01_0307600"
0.326184273145612	6.05023804432904	0.818809453474637	0.9721770429063	"PVP01_0307800"
-9.48419583852264	5.16846295928978	0.000546177197908625	0.00607908021604263	"PVP01_0308200"
-2.01739820527209	5.59300373732047	0.224622504661418	0.650779138069579	"PVP01_0308400"
0.529610080643281	6.25960224014777	0.734983018792792	0.951558396459645	"PVP01_0308500"
-0.938887914029073	5.25347340866216	0.579739257092763	0.904414994882988	"PVP01_0308700"
-0.243604914212331	5.78909978416078	0.875011392941466	0.976669769077734	"PVP01_0308800"
-2.24938158926995	5.47945119608693	0.157521305220994	0.545177795176928	"PVP01_0308900"
-1.20234625331724	8.29023096453224	0.351559361444145	0.785810776991415	"PVP01_0309100"
0.876246481047695	5.8421970143921	0.571456365046454	0.899463038262615	"PVP01_0309300"
-0.456585599345085	6.94513728280574	0.72863744834489	0.950976829055146	"PVP01_0309600"
1.35155340716318	6.71724295279548	0.399760252280049	0.809750336773611	"PVP01_0309700"
2.54790875224704	6.52060863667696	0.167493242382193	0.561575125164491	"PVP01_0309800"
-2.88359781530849	6.60578581817858	0.0684714921629446	0.317321337205804	"PVP01_0309900"
0.00989880179739212	5.56431909659731	0.999999999999999	1	"PVP01_0310000"
-0.0432289149039124	6.24321400467695	0.979288828987522	0.999114167643401	"PVP01_0310100"
-2.16160311903627	5.05883946743456	0.191560352155295	0.5994293448979	"PVP01_0310200"
0.880180374538559	6.06994599731471	0.612744685066091	0.911999330826618	"PVP01_0310600"
-1.92890082569688	4.7201467742339	0.174922909932436	0.573195663483037	"PVP01_0310700"
-1.28984490465904	6.06230710151891	0.398132939879273	0.808418899901381	"PVP01_0311200"
-1.60702588645475	5.55475577272277	0.318135736076642	0.754509457878518	"PVP01_0311300"
-0.537735123035566	7.69423711376184	0.638298338276016	0.92390307141293	"PVP01_0311400"
1.16975977175123	5.57255816269721	0.49951710177921	0.863061756113067	"PVP01_0311500"
1.46272598742992	6.39781285404692	0.363286253055366	0.792841258308497	"PVP01_0311800"
2.52941926579861	7.09336349788054	0.103306605115729	0.420560304302219	"PVP01_0311900"
-3.06620036962253	8.58954951174995	0.0158825767598973	0.0989240642386112	"PVP01_0312100"
0.656107620045043	5.91491460561211	0.64385515986163	0.925837553696404	"PVP01_0312300"
-8.61058074394997	4.37202476530657	0.000555507006310315	0.00607908021604263	"PVP01_0312400"
-1.64459176464633	7.1645466628431	0.252085459456816	0.68472086125959	"PVP01_0312600"
-4.72927474045925	5.59336922749649	0.00584080095399823	0.0399492049269311	"PVP01_0312700"
1.55885490158932	6.66015019135444	0.320011653440022	0.757371463705795	"PVP01_0312800"
0.138441655143808	6.27029900290042	0.94442554994454	0.990615931919683	"PVP01_0312900"
-9.06787429283299	4.78401172402571	0.000419863110696093	0.00607908021604263	"PVP01_0313000"
0.675197780670239	6.81413888190829	0.626799285757644	0.920006365591317	"PVP01_0313100"
-0.338840169665328	5.00644976635748	0.823569423941079	0.9721770429063	"PVP01_0313200"
-0.173234373725974	6.32948247945088	0.911961560201184	0.985614004730824	"PVP01_0313300"
0.175795027758168	6.40512148431061	0.901814494237373	0.984066603619916	"PVP01_0313400"
-9.58497914367146	5.26021018908744	0.000562282710072759	0.00607908021604263	"PVP01_0313500"
-0.514593744008257	4.85258876466367	0.745299151694093	0.954510965935524	"PVP01_0313700"
0.36265233093234	7.22873957281657	0.823977030530522	0.9721770429063	"PVP01_0313900"
0.526573236955006	6.34621446584716	0.714995791798053	0.948334927187312	"PVP01_0314100"
1.05761287858887	7.42122499769679	0.455002065540137	0.840920166101141	"PVP01_0314200"
-0.702250378288031	4.89583741321018	0.638640450065196	0.92390307141293	"PVP01_0314800"
-1.45722628884263	5.12441786786965	0.345360031227556	0.779344948737519	"PVP01_0315000"
1.51058556871624	5.85201004691432	0.298909794214757	0.73597299745071	"PVP01_0315100"
-2.23469170075636	4.63785239029244	0.156662637472137	0.542770762742008	"PVP01_0315200"
-3.44691265771053	7.70650073930595	0.0191678960917502	0.115493518842683	"PVP01_0315300"
-1.06608434558935	7.79856573514086	0.405190687141576	0.810463589082019	"PVP01_0315400"
-8.1843964799392	3.99831005327145	0.000985885649705955	0.00807649180030051	"PVP01_0315500"
0.646344622196212	7.20418448256289	0.694308841652583	0.94179086759237	"PVP01_0315600"
1.27463568496709	5.68943118254593	0.42034142446604	0.820165733189825	"PVP01_0315700"
-0.234983898877098	5.94159917451298	0.886912425258605	0.97808542035144	"PVP01_0316100"
-1.7211121893069	4.56428957142316	0.179013526113102	0.581690498609242	"PVP01_0316300"
0.599527250500818	7.79202371008718	0.623304881107343	0.918332414761315	"PVP01_0316400"
-0.183907669367317	5.87343282176464	0.912998284770215	0.985614004730824	"PVP01_0316700"
-0.521584434893613	8.33464459007553	0.639113678200365	0.92390307141293	"PVP01_0316800"
-2.00651357152364	5.37395684098941	0.204827382013415	0.619887054209845	"PVP01_0317000"
0.15786651989999	6.61256936448375	0.920829696747589	0.986480500854582	"PVP01_0317200"
-1.75667402761436	6.7219884008463	0.238143401261882	0.666760777636215	"PVP01_0317300"
-1.38577114197059	5.8120522492459	0.360579401837059	0.79003064732084	"PVP01_0317500"
-9.06935550372412	4.78560417017868	0.000448295362106154	0.00607908021604263	"PVP01_0317700"
-0.318964554646141	4.99573277541747	0.834446834811718	0.973126027228606	"PVP01_0317800"
-10.0286743185073	5.68086077232154	0.000498061634022226	0.00607908021604263	"PVP01_0317900"
-0.218068951694856	5.4675782419809	0.88814263328137	0.978409090827819	"PVP01_0318000"
0.931198939547191	6.91009853839802	0.509399858170217	0.870192053556314	"PVP01_0318100"
-0.420096646077883	4.87446410449541	0.774490389945331	0.96580919268122	"PVP01_0318400"
0.297871348228543	6.1500320263958	0.852058227129084	0.973855473858892	"PVP01_0319100"
-8.49484237937261	4.26971764121819	0.000731754543729958	0.00664976943291213	"PVP01_0319300"
1.66445633286369	5.79765625434523	0.300128785461478	0.736211504462051	"PVP01_0319400"
-3.58183622027389	6.40093153460559	0.0437083593932588	0.223308760893976	"PVP01_0319500"
-2.73970560489011	5.41237330870498	0.0822664741655654	0.360841700830383	"PVP01_0319600"
-8.84783358968164	4.58397355618643	0.000477090686988295	0.00607908021604263	"PVP01_0319700"
-1.00995965391731	6.50579372035906	0.550696441507823	0.888271757737643	"PVP01_0319800"
0.903862296958379	5.51860396753003	0.514237243271517	0.87307649623637	"PVP01_0319900"
-1.16587869108883	4.99649498417223	0.427539332268554	0.8248235609775	"PVP01_0320000"
-9.20102162240533	4.90576218652878	0.000468430854173135	0.00607908021604263	"PVP01_0320300"
-0.1463535911451	7.41842835525752	0.91082982195429	0.985614004730824	"PVP01_0320400"
1.15043121450465	6.19126031560501	0.469086296044148	0.844937846835472	"PVP01_0320700"
1.80937705305852	5.88921233222798	0.255918259265532	0.689217919285149	"PVP01_0320800"
-8.36956284015933	4.15912665239831	0.000759256431812759	0.0067525173614708	"PVP01_0320900"
-1.6694316931462	5.18224921923967	0.2669701529353	0.700822990262675	"PVP01_0321000"
-7.47716644295053	6.84611015881943	0.000179682947111634	0.00607908021604263	"PVP01_0321100"
0.807093285489023	6.18670351960968	0.64597037409095	0.92731906955422	"PVP01_0405200"
0.560438326072165	7.21369188931002	0.655461891468406	0.928110299492965	"PVP01_0405400"
-1.47858907735562	5.47782388217097	0.380149038477727	0.806310081879276	"PVP01_0405500"
-3.80908637666653	5.1254394917017	0.0165856204264354	0.102725835266898	"PVP01_0405800"
-2.87690406952719	6.31354918344905	0.086331477948845	0.370744940109484	"PVP01_0406300"
-9.50234505418588	5.18407199902485	0.000556879180744665	0.00607908021604263	"PVP01_0406400"
-0.85384088869103	5.36502632355948	0.601221238261659	0.910945313268297	"PVP01_0406600"
0.409415131114626	5.69143055496585	0.784924524049592	0.967257153156029	"PVP01_0406800"
0.323669701019794	6.0933947800226	0.855806424557862	0.974681355487574	"PVP01_0407000"
-0.594228573386863	6.27692248632888	0.730159599559447	0.951307129939058	"PVP01_0407100"
0.0631945681676126	8.25407570812838	0.951639452311526	0.990615931919683	"PVP01_0407200"
-0.329260091661124	5.33631503434993	0.823982887538442	0.9721770429063	"PVP01_0407300"
-0.26778106291366	7.23950411173221	0.850948489138638	0.973855473858892	"PVP01_0407400"
-4.65594724210863	8.02157938551848	0.00290008204614396	0.021245975518667	"PVP01_0407500"
-1.53774481012892	5.61646236853594	0.344088395323015	0.777471469323607	"PVP01_0407700"
-1.09104958458428	4.75428786396262	0.403527816647282	0.81013900069329	"PVP01_0407800"
-2.53444277865645	5.95073015841517	0.125625880554018	0.473467786094853	"PVP01_0407900"
-9.15212125859746	4.86033297365813	0.000580621548215392	0.00607908021604263	"PVP01_0408200"
-0.696807321485596	6.32085342888915	0.672426622361973	0.93590850275993	"PVP01_0408300"
-2.24845342077643	5.92541017544446	0.169943189598271	0.566754174528578	"PVP01_0408400"
-1.3890083826131	6.46013799571523	0.363706213890071	0.793213823452884	"PVP01_0408500"
0.355040565214017	5.92699009811907	0.833229559111789	0.973126027228606	"PVP01_0408600"
0.550607901925441	4.43152559718085	0.690791242575295	0.941627734756324	"PVP01_0408700"
-2.89550480723674	4.37050108572499	0.0351340543598217	0.188533777557441	"PVP01_0408800"
-0.913520081693365	4.76463217198726	0.534771983148721	0.880488022490989	"PVP01_0408900"
-0.252813614391205	7.15117652054153	0.859462671827266	0.976255779571841	"PVP01_0409300"
-8.93993127430845	4.66675173317169	0.000459773168469904	0.00607908021604263	"PVP01_0409400"
-8.58722035051382	4.3498639625985	0.000583937537663755	0.00607908021604263	"PVP01_0409500"
-1.35493513428123	4.97976182640985	0.365364875986115	0.793213823452884	"PVP01_0409600"
0.412651849548243	7.94176273974179	0.711628801203301	0.947743028029412	"PVP01_0409900"
-0.507421199567753	7.96530015777818	0.642345625403792	0.925667915984841	"PVP01_0410100"
-0.637088483438427	6.510275358284	0.679185983885046	0.93928173904435	"PVP01_0410200"
-2.15626843877864	5.33935539306113	0.190332081967006	0.599309543799656	"PVP01_0410500"
-0.00787658172787638	8.69234781744726	0.994804790960464	1	"PVP01_0410800"
-0.499670977721934	6.48128118357192	0.728085593543372	0.950976829055146	"PVP01_0410900"
-0.819067853874711	4.52064481054287	0.536131099819137	0.880578784196765	"PVP01_0411200"
-2.31858912633225	5.01434753218309	0.123901857422932	0.470201366170872	"PVP01_0411400"
1.01662348148876	5.2621296842305	0.559578578165505	0.891478285859216	"PVP01_0411700"
0.449915983559831	6.30768019715914	0.774206028968053	0.96580919268122	"PVP01_0411800"
-5.21607392087949	4.88143185681123	0.00377693650455032	0.0270152490626545	"PVP01_0412200"
0.743849747557612	5.34875541453464	0.644551727637375	0.926438654330989	"PVP01_0412300"
-0.923804291604223	7.33387405670472	0.44675734350228	0.835252908650132	"PVP01_0412400"
0.244661807641596	8.64461552275246	0.814042027286011	0.9721770429063	"PVP01_0412500"
-1.16075746287245	4.99271618046025	0.428099004731437	0.824920234929202	"PVP01_0412600"
-9.69953029686457	5.3685400335609	0.000500603043645868	0.00607908021604263	"PVP01_0412700"
-9.05586914380989	4.77277209494963	0.000420333287293493	0.00607908021604263	"PVP01_0412800"
-2.08331809298016	4.70517459645766	0.138256417624415	0.499284305123567	"PVP01_0413000"
0.675699187474982	6.95788790929673	0.650938977151389	0.928080097668	"PVP01_0413100"
0.339973890668077	5.90714391715871	0.829484545021575	0.972892408752531	"PVP01_0413200"
1.16706944805797	5.22720229710251	0.497298950713943	0.861018381090356	"PVP01_0413400"
0.0968591444501482	5.45454191030618	0.9655558629438	0.996369060188137	"PVP01_0413500"
-0.51152074014025	5.83378755764422	0.748228585593494	0.956789033327167	"PVP01_0413600"
-0.507045452654244	6.57588880141413	0.772765803093245	0.96580919268122	"PVP01_0413700"
-9.7709754230496	5.435656745809	0.000472100312425772	0.00607908021604263	"PVP01_0413800"
0.544197006890803	7.97134988301909	0.619874207599445	0.916822893474913	"PVP01_0414000"
-0.796968760842475	9.36490055138272	0.401792210216678	0.81013900069329	"PVP01_0414100"
-12.2563930563459	7.84814042135002	4.92150258817581e-07	9.09384311570707e-05	"PVP01_0414200"
-4.72571826238198	7.69650189264398	0.00263197332066712	0.0195400519297742	"PVP01_0414300"
-0.677621310089904	4.62123206476039	0.612803534106434	0.911999330826618	"PVP01_0414500"
-8.55064620286164	4.31846710017259	0.000589859120445879	0.00607908021604263	"PVP01_0414600"
0.204488473651289	6.34719802450001	0.909485944523907	0.985614004730824	"PVP01_0414700"
-2.45965681252994	5.96128895034889	0.138180956119107	0.499284305123567	"PVP01_0414800"
-3.40642378147072	6.36697474207769	0.0444379665417386	0.226341005693449	"PVP01_0414900"
-0.81333228063609	7.37927523128707	0.517061536146127	0.874743982310285	"PVP01_0415000"
-2.14450461990698	5.2119447812295	0.174636786209656	0.572886454249033	"PVP01_0415200"
0.191064192820972	5.8084006123269	0.914871190560036	0.985614004730824	"PVP01_0415400"
-0.147421141754025	6.61317172462854	0.924055627650252	0.986825658511516	"PVP01_0415600"
-9.37697452596809	5.06740141822729	0.000506937166971594	0.00607908021604263	"PVP01_0415700"
-0.58214237212456	4.93492612032747	0.726380149644432	0.950837044785871	"PVP01_0416000"
-9.014909017718	4.73496788373162	0.000434294806106308	0.00607908021604263	"PVP01_0416100"
-1.1487500627532	6.26681211443972	0.44915201951488	0.836907348406998	"PVP01_0416300"
0.20229738769853	6.43049317890022	0.900615180150823	0.983970884903657	"PVP01_0416400"
-9.44539294252086	5.13192986467262	0.000522955367201867	0.00607908021604263	"PVP01_0416600"
-9.01305788046236	4.73337204850726	0.000428558046746694	0.00607908021604263	"PVP01_0416700"
-3.37246118112453	6.42948650667662	0.0475966462805885	0.238350769188284	"PVP01_0416800"
1.44600323625125	7.64232856474017	0.230210198566926	0.659460741057294	"PVP01_0416900"
-1.37041136176426	7.75792290953784	0.332230181155801	0.77036694214644	"PVP01_0417000"
-3.67373897114154	9.6913255955769	0.00114786047575807	0.00924402891615334	"PVP01_0417100"
-4.20687649301754	7.90005390811119	0.00764209087715173	0.0518726413416463	"PVP01_0417200"
-12.7250432240792	8.31159211154814	6.61555356252906e-08	2.20033311489716e-05	"PVP01_0417300"
-9.58469471730569	5.26101351165956	0.000610561871052429	0.00609828463399513	"PVP01_0417400"
-8.67804042151166	4.43273763244456	0.000588262210291331	0.00607908021604263	"PVP01_0417500"
-11.0028375960443	6.6165995710198	0.00017748719919448	0.00607908021604263	"PVP01_0417600"
-11.7871054793503	7.38494873162936	6.87142653660538e-06	0.0006690686474492	"PVP01_0417700"
-2.45784988199647	6.53163361026814	0.134282609473032	0.491335488566893	"PVP01_0417900"
-2.44731299170376	7.47289833941236	0.0794907867148538	0.353853062484908	"PVP01_0418200"
-2.6573804977366	5.62333885969473	0.104829417758977	0.424163799837419	"PVP01_0418300"
-10.3927886192099	6.02820434775974	0.000335636654598295	0.00607908021604263	"PVP01_0418400"
-0.628328272265677	5.12147730607643	0.68167885590723	0.939603760773911	"PVP01_0418500"
0.375131780523274	7.17100510049536	0.768557933878353	0.963476714849273	"PVP01_0418700"
-1.4149930687181	5.60931463223999	0.343630935876555	0.777471469323607	"PVP01_0418800"
-3.14834598216808	7.72478149187385	0.0124793506112198	0.0799736418745993	"PVP01_0418900"
-0.464563678926155	4.97568763144434	0.734959697463159	0.951558396459645	"PVP01_0419000"
-1.5141977289895	5.30287982726994	0.332122820840951	0.77036694214644	"PVP01_0419100"
-1.16569880839338	7.21832896398351	0.400005954094721	0.809750336773611	"PVP01_0419200"
-9.7984342822744	5.46130450568479	0.000466803985658196	0.00607908021604263	"PVP01_0419400"
-0.191319190982324	6.09780073625673	0.904470690809118	0.985614004730824	"PVP01_0419500"
-0.11375668764613	5.26157971630304	0.939511532121955	0.990209237074837	"PVP01_0419600"
1.25748909335213	6.16496533564604	0.430373595839917	0.825915337655685	"PVP01_0419700"
0.746768455816147	4.94582732847192	0.606100411094262	0.911806087047099	"PVP01_0420300"
1.59498943040808	7.5958239413043	0.173584808442292	0.572193332883115	"PVP01_0420400"
1.13904190086449	6.69051532839781	0.458179961813443	0.840920166101141	"PVP01_0420500"
0.578620043400355	5.99255573502214	0.742160842062692	0.953970190901521	"PVP01_0420600"
-0.207183843013077	8.44583650285673	0.86236376680275	0.976262081508655	"PVP01_0421000"
1.3578767692353	8.01610513008233	0.213788598069308	0.635063012083005	"PVP01_0421300"
3.38844565286291	8.77055453312023	0.0158235015614178	0.0987410247528621	"PVP01_0421700"
2.08234879183747	5.96575452235285	0.195838517219316	0.603110100251338	"PVP01_0421800"
0.152412673002487	5.77107528068883	0.946131865889483	0.990615931919683	"PVP01_0421900"
-4.11318430466214	7.28308841850294	0.00973576349665902	0.0647622987797758	"PVP01_0422100"
-1.86530662460734	4.4013910204158	0.186139138794789	0.593006490068456	"PVP01_0422400"
-0.925960721679443	5.14818402734954	0.578708390528695	0.903230458422543	"PVP01_0422500"
-9.95380182616536	5.60791061156787	0.000420693468376931	0.00607908021604263	"PVP01_0503700"
-2.7915903668798	8.75324444379719	0.093515573553299	0.393214661995287	"PVP01_0504400"
0.399978621220062	18.118895093421	0.587316988201989	0.90763246056946	"PVP01_0504500"
-0.307600441459096	12.5552423698628	0.708174563801647	0.945559453715085	"PVP01_0504600"
0.105891216519476	7.17547084482583	0.940593801286188	0.990209237074837	"PVP01_0504700"
3.36673137978078	6.53208067215349	0.0244921866961712	0.141671326872114	"PVP01_0504800"
-3.99374931049476	5.28481747858252	0.0148556792657762	0.0937570953282197	"PVP01_0505000"
0.638765451891363	6.68383225433295	0.643222335596944	0.925837553696404	"PVP01_0505100"
-2.29836258828324	6.14520093639584	0.164742346063381	0.558545405715397	"PVP01_0505200"
-1.70817808841773	4.55819484000227	0.222498752772337	0.649319687081295	"PVP01_0505300"
-3.64179820350863	5.67169245393783	0.0302788030040809	0.168688942699453	"PVP01_0505400"
-1.8429483157831	5.98748024001775	0.278682701621592	0.712593952198798	"PVP01_0505500"
-4.14350692636204	7.45521591537265	0.00927953091101219	0.061975340983989	"PVP01_0505600"
-9.69343441564517	5.36339363405285	0.000540616193040328	0.00607908021604263	"PVP01_0505800"
-1.49470256554359	5.63852747243787	0.35039664475614	0.784577841020938	"PVP01_0505900"
-0.941122333294736	5.10041278783837	0.542022575472694	0.883457532388211	"PVP01_0506000"
0.241946760498528	6.81394490483875	0.875067922986063	0.976669769077734	"PVP01_0506100"
2.36893126464404	6.4108129825705	0.155204953525516	0.539406139420966	"PVP01_0506200"
-0.475993091838125	9.63243720087959	0.6096652998594	0.911806087047099	"PVP01_0506500"
0.253998240009314	7.72015144982767	0.849499882945446	0.973855473858892	"PVP01_0506600"
-1.11167622204786	5.83386577730535	0.470404351128851	0.845355913141582	"PVP01_0506800"
-0.884759566332536	6.27412263226667	0.588251091270786	0.90763246056946	"PVP01_0506900"
-8.42815263124471	4.21023542989606	0.000730411342737218	0.00664976943291213	"PVP01_0507100"
0.519775520704885	5.49792515135882	0.762674588848181	0.962312474396453	"PVP01_0507300"
-9.44767897431607	5.13369741950609	0.000522188768481274	0.00607908021604263	"PVP01_0507400"
0.149065345168958	8.21601390144469	0.910356460804119	0.985614004730824	"PVP01_0507600"
1.38924046962215	7.79234334501072	0.249553061450437	0.682677836634927	"PVP01_0507700"
0.43273277216663	7.4456236138944	0.755332422907616	0.960654819889522	"PVP01_0507800"
-1.85225043916422	5.17299413526504	0.228647914951004	0.657288647473674	"PVP01_0507900"
-2.52055004997488	6.07980574353345	0.129983431410586	0.483044573040905	"PVP01_0508000"
-1.15873831530627	5.59769304578732	0.475082131937494	0.847999774146638	"PVP01_0508100"
-0.0960144767284844	11.0559650980906	0.910851235815497	0.985614004730824	"PVP01_0508200"
-4.67667974562117	4.40312386153201	0.00580556359817842	0.0398129990258586	"PVP01_0508400"
-0.587158126486162	5.43197546773335	0.692214459861757	0.941675761045462	"PVP01_0508800"
-0.169480998681842	5.00874845435627	0.899182454381972	0.983776593182382	"PVP01_0508900"
-8.94315627550625	4.66956903717299	0.000455702001345876	0.00607908021604263	"PVP01_0509000"
1.98923803188411	7.53075851734202	0.095871450433498	0.399084410690631	"PVP01_0509300"
-0.418913040736264	4.86844593046216	0.764385861170441	0.962483707525282	"PVP01_0509400"
0.528976976836077	5.68809137770209	0.737241933641224	0.952991537001693	"PVP01_0509500"
-8.70241480493752	4.45312352372526	0.000578589281915137	0.00607908021604263	"PVP01_0509600"
-8.29129444896646	4.09091188352528	0.000868085608991423	0.00727267691563091	"PVP01_0509800"
-1.19338411327956	6.59815033535218	0.470590915587482	0.845355913141582	"PVP01_0509900"
2.11629598765085	6.28814057929249	0.245251708841445	0.678060834253239	"PVP01_0510000"
-2.03817577979096	5.47797869698007	0.201058553013808	0.613671585976952	"PVP01_0510100"
0.5297766639185	6.57750219095223	0.70573628404395	0.944647036365176	"PVP01_0510400"
-0.543968520860259	7.74273172256071	0.71799657869557	0.948407019078849	"PVP01_0510500"
-0.922952234196885	4.67331004107289	0.563780019828954	0.893787633305958	"PVP01_0510600"
0.995045945007718	7.05459908411824	0.492712728571516	0.856645339900085	"PVP01_0510700"
-2.46134268498525	6.4914937761909	0.1122121828471	0.440634852596759	"PVP01_0511000"
-1.30961493671589	6.49932270259314	0.392473429349552	0.808418899901381	"PVP01_0511100"
-0.504126365006619	5.28539912585328	0.767625177286876	0.962879610217051	"PVP01_0511200"
0.545674985302862	5.88582577172452	0.758405972820034	0.96119955028363	"PVP01_0511300"
-8.09707992972103	9.02283452891117	1.50180901377563e-07	3.84232059985979e-05	"PVP01_0511400"
-8.28168005108205	4.08264753140819	0.000883202626827943	0.00734382984207435	"PVP01_0511500"
-1.21078920985741	7.67843652475277	0.385187991508564	0.808418899901381	"PVP01_0511700"
-8.34100954833409	4.13363792394316	0.000805366460568214	0.00697268888718199	"PVP01_0512000"
-8.53879562987164	4.30826068818174	0.000616305900185079	0.00610017502444193	"PVP01_0512300"
-1.21722873159869	6.73408578256503	0.426670722718125	0.824582698291972	"PVP01_0512600"
-0.463408432209566	4.73504015936379	0.764866911852696	0.962483707525282	"PVP01_0512700"
0.392787233924171	5.02514907939057	0.829908069375838	0.972892408752531	"PVP01_0512800"
0.531209177789538	6.79109177157163	0.699829537607524	0.944284020426997	"PVP01_0512900"
-2.61951689766766	4.49179650401384	0.049183924381018	0.24452276904524	"PVP01_0513000"
0.519244899071519	6.36808728765084	0.763156788764945	0.962483707525282	"PVP01_0513200"
-9.85541966182808	5.51541595078513	0.000440587144931439	0.00607908021604263	"PVP01_0513300"
1.37004887298301	5.70756137505136	0.426270059094948	0.824582698291972	"PVP01_0513400"
1.09845655301962	7.29830761893239	0.371426915183663	0.798039999935958	"PVP01_0513500"
0.609988206356091	6.8670419830376	0.684881991805021	0.94035163036312	"PVP01_0513600"
2.51478852435341	5.841967677509	0.124832071833514	0.47127295223413	"PVP01_0513800"
-0.234501306778967	6.66024264128592	0.86664632861696	0.976414986395257	"PVP01_0514000"
0.88539388854531	6.61054655606838	0.611031062108358	0.911806087047099	"PVP01_0514100"
-0.791131212215578	5.77351950459349	0.619594457591165	0.916822893474913	"PVP01_0514300"
-0.928167625750097	5.74618901767129	0.539398939298335	0.882384450450519	"PVP01_0514400"
0.794137705427193	5.8189783966854	0.647019483609168	0.927980509911208	"PVP01_0514600"
-6.87589840764516	6.44198656048954	0.000839224460533801	0.00711707636757122	"PVP01_0514700"
-0.213778543603579	5.22891226300393	0.9002798526416	0.983970884903657	"PVP01_0515000"
0.463565745089333	7.28680350579907	0.707310257443455	0.945438906504581	"PVP01_0515300"
-1.51697490351385	11.2488112445983	0.0852723512265902	0.369291458567238	"PVP01_0515400"
-1.02339032848337	5.55242331853757	0.516840952174949	0.874743982310285	"PVP01_0515500"
-0.291379503568248	7.95577295104867	0.793879953100325	0.967891339819726	"PVP01_0516600"
-0.679087093333255	5.43433698504031	0.664294154404659	0.933294923591082	"PVP01_0516700"
-1.31392672254157	8.06552099941352	0.230575808014632	0.659460741057294	"PVP01_0516800"
-2.32534755949231	5.24916628292206	0.141760076646487	0.507159871049988	"PVP01_0516900"
-0.87667621576659	8.75621409037305	0.401993242445972	0.81013900069329	"PVP01_0517100"
-1.27537703895815	6.48454468023945	0.454062307591307	0.840920166101141	"PVP01_0517200"
-0.787746518512208	4.88707398504858	0.593965518853948	0.908322917743134	"PVP01_0517300"
-5.06069834397047	8.26770313679948	0.00110360309711564	0.0089308610730088	"PVP01_0517600"
-0.321525131227045	8.12088251781961	0.76510016789092	0.962483707525282	"PVP01_0518700"
-0.920401513054197	6.07215344563726	0.596706272294049	0.910945313268297	"PVP01_0518900"
-0.281861176553607	4.87779332829284	0.843929186773087	0.973855473858892	"PVP01_0519100"
-4.0652837103336	5.44439651272048	0.0115161654722334	0.0748100905481409	"PVP01_0519300"
-0.543317957223656	5.91580220825086	0.749919819591334	0.957111788166069	"PVP01_0519400"
-1.83587297872613	4.33890504149659	0.24628396893428	0.679220962417426	"PVP01_0519500"
-0.00557426761756989	5.19398053143907	1	1	"PVP01_0519600"
-0.690868409904886	5.58312815003477	0.664157845239245	0.933294923591082	"PVP01_0519700"
0.701426254095152	5.46636445026833	0.682842399344029	0.94035163036312	"PVP01_0519900"
-1.14639366398351	6.49560417198434	0.487594751711772	0.85399691637354	"PVP01_0520000"
-1.41621818825104	6.88476692565385	0.334551892181018	0.770440664342145	"PVP01_0520100"
-2.62642932666333	5.71924311977586	0.121473685502481	0.464490562915052	"PVP01_0520200"
-2.56449870096054	4.77032231437752	0.0793384035005894	0.353853062484908	"PVP01_0520300"
2.69213573703823	7.7258569452449	0.0232568379461635	0.13666474029848	"PVP01_0520400"
0.93956701238439	6.85612272565931	0.52813643778224	0.878290896031866	"PVP01_0520500"
-3.21983893721605	4.96232626407546	0.0480797373184553	0.239749934514516	"PVP01_0520800"
-1.87073083150581	5.9682965537336	0.2512165399336	0.683365527040588	"PVP01_0521200"
-3.81627710823355	5.82697773089537	0.0250642276239258	0.144477679509839	"PVP01_0521400"
0.568299826495247	6.72677393264224	0.743933144091049	0.953970190901521	"PVP01_0521500"
-1.99711597615807	4.64023529250042	0.151306944809245	0.530851158687287	"PVP01_0521900"
-0.981651818393522	5.2760057861422	0.535105858913486	0.880488022490989	"PVP01_0522000"
-2.27125522107573	5.66161851885951	0.162201581844714	0.555510605657593	"PVP01_0522200"
-1.45735072445583	6.23249704107257	0.381298725277923	0.807019726280875	"PVP01_0522300"
-1.73685250661684	8.44807637604064	0.110267155034839	0.436534888316543	"PVP01_0522400"
-0.310499659093553	6.30119920043899	0.843001471966286	0.973855473858892	"PVP01_0522500"
0.472764093699526	4.94934156892431	0.733644855169478	0.951307129939058	"PVP01_0522700"
-5.67390481195975	5.30426896545071	0.00401829321685586	0.0284964674611142	"PVP01_0524100"
-9.50222939674521	5.18480260419315	0.00053616149468326	0.00607908021604263	"PVP01_0525200"
-8.4983501427231	4.27297606415172	0.000642613202331115	0.00619516379986461	"PVP01_0525400"
0.320974006428754	6.23379314013731	0.843909920204358	0.973855473858892	"PVP01_0525500"
1.33532111792619	6.78475386059469	0.395113424916268	0.808418899901381	"PVP01_0525700"
-3.2703472038224	5.15807769403949	0.0388994816857774	0.204850837410384	"PVP01_0525800"
-0.65238705412241	5.85881012620884	0.669246906130241	0.935881311360394	"PVP01_0525900"
-1.8233991881715	6.22965810940846	0.201706587667052	0.614355412619611	"PVP01_0526000"
-1.65968549373316	6.48452353782387	0.293606884366266	0.73012785534507	"PVP01_0526200"
-0.143382924478803	5.58309789935181	0.932033426656291	0.988187177895704	"PVP01_0526300"
0.543229123373267	8.13734111746371	0.613399563664853	0.911999330826618	"PVP01_0526600"
0.314507491438292	5.02208515464153	0.864869310699749	0.976262081508655	"PVP01_0526700"
0.32857956723618	7.9197647273799	0.779484494560899	0.966602218360234	"PVP01_0526800"
0.0539957598363087	4.6599961725484	0.982058816202576	1	"PVP01_0526900"
0.152871251661217	4.94653223435963	0.927838075482593	0.987200716268427	"PVP01_0527300"
1.09124448128079	6.69914905103306	0.417906724939441	0.819765571768317	"PVP01_0527400"
-8.7011280710901	4.45313624780857	0.000554047688064669	0.00607908021604263	"PVP01_0527500"
-1.59913755473601	6.78245933090507	0.304916162399312	0.740797046121337	"PVP01_0527600"
-0.519713846812867	8.9974219747014	0.593727980049476	0.908322917743134	"PVP01_0527700"
0.797218848919484	5.32927678862394	0.638728916589545	0.92390307141293	"PVP01_0527800"
-9.47166156951089	5.15809307686399	0.000671517389538766	0.00633183769570987	"PVP01_0528000"
-0.6479109224949	5.99798698229293	0.67521231119807	0.937685238849595	"PVP01_0528100"
-2.60448265092202	7.19715858185027	0.103615315666313	0.421301393528309	"PVP01_0528600"
-0.45159748891421	5.71094821912467	0.780233477049311	0.966602218360234	"PVP01_0528700"
-0.879115235872674	7.18880206102216	0.48651947772851	0.853801841940968	"PVP01_0528800"
0.453975474100101	6.25934394236711	0.795839567523068	0.968806807343265	"PVP01_0529000"
-7.03400991693406	6.41140691457649	0.000585888014480727	0.00607908021604263	"PVP01_0529100"
-0.965543464109575	8.35525053033557	0.443945898124623	0.833369173364423	"PVP01_0529300"
-0.743762920038775	6.61451233180329	0.608618689931914	0.911806087047099	"PVP01_0529400"
0.390530263929407	5.22887530961179	0.815027648594082	0.9721770429063	"PVP01_0529500"
-1.60051897321577	4.98986447904157	0.283560284474815	0.718295130360423	"PVP01_0529600"
0.442400540271985	6.24645532862847	0.79289109897555	0.967891339819726	"PVP01_0529700"
-0.735233748533224	9.94615999757023	0.439142843084713	0.830270530230532	"PVP01_0529800"
-9.32843820691733	5.02233966428791	0.000534813868129745	0.00607908021604263	"PVP01_0530100"
1.26504686314124	6.64178595470461	0.473030189158446	0.846314367477671	"PVP01_0530500"
-1.57874256375434	7.98603894348621	0.222556958290041	0.649319687081295	"PVP01_0530600"
-3.21715364083	6.13875047305957	0.0490711244939369	0.244327185728793	"PVP01_0530700"
-1.72255812605638	7.34605502308782	0.261838939968081	0.694045921303151	"PVP01_0530800"
0.376261596181202	8.19956873319724	0.718214383472921	0.948407019078849	"PVP01_0530900"
-1.22086301093959	7.1846105525317	0.328802775882682	0.765579574560674	"PVP01_0531000"
0.32187724753694	4.33813154381424	0.850242460904956	0.973855473858892	"PVP01_0531100"
0.791426559085598	6.74998913214576	0.602275629548101	0.910945313268297	"PVP01_0531200"
2.52898288208755	5.79210785089326	0.11801551080085	0.45641812665538	"PVP01_0531300"
-3.94584437149738	4.43402656865876	0.00946197504846056	0.063067192407174	"PVP01_0531500"
0.0434333769519688	5.6484450156851	0.992618501926673	1	"PVP01_0531600"
1.47053368149484	5.69044459835237	0.345930112350816	0.780043087239874	"PVP01_0531700"
-2.14853532195136	8.73427057528702	0.0993259651007483	0.40945862439052	"PVP01_0532000"
-9.20736009948563	4.91168069251344	0.000556880546188669	0.00607908021604263	"PVP01_0532100"
-10.3001386934272	5.93884211939943	0.000405341681269967	0.00607908021604263	"PVP01_0532300"
-8.35871544910638	4.14938350375535	0.000805927134818721	0.00697268888718199	"PVP01_0532800"
-8.6376785061443	4.39633593184724	0.000570215259221767	0.00607908021604263	"PVP01_0600900"
-7.10469689574325	6.47825743067923	0.000575393720660177	0.00607908021604263	"PVP01_0601200"
-9.44228626476395	5.127554206254	0.00061678049044408	0.00610017502444193	"PVP01_0601600"
-1.20693501025287	6.38022874933976	0.522567831431153	0.875307293029934	"PVP01_0601700"
-0.268428888362785	7.7457968352109	0.838870558095821	0.973855473858892	"PVP01_0602200"
-0.90027186871659	6.94558780357662	0.540880540953855	0.883146136088622	"PVP01_0602400"
1.96012231582586	5.57926780056728	0.209209881218454	0.626875734173494	"PVP01_0602500"
-1.38625853832965	5.12026612094418	0.411469940213435	0.81531753085952	"PVP01_0602700"
0.945473798778519	6.66401263359532	0.555554080037314	0.891478285859216	"PVP01_0602800"
2.50699242693802	7.07331597482474	0.103758389135745	0.421368012534174	"PVP01_0603000"
1.1354637657965	7.63804570718895	0.409257048225102	0.813621603345301	"PVP01_0603100"
-3.29966023033067	5.82675449922381	0.0499253989525519	0.247469265150801	"PVP01_0603400"
-1.04354919863961	6.35278099283432	0.525251398007989	0.876129126928433	"PVP01_0603500"
0.41248868968113	4.90307501918789	0.823192926665728	0.9721770429063	"PVP01_0603600"
-0.38162286179846	7.24372344612789	0.788326100108924	0.967257153156029	"PVP01_0603900"
-0.194599820445576	7.23389931164448	0.880259997755392	0.977144865702405	"PVP01_0604200"
-0.706233648376216	7.03823801111233	0.584139211626462	0.907024751573115	"PVP01_0604600"
-2.87980851727569	4.8362598958109	0.0509524414924189	0.250979007305146	"PVP01_0604700"
-0.794031778043439	6.56740062531231	0.608436205715378	0.911806087047099	"PVP01_0604800"
0.463523386172095	5.34939795270726	0.797351437438977	0.968946135384524	"PVP01_0605100"
0.169595640933488	5.0069359771871	0.930787382221904	0.987536253931069	"PVP01_0605700"
-9.38860980397291	5.0787831567559	0.000506257547630089	0.00607908021604263	"PVP01_0605800"
-8.84047488601378	4.57723987671428	0.000487663676817868	0.00607908021604263	"PVP01_0605900"
-3.09723291608661	4.79682971685549	0.0335637389524289	0.182705394035644	"PVP01_0606000"
-1.76073808704183	4.73555811450943	0.256780520021711	0.689998289266741	"PVP01_0606100"
0.659724165871207	6.70478432801719	0.651988843863123	0.928080097668	"PVP01_0606300"
-2.56289213057649	4.76947273678769	0.0799111336548257	0.353853062484908	"PVP01_0606400"
-4.37980350481826	4.80439038816725	0.00596531270585617	0.0405738856026127	"PVP01_0606500"
-9.49985044088395	5.18390566765698	0.000577470487169953	0.00607908021604263	"PVP01_0606600"
-0.272825448163684	5.19037761866855	0.860484168070682	0.976262081508655	"PVP01_0606700"
0.467581758991551	5.81006296691952	0.793556539498654	0.967891339819726	"PVP01_0606800"
-1.3868496019673	9.14704305539798	0.223134800110317	0.650154895648177	"PVP01_0606900"
0.876286569400147	8.11171952859632	0.418936531301223	0.82012999725933	"PVP01_0607000"
-10.4697760614154	6.10125705905259	0.000241966154614189	0.00607908021604263	"PVP01_0607100"
0.78414116370656	8.24048483257752	0.457575533744347	0.840920166101141	"PVP01_0607200"
-0.0812475915930441	4.61356553770149	0.946218759115329	0.990615931919683	"PVP01_0607300"
-0.268189813432569	7.71460068534382	0.814882438370808	0.9721770429063	"PVP01_0607400"
0.0608081003557553	6.356427106116	0.978111751594076	0.998337246405778	"PVP01_0607600"
0.561707547280029	6.3157374643345	0.747645044638951	0.956731613461862	"PVP01_0607700"
-0.35004318846606	6.36504376627983	0.82287937305268	0.9721770429063	"PVP01_0607800"
-2.47346959982505	6.20586988841386	0.114787658237621	0.447053572948861	"PVP01_0607900"
-9.17573948355388	4.881948864675	0.00044669784730834	0.00607908021604263	"PVP01_0608000"
-1.08527894927791	7.95814413769305	0.406671890174235	0.811725969579475	"PVP01_0608300"
2.28785618538138	7.17967112202424	0.1280404572162	0.478497259214699	"PVP01_0608400"
-8.71653548929691	4.46601237761948	0.000523843659633414	0.00607908021604263	"PVP01_0608500"
-1.29691303631993	8.96287228989386	0.206518544435432	0.621991263779398	"PVP01_0609100"
0.22225692445122	6.05845680935949	0.872263728954558	0.976414986395257	"PVP01_0609200"
-4.01487560028138	5.3024191645518	0.0146239448210174	0.0924700389252924	"PVP01_0609500"
-0.794087336072549	11.1075067195568	0.354217365539778	0.787232652211204	"PVP01_0610000"
-0.387882098076829	5.0100004269639	0.82983606682787	0.972892408752531	"PVP01_0610100"
-1.51263766616761	5.0114147906952	0.315515392435852	0.752963025051108	"PVP01_0610200"
-2.41026382655143	6.17153894360293	0.119165248382502	0.4597953783297	"PVP01_0610300"
2.05407461606016	5.35542801751791	0.205099118770731	0.620145153664956	"PVP01_0610400"
-2.78680858680261	5.73174298986083	0.0871763002555227	0.37220587246453	"PVP01_0610500"
-8.63765989055835	4.39535449167125	0.000594171513218024	0.00607908021604263	"PVP01_0610600"
-0.495935544758819	7.83131713435936	0.673056854100115	0.93590850275993	"PVP01_0610700"
0.799019821128483	5.60027693022423	0.648014655979015	0.928080097668	"PVP01_0611000"
-0.0874877281536283	4.70307280633419	0.951815217359932	0.990615931919683	"PVP01_0611200"
1.56480094481197	6.15882743655188	0.325460271487629	0.7633856579463	"PVP01_0611500"
-1.063715516925	7.17413643255967	0.399673068755785	0.809750336773611	"PVP01_0611800"
-0.566665956385202	8.30026203497752	0.613279761243382	0.911999330826618	"PVP01_0611900"
-0.740199115896842	5.9582314731938	0.604773618155288	0.911789619538403	"PVP01_0612100"
-3.73434109454393	9.9681394433283	0.000327262409571108	0.00607908021604263	"PVP01_0612400"
-1.79009690476803	5.18957494124959	0.274269584885293	0.708245837987954	"PVP01_0612500"
-2.02714671117533	4.73667218695861	0.202823011485776	0.616063320732137	"PVP01_0612600"
-0.356984045653565	6.14007386848496	0.839754729721502	0.973855473858892	"PVP01_0612800"
-1.57712702412028	8.69490672915071	0.162511070145772	0.555510605657593	"PVP01_0612900"
-1.63266198736664	4.50533319964362	0.241721906367053	0.672213261351854	"PVP01_0613100"
-10.9594933060009	6.57537810845607	9.754967108901e-05	0.00588361405105595	"PVP01_0613200"
-1.34639336605163	4.89634369008325	0.357758429743529	0.79003064732084	"PVP01_0613300"
0.234788151564122	5.97364099608413	0.88565822940267	0.97808542035144	"PVP01_0613500"
-1.6566888139311	4.64020077401125	0.24157915989434	0.672213261351854	"PVP01_0613600"
-6.67597820107151	8.68319742007567	0.00012943779736309	0.00607908021604263	"PVP01_0613800"
2.34460753132912	7.65430095244725	0.0464416213292667	0.234037625062335	"PVP01_0614100"
0.222788150978282	6.79226053988584	0.886241933732167	0.97808542035144	"PVP01_0614200"
-1.20604480305488	6.93090704605897	0.433657721799205	0.826251016119569	"PVP01_0614300"
-9.26183190204631	4.96160223771002	0.000477974955094486	0.00607908021604263	"PVP01_0614500"
1.62101309521587	5.25074170401919	0.236629109913403	0.665844686609119	"PVP01_0614600"
-0.525688099234953	8.24759726763749	0.625172252366529	0.919036371194839	"PVP01_0614700"
0.812327414260287	5.04522686313854	0.625057704427347	0.919036371194839	"PVP01_0614900"
-1.23963425751569	5.11074808396129	0.425289166106875	0.823827470280411	"PVP01_0615000"
1.55557960338257	5.99192739919051	0.318229313300722	0.754509457878518	"PVP01_0615100"
-2.03658197973718	5.10358703520269	0.200857962488214	0.613671585976952	"PVP01_0615200"
-1.47027826795629	5.42790063431494	0.33495405912169	0.770440664342145	"PVP01_0615300"
0.514907284902947	5.46423527924048	0.773026687996654	0.96580919268122	"PVP01_0615400"
-0.273783162418676	7.97681880518201	0.83339332579474	0.973126027228606	"PVP01_0615600"
-0.367965728058856	6.93137556906307	0.778866206982122	0.966602218360234	"PVP01_0615700"
3.18458171681968	8.50928252735989	0.00440371547981412	0.0309656610694752	"PVP01_0616100"
-8.96592434060236	4.69106485131674	0.000440716928809878	0.00607908021604263	"PVP01_0616200"
-2.16098493184509	7.71904420403049	0.134018599127526	0.491165254016968	"PVP01_0616300"
-9.1710620703197	4.87873916329587	0.000446373611521543	0.00607908021604263	"PVP01_0616400"
-5.16961906711088	7.93496527452432	0.000645728767599644	0.00620538981180903	"PVP01_0616500"
-0.355067518803519	6.71022505822566	0.812789685307802	0.9721770429063	"PVP01_0616600"
0.216713549576287	6.82564083547548	0.888393101112452	0.978409090827819	"PVP01_0616700"
-1.22366957051973	4.96478127028132	0.415381855629222	0.818148159486878	"PVP01_0616900"
0.974373043067278	7.87610809089111	0.387883987836325	0.808418899901381	"PVP01_0617200"
-1.27023311469252	5.37767215152305	0.456071639431539	0.840920166101141	"PVP01_0617400"
-1.05044641117042	4.77829831817527	0.46821647177096	0.844937846835472	"PVP01_0617500"
-1.62390746383222	5.44595852732115	0.302768475472556	0.739359727916095	"PVP01_0617600"
-3.09622247340382	5.02668693115871	0.0649873301795993	0.306158442177546	"PVP01_0617700"
0.908336391736898	6.25537325387298	0.599502104763886	0.910945313268297	"PVP01_0617900"
-2.61041696464262	5.48018614080028	0.105235887563482	0.425291083883525	"PVP01_0618000"
-1.26436437047445	9.32889097529932	0.223631635978669	0.650674446635321	"PVP01_0618200"
1.86457439283969	6.8328953006678	0.170802792838598	0.566754174528578	"PVP01_0618300"
1.91211301184677	5.7445376623533	0.279806084860316	0.713677176568567	"PVP01_0618500"
-2.46371842132911	5.736177924432	0.129500715696546	0.48232853349016	"PVP01_0618600"
-0.863309850067584	6.13077912955324	0.57849399320002	0.903230458422543	"PVP01_0618700"
0.731330196920821	7.13949561257846	0.607789184081252	0.911806087047099	"PVP01_0618800"
0.614573410654715	6.75685628552188	0.69635257006475	0.943408817937009	"PVP01_0619000"
-1.32099852558057	5.76810476556681	0.441842094771074	0.831550362298024	"PVP01_0619100"
-0.120900694620518	6.13736782642112	0.939833910906157	0.990209237074837	"PVP01_0619500"
1.3646673210974	7.58533655322298	0.325704804349074	0.763420845148005	"PVP01_0619600"
0.309470055710579	6.14078286106003	0.862812218071752	0.976262081508655	"PVP01_0619900"
-1.30910182101788	8.49674336918359	0.224493781931098	0.650779138069579	"PVP01_0620000"
1.53968607075859	6.78972689751633	0.296943327741343	0.733139303023144	"PVP01_0620100"
-11.7604454460154	7.35949487376557	3.61455514582549e-06	0.000429357514821985	"PVP01_0620300"
-5.74049809226531	5.36681359454251	0.00357643680305481	0.025803099364339	"PVP01_0620400"
1.22035474520036	5.29947651433702	0.395475377137739	0.808418899901381	"PVP01_0620600"
-8.39203568088155	8.90857714966718	4.24527329874802e-08	1.61075991585426e-05	"PVP01_0620800"
1.17434685700155	5.30507502767501	0.490188822889921	0.854190752386145	"PVP01_0621000"
1.24399633820703	6.12763844920867	0.434385201689535	0.82639717704221	"PVP01_0621100"
2.36437761653678	7.28377128563285	0.0740675051068695	0.336691637163088	"PVP01_0621200"
-0.215339275784261	8.73804035703776	0.833684402385481	0.973126027228606	"PVP01_0621300"
-0.578333899309132	8.02601473039728	0.660156362456736	0.931557090170176	"PVP01_0621400"
-1.61011100634442	6.48830729116599	0.309168787849126	0.746114974203663	"PVP01_0621500"
-2.13544451168762	8.31484964541254	0.0929974550943248	0.392903324052372	"PVP01_0621700"
-0.0221586210299958	7.11676844394163	0.987969969882079	1	"PVP01_0621800"
-1.31940444981835	8.83840319135319	0.201567785254069	0.614355412619611	"PVP01_0621900"
-1.69782002944034	6.5383655722992	0.303876721056669	0.739893099732416	"PVP01_0622000"
0.903188852895656	7.15571089313668	0.475031199373917	0.847999774146638	"PVP01_0622100"
1.05006478953749	7.67547367018074	0.439599039006605	0.830270530230532	"PVP01_0622400"
-0.0979094003786217	6.25230985259692	0.954376891236582	0.991955481329022	"PVP01_0622500"
-10.2951623800866	5.93443827444054	0.000280437223858127	0.00607908021604263	"PVP01_0623500"
-7.65885449148394	7.19273174708448	4.35159570826368e-05	0.00307944836716702	"PVP01_0623700"
2.60568612877124	7.61037927743734	0.0574950066768908	0.279165536069108	"PVP01_0700100"
-8.52794983793289	4.2989458733537	0.000617978632077886	0.00610017502444193	"PVP01_0700800"
-4.67575154647415	8.98607539947281	0.00129516439724689	0.0103302560797198	"PVP01_0701100"
-5.65498474714037	9.71321538332193	0.000114605147346529	0.00607908021604263	"PVP01_0701200"
-3.31592413574284	7.15866050399666	0.0277437973697354	0.156931751788673	"PVP01_0701400"
1.09047282068955	5.99658882166228	0.535811111702273	0.880488022490989	"PVP01_0701500"
-4.34868972691616	5.88042381500835	0.0114584170222431	0.0747268529725106	"PVP01_0701600"
1.25863723093557	9.98633452610996	0.174656303249705	0.572886454249033	"PVP01_0701700"
0.191186072542953	9.16390587521219	0.843775229113448	0.973855473858892	"PVP01_0701800"
-4.22582146136043	6.37335517902405	0.0145277350686572	0.0920366606444833	"PVP01_0701900"
-1.65819847501827	6.50833404244635	0.31549491625964	0.752963025051108	"PVP01_0702000"
0.414186909024416	8.26434078405898	0.701757951312396	0.944284020426997	"PVP01_0702100"
-1.28298665708559	5.42266890587575	0.365330156651788	0.793213823452884	"PVP01_0702300"
-0.614806946214026	6.85114807507216	0.677059493824854	0.938798138905937	"PVP01_0702400"
-0.934269060819321	6.45072590520885	0.58561371189812	0.907067284917359	"PVP01_0702500"
-2.675454932566	6.12573391942949	0.120519169866678	0.462337668946448	"PVP01_0702800"
-1.20367359803773	7.02036361509678	0.402191243016912	0.81013900069329	"PVP01_0702900"
-4.63013387084217	7.85668877110542	0.00200123991782462	0.0153014344061717	"PVP01_0703000"
0.258586441797	7.41902913686433	0.855144038581676	0.974594286529549	"PVP01_0703100"
-9.28217762074716	4.98051902099029	0.00049404944900328	0.00607908021604263	"PVP01_0703200"
-0.182038516363518	7.45987126650944	0.88053245006181	0.977144865702405	"PVP01_0703300"
-0.402495706099468	4.99323451493256	0.783393753515024	0.967063983305328	"PVP01_0703400"
-0.0945674371459329	8.81992394569148	0.926194780674356	0.986825658511516	"PVP01_0703500"
1.5336152484171	7.47630047457571	0.200776642994382	0.613671585976952	"PVP01_0703600"
-9.66524908539318	9.03060369450754	2.21398717967937e-08	1.22728689326893e-05	"PVP01_0703800"
-10.1857720720676	5.83256529022401	0.000445789201247743	0.00607908021604263	"PVP01_0703900"
-1.99455021133823	7.2454296153567	0.151628045415097	0.531417153899485	"PVP01_0704200"
0.0372046739969398	7.72803329969559	0.975427466385304	0.997930407012464	"PVP01_0704300"
-0.695275675253487	7.23747373635926	0.590234519988059	0.90763246056946	"PVP01_0704400"
-2.69747507403117	6.28661264861666	0.0859692599311065	0.370744940109484	"PVP01_0704500"
-0.168198153872253	7.11135922005547	0.904844951069632	0.985614004730824	"PVP01_0704800"
0.66431076734949	10.7434437098212	0.451150234904147	0.837981868569367	"PVP01_0705100"
-8.51367900516844	4.28534934970453	0.000631779190458031	0.00614414499258307	"PVP01_0705300"
-1.25298813727001	6.27381434765948	0.414491687630017	0.81718989511407	"PVP01_0705400"
-2.41115370257898	5.66225460480361	0.114064929704245	0.445281638728074	"PVP01_0705500"
-1.31906117054478	5.72999408907633	0.395891510931448	0.808418899901381	"PVP01_0705700"
-1.13909479482057	6.75370051602955	0.482807401395225	0.849249576678799	"PVP01_0705900"
-0.745436817153666	6.62288063571755	0.640085140969568	0.924016446296829	"PVP01_0706000"
-1.38359294416443	6.22703135930225	0.397628280517523	0.808418899901381	"PVP01_0706100"
-1.9181233754658	6.05369479640076	0.242191229086075	0.672394013305748	"PVP01_0706200"
2.30654011101487	7.12030015906464	0.0727949825257947	0.333034541789262	"PVP01_0706300"
-6.99707452434762	6.55818702372244	0.000650344053343191	0.00620538981180903	"PVP01_0706500"
-1.12851488170915	6.31810515483423	0.464597811158486	0.843719086379954	"PVP01_0706600"
-1.59759856011911	8.55618556509637	0.128931710081338	0.480747609563376	"PVP01_0706700"
-8.6457214669309	4.40341676506237	0.000559956583102888	0.00607908021604263	"PVP01_0706800"
0.0764509142292443	6.62708890837118	0.961309544257019	0.994989268552005	"PVP01_0706900"
-1.0613496143696	6.31200213782366	0.507207251207986	0.869124841585658	"PVP01_0707000"
0.407780002117418	5.19040085699667	0.821005505496897	0.9721770429063	"PVP01_0707100"
-0.134266406583744	6.47052811585414	0.938932467806065	0.990209237074837	"PVP01_0707400"
1.25956284181297	5.54491731005266	0.470936557991994	0.845355913141582	"PVP01_0707500"
0.6673779954781	8.35906395819884	0.532031668082166	0.879235267505977	"PVP01_0707900"
0.63013299853417	7.00016596980908	0.664784092634153	0.933294923591082	"PVP01_0708100"
-1.64786721236105	7.01789268298846	0.258468995119827	0.692429992076498	"PVP01_0708200"
1.61120354632493	6.86434131193831	0.236063831604274	0.665520098645527	"PVP01_0708400"
-1.12104935941962	8.51104532351292	0.283307574613776	0.718295130360423	"PVP01_0708600"
-0.612621660736835	9.19700878669645	0.525686706918167	0.87640801363901	"PVP01_0708700"
-9.55525806524579	5.23526556568751	0.000585597377445234	0.00607908021604263	"PVP01_0708800"
-0.654706487290916	7.69498247243946	0.573980594704852	0.900353036664077	"PVP01_0708900"
-0.237777188853718	7.28392107736602	0.865272545496339	0.976262081508655	"PVP01_0709000"
-1.99628567800698	5.93335077009722	0.203369540794019	0.617159756095718	"PVP01_0709100"
-8.38011019311361	4.16760509926107	0.000806472941844111	0.00697268888718199	"PVP01_0709500"
-4.39421247007732	7.466191741254	0.00542443939337646	0.0375868446299377	"PVP01_0709600"
0.770504903173392	6.3173102769864	0.624282663033725	0.919036371194839	"PVP01_0709700"
1.46836735858933	7.95256705967864	0.285216283742851	0.720362637445625	"PVP01_0709800"
-1.85451984297672	5.94257689824699	0.240266864115474	0.670409052053748	"PVP01_0710100"
-3.3685461188649	5.66631689679057	0.035670556374332	0.191047134462203	"PVP01_0710200"
0.523250168012489	7.63138363229078	0.702725846889081	0.944284020426997	"PVP01_0710400"
0.384772172834038	5.19599192647219	0.804308494338736	0.9721770429063	"PVP01_0710500"
1.62415036889079	5.41677261637813	0.303493344643526	0.739500999475726	"PVP01_0710600"
0.248115845022759	6.44601551510119	0.876486377178714	0.977144865702405	"PVP01_0710800"
-0.614885060248339	5.91628551442711	0.719476522834678	0.948465681707546	"PVP01_0711300"
-2.39869728206297	8.27808737135966	0.034642451258846	0.187350882742962	"PVP01_0711600"
-0.993252299636429	5.66338049148627	0.521807903876214	0.875307293029934	"PVP01_0711700"
-1.47420115009955	4.81390482749858	0.302382090064789	0.738958730018727	"PVP01_0711900"
-10.2300650086396	5.87164755448487	0.000311689569499438	0.00607908021604263	"PVP01_0712100"
-1.71877496466155	6.60817689322206	0.285991550479989	0.720612043103366	"PVP01_0712200"
-0.310774952890108	4.9911490798916	0.834427910527112	0.973126027228606	"PVP01_0712400"
-4.43047263292555	5.69281926741853	0.0130260525016185	0.083316635808429	"PVP01_0712500"
-0.436400824209536	6.08339432329599	0.776352122029436	0.966602218360234	"PVP01_0712600"
-1.22250398030915	4.7297361829154	0.396188110044052	0.808418899901381	"PVP01_0712700"
-5.29750837090793	7.4666724525212	0.000579589425938082	0.00607908021604263	"PVP01_0712800"
-2.23260099002476	6.13664456069422	0.191759718271607	0.5994293448979	"PVP01_0712900"
-0.311636614121023	6.10203973131952	0.851456955580189	0.973855473858892	"PVP01_0713000"
-1.18150063365615	10.0131935473954	0.227007328860985	0.654248854542442	"PVP01_0713100"
2.21300071065955	6.50633936213623	0.127547275064945	0.477691976713556	"PVP01_0713200"
-0.177274974847656	6.74966129942298	0.916582564216033	0.986140811278897	"PVP01_0713300"
-1.83817213740064	5.24674859343472	0.237484051541223	0.666558612173932	"PVP01_0713400"
1.4379461909109	6.35705526381532	0.378128115068036	0.804961335716271	"PVP01_0713500"
-3.17832149472582	4.86312559691679	0.032562147376611	0.179011077974559	"PVP01_0713600"
-1.17362378805764	8.9293429802259	0.26116876361431	0.694045921303151	"PVP01_0713800"
0.0383301793203808	5.32949750305829	0.990708492755425	1	"PVP01_0714100"
-1.74477182797183	6.18701782168224	0.294697254661139	0.730159064854585	"PVP01_0714400"
0.325799928457104	4.97224323892298	0.830222320994485	0.972892408752531	"PVP01_0714500"
-1.29832649917099	5.50007829444176	0.412256419803401	0.815463531662946	"PVP01_0714600"
-8.34227865927411	4.13594140755174	0.000863296366758445	0.00725081746423886	"PVP01_0714700"
-9.78139503588318	5.44524638635602	0.000539515057579184	0.00607908021604263	"PVP01_0714800"
-9.39751833544469	5.08697071465302	0.000538688171714626	0.00607908021604263	"PVP01_0714900"
-1.58521180031588	8.42457530831474	0.15647768557393	0.542695289070793	"PVP01_0715100"
1.20443080195132	6.29297880702828	0.444636197526394	0.833369173364423	"PVP01_0715200"
-9.55874357250754	5.23644332016432	0.000554492685754386	0.00607908021604263	"PVP01_0715400"
-8.63090367046544	4.38961644440502	0.000622668907846662	0.00610913506636578	"PVP01_0715500"
-8.61041756438424	4.3713867910302	0.000544369207340622	0.00607908021604263	"PVP01_0715600"
0.321783719284703	5.20194163788181	0.828056139361942	0.972498135422959	"PVP01_0715700"
-1.06207625734478	7.22453269185433	0.434843168490264	0.82639717704221	"PVP01_0715900"
1.42495664239272	6.05484165406051	0.414121440207219	0.81718989511407	"PVP01_0716000"
1.40969795001104	6.36427428251817	0.379408061139654	0.806067269462293	"PVP01_0716200"
-0.732685555032611	10.1574053989132	0.440532789229538	0.830619079919185	"PVP01_0716300"
-2.58265106760272	9.13134799303102	0.0175628077980803	0.106789577214653	"PVP01_0716400"
2.24179395304189	6.27894750401112	0.164385440165309	0.558473926445166	"PVP01_0716500"
1.86778157163804	6.50958444563375	0.261402357866422	0.694045921303151	"PVP01_0716600"
-1.09218388918973	6.99697747904242	0.444399744522856	0.833369173364423	"PVP01_0716700"
-0.800367979946863	7.80059483156588	0.549410723532159	0.888021676245571	"PVP01_0716900"
-1.87807620559869	6.6553712141547	0.262816642078571	0.69430353578501	"PVP01_0717000"
-3.39597229702745	7.28096054505283	0.0233908233406639	0.137209662135888	"PVP01_0717100"
0.337223280477985	5.22078171985553	0.855333951407022	0.974594286529549	"PVP01_0717200"
2.46394109528892	6.88829513878608	0.119324565082752	0.459876597294592	"PVP01_0717300"
-2.78004162588799	7.01039602200404	0.0638754069197549	0.301775004851001	"PVP01_0717400"
-1.82865355216418	7.76138857170527	0.171366989823322	0.567183348915617	"PVP01_0717500"
-3.60688941605195	5.6411309094573	0.0330195673154156	0.180576006935476	"PVP01_0717600"
-8.45451057295936	4.23435500171091	0.000693269577766258	0.00643782063699008	"PVP01_0717800"
-8.69211581128799	4.44477074878189	0.000559068952001967	0.00607908021604263	"PVP01_0718000"
1.57526865078812	6.29745065279398	0.379525358983148	0.806067269462293	"PVP01_0718100"
-1.17016259464404	7.90991481471417	0.310382179316381	0.746964431757544	"PVP01_0718200"
-4.28832254412124	6.97423184849295	0.00904387892862336	0.0606450429770188	"PVP01_0718300"
-3.09596446945017	8.01754643566922	0.0203697624243999	0.121852211912867	"PVP01_0718400"
0.0165491166731114	6.92612748506208	0.99343072352701	1	"PVP01_0718600"
0.385366419452631	5.30603161185314	0.823818352415126	0.9721770429063	"PVP01_0718800"
-9.42223679663658	5.10889820956513	0.000534525610454323	0.00607908021604263	"PVP01_0718900"
-9.07339582541672	4.78907973937374	0.000441203584198632	0.00607908021604263	"PVP01_0719000"
-0.660025435806878	7.250794835315	0.681500162625665	0.939603760773911	"PVP01_0719100"
-2.28068213289318	6.64814314106207	0.166182272620828	0.559152117552595	"PVP01_0719200"
-2.68082575183417	4.51761635697583	0.0798689199657877	0.353853062484908	"PVP01_0719500"
-9.25512782789925	4.95567217730518	0.000471855286955867	0.00607908021604263	"PVP01_0719600"
-0.175386963966978	6.25952405399618	0.908939168559998	0.985614004730824	"PVP01_0719700"
1.8594691047626	6.72712690137172	0.296314987659446	0.732746207401723	"PVP01_0719800"
-0.338276502861171	5.84660221020597	0.839767320087813	0.973855473858892	"PVP01_0720000"
-2.50612946087819	6.52681162467831	0.131570424846172	0.486396935188061	"PVP01_0720100"
0.209189024073292	5.53900063612888	0.895143131274943	0.982301734364931	"PVP01_0720400"
-1.39654581426619	7.84766733917015	0.299168819168178	0.73597299745071	"PVP01_0720600"
-0.495331813204157	8.60858135594784	0.693518173819191	0.941675761045462	"PVP01_0720700"
-1.3320248423186	9.75254137645322	0.164322822224795	0.558473926445166	"PVP01_0721000"
-9.01385963828846	4.73464246837984	0.000425757722881967	0.00607908021604263	"PVP01_0721100"
-1.77282438631975	3.99282198331377	0.193492589827299	0.601702588060641	"PVP01_0721200"
-1.18475165114034	7.2285576152422	0.390453914754892	0.808418899901381	"PVP01_0721300"
1.13865067749889	5.60530680586927	0.507912091481015	0.869436755669509	"PVP01_0721500"
-8.81146044728349	4.55069088876293	0.000499974824015163	0.00607908021604263	"PVP01_0721600"
-10.1144494586318	5.76041873592027	0.000369957150450924	0.00607908021604263	"PVP01_0721700"
-2.91467755199515	5.21575580453373	0.0680890007893591	0.316732890385186	"PVP01_0721900"
-9.63659628933994	5.3086696194476	0.000961943970738965	0.0079193704125688	"PVP01_0722000"
2.06945951817778	6.62339793768705	0.213017656244839	0.634285339901822	"PVP01_0722100"
0.788746974247842	5.65439299144172	0.616363714303253	0.913558695977103	"PVP01_0722300"
0.601364398396276	8.48694096293547	0.59026127847617	0.90763246056946	"PVP01_0722400"
0.558097368823197	6.8912413288931	0.715225530559292	0.948334927187312	"PVP01_0722500"
-0.675641283022107	5.26801651057863	0.654901981126517	0.928080097668	"PVP01_0722800"
0.717458437999345	7.25466908649895	0.581541147530089	0.905103348940139	"PVP01_0722900"
-2.00551083267083	5.0040137289991	0.184207268182742	0.587978285965258	"PVP01_0723100"
1.14056487223628	7.00021661808637	0.370758766544568	0.797407416511259	"PVP01_0723700"
1.2252119224265	6.38098160867077	0.398785977249515	0.809250860483153	"PVP01_0724000"
-1.44645686275356	7.09743469463221	0.330685511663188	0.768112170754238	"PVP01_0724200"
0.21958647807334	4.99144449098758	0.893998252096903	0.981656713923506	"PVP01_0724300"
-0.254793199081268	7.80087505947657	0.81860292193632	0.9721770429063	"PVP01_0724400"
-8.69935855375571	4.44981724838928	0.000557171210672006	0.00607908021604263	"PVP01_0724500"
-0.365866947693972	7.74105150101366	0.7724928648746	0.96580919268122	"PVP01_0724600"
-0.892023930665034	5.95561615080867	0.572168786123557	0.899463038262615	"PVP01_0724700"
-9.67825421032115	5.34900468178851	0.000504732016650227	0.00607908021604263	"PVP01_0724900"
-1.29050971340953	6.04515114963838	0.429212395058084	0.82517943697294	"PVP01_0725000"
-1.53261406381574	5.66527873218967	0.337864905468608	0.772567629821829	"PVP01_0725200"
-3.26236787476195	5.14991667907034	0.0395685114860652	0.207251762523863	"PVP01_0725500"
-0.686211297496271	6.37892075379876	0.655760434097555	0.928110299492965	"PVP01_0725600"
-1.36375413456305	4.54491079407026	0.334401485993889	0.770440664342145	"PVP01_0725700"
1.12693852493885	5.82379200490093	0.420289588964336	0.820165733189825	"PVP01_0725800"
-3.36552153556116	5.08836757373806	0.0431716040090085	0.222034794197745	"PVP01_0726100"
-8.95941080815812	4.68522661254419	0.000460053435031014	0.00607908021604263	"PVP01_0726200"
-2.62885271030406	5.38296882430568	0.0997671494302493	0.409661159265443	"PVP01_0726300"
-2.09848029340331	6.14535600530684	0.201909262921693	0.614410071800139	"PVP01_0726400"
-3.90173744421384	4.86516423922226	0.0135572658312336	0.0862169524946135	"PVP01_0726500"
-1.3910660441905	6.19581236403008	0.413005628886928	0.815710642326557	"PVP01_0726800"
-0.14342686384025	6.53698585116859	0.928912613687912	0.98739640560115	"PVP01_0727000"
-2.82249174146899	7.62718421053076	0.0269928011543081	0.153729549039775	"PVP01_0727200"
-1.11117156316947	4.73990188096706	0.436752398775672	0.828658572919501	"PVP01_0727300"
-1.28919129202955	4.32356653742459	0.309572659170492	0.746114974203663	"PVP01_0727400"
0.0990147590938896	6.32614089388723	0.945166150838883	0.990615931919683	"PVP01_0727500"
-8.38588219597282	4.1730336035068	0.000742491996376357	0.0066822981937659	"PVP01_0727600"
0.0639321866708413	6.20621268785331	0.96492056493046	0.996369060188137	"PVP01_0727700"
-3.96026909643953	9.25259902544223	0.0030268328359836	0.022028984710025	"PVP01_0727900"
1.70197588045905	5.90582882407411	0.31536829055099	0.752963025051108	"PVP01_0728200"
-1.12376996503055	5.43226603526288	0.478784657159681	0.848847425220203	"PVP01_0728600"
-6.6911737757823	12.7057960628358	2.42928252580198e-09	3.58259458350228e-06	"PVP01_0728900"
-0.904560183366564	6.99161128691936	0.53081956767729	0.87910086107276	"PVP01_0729000"
-2.74578396044202	6.98012986405432	0.0747286041261748	0.338159642617221	"PVP01_0729100"
1.87945908743013	6.83405080874738	0.233226864027534	0.662597411052871	"PVP01_0729200"
-2.12006063438442	4.73315265844913	0.133017638635451	0.490380156776292	"PVP01_0729300"
-0.640400055513358	9.28482633658664	0.573547328058758	0.900244649893076	"PVP01_0729400"
0.147458365494906	5.89165284471862	0.932416179050931	0.988277951409623	"PVP01_0729600"
-1.4711128263976	5.76853313710633	0.364769703052154	0.793213823452884	"PVP01_0729700"
-0.235100302062095	7.251776019307	0.851581774799443	0.973855473858892	"PVP01_0729800"
-9.83687656447253	5.49728963037886	0.000466228676724324	0.00607908021604263	"PVP01_0730000"
0.973221577601165	5.96635311694722	0.575361335975725	0.900664770550813	"PVP01_0730100"
-0.381689842757914	6.06884591576053	0.811181227191578	0.9721770429063	"PVP01_0730200"
-2.14524038368608	5.30691426053188	0.169226189353615	0.565674679186055	"PVP01_0730500"
-1.46658218364089	5.05713204718035	0.334397815503178	0.770440664342145	"PVP01_0730600"
-9.74557540108067	5.41461399186928	0.000579311151198671	0.00607908021604263	"PVP01_0730700"
0.600886410713716	6.81784993364077	0.692562671359858	0.941675761045462	"PVP01_0730800"
-0.861461774263742	7.62072908171787	0.500825214974932	0.864423801248897	"PVP01_0730900"
-11.0799090735489	6.69282845032375	5.95155346434245e-05	0.00403976873926591	"PVP01_0731000"
-1.14754985638984	7.23773939724645	0.352083126889137	0.785925154384744	"PVP01_0731500"
-8.1822921421188	3.9970283833845	0.00109866939270932	0.00891262048817363	"PVP01_0731700"
-3.64547997335223	4.65008716239691	0.0159750734262847	0.0993141947959305	"PVP01_0732200"
-1.72894828376676	6.2729531038858	0.262083345023006	0.694045921303151	"PVP01_0732300"
-1.10951478047605	4.82976022097324	0.470969484982367	0.845355913141582	"PVP01_0732600"
-1.04697004238749	5.73006620085652	0.54794775647226	0.887197042587732	"PVP01_0732800"
0.354994242032668	5.57969884075976	0.815716280355893	0.9721770429063	"PVP01_0732900"
-0.587692360413875	4.98983101151491	0.680057204424353	0.939287932664317	"PVP01_0733000"
0.763281508496661	4.67898451787712	0.589033816425696	0.90763246056946	"PVP01_0733100"
-9.49199681764211	5.17544701636496	0.00056116931974962	0.00607908021604263	"PVP01_0733200"
-2.32068407378474	7.40117166900762	0.0623970386251872	0.296475072096247	"PVP01_0733400"
-2.56679204136968	5.73638625619601	0.11727367901803	0.455136821953287	"PVP01_0733500"
-0.469011034564264	4.98057126408255	0.753777156512747	0.959960246405132	"PVP01_0733900"
-2.73937113899427	6.76927011443654	0.111830292114514	0.439654316279994	"PVP01_0734300"
-3.7450215431551	7.57532258598932	0.0170174174708011	0.104620943637494	"PVP01_0734500"
-5.69645885541394	5.15983336634867	0.00214693793671818	0.0163030036016545	"PVP01_0734600"
-9.5786395537967	5.25534084388993	0.000891553165210696	0.00739477762466527	"PVP01_0735000"
-8.97018909034843	4.69604209789404	0.000474118369460613	0.00607908021604263	"PVP01_0735200"
-7.28579514193713	10.2636690786389	1.42970963771137e-05	0.00118329478489605	"PVP01_0800700"
-5.87692886147128	7.98137498557126	0.000170695426210815	0.00607908021604263	"PVP01_0801100"
-8.92461074549054	4.65284322507841	0.000457205805275998	0.00607908021604263	"PVP01_0801200"
0.405138628342475	14.6797748572431	0.606327660410616	0.911806087047099	"PVP01_0801900"
0.151290294465307	8.65831755744389	0.887155582225779	0.97808542035144	"PVP01_0802200"
1.15308238932451	5.66097527158665	0.457698543276878	0.840920166101141	"PVP01_0802300"
0.0358524748350858	6.40442427097852	0.979588484872258	0.999114167643401	"PVP01_0802400"
0.684493047788755	7.08177537261323	0.678127893584341	0.938989747735853	"PVP01_0802500"
0.256432927167207	8.6408695939712	0.79923700261099	0.969713735494661	"PVP01_0802600"
-1.00886270775479	7.15101167676728	0.47765161131358	0.848847425220203	"PVP01_0802700"
-1.06502420618532	7.01839610463905	0.460107532284918	0.843078756019371	"PVP01_0802900"
-1.74135569991587	5.59415779407514	0.281080333792745	0.715008133635574	"PVP01_0803100"
-3.48801555336383	5.53013627936105	0.0447790989693017	0.227239946909699	"PVP01_0803200"
-0.573117253313818	8.59183029162423	0.586237750468954	0.907288170707626	"PVP01_0803300"
-5.30673342124713	10.7910819638867	0.000331679377538319	0.00607908021604263	"PVP01_0803400"
-0.352233510492516	6.63336797244397	0.811137918718129	0.9721770429063	"PVP01_0803500"
-0.564235180063683	6.44688318920967	0.731942126917862	0.951307129939058	"PVP01_0803600"
-0.997650839274193	8.84527988671152	0.357728121690205	0.79003064732084	"PVP01_0803800"
-0.346833332501711	6.5487866096628	0.814032372404819	0.9721770429063	"PVP01_0803900"
0.544775446947726	5.89577416357041	0.75948058272561	0.96119955028363	"PVP01_0804000"
-2.28432796443689	6.01616798231876	0.164572708474938	0.558539620803717	"PVP01_0804100"
-1.98797548246764	6.48985743008774	0.232683851667179	0.662591173497465	"PVP01_0804200"
-9.29349465208651	4.99096927366716	0.000484625001416343	0.00607908021604263	"PVP01_0804600"
1.05611190669636	5.85667301581342	0.461507142643802	0.843162878387255	"PVP01_0804700"
2.36279921111069	7.26751231652428	0.0664943308852159	0.310618180511556	"PVP01_0804800"
-1.21435255681776	6.73246906242163	0.427819855084768	0.824886282905471	"PVP01_0805200"
0.283404205527711	5.28725350848551	0.856365148091242	0.974767447827334	"PVP01_0805300"
1.17402623555194	5.42339976759884	0.492119866390345	0.856062068835925	"PVP01_0805400"
-9.58332420815954	5.26036069600461	0.000821673618624767	0.00702597635781029	"PVP01_0805500"
-1.48637193407305	5.28246836967808	0.339376944446739	0.773658476511209	"PVP01_0805600"
-1.75828747178649	7.55403492419823	0.188583484641403	0.597360638016482	"PVP01_0805900"
1.76748194509264	7.21834044583716	0.223803838530008	0.650674446635321	"PVP01_0806400"
-1.10924502119928	9.45773360986178	0.254992234182609	0.689217919285149	"PVP01_0806500"
-2.85853228559427	6.1084433486029	0.0712879670031013	0.327944368260463	"PVP01_0806600"
1.98632638371099	7.26887722058125	0.116804646439504	0.45437690533075	"PVP01_0806700"
-9.06886996943285	4.78441757213748	0.000418168796453337	0.00607908021604263	"PVP01_0806900"
-10.4717508087881	6.10468928117781	0.000259872154096062	0.00607908021604263	"PVP01_0807000"
-2.73540107513415	5.58340171112764	0.0929547427738765	0.392903324052372	"PVP01_0807100"
1.46177399190012	6.21550615882364	0.372126887677302	0.798512276396585	"PVP01_0807300"
0.172273963564546	7.47017493707294	0.904021167759603	0.985614004730824	"PVP01_0807400"
1.97203971998132	5.54199806291061	0.166634735512877	0.559825384157404	"PVP01_0807500"
-0.0570185461380427	8.08334859293943	0.958839005986694	0.994108021792938	"PVP01_0807600"
-4.93774911447415	8.2983111276424	0.000807121233182522	0.00697268888718199	"PVP01_0807700"
0.0173039525706801	9.9575990248938	0.985184072046651	1	"PVP01_0807800"
-0.576917142517835	6.70854465956484	0.702117115263563	0.944284020426997	"PVP01_0807900"
0.331634840590027	8.47892198412387	0.756575553068234	0.960813398054581	"PVP01_0808100"
0.257369716421095	6.5428263508991	0.858742693413646	0.976137456696441	"PVP01_0808200"
-0.301383177506169	8.20064836059765	0.778680042388674	0.966602218360234	"PVP01_0808400"
0.898421604130995	8.39680470291927	0.501251083632635	0.864707478359528	"PVP01_0808500"
-9.04531513092375	4.76266180840388	0.000426230822634113	0.00607908021604263	"PVP01_0809000"
1.58331372449578	6.66796613665444	0.250864815974219	0.683365527040588	"PVP01_0809200"
-1.29054365703573	5.73115604835314	0.422251822526326	0.820812134262162	"PVP01_0809300"
-9.76310647964088	5.42750621791695	0.000493701061416671	0.00607908021604263	"PVP01_0809400"
-8.96072263176813	4.68567137665934	0.000517821625773693	0.00607908021604263	"PVP01_0809500"
-1.80573356241165	4.58948177999662	0.23529891300043	0.664914345488047	"PVP01_0809800"
-0.89980876433376	7.95195786597539	0.52998742612704	0.87910086107276	"PVP01_0809900"
-1.05973866205958	5.28714868787941	0.493324015995647	0.857260019436533	"PVP01_0810000"
1.52934160198844	5.89083036060552	0.333952831746543	0.770440664342145	"PVP01_0810100"
0.821152306432351	6.37179762009643	0.602242933346187	0.910945313268297	"PVP01_0810200"
-2.24867138398874	6.19402025788947	0.145789031250704	0.519022468991754	"PVP01_0810300"
-8.31795702041229	4.11393765500284	0.000830492695138833	0.0070826120616199	"PVP01_0810400"
-0.228276522109945	7.30711821938664	0.85279045647365	0.973855473858892	"PVP01_0810700"
-1.26928547789416	5.88112650049097	0.462395998249655	0.843162878387255	"PVP01_0810900"
-2.70093305013599	6.1638763608842	0.105960185548874	0.426662926314231	"PVP01_0811200"
0.395487479382519	8.08275485324246	0.766356734483233	0.962879610217051	"PVP01_0811300"
-0.77802974900311	6.5958393278238	0.634990202895306	0.923067051936097	"PVP01_0811400"
-0.196331462555695	7.55409825047705	0.884394477169617	0.977904409341537	"PVP01_0811500"
0.851617729005088	5.68269939434171	0.589274036721073	0.90763246056946	"PVP01_0811600"
0.902838053825193	5.31741449069956	0.558381298027652	0.891478285859216	"PVP01_0811700"
-0.556385949427372	7.80415020855397	0.629962981385694	0.920239385699032	"PVP01_0811800"
-0.809126535076184	10.6266466262722	0.358079801748959	0.79003064732084	"PVP01_0811900"
-8.63128249906105	4.38962659379481	0.000604962945365736	0.00607908021604263	"PVP01_0812000"
0.102890764185908	5.62033436587644	0.950046808684581	0.990615931919683	"PVP01_0812100"
-9.08747243196892	4.80088949885621	0.000479539871927922	0.00607908021604263	"PVP01_0812200"
-11.0390955710896	6.65265132184077	0.000116514920363789	0.00607908021604263	"PVP01_0812300"
-0.497371467483594	7.44811364625808	0.672526959153081	0.93590850275993	"PVP01_0812400"
-4.84147957884907	7.52781659751987	0.00172118236165125	0.0134066804094896	"PVP01_0812500"
-9.76029089443655	5.42602353388183	0.000481516178320469	0.00607908021604263	"PVP01_0812700"
-0.24532006498648	6.74337265094816	0.869972728014841	0.976414986395257	"PVP01_0812800"
0.150975715930021	7.00656628594082	0.919536333497319	0.986140811278897	"PVP01_0812900"
-0.319912071099805	6.15536703292213	0.838937593934432	0.973855473858892	"PVP01_0813000"
2.38280269457496	6.5825037025167	0.145152514748535	0.517446156541936	"PVP01_0813100"
0.713220007501448	6.40048232559747	0.647513442150813	0.928080097668	"PVP01_0813200"
-0.954360653926925	7.20848813921175	0.447577933964942	0.836050227308732	"PVP01_0813300"
0.0370983991306628	7.64503540602385	0.975339889798855	0.997930407012464	"PVP01_0813400"
-1.08342413953935	8.18943692137662	0.390416609421104	0.808418899901381	"PVP01_0813600"
-0.407202493440954	7.86365826807199	0.758296988111361	0.96119955028363	"PVP01_0813700"
-0.165872609872889	6.80628458103729	0.9070529655832	0.985614004730824	"PVP01_0814000"
-1.11431560597704	6.68834032878695	0.456926758452362	0.840920166101141	"PVP01_0814200"
0.103848855763089	8.11080388401567	0.931426631727637	0.987858729950931	"PVP01_0814400"
-1.33788986829791	9.65311183629665	0.162410516402885	0.555510605657593	"PVP01_0814700"
-1.0473845615314	5.82141786593587	0.489226646373403	0.85415633902254	"PVP01_0814800"
-11.9038172692272	7.49979061396454	4.34817032254117e-06	0.000492347144447525	"PVP01_0815000"
0.60295337890197	6.65266261075653	0.692899039934866	0.941675761045462	"PVP01_0815100"
0.837807669634559	7.99718165594766	0.531109544332903	0.87910086107276	"PVP01_0815300"
0.175206149930333	6.70240719036649	0.911878113102035	0.985614004730824	"PVP01_0815400"
-0.469646436611908	7.0569769222025	0.744590082856389	0.953970190901521	"PVP01_0815500"
1.78530789893627	7.80912848368454	0.201113057340613	0.613671585976952	"PVP01_0815700"
-1.60225927754612	7.44991881158666	0.233998389436893	0.664060275825175	"PVP01_0815900"
-0.722154514982056	10.4890220829557	0.417759899410062	0.819765571768317	"PVP01_0816000"
-10.0161516243838	5.6693330821546	0.000446876287827758	0.00607908021604263	"PVP01_0816100"
-1.31261504324358	6.58567274261112	0.395495603005305	0.808418899901381	"PVP01_0816300"
1.79330152140056	8.11206004949739	0.110380589619427	0.436534888316543	"PVP01_0816400"
0.151139314409951	6.76699620776055	0.922187218755904	0.986668317320096	"PVP01_0816600"
-1.45814798361982	5.53275297577981	0.342944589028718	0.777471469323607	"PVP01_0816700"
-7.78536653553342	9.22110852507876	1.99754887916164e-08	1.22728689326893e-05	"PVP01_0816800"
1.16792559762009	5.34332528339714	0.468227749557726	0.844937846835472	"PVP01_0816900"
-1.03916885213904	4.84425234939186	0.483091058545362	0.849249576678799	"PVP01_0817000"
0.677504234162784	6.79790491546617	0.615851259067062	0.913206102388341	"PVP01_0817100"
-3.76613146949662	5.95337498014019	0.0269190040644864	0.153729549039775	"PVP01_0817200"
-0.836418741165591	9.74104588038777	0.381722431405439	0.807019726280875	"PVP01_0817300"
-0.523340727266911	5.34200561777237	0.739243144820199	0.953970190901521	"PVP01_0817500"
0.0503147032526796	7.37550332661924	0.973940699245342	0.997842012951546	"PVP01_0817900"
-0.170024954077499	9.7406387918097	0.865185898252364	0.976262081508655	"PVP01_0818200"
-0.542338958052734	6.18575261179385	0.703038072723683	0.944284020426997	"PVP01_0818300"
-0.564572661361487	7.70873614261884	0.638773965840638	0.92390307141293	"PVP01_0818400"
0.0494420350964435	6.37562702729342	0.977276714893799	0.998337246405778	"PVP01_0818500"
-1.6233996992645	5.31279492314044	0.309015474470608	0.746114974203663	"PVP01_0818600"
-0.550095151559525	7.56757409758174	0.653637998059152	0.928080097668	"PVP01_0818700"
-1.5256093788776	6.4996571956023	0.360460643534486	0.79003064732084	"PVP01_0818800"
-1.26286568799661	7.92222099974356	0.348220352840877	0.782554657803215	"PVP01_0818900"
-0.897711397273202	5.12998484388274	0.567938087378819	0.898343254117151	"PVP01_0819100"
1.11879449248659	6.04075425084778	0.439029121023661	0.830270530230532	"PVP01_0819200"
-0.55007334512001	9.26127189095443	0.588195935250643	0.90763246056946	"PVP01_0819300"
2.89277285571384	7.04036338303807	0.0392072436990698	0.205683426724142	"PVP01_0819400"
-5.5202164174708	5.82565623505882	0.00285137753408434	0.0209815966335498	"PVP01_0819500"
-1.21674650080514	6.97533575258089	0.394249226071962	0.808418899901381	"PVP01_0819600"
1.02976564207716	7.1222371733684	0.427387952102292	0.8248235609775	"PVP01_0819700"
7.28423882292611	5.62910238707577	0.000127129253384881	0.00607908021604263	"PVP01_0819800"
0.55228301400544	7.0252634866204	0.660874365447068	0.93177962673885	"PVP01_0819900"
0.474936082351453	6.73938025308243	0.731937366879252	0.951307129939058	"PVP01_0820100"
0.547670412318737	6.909112350836	0.685126905716369	0.94035163036312	"PVP01_0820200"
1.35102362056195	5.04671608019547	0.357773395549431	0.79003064732084	"PVP01_0820300"
-2.31900245717953	6.63791229231612	0.153629661480742	0.535741304870381	"PVP01_0820500"
1.2996243551251	6.30704405061312	0.408619380168821	0.813200741812505	"PVP01_0820600"
0.807726707519585	6.52474934471878	0.609103270081417	0.911806087047099	"PVP01_0820800"
0.359295772032704	5.17979016468943	0.834198418879473	0.973126027228606	"PVP01_0820900"
0.257375553358159	6.54565457820929	0.869167722638164	0.976414986395257	"PVP01_0821000"
0.673243561074422	5.36406741595864	0.653799857963273	0.928080097668	"PVP01_0821100"
-0.964557889307835	7.04939955120564	0.499783053405553	0.863072915694117	"PVP01_0821200"
-8.58650118320739	4.35005818211686	0.000605071130661387	0.00607908021604263	"PVP01_0821300"
0.216419543529143	5.68880381888222	0.891806159004523	0.981156851156328	"PVP01_0821500"
0.0977532411850069	7.62509053932864	0.944645351564448	0.990615931919683	"PVP01_0821600"
-9.70943662506217	5.37883456583461	0.000500647644050433	0.00607908021604263	"PVP01_0821800"
0.787218550445567	8.42739086159074	0.483096872843141	0.849249576678799	"PVP01_0821900"
-3.47768733927741	4.0491744628953	0.0174082604494907	0.106629602679569	"PVP01_0822000"
0.200021945976526	6.71771366521159	0.90083924970885	0.983970884903657	"PVP01_0822400"
-0.258070270796103	7.78345116156383	0.85090021026943	0.973855473858892	"PVP01_0822500"
-0.219124826328083	5.4460244106055	0.893037645968583	0.981378640550246	"PVP01_0822600"
-1.43798639184162	5.53310966541738	0.385001334910463	0.808418899901381	"PVP01_0822700"
-1.48441236855896	8.1029726503115	0.268114608526553	0.701612264326761	"PVP01_0822800"
0.247747434908504	8.72204014755379	0.812764754263833	0.9721770429063	"PVP01_0822900"
-1.32629305064717	5.98008419920082	0.387089436608309	0.808418899901381	"PVP01_0823100"
-1.47427480901195	6.50299880123262	0.350416717141624	0.784577841020938	"PVP01_0823200"
-1.20357319168469	7.77997325584232	0.297075550005676	0.733139303023144	"PVP01_0823300"
-1.25952299530619	4.98895878996506	0.4046455992563	0.810463589082019	"PVP01_0823400"
-2.27293939633613	7.32325826148716	0.140443885199995	0.503358148895672	"PVP01_0823500"
-3.78995652132191	5.60730718124038	0.0235926411551492	0.137894596799778	"PVP01_0823600"
0.311859655474498	5.3360534486417	0.845940118287009	0.973855473858892	"PVP01_0823700"
-2.29784751835198	9.21254704477327	0.0374092525941691	0.199077078605131	"PVP01_0823800"
-0.868550274758431	6.43154254179447	0.534383257396216	0.880488022490989	"PVP01_0823900"
1.7897507053448	6.40841530706236	0.266089656433781	0.699063346997437	"PVP01_0824000"
-0.0149920102487149	6.88199946301395	0.990676284562444	1	"PVP01_0824100"
-1.19015361135992	4.42986975325342	0.395012280698077	0.808418899901381	"PVP01_0824300"
-0.426731134276109	5.19071146368917	0.783857715568368	0.967063983305328	"PVP01_0824600"
0.071998035766026	7.10853783559505	0.964317378529019	0.996369060188137	"PVP01_0824700"
-0.218434142678319	8.44297029087549	0.837405502801071	0.973849895914812	"PVP01_0825000"
-5.12116050985247	4.65037369172588	0.00258543608856632	0.0192696860314972	"PVP01_0825200"
-9.40470966458036	5.09439292873305	0.000681756397814175	0.0063873852933238	"PVP01_0825300"
-1.31634517203128	7.01116261485341	0.404323714072465	0.810463589082019	"PVP01_0825400"
-1.1676646845863	5.34647417278017	0.480199230151752	0.848887772591112	"PVP01_0825500"
-2.5945061266154	5.15952174055839	0.0846313969993097	0.367952975712032	"PVP01_0825600"
-0.168145145430884	6.15927071584517	0.916081213863785	0.986140811278897	"PVP01_0825700"
0.997952603605686	6.12491494070918	0.522921103803511	0.875307293029934	"PVP01_0825800"
-0.866277320382914	6.5027882002225	0.531104068851956	0.87910086107276	"PVP01_0825900"
1.63682675363525	6.65509892098593	0.237308050338478	0.666558612173932	"PVP01_0826100"
0.945006357444332	5.03334139908084	0.513623249730468	0.87307649623637	"PVP01_0826300"
-5.12288667061265	4.65439582621854	0.00227467527103553	0.0171554874182861	"PVP01_0826400"
-2.87164655787227	4.59160970164644	0.0435184340611539	0.222680479519074	"PVP01_0826500"
-0.765970226827975	4.49417820695098	0.612403994105065	0.911999330826618	"PVP01_0826600"
-8.75689633933971	4.50278797611523	0.00052527538542166	0.00607908021604263	"PVP01_0826700"
-1.75207252697876	6.36044884428825	0.224575230873838	0.650779138069579	"PVP01_0827100"
0.510074066807671	6.68401036492285	0.714001460526907	0.948334927187312	"PVP01_0827200"
-0.819876314849088	5.82788365073696	0.572272946061364	0.899463038262615	"PVP01_0827400"
-0.175998874523168	6.96626962286482	0.899112414795135	0.983776593182382	"PVP01_0827800"
-9.12522305413523	4.83559413241947	0.000431188814684973	0.00607908021604263	"PVP01_0827900"
1.92730545591771	6.23837346589502	0.268929697323027	0.702639570539188	"PVP01_0828100"
-0.728200297438361	6.45856674945128	0.646000686758006	0.92731906955422	"PVP01_0828400"
1.64347066358557	6.55420230155663	0.237773809236769	0.666760777636215	"PVP01_0828600"
-0.652847992055874	6.0035133260439	0.673088736801489	0.93590850275993	"PVP01_0828700"
-0.314549127732793	7.21650170589082	0.820094760350441	0.9721770429063	"PVP01_0828900"
1.58587112818212	7.00448826761383	0.284661578583308	0.719988144766602	"PVP01_0829400"
-0.349353999076643	4.86064927180196	0.808157833617252	0.9721770429063	"PVP01_0829500"
0.848861393092074	7.98314395344087	0.521194802950039	0.875307293029934	"PVP01_0829600"
0.0758284659607611	7.92375254700206	0.949609118682417	0.990615931919683	"PVP01_0829700"
-0.499017303049251	6.93787989700243	0.705787097224132	0.944647036365176	"PVP01_0829900"
-0.765499678526926	5.74664391550247	0.657161317629739	0.929315371193281	"PVP01_0830000"
-4.54666452709569	4.94751362344962	0.00584944762459875	0.0399492049269311	"PVP01_0830200"
4.71525499124516	7.00843560508675	0.00175049315473105	0.0136031313846623	"PVP01_0830300"
1.68079095407425	5.36568461432649	0.288174045789533	0.723371227393196	"PVP01_0830400"
0.244986703108895	5.58986583599244	0.882188909840439	0.977904409341537	"PVP01_0830500"
-1.28653321519059	8.27550663667063	0.235246493985616	0.664914345488047	"PVP01_0830600"
1.8876461248736	5.74436345945156	0.216266991020499	0.638628109672726	"PVP01_0831000"
-0.219736652038831	4.62620067591975	0.897976658509315	0.983427845308522	"PVP01_0831200"
-4.64887377164066	5.03637771567953	0.0057986599449655	0.0398129990258586	"PVP01_0831300"
1.77990165716608	7.04001175431701	0.182658597581905	0.584156245728285	"PVP01_0831600"
0.707654332290653	4.95500427867329	0.623318734906195	0.918332414761315	"PVP01_0831800"
-10.942450784129	6.55916909595419	0.000133417101384547	0.00607908021604263	"PVP01_0831900"
-3.30572563948198	7.68842058638682	0.0168965846949292	0.104070445732101	"PVP01_0832000"
-8.8738676571875	4.60708674436884	0.000472068262762656	0.00607908021604263	"PVP01_0832200"
-1.96648912535953	6.2865831019776	0.245040672695426	0.678040996160555	"PVP01_0832400"
-0.572299431993672	7.17832624794112	0.692824150929675	0.941675761045462	"PVP01_0832500"
-1.65340573514901	4.5202393839489	0.23103988629584	0.6596040015622	"PVP01_0832600"
-3.47588373854614	5.98401185003333	0.0375744780763995	0.199636923453841	"PVP01_0832700"
-9.49106707375475	5.17465406178647	0.000745001286618485	0.0066822981937659	"PVP01_0832900"
-1.30429050633431	7.56771570935933	0.324700475128446	0.762679223359612	"PVP01_0833000"
-0.684609406169562	8.74906003318124	0.582854140512907	0.906298677581079	"PVP01_0833100"
-1.13985121206574	6.26795049989567	0.464984090599656	0.843719086379954	"PVP01_0833200"
-0.45453441333178	8.17189162258989	0.670984597414342	0.935881311360394	"PVP01_0833400"
-1.33602216976387	5.86904382926432	0.39126223075322	0.808418899901381	"PVP01_0833700"
1.32711636830968	6.73346054017583	0.401128696983631	0.81013900069329	"PVP01_0833800"
-1.677698078499	7.50847032682625	0.226802265382433	0.654248854542442	"PVP01_0833900"
-0.382125597595295	4.88017318069883	0.787584940618413	0.967257153156029	"PVP01_0834000"
2.13170998804995	6.47874757376715	0.185420450214871	0.591283238173211	"PVP01_0834100"
-1.61905385797631	5.58233428074281	0.288761406925701	0.723753157072256	"PVP01_0834200"
-3.56407137696381	5.6026828368825	0.032658017768852	0.179241859899673	"PVP01_0834500"
-0.526321613660245	5.41897143865935	0.754728365350122	0.960654819889522	"PVP01_0834600"
-1.07530896841273	8.29511266523084	0.39720101090797	0.808418899901381	"PVP01_0834700"
2.05911976974249	5.67900515228977	0.202133923924831	0.614531472553921	"PVP01_0834800"
1.35671778620928	8.71587562359408	0.178944243956411	0.581690498609242	"PVP01_0834900"
-8.60243470771888	4.36418499271985	0.000637202968761106	0.00616086358749837	"PVP01_0835000"
-1.34649497098562	5.38968023692062	0.382394120974921	0.807019726280875	"PVP01_0835100"
-2.49590289822069	5.30520380324836	0.13513187019528	0.493167352902506	"PVP01_0835300"
1.18791496681492	5.75528085668225	0.446289540553091	0.835240738140782	"PVP01_0835400"
-1.18346397705116	5.5215723191482	0.459872992715831	0.843078756019371	"PVP01_0835500"
-2.12760650178547	5.76273495540466	0.188547236285509	0.597360638016482	"PVP01_0835800"
1.09016062652786	5.99899668505004	0.506567516519615	0.868476061826927	"PVP01_0835900"
0.269332496465644	7.37887161223583	0.868468024968284	0.976414986395257	"PVP01_0836000"
-9.39939216784875	5.09070118938564	0.000618087487443455	0.00610017502444193	"PVP01_0836100"
-0.780665013535033	6.68704135193078	0.645889016879482	0.92731906955422	"PVP01_0836400"
-1.43879503186031	5.43423005709115	0.365054824412073	0.793213823452884	"PVP01_0836500"
-8.79713360970522	4.53830113771788	0.000483586880145635	0.00607908021604263	"PVP01_0836600"
-0.576234360653551	6.02828857785851	0.706124563090063	0.944718542573431	"PVP01_0836700"
0.0844493345818536	6.75959922435741	0.962794892590853	0.995416789790854	"PVP01_0836900"
-0.00863730601166251	7.303828202021	0.997310614208753	1	"PVP01_0837000"
3.52104895116888	7.53357697965717	0.023971713793776	0.139632084199823	"PVP01_0837100"
0.689821394235702	7.9129415033284	0.522249726411797	0.875307293029934	"PVP01_0837200"
-0.436438649595587	9.32458615161814	0.650744942270225	0.928080097668	"PVP01_0837300"
0.506098031916124	6.94692535590182	0.730227712640271	0.951307129939058	"PVP01_0837400"
-2.22009478632733	4.32093794758357	0.103902756044512	0.421439715370788	"PVP01_0837500"
-0.425396470781993	5.41402521939009	0.788903350481615	0.967511999890063	"PVP01_0837600"
-0.0832428441352209	8.65485773459679	0.937940647006571	0.990209237074837	"PVP01_0837700"
1.40309719534637	7.37294748089352	0.317735465126214	0.754509457878518	"PVP01_0837800"
-3.19713283230658	5.7954540999498	0.0431300189921727	0.222034794197745	"PVP01_0837900"
-5.99733909311662	5.60901747684055	0.00297463924520147	0.0217442859989892	"PVP01_0901100"
-0.086060437194307	7.41658785304744	0.947373836110078	0.990615931919683	"PVP01_0903900"
-2.70259076704459	6.56433118806213	0.0925058075516646	0.391941803715715	"PVP01_0904200"
-0.138744348328938	7.43954612111631	0.922192480742478	0.986668317320096	"PVP01_0904400"
0.0641971119494631	6.64020728511166	0.972164268935908	0.997842012951546	"PVP01_0904500"
0.0618353483668275	9.72656970534033	0.947201353012586	0.990615931919683	"PVP01_0904600"
-0.313995594119142	6.53946430383076	0.855996464034637	0.974681355487574	"PVP01_0904800"
0.683800638883432	6.03756447544711	0.661199020735763	0.931842348714893	"PVP01_0904900"
-0.571895116558207	8.03511236956015	0.628671562107848	0.920239385699032	"PVP01_0905000"
-0.740412776405878	7.98694057639549	0.607538446844294	0.911806087047099	"PVP01_0905200"
-8.75416612220354	4.49910788122551	0.000516236843654169	0.00607908021604263	"PVP01_0905500"
-0.248149061085357	5.77071822472705	0.878573000061092	0.977144865702405	"PVP01_0905600"
-0.348313516788772	8.92682203930582	0.740056884521392	0.953970190901521	"PVP01_0905700"
-0.381303973990298	12.8677921027016	0.643739332322034	0.925837553696404	"PVP01_0905800"
-0.690656629515886	11.9232994838016	0.420763328774071	0.820165733189825	"PVP01_0905900"
-1.11930146797868	6.39921395636981	0.514238381276924	0.87307649623637	"PVP01_0906100"
-2.81090227440137	7.0152739431568	0.0611427812633706	0.293271314716181	"PVP01_0906200"
-3.00101146651732	9.28686674401602	0.0102544497012744	0.0674037543605504	"PVP01_0906400"
-10.6205972850602	6.24670534250331	0.000177583717786525	0.00607908021604263	"PVP01_0906500"
-1.49237302929459	7.64521061542017	0.283194855675948	0.718295130360423	"PVP01_0906600"
-2.73853266379562	6.37926826544541	0.110156688168018	0.436534888316543	"PVP01_0906800"
-10.0615485637632	5.71050491107038	0.000380034695646264	0.00607908021604263	"PVP01_0906900"
-0.59172465932293	6.85955085175076	0.689672936232321	0.941257557765313	"PVP01_0907000"
0.847017504839349	5.7802610652481	0.580807217696961	0.904527545129023	"PVP01_0907100"
-0.56624990191813	6.00502034901754	0.715539387661381	0.948334927187312	"PVP01_0907300"
-5.04834212266625	5.39103380469265	0.00471399948206372	0.0330079205838819	"PVP01_0907400"
-0.010367552093031	6.20880317272885	1	1	"PVP01_0907600"
-1.61165798907534	6.03451051380974	0.294285351421193	0.730159064854585	"PVP01_0907800"
-1.72877970135842	7.75734631485016	0.133525391424464	0.490380156776292	"PVP01_0907900"
0.98361528086646	5.57242418619758	0.571298613802458	0.899463038262615	"PVP01_0908000"
-1.07811354333956	9.18630684572241	0.262336229009126	0.694137070552389	"PVP01_0908100"
-1.28400076738843	6.207813171999	0.456640899586688	0.840920166101141	"PVP01_0908200"
-1.21178836708378	4.95718625749512	0.421716875867077	0.820251654464267	"PVP01_0908300"
0.536541781919198	7.67535040658364	0.635838595994057	0.923646950979342	"PVP01_0908500"
-2.44475499105514	8.41306342166483	0.069538104630104	0.321227411110731	"PVP01_0908600"
0.380268820428593	7.51762936724967	0.742011060559618	0.953970190901521	"PVP01_0908800"
-0.650550592386623	5.96620814086859	0.691144679897753	0.941675761045462	"PVP01_0908900"
-0.537042197260863	7.81495362084857	0.649719848512702	0.928080097668	"PVP01_0909200"
-0.104166946257119	5.894214746196	0.953460260187171	0.99131254310176	"PVP01_0909300"
-5.02910968750689	7.30123194927752	0.00160139984005005	0.0125323667482505	"PVP01_0909400"
0.332737873785122	5.98819656276199	0.841525985874412	0.973855473858892	"PVP01_0909500"
-8.2920064881174	4.09152442845403	0.000840905001870437	0.00711707636757122	"PVP01_0909600"
-10.0555818595902	5.70592961189958	0.00037892405375534	0.00607908021604263	"PVP01_0909700"
1.09921660337196	5.82745677019527	0.475361164760324	0.847999774146638	"PVP01_0910200"
-1.52870093874385	8.71698255707109	0.150332488544527	0.528547417440904	"PVP01_0910700"
-8.67280652893781	4.42698400007746	0.000532927922856969	0.00607908021604263	"PVP01_0910800"
-0.0948301241872146	5.51903595483531	0.950781143432905	0.990615931919683	"PVP01_0910900"
-1.1664071386455	6.64574019648899	0.494514090743962	0.858431036437587	"PVP01_0911000"
-1.10673681691998	4.47451704116969	0.411590260906844	0.81531753085952	"PVP01_0911100"
-1.15842082993883	9.7206611574289	0.236210345503739	0.665520098645527	"PVP01_0911200"
1.73503018581518	8.24238805499846	0.113592217444087	0.444479664963567	"PVP01_0911300"
-0.546001042745155	5.51253649864323	0.717609275068578	0.948407019078849	"PVP01_0911400"
0.294750872873008	6.70598101112775	0.851488275498544	0.973855473858892	"PVP01_0911500"
0.178247285403882	5.73558295490971	0.924110197303391	0.986825658511516	"PVP01_0911700"
-0.0720274730813588	5.53762217851348	0.967612919995363	0.996369060188137	"PVP01_0911800"
-0.776887539736329	6.12987468176837	0.638863723222472	0.92390307141293	"PVP01_0911900"
-9.65857500982431	5.3306630174284	0.000548359618309361	0.00607908021604263	"PVP01_0912100"
-2.44884196149878	4.84231983797752	0.0976480365232323	0.404455005574434	"PVP01_0912200"
-2.42257504079546	4.26086647675084	0.0746911995109889	0.338159642617221	"PVP01_0912500"
-0.559745068755179	5.50562850266892	0.724374574028356	0.950837044785871	"PVP01_0912700"
1.57302610433887	5.46251306424125	0.360439233578055	0.79003064732084	"PVP01_0912800"
-1.02318398930351	7.8338780128	0.434593269807147	0.82639717704221	"PVP01_0912900"
1.41102672050487	7.21869623230043	0.255114015008576	0.689217919285149	"PVP01_0913000"
-0.119457708567537	6.33401500864947	0.94108580829632	0.990209237074837	"PVP01_0913100"
-0.579044804054096	6.60899203602367	0.70751576617255	0.945438906504581	"PVP01_0913200"
-3.47052107229249	6.32549771171913	0.0403946864094141	0.210584211595159	"PVP01_0913300"
-4.69411281385379	5.07591302077133	0.00570312451749029	0.0393539256123915	"PVP01_0913400"
-2.00650348667159	6.23977046293989	0.206671499522919	0.621991263779398	"PVP01_0913500"
-6.4676674767114	10.3728615336842	9.92063943872788e-07	0.000143461072926995	"PVP01_0913800"
0.988950659084684	7.749819263192	0.390346326448873	0.808418899901381	"PVP01_0913900"
1.94486111109576	6.37933520990377	0.283468671121629	0.718295130360423	"PVP01_0914000"
-1.35086191037127	7.18539662608985	0.357680316576777	0.79003064732084	"PVP01_0914100"
0.146082263031316	8.1175914767037	0.911015847745027	0.985614004730824	"PVP01_0914200"
-1.39533972648571	4.29954631035254	0.35053598068464	0.784577841020938	"PVP01_0914300"
-0.0615663213835634	7.1326590666143	0.966813847886517	0.996369060188137	"PVP01_0914500"
-0.34453641734493	5.80529528096719	0.81940926577871	0.9721770429063	"PVP01_0914600"
-9.32949693800998	5.02299279941177	0.000504221500126573	0.00607908021604263	"PVP01_0914700"
-0.904405229174785	7.89718062548423	0.451744284529427	0.837981868569367	"PVP01_0914900"
-2.23401671377782	7.98650672440358	0.095619654887517	0.399035096807882	"PVP01_0915000"
-0.338976323061867	7.72539952115962	0.797491308350035	0.968946135384524	"PVP01_0915400"
-2.86190876405356	5.17026943591704	0.0729596475080684	0.333329378587686	"PVP01_0915500"
0.741736833398955	5.74714571412674	0.599780688243961	0.910945313268297	"PVP01_0915600"
-5.00073458778462	6.72916537396114	0.00386865105623	0.0276118742768691	"PVP01_0915900"
-3.58075113851634	8.15079754346594	0.0190051507912401	0.114720746881424	"PVP01_0916000"
-2.87667408338982	6.75331866066589	0.06586661307147	0.308987806876882	"PVP01_0916100"
3.23514245250585	8.92488378024224	0.00230614527899095	0.0173232779801197	"PVP01_0916200"
2.27636153735884	7.19046998990657	0.0801116524507324	0.353853062484908	"PVP01_0916300"
-3.10803119802439	6.99711434285458	0.0509012550012968	0.250979007305146	"PVP01_0916400"
-0.730847663822356	6.18905177990305	0.629335443976924	0.920239385699032	"PVP01_0916450"
-0.425479525659885	5.53432964899488	0.790952629686941	0.967891339819726	"PVP01_0916500"
-12.1103907400184	7.70365140830716	1.11539254909552e-06	0.00015457481742882	"PVP01_0916600"
-0.850544727462675	7.48205236001379	0.472341655789901	0.84568527881114	"PVP01_0916700"
-0.0388353367039171	5.23276593377174	0.977250058330693	0.998337246405778	"PVP01_0916900"
-1.87880133843715	5.82182684597457	0.273391304410075	0.70762605328242	"PVP01_0917000"
0.686572627997811	6.68533736313145	0.653761121733799	0.928080097668	"PVP01_0917100"
-0.358218958395513	5.27357422533576	0.805254277481397	0.9721770429063	"PVP01_0917200"
-1.57844268397659	7.66670006976262	0.247477571063446	0.680594769650958	"PVP01_0917300"
-2.50492241216887	9.80990232545348	0.0177203424537519	0.107550837593392	"PVP01_0917400"
0.035578910508181	5.51360625666146	1	1	"PVP01_0917600"
0.339172920039314	7.20684552608563	0.7875610828929	0.967257153156029	"PVP01_0917700"
-1.71274194478911	7.05638804934484	0.18257247437674	0.584156245728285	"PVP01_0917900"
-0.458448840414925	4.75541633129846	0.747896029765737	0.956731613461862	"PVP01_0918100"
-0.293086361250148	7.68854398221725	0.79822982890968	0.968946135384524	"PVP01_0918300"
0.0221491143124375	4.96006926065028	1	1	"PVP01_0918400"
-1.00230836147091	5.59253849502799	0.548602781514177	0.887477067760775	"PVP01_0918600"
-0.705952276707996	8.04866522078471	0.510954990543039	0.871009032010353	"PVP01_0918800"
0.278813237327622	6.16928982008565	0.845504532783056	0.973855473858892	"PVP01_0918900"
-2.7117889669669	5.57409604282651	0.0794089251230703	0.353853062484908	"PVP01_0919100"
0.0619233950858972	6.20910989507589	0.97355362022604	0.997842012951546	"PVP01_0919900"
-0.760666567382503	7.66417071459607	0.503560961508491	0.866447883071516	"PVP01_0920000"
0.986081849635352	5.43752162853973	0.565298053448796	0.895699659872999	"PVP01_0920100"
2.71928620897473	6.32260440394403	0.0947164726843146	0.397259758068134	"PVP01_0920200"
-3.1991101228795	6.02933637919422	0.0466310450288954	0.234636695561431	"PVP01_0920300"
0.225973278289914	7.12551813390517	0.883360780658295	0.977904409341537	"PVP01_0920400"
-0.576749659848286	6.7342839387258	0.701366223044913	0.944284020426997	"PVP01_0920500"
-2.12539147778786	5.88915711073087	0.193856257748723	0.601702588060641	"PVP01_0920600"
-1.90831357342222	7.16804366728101	0.136560175584467	0.495850593879843	"PVP01_0920700"
-8.6113182726755	4.37277387100242	0.000596423425281011	0.00607908021604263	"PVP01_0920800"
-0.566094284688322	5.92695270537553	0.713399100096664	0.948334927187312	"PVP01_0920900"
-1.35480257518323	5.98117517630402	0.414309592654623	0.81718989511407	"PVP01_0921000"
-3.63345409290577	6.57182957606873	0.033029720009977	0.180576006935476	"PVP01_0921100"
-9.20183923867019	4.90816077701043	0.000501002784545949	0.00607908021604263	"PVP01_0921600"
-0.91285020713019	4.81824496273892	0.504390537939821	0.866625018904362	"PVP01_0921700"
0.401787846598001	5.55789530443939	0.804549983797034	0.9721770429063	"PVP01_0921900"
0.0833182387265595	5.15024280468511	0.967909931890521	0.996369060188137	"PVP01_0922000"
-2.90712990773719	5.49267087471049	0.0714333828583288	0.328159435617129	"PVP01_0922100"
-1.71069814853397	7.99807887670429	0.216780257312239	0.638628109672726	"PVP01_0922200"
-2.32247861031122	6.8535007846235	0.105559000494108	0.425875831125077	"PVP01_0922300"
1.42229390444201	6.03927199730373	0.372063335882327	0.798512276396585	"PVP01_0922800"
-1.47248787142865	4.8970761984766	0.359545441067979	0.79003064732084	"PVP01_0922900"
-0.533204722825609	5.4119987122574	0.711898648624974	0.947743028029412	"PVP01_0923000"
0.164163590117892	6.57550253094344	0.923762081297842	0.986825658511516	"PVP01_0923100"
1.05843091702076	8.39635911218188	0.346938973550149	0.781108246947174	"PVP01_0923400"
3.27048980146263	7.22145209810742	0.034939430484579	0.188344482644586	"PVP01_0923500"
0.467644056650342	6.90324762087924	0.782333271158118	0.966602218360234	"PVP01_0923600"
-0.334195079618205	8.82306814315541	0.734764226335329	0.951558396459645	"PVP01_0923700"
-0.373031358504111	4.70806906934981	0.801774190492304	0.971121980181138	"PVP01_0923800"
0.74540735006835	6.5711769382076	0.604428461424134	0.911789619538403	"PVP01_0923900"
-2.67109076532968	6.45460885844199	0.109101282504382	0.434056059341596	"PVP01_0924000"
-1.25958930472664	7.07401420291077	0.37293157176859	0.799665369491682	"PVP01_0924100"
1.23462012418532	6.72781690853201	0.410185757084807	0.814980781400281	"PVP01_0924200"
0.0340735285286538	7.5817618510328	0.983788815282978	1	"PVP01_0924400"
-0.194292552132364	6.41991858040122	0.908147372369519	0.985614004730824	"PVP01_0924600"
-5.82971107328058	5.44911888477723	0.00301667262158378	0.0220031867091834	"PVP01_0924700"
-1.4553768595619	6.80721792407948	0.286262541932955	0.720748837599553	"PVP01_0924900"
0.674866417770466	5.27400735335393	0.650544401607115	0.928080097668	"PVP01_0925100"
-0.866655800470027	6.43667595236562	0.570344948662224	0.899463038262615	"PVP01_0925200"
0.933062345015861	5.81081906510075	0.550449762517603	0.888271757737643	"PVP01_0925300"
-0.589015891688248	4.88704181456105	0.692869591093767	0.941675761045462	"PVP01_0925400"
-1.81572843243614	5.63653836268061	0.278738644561226	0.712593952198798	"PVP01_0925500"
-3.91304869707954	7.04388441676888	0.0114912748860648	0.0747944819394357	"PVP01_0925600"
-0.285504897405605	4.40186990869221	0.827764868739425	0.972498135422959	"PVP01_0925700"
-2.04453121969842	5.31935066002929	0.191604306094297	0.5994293448979	"PVP01_0925800"
-0.794505361393518	5.91464866728719	0.625080274860929	0.919036371194839	"PVP01_0925900"
-1.04839418968593	7.20312610515464	0.405879512925541	0.811271189898047	"PVP01_0926000"
-0.560600822320981	5.21075441086206	0.727564726091414	0.950837044785871	"PVP01_0926200"
1.04859891761129	7.55888238073384	0.380305211487318	0.806310081879276	"PVP01_0926300"
-0.937029724155327	6.48660545025963	0.541836747179266	0.883457532388211	"PVP01_0926400"
-12.4870864785371	8.07614239114803	1.01868148199851e-07	2.82344550760588e-05	"PVP01_0926500"
-0.608489532314388	5.11016414489128	0.689981924330525	0.941257557765313	"PVP01_0926600"
-0.023679672588267	6.78067793891683	0.991760753552486	1	"PVP01_0926700"
0.494665225996829	6.08447516953139	0.746699035039091	0.955935716143193	"PVP01_0926800"
-1.91854689651753	7.24418318559287	0.215161468404448	0.636609274608774	"PVP01_0926900"
-4.18142858279953	4.03726922541155	0.0175300638440517	0.106789577214653	"PVP01_0927000"
-2.40095006733553	7.14492682373894	0.110569987180529	0.436595714386425	"PVP01_0927400"
-0.307770795712472	4.72145080988612	0.82096655385576	0.9721770429063	"PVP01_0927500"
-2.57310068358987	7.17004847237418	0.108331934136267	0.432347237774291	"PVP01_0927700"
-1.07867996767453	4.86925395797187	0.468854273986049	0.844937846835472	"PVP01_0928000"
-0.578418782156998	5.07209349267162	0.685422168595443	0.94035163036312	"PVP01_0928100"
-0.460022198503162	6.6951616558649	0.764318753532628	0.962483707525282	"PVP01_0928200"
0.0213530186224186	7.66098592773675	0.987688089703873	1	"PVP01_0928300"
0.0133561592197793	5.69328848622765	1	1	"PVP01_0928600"
-1.79965487757038	7.54555980694936	0.131456538699771	0.486396935188061	"PVP01_0928700"
1.63595206465787	5.78212588556628	0.300378757055891	0.736211504462051	"PVP01_0928800"
-1.97559326895976	5.17700109500205	0.197849459640443	0.607615238009338	"PVP01_0928900"
-0.481064209953009	6.30918241064187	0.742332158209912	0.953970190901521	"PVP01_0929000"
4.00720508312728	6.19620532453194	0.0102179578627023	0.0672968868343525	"PVP01_0929100"
-2.29857604762345	5.16877048714431	0.120209864144227	0.46168361217517	"PVP01_0929200"
-0.161444108123378	5.36396622986109	0.923478018366993	0.986825658511516	"PVP01_0929500"
0.264268780324965	7.37020756242893	0.854459884511761	0.974489234915563	"PVP01_0929700"
0.155438247208933	8.85623907087824	0.874871026136073	0.976669769077734	"PVP01_0929800"
0.166957342329164	7.72387321175972	0.887328787837704	0.97808542035144	"PVP01_0929900"
-1.08909118293701	4.42911945945042	0.461995489175807	0.843162878387255	"PVP01_0930100"
0.893055211068371	5.75447777233521	0.575683878530116	0.900664770550813	"PVP01_0930200"
0.198852252515834	7.54263533492311	0.873115910570671	0.976414986395257	"PVP01_0930500"
-2.14038098552978	8.16856690788715	0.0620277798807803	0.295605997450074	"PVP01_0930700"
-0.575004652020524	9.44933017904519	0.545091408729497	0.884606202178777	"PVP01_0930800"
-11.0586900469124	6.67203077977166	6.63854347096629e-05	0.00438614194706186	"PVP01_0931200"
-0.209677743001828	4.74789161862946	0.896273468382178	0.98253314299246	"PVP01_0931300"
1.35964459345324	6.19998110270221	0.412789091021064	0.815710642326557	"PVP01_0931400"
-0.487005199765907	5.9285273000361	0.752126895982555	0.959192506149531	"PVP01_0931500"
1.60489431919449	6.02602682299751	0.314274764449455	0.752963025051108	"PVP01_0931700"
1.38011355179531	5.29206521975357	0.3608107496333	0.79003064732084	"PVP01_0931800"
-1.96428367195289	6.07379380966521	0.220359935634548	0.645824448124139	"PVP01_0931900"
0.255666270614848	4.89136278940199	0.892788090452173	0.981378640550246	"PVP01_0932000"
1.507354395576	6.07822128080659	0.336806465496949	0.772031911952344	"PVP01_0932400"
0.835177381703341	6.16838270458992	0.563790275007787	0.893787633305958	"PVP01_0932600"
-0.0157973362288159	6.00242169396185	1	1	"PVP01_0932700"
-0.166160985805106	7.37803460093836	0.905829254062867	0.985614004730824	"PVP01_0932800"
0.616455220057441	7.35859049566877	0.617290769842753	0.914525211802671	"PVP01_0933000"
-0.373627169762163	6.50026269963431	0.821817275786286	0.9721770429063	"PVP01_0933100"
0.642323841387064	6.54326055630241	0.680343840322837	0.939287932664317	"PVP01_0933200"
0.0310541777050292	6.34615739787579	0.985886130874465	1	"PVP01_0933500"
-0.561992806201541	8.82981667954369	0.60060520452249	0.910945313268297	"PVP01_0933600"
1.26874230122508	6.0989684572325	0.466284396294248	0.844236201455999	"PVP01_0933700"
3.64756425127785	7.58772247295872	0.00399157913664948	0.0283675047190089	"PVP01_0933800"
-8.94565506526106	4.67230850554121	0.000442266320345337	0.00607908021604263	"PVP01_0933900"
0.88339006978238	7.47695501294084	0.535049794181707	0.880488022490989	"PVP01_0934000"
-5.1145006684445	4.64644982740851	0.00224779771265614	0.0170300118275497	"PVP01_0934100"
-9.09325945909836	8.60122713801113	6.30908273490966e-07	0.000110442153559524	"PVP01_0934200"
-1.06548535252872	5.26837443189872	0.469720408538421	0.844937846835472	"PVP01_0934500"
0.391233364481502	7.47653016304406	0.743380176421129	0.953970190901521	"PVP01_0934600"
0.985321623159523	7.30743181977656	0.488273806331185	0.85415633902254	"PVP01_0934700"
-0.0117528692460634	9.42793757456854	0.99075713410506	1	"PVP01_0934800"
-0.516846835586376	6.11774863041967	0.727280967060402	0.950837044785871	"PVP01_0934900"
1.10501303782118	8.86602749200132	0.281520622319091	0.71530755525844	"PVP01_0935000"
-0.0354092288049227	7.90730229059674	0.981606108190784	1	"PVP01_0935100"
0.311381790820898	6.94206231164497	0.814837831088066	0.9721770429063	"PVP01_0935300"
0.966904461191136	8.46127236644775	0.385507070143178	0.808418899901381	"PVP01_0935400"
1.80486410633958	8.78014570040554	0.0800286165642674	0.353853062484908	"PVP01_0935500"
0.390780574637236	7.13902082258272	0.787511570968798	0.967257153156029	"PVP01_0935600"
-1.24434566714301	9.06351825996049	0.220388078358658	0.645824448124139	"PVP01_0935900"
-0.964961497904205	5.99216401913551	0.572902628965712	0.899657291756355	"PVP01_0936100"
-7.07027556398449	6.44829691949926	0.000488262824826846	0.00607908021604263	"PVP01_0936200"
-0.182649437032267	5.29803096652252	0.913630876843798	0.985614004730824	"PVP01_0936500"
-2.93271004082563	6.36102353422569	0.0814118687027098	0.358169147229117	"PVP01_0936800"
-1.28486192175968	6.87829403191128	0.334900399476045	0.770440664342145	"PVP01_0936900"
-10.2640628475372	5.90404569591487	0.000421330546158917	0.00607908021604263	"PVP01_0937100"
-2.53578835211271	8.99803676480476	0.0477092575850314	0.238350769188284	"PVP01_0937200"
-1.8799798729882	5.69830736744583	0.246093144217065	0.679220962417426	"PVP01_0937300"
-0.942867741077139	7.54895522640657	0.432723870029929	0.826251016119569	"PVP01_0937400"
-8.97982259201565	4.70438448104663	0.000456804464077824	0.00607908021604263	"PVP01_0937500"
1.43558532938002	6.53757397588616	0.359754666623347	0.79003064732084	"PVP01_0937600"
-0.881183972881603	7.10823055634081	0.516262619234258	0.874743982310285	"PVP01_0937700"
-3.23447555007007	7.7745849486042	0.0316405955258378	0.174232815759829	"PVP01_0937800"
0.616657560158814	11.0560541325749	0.48125884209079	0.848892429520989	"PVP01_0937900"
-9.87361960661254	5.53243256711052	0.000437243684711666	0.00607908021604263	"PVP01_0938000"
-0.154772487107577	7.83900328241636	0.907933690080673	0.985614004730824	"PVP01_0938300"
-0.5353792740515	7.79562229505306	0.677683531617549	0.938970341030428	"PVP01_0939000"
-0.956176878784558	7.77817589601563	0.465337991505416	0.84390085046184	"PVP01_0939400"
-1.7231285594291	8.6150861770715	0.180204761981258	0.581690498609242	"PVP01_0939500"
-3.56682000550736	7.7943023625475	0.0138910841820516	0.0881712709723355	"PVP01_0939700"
-2.05932719412836	7.33446742879615	0.179937409075343	0.581690498609242	"PVP01_0939800"
4.73795712996167	6.81733724471914	0.00462509223604932	0.0324537062808017	"PVP01_0939900"
-1.95805874518735	5.33747106813652	0.213796929137623	0.635063012083005	"PVP01_0940000"
1.86730461215669	7.62010560807645	0.180313561054158	0.581690498609242	"PVP01_0940100"
1.85726702175278	6.52729831916704	0.250848929905042	0.683365527040588	"PVP01_0940400"
1.34640931163022	6.4273238540519	0.333423050401616	0.770440664342145	"PVP01_0940500"
-1.32953469489607	5.92392432098262	0.417969206675225	0.819765571768317	"PVP01_0940600"
0.37524280795208	6.72846242533909	0.780677601861876	0.966602218360234	"PVP01_0940800"
-1.3761160750072	5.45243725303181	0.421286472765417	0.820165733189825	"PVP01_0941000"
-10.2828659667394	5.92200842533155	0.000433830950910675	0.00607908021604263	"PVP01_0941100"
1.48128096067943	7.13250418313525	0.315530464709883	0.752963025051108	"PVP01_0941300"
-0.564163555703658	8.73896957341408	0.584953872164091	0.907067284917359	"PVP01_0941400"
-0.282675460450763	6.79401003387764	0.849563887174144	0.973855473858892	"PVP01_0941500"
-0.688037827154436	4.82664909223211	0.633143458922919	0.922802429613334	"PVP01_0941600"
-2.01128489580857	4.89956810620163	0.171387351664499	0.567183348915617	"PVP01_0941700"
-8.65766283714318	4.41261009861112	0.000558079317462298	0.00607908021604263	"PVP01_0942200"
-1.05292639955551	4.4054298233889	0.486021273389094	0.853698202953712	"PVP01_0942300"
0.983466438561246	6.3466955023101	0.570535346557152	0.899463038262615	"PVP01_0942400"
-0.224946376334154	6.14933830914222	0.882003283437445	0.977904409341537	"PVP01_0942500"
-0.0754790289053859	8.11809632082212	0.945703481403124	0.990615931919683	"PVP01_0942800"
-0.4114604090423	6.57261513398779	0.793853508107863	0.967891339819726	"PVP01_0943000"
-1.50836887106906	5.49957278069037	0.366635484284585	0.794416691029661	"PVP01_0943100"
0.169165974651654	7.65236147309874	0.901624210644772	0.984066603619916	"PVP01_0943200"
-0.25029569403327	5.7403409643974	0.872140988802021	0.976414986395257	"PVP01_0943300"
-0.764592247589828	5.24539205384673	0.62936014940093	0.920239385699032	"PVP01_0943400"
0.99442190918703	7.60430171855814	0.498294228555247	0.862292718093004	"PVP01_0943500"
-8.25347648110808	4.05806502693669	0.000977218119668332	0.0080252530025108	"PVP01_0943600"
-1.48470699827399	5.5233850912248	0.354187334638603	0.787232652211204	"PVP01_0943700"
-4.86532536283366	8.67306315719034	0.000217027105909522	0.00607908021604263	"PVP01_0943800"
-0.145227302677604	7.78290438278905	0.910056758102771	0.985614004730824	"PVP01_0943900"
2.21714019695949	7.57603514504825	0.0823448138695914	0.360841700830383	"PVP01_0944000"
-0.568295550413933	5.39310727900997	0.705489919488945	0.944647036365176	"PVP01_0944100"
0.130140540465352	7.0356807580987	0.930825663281389	0.987536253931069	"PVP01_0944500"
-1.28444545784935	7.63614156366258	0.275841908134079	0.71120169492554	"PVP01_0944700"
-0.561168226662387	7.21590555282582	0.678451726794386	0.939047209037922	"PVP01_0945000"
1.87955396506391	5.89736760816283	0.239292933003986	0.668813693421225	"PVP01_0945300"
-2.35582514992087	4.60765304213009	0.0980097569078664	0.405448322730801	"PVP01_0945400"
-2.60651831749765	6.30057346568901	0.134088409695552	0.491165254016968	"PVP01_0945600"
3.44860927696983	6.49057050837558	0.0265137721355775	0.151781077664253	"PVP01_0945700"
0.749770067422152	7.80567546663417	0.510530087720818	0.871009032010353	"PVP01_0945800"
-3.68832510506792	9.10075482497136	0.0123263851107174	0.0792567633537054	"PVP01_0945900"
-0.733748096151766	6.89694079365667	0.629444293086636	0.920239385699032	"PVP01_0946000"
0.219275971318477	7.98560180821609	0.850513777300258	0.973855473858892	"PVP01_0946100"
-0.657817704234416	6.46781746604946	0.662410897661885	0.933154868963757	"PVP01_0946200"
-0.637931853580083	5.58783445970255	0.68842818565943	0.941257557765313	"PVP01_0946300"
-0.811011892050209	5.07559428299321	0.600002223182071	0.910945313268297	"PVP01_0946400"
0.39877227723458	5.46703615836517	0.777213772546098	0.966602218360234	"PVP01_0946500"
-1.05417891364764	4.44114326572639	0.431972799483778	0.826188344498589	"PVP01_0946700"
-1.9519925999991	8.00564828558605	0.188982219163148	0.597485609255352	"PVP01_0947200"
-8.4263597685696	4.20872247564653	0.000714668964873412	0.00656626789273195	"PVP01_0947400"
1.86802016677054	10.1870601428647	0.0460254111096986	0.2326451631472	"PVP01_0947600"
0.069129785474824	5.7635031921482	0.970171352157557	0.997268395704889	"PVP01_0947800"
-1.39809755049584	7.6995051987651	0.303124384573099	0.739500999475726	"PVP01_0947900"
-1.54253113248889	5.03205149711857	0.306727858695208	0.743497550021128	"PVP01_0948000"
-0.246110120762348	5.81960809374094	0.892068045068171	0.981156851156328	"PVP01_0948100"
-0.16960184027523	7.64288104675011	0.900424026418797	0.983970884903657	"PVP01_0948200"
0.968364211556037	8.63807178950581	0.367820993137117	0.795779467894158	"PVP01_0948300"
1.21500413956068	6.37886946914474	0.385251580548133	0.808418899901381	"PVP01_0948500"
-0.414886587940492	6.46822710226274	0.808353651132329	0.9721770429063	"PVP01_0948600"
-0.696157470615327	6.91149956714693	0.664770601122079	0.933294923591082	"PVP01_1002400"
-8.53499017116342	4.30447007740918	0.00062082947921013	0.00610910901731625	"PVP01_1002500"
0.235297686826229	6.41237815673784	0.880471015715467	0.977144865702405	"PVP01_1002600"
0.754822418495321	10.3515553413689	0.4049146973806	0.810463589082019	"PVP01_1002700"
1.32443346251994	6.70842294969005	0.451160269889551	0.837981868569367	"PVP01_1002800"
-0.727304427666771	8.74795279899951	0.478379422081824	0.848847425220203	"PVP01_1002900"
-1.11491100250343	4.65229857335507	0.490530468147185	0.854190752386145	"PVP01_1003100"
2.07013523359728	6.84314861288754	0.126343788534333	0.473753597142268	"PVP01_1003200"
3.04464877622366	6.7039220971613	0.0676939176064468	0.31557738157148	"PVP01_1003300"
-10.6285646929927	6.25471950921972	0.00017382584549309	0.00607908021604263	"PVP01_1003500"
-1.60567229919041	6.70622957277154	0.344065958074154	0.777471469323607	"PVP01_1003600"
-0.612607787776383	8.64431122999299	0.630347177426728	0.920239385699032	"PVP01_1003700"
0.23397966753666	6.71656604893834	0.878784534556499	0.977144865702405	"PVP01_1003800"
4.03237462651519	7.2688873879016	0.00397287428049004	0.0282950318135115	"PVP01_1003900"
1.09476746542339	7.8106661955895	0.328308561569869	0.765481647537677	"PVP01_1004000"
-3.35438391944696	4.74420139306922	0.020850747723808	0.124060083952389	"PVP01_1004100"
-2.00024497490941	7.27671494668142	0.18129559710858	0.583781581585161	"PVP01_1004500"
-1.68099893753424	6.43791407424615	0.267996734959596	0.701612264326761	"PVP01_1004800"
0.561535854713054	6.23729038243929	0.751523481207427	0.958790601647834	"PVP01_1005000"
-3.02845152389669	4.9566922180525	0.0457537124816712	0.231623816916345	"PVP01_1005200"
-10.0995327309193	5.74807080716286	0.000412987299097261	0.00607908021604263	"PVP01_1005400"
-0.0383677157524536	6.91140360037624	0.98520514450388	1	"PVP01_1005500"
-1.8036039092209	8.55287908324454	0.153828306118826	0.535741304870381	"PVP01_1005600"
1.01198945601177	8.17441529185127	0.460828977282988	0.843078756019371	"PVP01_1005700"
-0.580520447858547	7.33816752209778	0.671491977924948	0.935881311360394	"PVP01_1005800"
-5.28065785468779	6.74732989643976	0.00194531908161351	0.0149425664329019	"PVP01_1006300"
-0.943978530710444	7.84645015925151	0.395585827195328	0.808418899901381	"PVP01_1006400"
-0.0563852241973426	6.5961755927943	0.974071806420474	0.997842012951546	"PVP01_1006600"
-0.30255978895533	8.13941495893489	0.785654568584569	0.967257153156029	"PVP01_1006700"
-0.752623062025566	7.20963079259661	0.587984764433344	0.90763246056946	"PVP01_1006800"
0.249409211627297	7.68444263531428	0.830304236494142	0.972892408752531	"PVP01_1006900"
0.97520785341769	7.15337430398462	0.440403173971962	0.830619079919185	"PVP01_1007000"
-1.66370841075504	7.21941199068398	0.181422614003621	0.583781581585161	"PVP01_1007100"
2.93738184417026	8.05556034606008	0.0383012948683633	0.202527991625081	"PVP01_1007200"
1.07078742458908	7.65653303221981	0.366238513494988	0.794416691029661	"PVP01_1007300"
0.226252091341764	7.09420908532229	0.87812046835915	0.977144865702405	"PVP01_1007400"
0.6515412306262	7.18646832357503	0.604312302268157	0.911789619538403	"PVP01_1007500"
1.1353028828373	7.41102171431876	0.358685119562192	0.79003064732084	"PVP01_1007600"
1.89775801443177	7.23900732969653	0.247389990075065	0.680594769650958	"PVP01_1007800"
-3.40260387930494	8.50275701168015	0.0196242580075019	0.118029443278393	"PVP01_1008000"
-2.5577162318179	6.9182721840898	0.110658504879061	0.436595714386425	"PVP01_1008300"
3.82523692911073	8.18697218385148	0.00230733979109833	0.0173232779801197	"PVP01_1008400"
-0.570612129032011	8.41248902996435	0.591158909550645	0.907784096297414	"PVP01_1008500"
-1.40911780295488	6.21751016721502	0.354325700649481	0.787232652211204	"PVP01_1008600"
0.0322159522215653	7.55883958232876	0.981107625233216	1	"PVP01_1008700"
0.541078590686463	7.79104257688314	0.630205749931123	0.920239385699032	"PVP01_1008800"
-8.95005482820496	4.67545331653522	0.000466179783509151	0.00607908021604263	"PVP01_1008900"
-1.13076779434885	4.39082086654957	0.417363989635516	0.819765571768317	"PVP01_1009000"
1.58723416749202	8.20032905332683	0.236994230699202	0.666308378111196	"PVP01_1009100"
-0.850066995111291	6.14111310858266	0.575710553875836	0.900664770550813	"PVP01_1009200"
1.83141927161591	6.03857309914962	0.204400668082061	0.619159036467155	"PVP01_1009300"
0.672508485416547	5.3333884961695	0.65558264718955	0.928110299492965	"PVP01_1009400"
-10.8707260884727	6.48907510826436	0.00011331305354033	0.00607908021604263	"PVP01_1009500"
-1.87381981252503	6.14974784399822	0.2721577513074	0.705768680390601	"PVP01_1009600"
0.658792470382889	5.62537472331834	0.678826262305819	0.939174770561212	"PVP01_1009800"
0.0942136487382097	9.97931069999702	0.918529736275279	0.986140811278897	"PVP01_1009900"
-1.18656166776566	7.76945519705301	0.370170927091621	0.797407416511259	"PVP01_1010000"
0.0402756745030178	7.94507739801883	0.973657795987995	0.997842012951546	"PVP01_1010100"
-0.293104823196389	6.62927108738438	0.869118794795088	0.976414986395257	"PVP01_1010200"
-8.33731730986	4.13200695019056	0.000848441017032229	0.00716222036205379	"PVP01_1010300"
-0.224541889739796	8.17921521280442	0.86178300711233	0.976262081508655	"PVP01_1010500"
-2.71574509513482	5.05231992125395	0.0819410742155568	0.360021153026343	"PVP01_1010600"
1.98426943157248	7.3310954215043	0.120185741517388	0.46168361217517	"PVP01_1010700"
-1.90762841548213	6.76928972905753	0.251094895625193	0.683365527040588	"PVP01_1010800"
0.611538070680875	8.84794159338595	0.544405568453145	0.884559316402129	"PVP01_1010900"
0.702352561638309	8.16674183114339	0.521196322007571	0.875307293029934	"PVP01_1011000"
1.70783748667142	6.28405489775906	0.332734205438951	0.77036694214644	"PVP01_1011100"
-0.715390484577134	8.04567669655076	0.537585895021517	0.881227544032314	"PVP01_1011300"
1.34949054367124	5.58250298807469	0.431347483362714	0.825915337655685	"PVP01_1011400"
-1.57208019472549	9.87753807377777	0.122034992581871	0.466002738607697	"PVP01_1011500"
1.98654735268627	6.67840817456741	0.170896990050001	0.566754174528578	"PVP01_1011600"
-6.03044151693497	6.58181434024705	0.00159061166425356	0.01247729810214	"PVP01_1011800"
-9.31710929636909	5.01258799734463	0.000487534705001261	0.00607908021604263	"PVP01_1012100"
-0.596538929758684	6.69601329948822	0.714346986428005	0.948334927187312	"PVP01_1012200"
0.758756338202541	5.35548389195893	0.659004321588125	0.930826507327224	"PVP01_1012400"
-0.20915351138427	6.97008112889447	0.886982122945424	0.97808542035144	"PVP01_1012500"
-0.796684108733668	6.61804433800122	0.58397476975044	0.907024751573115	"PVP01_1012600"
-2.13846468268402	4.44272885590302	0.124124112897783	0.470201366170872	"PVP01_1012700"
-0.562106949298727	5.08335794419534	0.715904926734659	0.948334927187312	"PVP01_1012800"
-1.91334362903753	4.82663341220069	0.187279439758815	0.595498486269426	"PVP01_1012900"
0.905050071841422	6.66364676368759	0.503970945345233	0.866625018904362	"PVP01_1013000"
0.372217621925436	7.96051945521627	0.742055530116896	0.953970190901521	"PVP01_1013100"
1.82865938815688	7.2210612615702	0.149467920962802	0.526621085934617	"PVP01_1013200"
-9.52436206710892	5.20545534275139	0.000544749440168351	0.00607908021604263	"PVP01_1013300"
0.161013689380077	6.30207331187385	0.924684574354596	0.986825658511516	"PVP01_1013500"
2.04364537491453	6.56859820449801	0.259612992604622	0.693512492193506	"PVP01_1013600"
1.24781780091664	7.24659404483582	0.382885486491648	0.807019726280875	"PVP01_1013700"
0.335949396416147	6.87008678043964	0.823038500839284	0.9721770429063	"PVP01_1013800"
-0.449223623524064	7.87820326212013	0.684425109679583	0.94035163036312	"PVP01_1013900"
-2.07102859634992	5.78396454181576	0.200262165039958	0.613325930868233	"PVP01_1014000"
-1.06062312171061	6.93254436209242	0.475501977986615	0.847999774146638	"PVP01_1014100"
-0.276472973931958	8.81443322962178	0.787986933472539	0.967257153156029	"PVP01_1014200"
-0.545044531836123	5.2578851290892	0.725350291098429	0.950837044785871	"PVP01_1014300"
-1.45437848505486	8.64180386695319	0.19487739140194	0.602467362148099	"PVP01_1014400"
0.569649704239862	9.37266324994629	0.545232325455951	0.884606202178777	"PVP01_1014500"
-2.16043029650287	8.91886174193698	0.0503372634411243	0.249139491376755	"PVP01_1014700"
0.80812648875437	5.72752110212468	0.590003402855353	0.90763246056946	"PVP01_1014900"
7.20066609713921	8.29316094589043	2.96084998841808e-07	6.36139340032272e-05	"PVP01_1015200"
0.153249714834412	6.43707445151419	0.9222945876573	0.986668317320096	"PVP01_1015300"
-0.0614105741863549	6.74916711162531	0.969102919154186	0.996978418758491	"PVP01_1015400"
-1.70870344998755	6.9199503853012	0.220938888572905	0.646868612142149	"PVP01_1015600"
-1.89380050500406	6.21689025857668	0.248529652872599	0.681722013233013	"PVP01_1015700"
-0.988237052724806	5.57267634448367	0.532405240155454	0.879235267505977	"PVP01_1015800"
2.37769095469143	6.94386864224025	0.182378839696131	0.584156245728285	"PVP01_1016000"
1.61664106210609	6.23785831271033	0.309841947518015	0.746223256658159	"PVP01_1016100"
-8.49512844627762	4.26940568746254	0.000648725773616731	0.00620538981180903	"PVP01_1016200"
-1.42017570997876	6.91227998762915	0.27799493428854	0.712593952198798	"PVP01_1016300"
-0.226633893503759	7.95445515836208	0.853221549931931	0.973855473858892	"PVP01_1016600"
1.1993991644545	7.45538300886123	0.328927604343717	0.765579574560674	"PVP01_1016700"
-0.936175839097719	7.08807248286058	0.469625967827358	0.844937846835472	"PVP01_1017000"
-1.07015610296993	9.61404347047984	0.255913620514405	0.689217919285149	"PVP01_1017100"
-0.916037999338846	7.02105575503444	0.523984887987283	0.875326731463423	"PVP01_1017200"
-1.92507728330605	5.99684066411247	0.182502433003986	0.584156245728285	"PVP01_1017300"
-5.52824168018252	5.83341558586827	0.00282885771560615	0.0208620416011221	"PVP01_1017400"
0.322799496784094	6.94600259390346	0.835355626526797	0.973126027228606	"PVP01_1017600"
0.517672614052079	5.71873612532681	0.737809142447191	0.952991537001693	"PVP01_1017700"
-2.91789358683029	7.29159351983157	0.028381082660288	0.159721625935902	"PVP01_1017800"
-1.12582989425512	4.74969188312004	0.42882955086969	0.824920234929202	"PVP01_1018000"
-1.8365879914545	4.79112013344618	0.235612979290604	0.66523664611252	"PVP01_1018100"
-9.01857429439158	8.39082087473787	7.30173359291439e-08	2.20777872091211e-05	"PVP01_1018200"
-10.6097848712787	6.2384187411109	0.000217683013884064	0.00607908021604263	"PVP01_1018500"
-0.293664888364072	4.66542610251506	0.84553951639225	0.973855473858892	"PVP01_1019300"
-2.91531708444321	4.70811731652235	0.0603058955073789	0.289851746325928	"PVP01_1019600"
-5.70212907689614	5.16479060496205	0.00211433285228723	0.0160921534707262	"PVP01_1019700"
0.824028594386741	6.55825920015362	0.605026966422506	0.911789619538403	"PVP01_1019800"
-4.22071558857216	4.0693026441931	0.015706425313319	0.0985652275322621	"PVP01_1020000"
0.994562729677628	6.02735474630288	0.529086074279435	0.87910086107276	"PVP01_1020100"
-2.73119832767705	6.86850604343365	0.0563452638519749	0.27438411064666	"PVP01_1020300"
-0.876174024174765	4.33014246369473	0.504445591280471	0.866625018904362	"PVP01_1020400"
-0.572072167952495	8.68842715824302	0.629106043172631	0.920239385699032	"PVP01_1020600"
-0.572526982077638	5.51319919257512	0.717982410400625	0.948407019078849	"PVP01_1020700"
-9.23801064999538	4.93905854641339	0.000750976775606464	0.00671437837544919	"PVP01_1020800"
1.02760124221766	7.34089532768765	0.5264875229492	0.87676593242926	"PVP01_1021100"
0.728986015030446	5.35101011039066	0.591628814654716	0.907784096297414	"PVP01_1021300"
-0.369017276851913	5.91089161225906	0.812992849343894	0.9721770429063	"PVP01_1021400"
-0.878754383958924	5.63415951694722	0.596138908436265	0.910775383306853	"PVP01_1021700"
-0.468044345134624	6.43693994116561	0.762617147677481	0.962312474396453	"PVP01_1021900"
-0.810863655355984	5.57810020953847	0.596835222432946	0.910945313268297	"PVP01_1022000"
-2.95521636641625	10.5673820572856	0.00238622554616662	0.0178751940688067	"PVP01_1022200"
-0.558725236091993	10.312832501793	0.538111698777423	0.88165493110035	"PVP01_1022500"
-0.531587026055162	7.38580284198312	0.693435155706737	0.941675761045462	"PVP01_1022700"
-1.76038291045656	10.4077379524953	0.0677457157071667	0.31557738157148	"PVP01_1022800"
-1.28523087469015	8.01374314160409	0.249037544944847	0.682289023465043	"PVP01_1023000"
1.30883176939327	7.58634509109081	0.255225455840109	0.689217919285149	"PVP01_1023500"
-9.11089732060776	4.82270739468534	0.000438963934816538	0.00607908021604263	"PVP01_1023600"
-1.60041143293562	5.07347578019393	0.290233769620616	0.725699310154866	"PVP01_1023800"
-1.14667778043952	8.72854438482932	0.269550077261441	0.703155730958081	"PVP01_1023900"
1.08744279646804	6.61197172842279	0.480333509461506	0.848887772591112	"PVP01_1024200"
-3.0399928990556	7.33797619460021	0.030249727636974	0.168688942699453	"PVP01_1024600"
-1.76362698129787	4.11567304006352	0.227197061634552	0.654248854542442	"PVP01_1024700"
-2.29910973824794	5.83149255527292	0.162051318166737	0.555510605657593	"PVP01_1024900"
-5.54997751078494	5.26266579150025	0.00373082353690373	0.0267537052771045	"PVP01_1025000"
-4.16442502495852	6.29979887684187	0.02409097061215	0.140081413034984	"PVP01_1025100"
-2.14726041243216	5.11180420671855	0.162865101228517	0.556149206043172	"PVP01_1025200"
-0.133834014828189	5.47605118429989	0.948150070180047	0.990615931919683	"PVP01_1025300"
-0.690548447859164	4.47787778521764	0.628307392914877	0.920239385699032	"PVP01_1025500"
-0.111404589789331	6.40861281076353	0.949792565795044	0.990615931919683	"PVP01_1025700"
1.29508428670942	6.11890843088506	0.455953096014167	0.840920166101141	"PVP01_1025800"
-3.95998679979882	6.54747561070316	0.0211186746088964	0.125429842409267	"PVP01_1026000"
-0.23332909028754	4.85229113953035	0.869229148109385	0.976414986395257	"PVP01_1026200"
-1.60164651230002	6.11219679463747	0.256822690479132	0.689998289266741	"PVP01_1026300"
-3.74353933659876	4.73271846198932	0.0157690076994441	0.098585939113442	"PVP01_1026400"
-7.4333153384534	8.22096700628702	7.34297022509676e-06	0.000678408860240884	"PVP01_1026500"
-0.850922139557478	8.76403846267739	0.397880628843811	0.808418899901381	"PVP01_1026900"
-2.18037367496836	5.5041663113514	0.199441888436582	0.611376701327255	"PVP01_1027100"
-1.98062437813516	5.50982011674019	0.218222604301506	0.6417403907222	"PVP01_1027200"
-8.72688569291668	4.47642994352362	0.000560418336756923	0.00607908021604263	"PVP01_1027300"
-0.708693144004069	9.23402461248624	0.45752079847662	0.840920166101141	"PVP01_1027500"
0.793860498387721	7.84271102552131	0.501987064405743	0.864707478359528	"PVP01_1027800"
-2.50554544347903	7.15401561253002	0.110077342104272	0.436534888316543	"PVP01_1027900"
-0.840172708882788	6.51659989920826	0.61065555980388	0.911806087047099	"PVP01_1028100"
-0.51787660202056	7.85522915876953	0.640436439988315	0.924117830542792	"PVP01_1028200"
-1.28107777646461	7.86987694858976	0.326446637049042	0.763982543852195	"PVP01_1028500"
-9.67085561788647	5.34295111096551	0.000520945849842536	0.00607908021604263	"PVP01_1028600"
-0.635253955590511	6.6665670721099	0.689940627248723	0.941257557765313	"PVP01_1028700"
-1.65772965336795	4.74809109007904	0.258871863563758	0.692429992076498	"PVP01_1028800"
-1.29186186452473	6.18685438494752	0.39489941505025	0.808418899901381	"PVP01_1028900"
-0.40302551630406	4.72741852810958	0.827819717896765	0.972498135422959	"PVP01_1029000"
-0.171572137921922	8.40914736507742	0.870928652444473	0.976414986395257	"PVP01_1029200"
-1.28415857965047	6.00695570294051	0.37647465106463	0.802663262462154	"PVP01_1029300"
-0.246101310067866	6.76333348693107	0.874280332992525	0.976669769077734	"PVP01_1029400"
-0.107444003742752	6.04439216956615	0.962475916454478	0.995396423547138	"PVP01_1029600"
-2.94870608892953	6.33874456940184	0.0685017198177292	0.317321337205804	"PVP01_1029800"
-0.69931274236217	5.52909866871375	0.654879949311304	0.928080097668	"PVP01_1029900"
-2.1189145684137	8.38648903875126	0.117117977163707	0.455063542110385	"PVP01_1030000"
-2.18249385610975	6.35651873775562	0.170912338259821	0.566754174528578	"PVP01_1030100"
-2.42041656427145	7.74317205506866	0.0699351462391071	0.322613448531582	"PVP01_1030200"
-0.987805362686367	7.18139201894384	0.479614548049188	0.848887772591112	"PVP01_1030300"
1.69398809016992	6.15913334954395	0.318273231931317	0.754509457878518	"PVP01_1030400"
-9.5235367331958	5.20388359707979	0.000593192831185668	0.00607908021604263	"PVP01_1030500"
-3.7802951160089	5.96564475371008	0.0273178369932378	0.155049702797797	"PVP01_1030600"
-1.19900480369672	5.52051145970763	0.433992942020712	0.826251016119569	"PVP01_1030700"
0.11717167313208	5.23776616618653	0.956416350691338	0.99296225792884	"PVP01_1030800"
-9.93338162953643	5.58873989738452	0.000802683066548166	0.00697268888718199	"PVP01_1031000"
-9.74688047929593	5.41332967607332	0.000588011771057452	0.00607908021604263	"PVP01_1031200"
-8.32603103895375	4.12130762105951	0.000821739267344619	0.00702597635781029	"PVP01_1031500"
-11.0030305663139	6.61818327778482	9.90626538963119e-05	0.00588361405105595	"PVP01_1031600"
-9.10632877106815	4.82064092501975	0.000519212525635316	0.00607908021604263	"PVP01_1031700"
1.18780364808615	6.26241952674531	0.441443191141583	0.831550362298024	"PVP01_1031800"
-10.3140387209568	5.95176817761945	0.000274345827937512	0.00607908021604263	"PVP01_1031900"
-1.98401595446673	5.7978513605615	0.25087387357739	0.683365527040588	"PVP01_1032000"
2.73797619192949	6.73415079649401	0.0931415104179353	0.392903324052372	"PVP01_1032100"
1.30488067399467	6.29075310919628	0.411826052869511	0.81531753085952	"PVP01_1032300"
-2.01998314013734	8.72853813928405	0.109788926782038	0.436269976675101	"PVP01_1032600"
-10.3404070318914	5.97689687238479	0.000265409257317829	0.00607908021604263	"PVP01_1032900"
-9.06505741442986	4.78026265463636	0.000451496543884079	0.00607908021604263	"PVP01_1033000"
-2.13234886914457	5.83211086494245	0.189719398908709	0.598472984031141	"PVP01_1033100"
-9.04169031711335	4.76016579633063	0.000417864153822973	0.00607908021604263	"PVP01_1033200"
-14.0317896925036	9.61087906187915	8.95834386723281e-11	2.97954517024163e-07	"PVP01_1033400"
-3.77803382019217	8.90267744934967	0.0264226937624542	0.151781077664253	"PVP01_1033800"
3.23615801855805	5.26967895338917	0.0274614680239751	0.155599391222728	"PVP01_1033900"
-8.50615697700652	4.28024975289094	0.000671715687043358	0.00633183769570987	"PVP01_1034300"
-11.7014754126718	7.30103805960903	4.65127050496478e-06	0.000499036312887511	"PVP01_1034400"
2.17244226243814	6.60945229759202	0.159099113381598	0.54832013309746	"PVP01_1102300"
-2.17797187025866	7.11665609121261	0.163786462425513	0.558149358634484	"PVP01_1102400"
-1.3386268034504	6.06327000289249	0.352761326439936	0.786383493122807	"PVP01_1102500"
0.156083688424536	6.96601489152898	0.918558749554442	0.986140811278897	"PVP01_1102600"
-0.151103043883008	5.26808384262032	0.941039131861612	0.990209237074837	"PVP01_1102700"
0.373078721605557	6.76017140745837	0.787657283051666	0.967257153156029	"PVP01_1102800"
-0.394931547206315	5.89498477598272	0.796583309380216	0.968946135384524	"PVP01_1103000"
-4.16554415231429	6.1436112227266	0.0157392551564914	0.098585240396404	"PVP01_1103100"
0.479290033460394	6.92508802920557	0.733227118382469	0.951307129939058	"PVP01_1103200"
0.538791327797907	5.19955560180301	0.757374690886604	0.961030314916287	"PVP01_1103400"
-0.292691764994315	5.42710506530845	0.857850558686817	0.975790341379054	"PVP01_1103500"
-0.181370432520513	6.44338881934703	0.913692281538459	0.985614004730824	"PVP01_1103600"
0.0228265402755656	5.35584703499112	0.999999999999999	1	"PVP01_1103700"
-2.06594426518155	6.43032334855469	0.194187346317557	0.601926480756938	"PVP01_1103800"
1.19876631971834	8.05984791466814	0.285675982799393	0.720362637445625	"PVP01_1103900"
0.605830199681558	8.64952693839931	0.636088454605897	0.923646950979342	"PVP01_1104300"
-1.47195814224059	5.38357449841278	0.37604436392532	0.802663262462154	"PVP01_1104400"
1.98213156299907	6.46141404676102	0.214042584649744	0.635063012083005	"PVP01_1104500"
-0.0442022732158826	6.13309337231196	0.977824692579551	0.998337246405778	"PVP01_1104600"
-2.29310293541521	4.55883011504964	0.105636668874981	0.425875831125077	"PVP01_1104700"
0.188097004958858	6.69896863117284	0.909153132385452	0.985614004730824	"PVP01_1104900"
-4.19704887604464	6.34642405871076	0.0151963808058557	0.0957256866671896	"PVP01_1105000"
-1.03263914475498	7.15210094275536	0.431140077536584	0.825915337655685	"PVP01_1105100"
-0.618042020325558	7.38326254609179	0.680181340387648	0.939287932664317	"PVP01_1105200"
0.106199960649597	6.30442902938916	0.946141705108935	0.990615931919683	"PVP01_1105300"
0.596604409639054	6.72352840016536	0.665008625458757	0.933294923591082	"PVP01_1105400"
-2.07958455205974	5.13654703293812	0.194696328583198	0.602467362148099	"PVP01_1105600"
-1.10507419885954	8.50720996904216	0.285581568397646	0.720362637445625	"PVP01_1105700"
0.949184875131089	6.47797535598952	0.582739663531059	0.906298677581079	"PVP01_1105800"
-8.87519523446723	4.61132907143461	0.000598950669736236	0.00607908021604263	"PVP01_1105900"
0.164871820542512	8.37428874217279	0.872612788502667	0.976414986395257	"PVP01_1106100"
-0.645455481348202	6.31990795951222	0.685215119171163	0.94035163036312	"PVP01_1106200"
-2.29160824646332	7.86654359801658	0.0871293309428263	0.37220587246453	"PVP01_1106300"
0.571486565173064	7.13504334449678	0.654480558781053	0.928080097668	"PVP01_1106500"
0.477750574059159	5.44094885126408	0.782159639692746	0.966602218360234	"PVP01_1106600"
-1.56714675016104	5.86405950493524	0.317642156667036	0.754509457878518	"PVP01_1106700"
0.463838640282433	4.88168475127892	0.791558372358251	0.967891339819726	"PVP01_1106800"
-2.510213186024	5.16480602554699	0.106115227838716	0.426770553556914	"PVP01_1106900"
0.0147069327595754	5.60551041966235	1	1	"PVP01_1107100"
0.969189575272378	6.92087052095722	0.519106581603668	0.875307293029934	"PVP01_1107200"
-8.66243726947495	4.41743439427486	0.000547612361594324	0.00607908021604263	"PVP01_1107400"
1.10486158513454	6.02969815952189	0.48187279222358	0.848892429520989	"PVP01_1107500"
-0.986983933187908	6.7480482875083	0.508258108130541	0.869581516276841	"PVP01_1107600"
-1.03300577448395	6.38354918196333	0.511449380491948	0.871009032010353	"PVP01_1107700"
0.226609961245897	7.831494614906	0.84948759940071	0.973855473858892	"PVP01_1107800"
-2.65042189992176	4.99979141776204	0.0842233453326097	0.366874937699751	"PVP01_1108000"
-2.11637657366446	7.90959546414426	0.166820729487924	0.559884708654728	"PVP01_1108100"
-2.72498292546274	5.80130442893015	0.108979829476801	0.434056059341596	"PVP01_1108400"
-0.916266357036095	5.7948102216659	0.57194193113877	0.899463038262615	"PVP01_1108500"
-1.52004822438514	7.48628196182121	0.262795752294402	0.69430353578501	"PVP01_1108600"
-0.844215138602949	5.04047469988887	0.576942838655689	0.901744305154522	"PVP01_1108800"
0.99215951751602	7.31160052150978	0.411795650568671	0.81531753085952	"PVP01_1108900"
0.565493896572659	5.11524068838068	0.733309074420282	0.951307129939058	"PVP01_1109000"
-1.30512410928041	5.1567595960094	0.392327406267351	0.808418899901381	"PVP01_1109200"
-0.699269287417728	8.22358239259338	0.59809343799291	0.910945313268297	"PVP01_1109300"
-4.08734094108201	5.72655531578561	0.0213205056056567	0.126177938869065	"PVP01_1109500"
0.534993672849006	8.79357615768705	0.60560720898585	0.911806087047099	"PVP01_1109600"
-1.59136515947028	5.98939688812335	0.32699798032573	0.764015103773862	"PVP01_1109800"
-1.38509004675529	5.78849242412402	0.408800853971891	0.813200741812505	"PVP01_1110000"
-2.59731540349187	6.50104396778187	0.0988186676878646	0.408286818297935	"PVP01_1110100"
-4.0034862810862	10.2159845379666	0.00152836872712354	0.0120744759772278	"PVP01_1110200"
-1.17029194371277	6.80245399457472	0.480849237390756	0.848887772591112	"PVP01_1110300"
-0.876138302961868	5.4698778442849	0.611165877607927	0.911806087047099	"PVP01_1110400"
-0.411804086899515	5.70984358235175	0.815470303346833	0.9721770429063	"PVP01_1110500"
-1.43516172288688	7.18505241387561	0.306732414337891	0.743497550021128	"PVP01_1110800"
-1.94358524404347	8.17446870692882	0.132682187039229	0.489790182122616	"PVP01_1110900"
1.90817789559294	7.49955624064439	0.183733465158217	0.587029303665926	"PVP01_1111000"
-0.69852147941461	6.90206603314441	0.589749802327583	0.90763246056946	"PVP01_1111100"
-2.20972302969063	9.78482093110613	0.0577024845932552	0.279663100958426	"PVP01_1111200"
-0.409934236795114	8.38662749203077	0.721970878209432	0.949871495618897	"PVP01_1111300"
-8.26629119147312	4.06930804798224	0.000873857832721321	0.0072982809610163	"PVP01_1111600"
0.598872285190174	6.26655356276583	0.731118752420073	0.951307129939058	"PVP01_1111700"
-1.1503185416555	6.76177047375366	0.478003254573848	0.848847425220203	"PVP01_1111800"
0.499448398544581	7.3052344502896	0.688440545753862	0.941257557765313	"PVP01_1111900"
0.332445922007636	6.62504169471326	0.817572619566849	0.9721770429063	"PVP01_1112000"
1.97956462294035	7.01849311572113	0.191254061525361	0.5994293448979	"PVP01_1112200"
-1.34365477541903	8.9929900805179	0.217891757383914	0.641334500052123	"PVP01_1112300"
0.14263817604061	4.97408099987226	0.9379013535598	0.990209237074837	"PVP01_1112400"
-1.00443609976995	9.09858507832011	0.323885702110084	0.762380640635626	"PVP01_1112500"
1.05584456783163	6.20766357749794	0.505294040888664	0.867186780183538	"PVP01_1112600"
1.95780657773289	6.93780892873101	0.19278942615947	0.601517477867165	"PVP01_1112700"
0.18205689590631	7.48280642029901	0.897189181957419	0.982889070879571	"PVP01_1112800"
-0.659545835245304	8.19940258383238	0.531021134484152	0.87910086107276	"PVP01_1112900"
-1.81038741086634	5.29986465914918	0.229479311183035	0.657972576719632	"PVP01_1113000"
-0.264193021969587	8.50174980905442	0.811178760104088	0.9721770429063	"PVP01_1113100"
-1.6698354476481	7.46986969381837	0.176542824197962	0.577366207750662	"PVP01_1113200"
-4.38354605253949	4.15153394141318	0.00881105179518749	0.0592031480218052	"PVP01_1113400"
-1.9603079686201	5.41889344958767	0.216668544179093	0.638628109672726	"PVP01_1113600"
-1.2639244416897	5.62369232142125	0.431581736874799	0.825915337655685	"PVP01_1113700"
-9.38458201220868	5.0743332850149	0.000519831612057229	0.00607908021604263	"PVP01_1113800"
-1.72668029004672	5.85920864208373	0.287460350717817	0.722124717890831	"PVP01_1113900"
1.51921328124439	5.90585536184149	0.281187804809179	0.715008133635574	"PVP01_1114000"
-2.70271896866685	6.64328795534505	0.1015047880302	0.415769612054735	"PVP01_1114100"
0.317501670381058	7.18723524610582	0.794612843078724	0.967891339819726	"PVP01_1114200"
-0.236766448884921	5.86893356620215	0.880420707085949	0.977144865702405	"PVP01_1114400"
-2.81219982614129	4.56425884973181	0.0477274841489468	0.238350769188284	"PVP01_1114500"
-1.09223423648856	9.71285985103572	0.287269970440277	0.722124717890831	"PVP01_1114800"
-1.17090035858039	11.7785985092501	0.165495569960599	0.558822213197158	"PVP01_1114900"
-8.35088896779242	8.83008821571021	1.65752436744603e-07	3.93780431866107e-05	"PVP01_1115100"
1.83970847602293	6.720826758582	0.256830391494956	0.689998289266741	"PVP01_1115300"
-8.60520511402436	4.36662143671474	0.000542232618243808	0.00607908021604263	"PVP01_1115500"
-0.631757586762522	6.50629474083356	0.700612235543009	0.944284020426997	"PVP01_1115600"
1.7381533614038	7.62334143088635	0.152591652515885	0.534231406597718	"PVP01_1115700"
0.680907688877874	7.56983706043254	0.570860990999906	0.899463038262615	"PVP01_1115800"
-8.9608911264683	4.68575377938201	0.000450117284622386	0.00607908021604263	"PVP01_1116000"
-1.39498767274594	5.420415879513	0.384198794402766	0.808251227187602	"PVP01_1116100"
0.71161423812617	7.92475218044909	0.523985424637304	0.875326731463423	"PVP01_1116200"
-10.3804035229329	6.01578485862632	0.000248915534541686	0.00607908021604263	"PVP01_1116300"
-1.33692174237809	6.90695589834483	0.362212224130581	0.79257753780152	"PVP01_1116400"
-0.22633425518413	5.15543696988553	0.877739043844618	0.977144865702405	"PVP01_1116600"
0.194947401318097	7.28491507833747	0.873371793303034	0.976414986395257	"PVP01_1116800"
-0.64262901054176	6.59939211943267	0.670902468884383	0.935881311360394	"PVP01_1117200"
1.09007379262984	6.49777705480886	0.482901285230267	0.849249576678799	"PVP01_1117300"
-1.24469337388388	6.26979646791573	0.38249779449143	0.807019726280875	"PVP01_1117400"
0.248573304268638	7.38939178499637	0.834527900335471	0.973126027228606	"PVP01_1117500"
-0.598029448625837	5.81774270038247	0.732643966305485	0.951307129939058	"PVP01_1117600"
-1.94107481044801	5.30411449847948	0.238157487622316	0.666760777636215	"PVP01_1117700"
0.459764092290552	6.60497943628079	0.789648241219343	0.967711882938664	"PVP01_1117800"
-1.70630667700189	6.77256391129613	0.291964163054406	0.728198463045055	"PVP01_1117900"
1.58576096320318	6.27750063253188	0.373145115288963	0.799665369491682	"PVP01_1118000"
-0.0181573231690704	7.84930141721373	0.990782886020482	1	"PVP01_1118100"
0.897007387629149	5.68500539552127	0.606474130364488	0.911806087047099	"PVP01_1118200"
-0.697596876167695	5.81158421031803	0.652266694028574	0.928080097668	"PVP01_1118300"
-1.37481804281776	6.41994815259874	0.407436247128387	0.811832933025124	"PVP01_1118400"
-0.64443666957878	7.32275132708506	0.65094790169564	0.928080097668	"PVP01_1118500"
1.15503259409961	7.34749817791991	0.395135619646563	0.808418899901381	"PVP01_1118600"
0.231822817565135	6.64633128200381	0.880741029060875	0.977144865702405	"PVP01_1118900"
0.373547012754152	6.11274761552357	0.834603070577423	0.973126027228606	"PVP01_1119000"
-10.1421409408245	5.78919968351692	0.00039498389243892	0.00607908021604263	"PVP01_1119100"
-0.869195114669881	7.83126248594804	0.471786880428135	0.845454291112057	"PVP01_1119200"
-11.4319470757174	7.03659154872288	2.44284755264505e-05	0.00184657067274942	"PVP01_1119400"
-1.07584487504489	6.73124592849125	0.509202538019016	0.870192053556314	"PVP01_1119600"
1.36517829104212	8.26403734401178	0.193840940623833	0.601702588060641	"PVP01_1119700"
0.144091098797722	10.3416059243272	0.872326027246408	0.976414986395257	"PVP01_1119800"
0.807682934465397	8.38884519894286	0.432870196167951	0.826251016119569	"PVP01_1120000"
-0.0914524566384889	7.89045773606807	0.946598463265276	0.990615931919683	"PVP01_1120100"
-0.063184833563467	8.1245736795161	0.95665232440095	0.99296225792884	"PVP01_1120200"
-3.73840724297556	6.27575375579263	0.0211617714895002	0.125461768224737	"PVP01_1120300"
-0.793188423284534	7.4586181645989	0.556608094168578	0.891478285859216	"PVP01_1120400"
1.04287046623651	7.19337004541554	0.531546795369052	0.879127121530317	"PVP01_1120600"
-1.47529762498702	4.1520781350023	0.315610700372997	0.752963025051108	"PVP01_1120700"
1.05581603786012	5.5780975982646	0.539541972151882	0.882384450450519	"PVP01_1120800"
-0.951533745286007	5.6017734671508	0.555163603428206	0.891478285859216	"PVP01_1121000"
-0.85108920103143	8.20460429519998	0.43153121716481	0.825915337655685	"PVP01_1121200"
-0.013325361177281	8.71686725462305	0.990788813804154	1	"PVP01_1121300"
-2.33351111241385	11.8472564418426	0.00984401320016101	0.065351672462546	"PVP01_1121400"
1.06750911150926	6.82806547248085	0.481422665507402	0.848892429520989	"PVP01_1121600"
1.17907763774549	7.99519684449226	0.299738005563766	0.736211504462051	"PVP01_1121700"
0.219983682197422	9.09536870313365	0.840921178042996	0.973855473858892	"PVP01_1121800"
-2.68902617297226	7.24554191391405	0.0831358078353976	0.363828548500701	"PVP01_1122000"
-0.0277144369295117	6.96678505494673	0.990209064760757	1	"PVP01_1122200"
-8.58400827044744	4.34728247815899	0.000581300255716855	0.00607908021604263	"PVP01_1122300"
0.753319139975215	8.69294641706484	0.468524933532007	0.844937846835472	"PVP01_1122400"
0.385218390254768	5.38233634554935	0.829380598232051	0.972892408752531	"PVP01_1122600"
-1.90714869670094	8.85008722461035	0.076576718522296	0.343509100294764	"PVP01_1122700"
3.20656649489631	7.8042352673121	0.0122243094387617	0.0787946767312429	"PVP01_1122800"
-1.36427782200131	4.82685699725213	0.344013069783597	0.777471469323607	"PVP01_1123100"
-0.555443101333587	7.25779717109635	0.688804658936909	0.941257557765313	"PVP01_1123200"
-8.59176263232853	4.35572562288384	0.000592571790386592	0.00607908021604263	"PVP01_1123300"
-1.19267238180503	9.37577408321273	0.334729724897355	0.770440664342145	"PVP01_1123500"
-0.313312226005348	5.17088980213231	0.836262985448107	0.973126027228606	"PVP01_1123700"
0.743358728774218	5.8379524980895	0.670145762107316	0.935881311360394	"PVP01_1123800"
-1.31443117191808	5.70405534106264	0.418262830815043	0.819765571768317	"PVP01_1123900"
0.446152746664306	5.58446013555242	0.766628301927279	0.962879610217051	"PVP01_1124000"
-7.16096255298917	6.53546285412726	0.00048147688713182	0.00607908021604263	"PVP01_1124100"
-0.911170371654352	6.28342334241841	0.554773306639569	0.891478285859216	"PVP01_1124200"
-3.39439748551459	7.20232743209321	0.0349122693445275	0.188344482644586	"PVP01_1124500"
-0.33356230388042	10.2593227263968	0.715955803417721	0.948334927187312	"PVP01_1124900"
-4.87361052511595	5.72471275495012	0.00495196729401894	0.0345288117817757	"PVP01_1125100"
-1.93673357041386	5.4751873093572	0.225406005081419	0.651346979062379	"PVP01_1125300"
-0.923496318885479	8.09214127524806	0.480644008109346	0.848887772591112	"PVP01_1125500"
-0.644263227547856	5.55526373775729	0.680884908494789	0.939287932664317	"PVP01_1125600"
-1.1566702252342	5.54004070087954	0.455960521928353	0.840920166101141	"PVP01_1125700"
-3.40347916755667	5.27044302858232	0.0351446007473281	0.188533777557441	"PVP01_1125800"
1.42505114591715	7.90650596123695	0.210030987810349	0.628769635875085	"PVP01_1125900"
0.463464143723176	6.58505540932784	0.764345135170332	0.962483707525282	"PVP01_1126000"
-10.505350652389	6.13547403476504	0.000213542410667183	0.00607908021604263	"PVP01_1126300"
-0.831257933816647	7.44352632367842	0.481618446850628	0.848892429520989	"PVP01_1126400"
3.93833176651089	7.08771530610399	0.00518855266801901	0.0361027744222411	"PVP01_1126500"
1.11048148339686	6.31810435853254	0.448584983206542	0.836907348406998	"PVP01_1126600"
-0.17916174999145	7.99729959485384	0.880781812199582	0.977144865702405	"PVP01_1126700"
-3.64354661982314	4.64630874773897	0.0167306522957432	0.103431504713089	"PVP01_1126800"
0.79921633423655	5.39817533432222	0.5976578953748	0.910945313268297	"PVP01_1127000"
-8.47211018845957	4.249279232706	0.000675726729776858	0.00634877712779048	"PVP01_1127100"
-0.917206345861873	5.40906715035127	0.559543101010987	0.891478285859216	"PVP01_1127200"
-9.59561405558388	5.27175388324153	0.000546510040932701	0.00607908021604263	"PVP01_1127300"
-1.83648641365443	6.69851686831522	0.242810532255264	0.673551151193502	"PVP01_1127600"
-2.12675429828159	8.23504694781053	0.0960149423746075	0.399182122922431	"PVP01_1127700"
-3.54624261317426	5.58701643461638	0.0337207973032988	0.183260411488189	"PVP01_1127800"
-9.63740766057852	5.31018017709994	0.000522423236137178	0.00607908021604263	"PVP01_1128200"
1.09106862315254	7.42450433632598	0.364557655769784	0.793213823452884	"PVP01_1128300"
-11.1259060914263	6.73686529995561	0.000121623801096578	0.00607908021604263	"PVP01_1128400"
-0.0462446570371172	5.74480352305108	0.978226423943605	0.998337246405778	"PVP01_1128500"
-0.259909956367888	7.05501083723425	0.870991650281862	0.976414986395257	"PVP01_1128800"
-3.45704709514173	5.52832380587391	0.0300251742420574	0.168120756782968	"PVP01_1129000"
-2.53656173691309	6.74848708507657	0.134733107004091	0.492442103181984	"PVP01_1129100"
-0.192624469520211	5.41686463661105	0.903115269285591	0.985162802769392	"PVP01_1129400"
-8.66681605414007	4.42117719149354	0.00052951886763842	0.00607908021604263	"PVP01_1129500"
-0.956560187617164	5.28496777757241	0.565534962637793	0.895699659872999	"PVP01_1129600"
0.128145344840761	7.00841541197075	0.927188870369359	0.986825658511516	"PVP01_1129700"
0.269667086692786	6.00931256502848	0.866153875067568	0.976414986395257	"PVP01_1129800"
-1.02060006177411	7.08374732936868	0.428807609740662	0.824920234929202	"PVP01_1130000"
0.586365713727135	10.0014834039774	0.520669635608669	0.875307293029934	"PVP01_1130100"
-0.952756994612814	5.03243715863342	0.558765294490445	0.891478285859216	"PVP01_1130200"
-2.92657241048212	4.39632435417203	0.0340311257426718	0.184344501987177	"PVP01_1130300"
0.289509304287054	6.08369549958035	0.850706072036277	0.973855473858892	"PVP01_1130400"
0.954945506115472	7.43825439272511	0.469232477056069	0.844937846835472	"PVP01_1130500"
0.639159092288625	6.09153482474053	0.690236675703427	0.941257557765313	"PVP01_1130600"
-1.93006411339385	4.68182291547136	0.207699607316723	0.622911536461156	"PVP01_1130700"
-1.49573713130771	4.93037585119659	0.314556487775914	0.752963025051108	"PVP01_1130800"
-2.07485779697045	4.69868733028266	0.141809585110189	0.507159871049988	"PVP01_1130900"
-5.09590124196086	7.2077634447958	0.00158431212742764	0.0124572627324452	"PVP01_1131000"
-8.73251919566101	4.4809131849369	0.000565737801582762	0.00607908021604263	"PVP01_1131100"
-0.466951414344067	6.18456618067314	0.776160010160947	0.966602218360234	"PVP01_1131200"
-0.881613640396225	9.50026092089471	0.366404615483328	0.794416691029661	"PVP01_1131600"
-0.760249933835752	11.9199255858225	0.374422734674874	0.799826599568806	"PVP01_1131700"
-1.64581300669189	6.40046517995433	0.265813451071483	0.699063346997437	"PVP01_1131900"
-0.8955888683273	5.0841461125231	0.576041468800773	0.900758780080569	"PVP01_1132000"
0.358105198614124	5.45017351703386	0.846118375198476	0.973855473858892	"PVP01_1132100"
-1.54768486168507	4.17672384247946	0.23432962294577	0.664433355428501	"PVP01_1132200"
0.339254124747832	5.78114883902771	0.80695309856397	0.9721770429063	"PVP01_1132300"
0.136519934970358	6.7915625984823	0.920022530787257	0.986140811278897	"PVP01_1132400"
1.88748128038085	6.56965262130946	0.260641497336177	0.694045921303151	"PVP01_1132500"
-1.27354859644606	6.18115190277928	0.433311536447594	0.826251016119569	"PVP01_1132700"
-0.33169474676506	5.42727680593848	0.854655772173391	0.974489234915563	"PVP01_1132800"
-3.1726306876006	6.55416446647465	0.0682885226092327	0.31721735502557	"PVP01_1132900"
-9.31396037852199	5.0108086996342	0.000593227143708747	0.00607908021604263	"PVP01_1133000"
-2.07153917917109	5.33992772848912	0.187691828898755	0.596239754457744	"PVP01_1133100"
0.453967553155132	6.57312072320371	0.772358281979369	0.96580919268122	"PVP01_1133300"
-5.5814541109898	5.29198626360973	0.00372632180556779	0.0267537052771045	"PVP01_1133400"
-1.2357206793213	6.55706921269017	0.455996329400615	0.840920166101141	"PVP01_1133500"
-2.86913696715925	5.77780067849934	0.0957495899121276	0.399076611588642	"PVP01_1133600"
-1.90519003911117	6.78369524791474	0.179648235590414	0.581690498609242	"PVP01_1133700"
1.85805449110254	6.09016637247426	0.302033389921976	0.738649305059186	"PVP01_1133900"
-4.17231444602755	6.53223401406503	0.0165255125532806	0.102544505134723	"PVP01_1134000"
-2.2975631242892	4.3795801401682	0.0952768660217569	0.398111849530989	"PVP01_1134200"
0.155629973771655	5.48516691960124	0.940987391452428	0.990209237074837	"PVP01_1134300"
-3.54466106927267	5.16245225975888	0.0307701044696847	0.170568945776952	"PVP01_1134400"
0.80338863991521	5.84262669189315	0.622553735420857	0.918332414761315	"PVP01_1134500"
-1.41736362543089	9.00896691992351	0.15974589489428	0.54944658367981	"PVP01_1134600"
-1.92123010025843	8.22836799082329	0.0945842114672976	0.397205918358878	"PVP01_1134800"
-3.64679049965712	5.33330354666703	0.0339351825575453	0.184124660989226	"PVP01_1134900"
-4.57820849392953	9.25004622712137	0.00167135808638771	0.013049147876351	"PVP01_1135200"
-1.7524191420559	7.59683826973349	0.216441482464839	0.638628109672726	"PVP01_1135300"
1.71573611689072	8.17714386561557	0.12612521301264	0.473467786094853	"PVP01_1135400"
-0.38151881201638	5.84810395381345	0.835149107862909	0.973126027228606	"PVP01_1135500"
-2.51212294106005	6.203396187533	0.111511083115009	0.438918180402982	"PVP01_1135600"
1.82957564521511	5.70284183587249	0.250751202760224	0.683365527040588	"PVP01_1136000"
1.92807727539423	7.71973368513654	0.102132441449088	0.417296991392648	"PVP01_1136100"
0.900973769173232	6.87265255781306	0.550546972692694	0.888271757737643	"PVP01_1136200"
-0.421784468759617	4.88252066341499	0.794741806689017	0.967891339819726	"PVP01_1136300"
-8.08821319173243	7.46011872060599	7.04071036101082e-06	0.0006690686474492	"PVP01_1136400"
-0.53747921545981	4.43890606005118	0.759456564941535	0.96119955028363	"PVP01_1136500"
-0.15837021080755	7.64407804063978	0.89576703557692	0.982301734364931	"PVP01_1137000"
0.00663349313393694	6.04574764583248	1	1	"PVP01_1137200"
-1.61701029525919	8.88795208031057	0.193934207576971	0.601702588060641	"PVP01_1137400"
0.0507188110750589	8.5284147477256	0.961483917356026	0.994989268552005	"PVP01_1137500"
0.180214624376745	6.48169785926946	0.908852872468168	0.985614004730824	"PVP01_1137600"
-6.03685489955835	6.58564112478162	0.00176274421264635	0.013666403849095	"PVP01_1137800"
-1.31409914849559	6.65846193592602	0.385480733898418	0.808418899901381	"PVP01_1137900"
-8.57360440029322	4.33800782973167	0.000606811374541838	0.00607908021604263	"PVP01_1138000"
-0.119878960885317	5.92339176500392	0.9354419151394	0.989494469605681	"PVP01_1138100"
-2.56769336642822	5.47869846659972	0.111124793642816	0.437915952199058	"PVP01_1138200"
-1.51812234168994	6.40032652061274	0.320770003840443	0.7582665478133	"PVP01_1138300"
0.832816269582	7.33245561967165	0.495202315556381	0.858830776610855	"PVP01_1138400"
0.233541839330569	6.03361623436431	0.885360545188097	0.97808542035144	"PVP01_1138600"
-0.204576574381196	10.150629047417	0.823651639217347	0.9721770429063	"PVP01_1138700"
0.979759329125127	6.19163344585825	0.5494734244478	0.888021676245571	"PVP01_1138800"
-2.07612673501124	4.69931187614506	0.138539759116752	0.499764901108804	"PVP01_1138900"
-8.70790798445062	4.45767594157557	0.000527492324540648	0.00607908021604263	"PVP01_1139000"
1.53029065948492	6.27859000267412	0.270010041588184	0.703803603700863	"PVP01_1139100"
-2.63596104147838	7.68873925598751	0.0630870346383903	0.299120169621984	"PVP01_1139200"
-2.3668120552434	6.22421926576398	0.136145247679378	0.495727479833223	"PVP01_1139300"
-4.22719844776885	6.82606976125288	0.0168902860106013	0.104070445732101	"PVP01_1139800"
-0.697304081113768	8.61446609180264	0.498679852876237	0.862511279597694	"PVP01_1139900"
-8.92488181553578	4.65363022619134	0.000452778734731367	0.00607908021604263	"PVP01_1140100"
-0.598923218623818	7.49223299070382	0.659325078318996	0.930826507327224	"PVP01_1140200"
-2.29059248324839	5.7843140017626	0.13896628106156	0.500760401745122	"PVP01_1140400"
-8.31323133382212	4.11003466776671	0.000815264179364209	0.00702478927607606	"PVP01_1140900"
0.576242976095454	6.02845943324842	0.737464847517002	0.952991537001693	"PVP01_1141100"
1.91548050797871	6.00786045638331	0.265957373084713	0.699063346997437	"PVP01_1141200"
-1.62958634664716	4.92298618983762	0.261676937837548	0.694045921303151	"PVP01_1141400"
-8.63098873034355	4.38953504480126	0.000541007961540368	0.00607908021604263	"PVP01_1141600"
-0.780404586412305	5.00052720957197	0.610788371466051	0.911806087047099	"PVP01_1141700"
0.240398538233105	6.0516706587621	0.875936813710823	0.976983850570825	"PVP01_1141800"
0.495757871465052	7.28900940484954	0.688319258393182	0.941257557765313	"PVP01_1142000"
-1.30768644200902	5.94776593202597	0.426188106434623	0.824582698291972	"PVP01_1142100"
-1.2977887864766	6.03662115620233	0.389050090939901	0.808418899901381	"PVP01_1142200"
-0.400612727282081	7.14139351536247	0.776625635092862	0.966602218360234	"PVP01_1142300"
-0.670834973225233	6.77242300528667	0.649705630444937	0.928080097668	"PVP01_1142400"
-1.83525275617834	4.80704006704711	0.255550560487317	0.689217919285149	"PVP01_1142800"
-0.305845683244221	7.17456197379995	0.820284661195224	0.9721770429063	"PVP01_1142900"
-2.91678639917117	7.98989068489345	0.0310020450822499	0.171283724158743	"PVP01_1143000"
-0.237115547436442	7.00891779379662	0.872158864295148	0.976414986395257	"PVP01_1143100"
0.963638671820935	7.59764176590456	0.398092978663965	0.808418899901381	"PVP01_1143800"
-0.178736798803865	4.80436468307147	0.927120625568205	0.986825658511516	"PVP01_1143900"
-1.76163179284332	5.83393959321895	0.276103840482366	0.711325618469674	"PVP01_1144100"
-1.49287503801077	8.02909308284641	0.174535263161221	0.572886454249033	"PVP01_1144400"
0.553287026780965	5.8106359091808	0.726244393352405	0.950837044785871	"PVP01_1144600"
-0.829883480330435	7.07051926897798	0.590120514245801	0.90763246056946	"PVP01_1144800"
-1.23263041900306	6.4135762759651	0.40031473744918	0.809882491944022	"PVP01_1144900"
-9.16341399491736	4.87086359045602	0.000488741243070246	0.00607908021604263	"PVP01_1145100"
-0.780021202043125	6.86263871563593	0.592285141691768	0.908225164253952	"PVP01_1145300"
-9.63527698575321	5.30832166391304	0.00051689611246571	0.00607908021604263	"PVP01_1145400"
1.16139241067974	7.48361809689403	0.32540779049656	0.7633856579463	"PVP01_1145500"
1.64253788571377	5.61549613142124	0.314360561161623	0.752963025051108	"PVP01_1145600"
-0.790448932383241	6.63870201742136	0.639516111632951	0.923992435834576	"PVP01_1145800"
0.0818498461453247	5.45054799970628	0.974673448706829	0.997842012951546	"PVP01_1146100"
-0.423848643517234	7.11301523476305	0.739927511365471	0.953970190901521	"PVP01_1146300"
-0.0794729068374395	4.62806474202852	0.961055995332947	0.994989268552005	"PVP01_1146400"
-0.323270690919183	5.90939582529089	0.850333709459927	0.973855473858892	"PVP01_1146600"
-2.20591453148039	4.92555520992211	0.137733102128283	0.49901993211184	"PVP01_1146700"
-1.83522613011218	5.52076037950333	0.228937186095994	0.657551883381066	"PVP01_1146800"
1.64021790356558	8.41442912567792	0.117842666546846	0.456280219947391	"PVP01_1146900"
-12.0205802859434	7.6151976717865	8.2612998739227e-07	0.000130843254193652	"PVP01_1147600"
-10.3257281810361	5.96280479998815	0.000351489938033558	0.00607908021604263	"PVP01_1147700"
0.14617088095476	5.43156250626133	0.933169332002738	0.98853718472218	"PVP01_1202000"
-1.17232983173708	6.88122102805717	0.419858767977811	0.820165733189825	"PVP01_1202100"
0.557201370835936	7.16600117789341	0.652825560827575	0.928080097668	"PVP01_1202300"
-0.0558922072766083	7.33398417520339	0.970678928499917	0.997305090775372	"PVP01_1202400"
0.599988246030918	6.02815489550985	0.701605153262927	0.944284020426997	"PVP01_1202600"
-2.8983224720314	5.35007238277784	0.0687877251149336	0.318203023271584	"PVP01_1202700"
-8.72064028017935	4.46956554983265	0.000504096730614641	0.00607908021604263	"PVP01_1202800"
-8.33974520619882	4.13350639767993	0.00079710509178207	0.00697268888718199	"PVP01_1202900"
-6.39968085117055	5.80457648245626	0.00153548667165588	0.0121019636728139	"PVP01_1203000"
-7.862674205776	7.22977158755324	4.16408689597871e-05	0.00301081587304895	"PVP01_1203100"
-2.72297316752872	5.05985514889031	0.0805907594684586	0.355497169750787	"PVP01_1203200"
-0.833945415523777	8.73688876504759	0.429590343855982	0.825428933370882	"PVP01_1203300"
-1.67059943064124	6.77855892580205	0.271806984835854	0.7057221167557	"PVP01_1203500"
-2.75741645059736	5.48981324896022	0.0869423598333512	0.37220587246453	"PVP01_1203600"
1.65210676638619	5.67050037422469	0.294100313293638	0.730159064854585	"PVP01_1203800"
-4.81058112216451	5.17729046096787	0.00572318075644608	0.03941055734149	"PVP01_1203900"
-0.548015908419037	4.80602265789118	0.712089545112899	0.947743028029412	"PVP01_1204100"
-1.92405076267285	7.9206755006562	0.149455082335191	0.526621085934617	"PVP01_1204300"
0.357737053689374	5.97853508597109	0.822197141956743	0.9721770429063	"PVP01_1204500"
-0.201759767128781	7.78109561276244	0.879098155607159	0.977144865702405	"PVP01_1204700"
-0.165811784086284	5.4001307023625	0.930314113485558	0.987536253931069	"PVP01_1204900"
0.267193154989828	4.9661277488381	0.884406633583687	0.977904409341537	"PVP01_1205000"
-1.88443639286857	4.07421827272013	0.164314910327814	0.558473926445166	"PVP01_1205200"
-1.02626941393848	7.39816757060775	0.464518990930888	0.843719086379954	"PVP01_1205300"
-2.33556318926888	6.85953197233329	0.119014022006805	0.459745223222569	"PVP01_1205500"
0.25337413216771	8.22352345309407	0.81949150702794	0.9721770429063	"PVP01_1205600"
-2.42633226037839	7.89965791276718	0.0642118829656685	0.302934358501863	"PVP01_1205700"
-5.65721960272354	5.9491656301314	0.00306281519951851	0.0222421907283812	"PVP01_1206200"
-1.48048331463493	4.30448740421568	0.290632175919747	0.725707670502312	"PVP01_1206300"
-1.32624791221822	6.71145819776976	0.394782158607832	0.808418899901381	"PVP01_1206400"
0.271228123711849	6.61444568966617	0.863719521729934	0.976262081508655	"PVP01_1206500"
-0.585370150397797	5.19193684521484	0.710890973958629	0.947285007766987	"PVP01_1206600"
0.0625921421798828	7.25541181267932	0.970918185186607	0.997305090775372	"PVP01_1206900"
-0.686542989880997	8.4985321534702	0.508750287742845	0.869976070453831	"PVP01_1207100"
-0.868652334349439	9.89928526151509	0.349640883675755	0.784157504454189	"PVP01_1207300"
-0.801462964319249	5.70386766504528	0.593112802878417	0.908322917743134	"PVP01_1207500"
0.72807217257924	7.63767431957651	0.554278274269968	0.891478285859216	"PVP01_1207600"
1.84777697739629	7.20046940688688	0.165539729241651	0.558822213197158	"PVP01_1207700"
0.526890652507699	5.157101489847	0.757613194741583	0.961030314916287	"PVP01_1208000"
1.17641040309388	6.34963755557171	0.467522930262548	0.844724145166769	"PVP01_1208200"
-2.26913674129688	4.92193682186352	0.114371974372741	0.445956842630408	"PVP01_1208300"
0.441836130422306	9.00150781836763	0.653339888862758	0.928080097668	"PVP01_1208400"
-0.0850956809550719	5.00949320697919	0.949704936283228	0.990615931919683	"PVP01_1208500"
-0.747377878259603	4.51269494505764	0.593492089146815	0.908322917743134	"PVP01_1208600"
-2.20080472580385	7.4377920969478	0.113219257832884	0.444065155132278	"PVP01_1208700"
2.68939318442654	6.39303700968402	0.104277703091783	0.42244535990654	"PVP01_1208800"
-1.7185951570384	6.42343743843109	0.263762632418928	0.695146208736415	"PVP01_1209000"
-0.345515833845451	7.75533895378656	0.759411776879786	0.96119955028363	"PVP01_1209100"
-2.95358256982992	7.59051026934603	0.0635761386564131	0.300788388579275	"PVP01_1209200"
0.51548639297055	6.37646037423216	0.770281751237005	0.964229245244365	"PVP01_1209300"
-1.91357039871608	5.45789267815629	0.232538366132181	0.662591173497465	"PVP01_1209400"
-0.327796815200643	4.56612747113873	0.835769471112177	0.973126027228606	"PVP01_1209600"
-0.469597840349697	7.90807809088455	0.699322853789286	0.944284020426997	"PVP01_1209700"
0.44909807649173	7.3113314093819	0.753883392546664	0.959960246405132	"PVP01_1209900"
2.29075438105108	7.05123912251259	0.0769718122998966	0.344560225719322	"PVP01_1210000"
-0.286473518629611	6.7901816321464	0.84987213245534	0.973855473858892	"PVP01_1210100"
-1.18296269590805	5.70116893377874	0.460717755889717	0.843078756019371	"PVP01_1210200"
-2.35517881850386	5.64730277621101	0.146870148312245	0.520778372373698	"PVP01_1210300"
1.04562675055099	8.22699883972003	0.329465732931143	0.766295823586701	"PVP01_1210400"
-6.9535318303844	9.84253070487107	4.35864078252807e-08	1.61075991585426e-05	"PVP01_1210500"
-1.43952497088506	8.61059640845402	0.177745673995614	0.579022636346143	"PVP01_1210600"
-0.0102780765371291	5.8780007718714	1	1	"PVP01_1210700"
0.288238674781386	6.49733778894329	0.830731942530724	0.972892408752531	"PVP01_1210800"
-2.66296486051396	5.15611457462352	0.0852149611736901	0.369291458567238	"PVP01_1210900"
-0.109312133354492	9.29891547564294	0.914855470727153	0.985614004730824	"PVP01_1211000"
-2.41104459651499	8.05423226854348	0.101273331965057	0.415333048231539	"PVP01_1211100"
-8.6805274457864	4.43371405819775	0.000539920839814711	0.00607908021604263	"PVP01_1211200"
-8.36827362652302	4.15833976558904	0.000765776285098981	0.00679192513130456	"PVP01_1211300"
1.23506067647811	8.2505946484834	0.251279627050703	0.683365527040588	"PVP01_1211400"
-0.413531195321274	8.50182805086977	0.742709570236993	0.953970190901521	"PVP01_1211500"
0.31280591137799	5.78703122229918	0.840432668972158	0.973855473858892	"PVP01_1211600"
-1.15034838272956	7.67980984379192	0.419919657693742	0.820165733189825	"PVP01_1211700"
-0.684558324498542	8.2247749228187	0.594260573965442	0.908322917743134	"PVP01_1211800"
0.578184322933734	8.11602579089853	0.601731548633776	0.910945313268297	"PVP01_1211900"
-0.412059445624236	7.0619254143654	0.770194799038346	0.964229245244365	"PVP01_1212000"
0.614988370043339	6.7537469719411	0.69808469496366	0.944284020426997	"PVP01_1212100"
-1.01870764804626	8.75832183194255	0.433941763911583	0.826251016119569	"PVP01_1212200"
0.221297335014966	7.94078522684645	0.868683949156384	0.976414986395257	"PVP01_1212400"
0.660733417201827	6.28840952249656	0.670799257862694	0.935881311360394	"PVP01_1212500"
1.64584214677127	7.44858718796064	0.257846803567633	0.692169869786882	"PVP01_1212600"
0.340565737500311	6.94187697422496	0.821019711636075	0.9721770429063	"PVP01_1212700"
-0.971294388018648	8.00161699076632	0.370285496434506	0.797407416511259	"PVP01_1212800"
0.271277492978835	6.04668267825669	0.86798322778953	0.976414986395257	"PVP01_1212900"
1.44727421695762	6.93627174471323	0.275072537479741	0.7097682386793	"PVP01_1213200"
-0.328230710534864	7.13828954504334	0.793236633537327	0.967891339819726	"PVP01_1213400"
-0.0082314216565771	8.13304663933439	0.996807063906519	1	"PVP01_1213600"
-1.29867984209719	8.06622268843607	0.322986223532766	0.761341020177164	"PVP01_1213900"
1.60292267344718	7.0121950499892	0.288411631026093	0.723421632573744	"PVP01_1214100"
0.988602842649632	6.52227940984458	0.480591702272213	0.848887772591112	"PVP01_1214200"
1.49013014713619	6.69515732411157	0.289412482614198	0.724685338154956	"PVP01_1214500"
0.768876279265732	6.99612637175263	0.602136293748731	0.910945313268297	"PVP01_1214700"
1.08242380522958	5.86592460586382	0.490432455835758	0.854190752386145	"PVP01_1215000"
-1.58116868548725	5.23275870225837	0.322695340709599	0.761194824964628	"PVP01_1215100"
1.0381810107064	6.08326364766093	0.463796574470191	0.843719086379954	"PVP01_1215200"
0.444318542777075	6.29542491012104	0.802395558362019	0.971520796182044	"PVP01_1215300"
-0.893448331444449	6.20281114081368	0.559517760359006	0.891478285859216	"PVP01_1215400"
-0.21303298582526	8.8025425780958	0.842915166149652	0.973855473858892	"PVP01_1215500"
-1.3631549350426	5.64483590154192	0.39779198302044	0.808418899901381	"PVP01_1215800"
0.955368987780472	6.73512297699996	0.539618151598423	0.882384450450519	"PVP01_1216000"
-2.24260400486347	5.88855455887213	0.197644731415615	0.607547483076095	"PVP01_1216100"
0.993359107696328	5.15058835255543	0.524983953499995	0.876129126928433	"PVP01_1216200"
-1.67376725239134	7.53724286161615	0.215131513606145	0.636609274608774	"PVP01_1216400"
-1.61756086729764	8.86764140934889	0.192232449841968	0.60034284335623	"PVP01_1216500"
-0.556467679715598	6.58948073930313	0.717634649465891	0.948407019078849	"PVP01_1216600"
0.599310517460788	5.01174927170202	0.721133606954425	0.949232838712896	"PVP01_1216700"
-0.592028198385936	8.13433037409639	0.601856748870979	0.910945313268297	"PVP01_1217200"
-0.147856713270268	4.65165887772028	0.933255189425028	0.98853718472218	"PVP01_1217300"
0.343409806779933	6.41626160247386	0.824692658845738	0.972498135422959	"PVP01_1217400"
-0.0600982115670946	7.41389551834695	0.964616085378164	0.996369060188137	"PVP01_1217500"
-0.744237245841701	5.59512094396707	0.633530919513628	0.922962697460502	"PVP01_1217700"
-3.35748918003013	6.70895554810126	0.0537037264186877	0.263061257832924	"PVP01_1217800"
-2.87143078330105	7.60652767736279	0.0399981504808512	0.208844346152765	"PVP01_1217900"
-0.0959943737001508	8.48434817144064	0.926840618413042	0.986825658511516	"PVP01_1218000"
-3.43118352980571	7.06704386999294	0.0304786100632539	0.169235153706815	"PVP01_1218200"
-0.200210760284601	4.83448481865564	0.883048563444759	0.977904409341537	"PVP01_1218400"
-2.2162167241301	4.66160067953914	0.124094096905704	0.470201366170872	"PVP01_1218800"
-2.0112107143818	4.65189696085592	0.150971214997648	0.530232588259955	"PVP01_1218900"
-4.68920863835301	7.82631420159214	0.00110893268108055	0.00895220897396578	"PVP01_1219400"
-7.35751177705977	6.72834985910775	0.000245976421535278	0.00607908021604263	"PVP01_1219600"
-2.20511726844386	6.54499613166678	0.195580359008169	0.603094613417228	"PVP01_1219700"
-11.4509906029306	7.05593113102421	1.45866164103242e-05	0.00118329478489605	"PVP01_1219800"
-11.8595479760383	7.45673835802891	1.37847645852636e-06	0.000183392508042348	"PVP01_1220000"
-10.744551753732	6.36657889194302	0.00025367998634056	0.00607908021604263	"PVP01_1220200"
-6.36880660883538	7.83261997801023	1.70776534839141e-05	0.0013523875116071	"PVP01_1220300"
0.254192277174789	7.68930086238505	0.826098967904565	0.972498135422959	"PVP01_1220400"
0.429168862884511	6.03550173827969	0.782639739640442	0.966602218360234	"PVP01_1220500"
1.25819372645678	6.19543592254472	0.362567219804489	0.792832723911722	"PVP01_1220600"
1.4684303166318	6.235784169776	0.348856629991137	0.782926552868099	"PVP01_1220700"
1.08502478884042	6.72403384203297	0.473662839549439	0.846625066075757	"PVP01_1220800"
0.640932398129188	5.34758639937389	0.667366348847107	0.935221665992899	"PVP01_1220900"
-1.24722707557266	4.92196838611113	0.42430548099317	0.822797346351383	"PVP01_1221000"
-0.135305165605151	5.18676743608863	0.948290683840864	0.990615931919683	"PVP01_1221100"
-8.56362898037453	4.33061788832583	0.00059876999477559	0.00607908021604263	"PVP01_1221300"
-10.8946359846151	6.51198340081848	0.00011878918239118	0.00607908021604263	"PVP01_1221400"
-0.791667214361849	7.4132844785851	0.559653235380049	0.891478285859216	"PVP01_1221500"
-0.463432084040486	6.00792560087277	0.744307028046351	0.953970190901521	"PVP01_1221700"
-1.39365829545	6.93531234185388	0.338436129057849	0.772567629821829	"PVP01_1221800"
0.654796875391721	6.47495924477934	0.679816018070588	0.939287932664317	"PVP01_1221900"
0.829341079954891	6.67592676509503	0.58916722519187	0.90763246056946	"PVP01_1222100"
0.844245237855609	5.88738669336275	0.597649542280466	0.910945313268297	"PVP01_1222400"
-10.4681736608978	6.10252752003729	0.000299087481809738	0.00607908021604263	"PVP01_1222500"
-0.512205503253769	7.01232808330913	0.708789675073897	0.946000986876317	"PVP01_1222700"
-1.0738144164331	6.00750553423548	0.47242430788668	0.84568527881114	"PVP01_1222800"
0.113456636388418	7.11089337494325	0.927162597267672	0.986825658511516	"PVP01_1222900"
-4.35409090165643	6.58941247760421	0.0085829141045895	0.0577869884855561	"PVP01_1223000"
-1.73483531957224	4.90594117989251	0.244326174683939	0.676626858450275	"PVP01_1223100"
-1.86399569804841	4.79066005170398	0.193109068605475	0.601702588060641	"PVP01_1223300"
2.01982911721068	6.75099913770832	0.258123627988744	0.692354182814971	"PVP01_1223700"
-0.00867206319563319	6.36806931357313	0.995180034665148	1	"PVP01_1223900"
1.53868917163574	6.96453676103344	0.234807694872581	0.664914345488047	"PVP01_1224000"
-0.886410801795414	7.28059927507016	0.476339680698287	0.848847425220203	"PVP01_1224100"
-3.06198732337394	5.74723316995794	0.063133601646011	0.299120169621984	"PVP01_1224200"
-3.49115730079713	5.70828605771461	0.0432587332050928	0.222034794197745	"PVP01_1224800"
-0.406089151827204	5.06630794587499	0.781816011314557	0.966602218360234	"PVP01_1224900"
-1.09384433027054	8.0794266577651	0.356500686728063	0.789954219891764	"PVP01_1225000"
-1.21182753930765	6.10933482341321	0.435246455432048	0.82639717704221	"PVP01_1225100"
-0.580137059175264	6.35568224855179	0.70956980303304	0.946662320452423	"PVP01_1225200"
0.606401812693025	6.43814568184636	0.698786651890978	0.944284020426997	"PVP01_1225400"
-0.337541291667133	6.96355092635295	0.818694726503466	0.9721770429063	"PVP01_1225500"
-0.599338934211495	8.6703514322728	0.550580604967448	0.888271757737643	"PVP01_1225700"
0.834572427342859	6.61586093368359	0.55944629590454	0.891478285859216	"PVP01_1225900"
-9.71967415514313	5.38722423823526	0.000516407611190922	0.00607908021604263	"PVP01_1226000"
-2.8389939898632	9.09947624968193	0.0100480877952583	0.0665735856713727	"PVP01_1226100"
-1.37638377104401	6.32897908370791	0.426519399973822	0.824582698291972	"PVP01_1226200"
-0.216536744591633	7.83361772066926	0.861247856709998	0.976262081508655	"PVP01_1226300"
-0.0927872083671154	7.52088039960476	0.94838450702718	0.990615931919683	"PVP01_1226400"
1.12683755295867	7.13721147145624	0.439382962106206	0.830270530230532	"PVP01_1226600"
-4.67186308978393	5.89528605730397	0.00780897050797521	0.0528974254776488	"PVP01_1226800"
-2.02989245189709	5.37303733278908	0.225204423852847	0.651330359769189	"PVP01_1226900"
-2.62351596705915	4.63153071568788	0.0664854592674402	0.310618180511556	"PVP01_1227000"
-1.25461118704853	7.25081066124296	0.332837431107767	0.77036694214644	"PVP01_1227100"
-0.945679697471311	4.37264911439922	0.478243079646977	0.848847425220203	"PVP01_1227500"
-1.40785753382276	6.07294664305185	0.364931542161135	0.793213823452884	"PVP01_1227600"
-0.982010894734967	5.5556820726342	0.514206324206484	0.87307649623637	"PVP01_1227700"
-0.279308340953303	6.96758090866673	0.836490472593682	0.973126027228606	"PVP01_1227800"
-3.86118456909874	4.58523141400723	0.017536897854927	0.106789577214653	"PVP01_1228100"
-8.56088717730409	4.32723790906865	0.000593145302404507	0.00607908021604263	"PVP01_1228400"
-0.360443171337432	5.71307105515279	0.825979030555292	0.972498135422959	"PVP01_1228500"
-2.52110761525583	7.24007262079482	0.0863882527314643	0.370744940109484	"PVP01_1228600"
-0.82371166320238	6.08207629001598	0.569950334948656	0.899463038262615	"PVP01_1228700"
-10.0355632098509	5.68693619173626	0.000394967899151853	0.00607908021604263	"PVP01_1228800"
1.20542694714955	5.71940031898998	0.489177983174723	0.85415633902254	"PVP01_1228900"
-1.44958526804501	4.37793280837209	0.285318644465977	0.720362637445625	"PVP01_1229000"
-9.59096041439282	5.26776674988373	0.000590581964042876	0.00607908021604263	"PVP01_1229200"
-0.607277205806467	6.72422389631176	0.682865926460279	0.94035163036312	"PVP01_1229500"
-1.68756124790886	9.06147149980182	0.0918740794349296	0.389761719643592	"PVP01_1229700"
-8.97191996311812	4.69613801448984	0.000442111277111355	0.00607908021604263	"PVP01_1229800"
0.87389474014924	5.48693892592373	0.588573805007062	0.90763246056946	"PVP01_1230100"
-1.69962617451327	8.29167211823273	0.12243891824389	0.467008993210068	"PVP01_1230300"
-0.411444113630596	5.13838154662041	0.785435444814329	0.967257153156029	"PVP01_1230400"
-0.235564507972975	6.73239751193926	0.882832388140217	0.977904409341537	"PVP01_1230500"
-2.52072859485821	5.88580280916792	0.139649428985741	0.501050702056716	"PVP01_1230600"
-1.67248329594241	4.65131788184575	0.235067431813186	0.664914345488047	"PVP01_1230700"
-1.89231612797068	5.11559015121626	0.21245340993568	0.633172080148809	"PVP01_1230800"
-11.7249371059139	7.32413283125951	3.03929692219114e-06	0.000387570331378968	"PVP01_1230900"
0.561592767262359	6.21860174471427	0.724997679659677	0.950837044785871	"PVP01_1231000"
-0.393770895234905	7.0277129176201	0.781134044891239	0.966602218360234	"PVP01_1231100"
0.120035012977712	8.17262136974867	0.910383418512635	0.985614004730824	"PVP01_1231200"
0.250403941627211	6.30829819515436	0.877559035602817	0.977144865702405	"PVP01_1231300"
-0.441860315752011	4.61878121670886	0.744405788048304	0.953970190901521	"PVP01_1231400"
-2.92541827372029	6.88444225490661	0.0522661428187975	0.256775762208745	"PVP01_1231500"
2.78293064488845	6.27101440434293	0.0997418166092424	0.409661159265443	"PVP01_1231600"
2.23635501427022	5.77510629588393	0.174187466540059	0.572886454249033	"PVP01_1232100"
-0.301405482039194	7.38705035567743	0.816786929187715	0.9721770429063	"PVP01_1232300"
-1.03288217967628	7.47146761431309	0.45612796111952	0.840920166101141	"PVP01_1232400"
-0.842926256897652	7.74907037466529	0.535024523302352	0.880488022490989	"PVP01_1232500"
0.343773349546409	6.16955720645566	0.826494682600259	0.972498135422959	"PVP01_1232600"
-1.50078696864983	6.59306445069757	0.363134033284389	0.792841258308497	"PVP01_1232700"
0.0221453886848593	7.09268623519106	0.990808736934942	1	"PVP01_1232800"
-0.412172142935466	5.47912821816352	0.78462058847295	0.967257153156029	"PVP01_1232900"
-1.49349842082609	5.68814121382573	0.353335778511312	0.787136503234175	"PVP01_1233300"
0.780122016961919	6.68786439113217	0.560335777526613	0.891996054152558	"PVP01_1233600"
-10.2517724484444	5.89273687841638	0.000294695534373549	0.00607908021604263	"PVP01_1233700"
0.443920662708592	6.1451413597771	0.778880321832584	0.966602218360234	"PVP01_1233900"
-1.84981261093509	4.22879403956552	0.182394058772339	0.584156245728285	"PVP01_1234000"
0.399020816030371	7.02446244036386	0.782133919123809	0.966602218360234	"PVP01_1234100"
-10.7844470098728	6.40643737846564	0.0001443774471633	0.00607908021604263	"PVP01_1234200"
-1.05621849587237	7.12063712727067	0.462083252920707	0.843162878387255	"PVP01_1234500"
-1.5286444431097	5.58054063661937	0.333722020819055	0.770440664342145	"PVP01_1234600"
-0.477942938680549	5.13036018249341	0.762301073981431	0.962312474396453	"PVP01_1234700"
-8.43351085745529	4.21512999258551	0.00068381113555383	0.00638863999115741	"PVP01_1234900"
0.455726196368195	6.07321066144322	0.770937615232777	0.964687173914303	"PVP01_1235200"
-5.77885920621159	6.20522068567706	0.0018152423824521	0.0140081117495028	"PVP01_1235400"
-8.7538547796485	4.49909300364083	0.000510880624402496	0.00607908021604263	"PVP01_1235500"
0.335940117401722	6.3422965850235	0.830493914518211	0.972892408752531	"PVP01_1235600"
-2.04371716925435	8.59440109505245	0.06215248449038	0.295735569978546	"PVP01_1235700"
0.113004650241955	7.12550170606752	0.934672615071647	0.989093578659974	"PVP01_1236000"
-0.616059763878395	6.4733134746709	0.685614162246111	0.94035163036312	"PVP01_1236200"
-8.62785306060126	4.38696769909102	0.000535540641157122	0.00607908021604263	"PVP01_1236300"
1.1730685380143	6.67995993200029	0.464131885585861	0.843719086379954	"PVP01_1236400"
-0.113765366536382	4.79052603477897	0.938667396870693	0.990209237074837	"PVP01_1236500"
1.39021092193694	6.25284187721323	0.391568493862088	0.808418899901381	"PVP01_1236700"
-0.544142039548673	9.4351454350104	0.568014390682011	0.898343254117151	"PVP01_1237200"
0.887108533465124	7.17019666985767	0.496693606091198	0.860418194718397	"PVP01_1237400"
-1.34037736944186	7.57702887013108	0.354890537475714	0.787435575479802	"PVP01_1237500"
-2.15401108415738	7.6179165704994	0.0849780858453189	0.368977954988943	"PVP01_1237600"
1.63538756824719	6.29065401810824	0.306972042320795	0.743497550021128	"PVP01_1237700"
-1.64276798677128	4.95206209813917	0.289569096334316	0.724685338154956	"PVP01_1237800"
-2.59668109142663	5.82687637268811	0.126035726476836	0.473467786094853	"PVP01_1237900"
1.42815998318127	7.8580769876915	0.295049243284595	0.730159064854585	"PVP01_1238000"
-0.477668146911469	8.55046140254621	0.651333921434802	0.928080097668	"PVP01_1238100"
-0.561678571197742	5.1314905873271	0.719146873757324	0.948407019078849	"PVP01_1238300"
-2.98034190160652	7.64291534284612	0.0419290189613545	0.217559933019446	"PVP01_1238400"
-1.18196432879411	5.21423219895599	0.477981440992712	0.848847425220203	"PVP01_1238600"
-0.536427231224253	9.60545723046711	0.572033758087158	0.899463038262615	"PVP01_1238700"
-4.99638312577031	7.066526625746	0.00145544168529305	0.0115257120125826	"PVP01_1238900"
-9.75799388401948	5.4240465907275	0.000471965356543885	0.00607908021604263	"PVP01_1239000"
1.17217757724447	6.1371136462061	0.451555001205479	0.837981868569367	"PVP01_1239300"
-0.541765800161892	4.66358211110932	0.70052464286595	0.944284020426997	"PVP01_1239400"
-9.65243155675059	5.32499479705541	0.000517491899022506	0.00607908021604263	"PVP01_1239600"
-1.37020873954523	5.38600833986937	0.387989391180172	0.808418899901381	"PVP01_1239700"
0.019804379297285	5.19676347375403	0.999999999999999	1	"PVP01_1239900"
1.05837210841324	5.64454680236472	0.494331466356881	0.858431036437587	"PVP01_1240000"
0.893403044999708	5.09723097501766	0.548162935212805	0.887197042587732	"PVP01_1240100"
-0.186255097417169	7.16061857131919	0.882723127392486	0.977904409341537	"PVP01_1240400"
-3.07988846199262	7.72416683761213	0.0221216202949203	0.130454803370399	"PVP01_1240500"
-1.86568258140271	5.6879532906688	0.247844635846728	0.680702938749973	"PVP01_1240600"
0.360446961427961	7.1261604736441	0.812439974015088	0.9721770429063	"PVP01_1240700"
-1.02746193469185	8.60373752582539	0.33237419308144	0.77036694214644	"PVP01_1240900"
0.823308919884464	5.68792995963128	0.591724570286468	0.907784096297414	"PVP01_1241000"
-5.6094474123423	6.78916683156153	0.00117677451115009	0.00945399039634102	"PVP01_1241400"
-8.57890336455195	4.34351398984795	0.000583677462467814	0.00607908021604263	"PVP01_1241600"
-1.14123323622782	4.54131396580717	0.396601089486678	0.808418899901381	"PVP01_1241700"
0.390689091216338	7.9482412369085	0.725952056399767	0.950837044785871	"PVP01_1241800"
-0.460918819109554	7.28707757615073	0.741092915253204	0.953970190901521	"PVP01_1241900"
-1.68678400356959	6.94795634340451	0.270766116682734	0.704838873631097	"PVP01_1242100"
-0.170414273197745	8.13715122803481	0.898676047301218	0.983776593182382	"PVP01_1242200"
0.173288519319746	8.12017083228471	0.895382170279496	0.982301734364931	"PVP01_1242300"
1.99138465421199	6.4947274910893	0.213926429536697	0.635063012083005	"PVP01_1242400"
1.83860029327734	5.22741365666481	0.232336229937176	0.662591173497465	"PVP01_1242500"
1.55020445684912	6.36893850038839	0.324502231954761	0.762679223359612	"PVP01_1242600"
-11.8271204682819	7.42441143484377	3.14624141528326e-06	0.000387570331378968	"PVP01_1242900"
0.539213811542086	5.35377431212131	0.718331531907755	0.948407019078849	"PVP01_1243000"
-0.680543954965714	5.15281895889558	0.657170701457185	0.929315371193281	"PVP01_1243100"
0.645659061871093	6.34069004950984	0.677117461998145	0.938798138905937	"PVP01_1243200"
-9.723630939966	5.39174039513753	0.000494018930418621	0.00607908021604263	"PVP01_1243300"
-9.33920658027277	5.03257415752168	0.000493471623472669	0.00607908021604263	"PVP01_1243500"
-1.08341821234431	6.58253585758228	0.511255222706869	0.871009032010353	"PVP01_1243600"
0.597760985772611	9.17845752329014	0.530648909265137	0.87910086107276	"PVP01_1243700"
-0.464366966251827	5.84926782654588	0.766458502631268	0.962879610217051	"PVP01_1243800"
-0.401023985244119	5.22656944611301	0.817072998566124	0.9721770429063	"PVP01_1243900"
0.444389701422269	10.4291289588611	0.623449967688229	0.918332414761315	"PVP01_1244000"
-0.508916023024547	7.42026560478157	0.668636348875396	0.935881311360394	"PVP01_1244100"
-0.221921056785831	9.29530422720401	0.816203173879748	0.9721770429063	"PVP01_1244400"
-0.233071148987539	7.10727306255889	0.871296998436243	0.976414986395257	"PVP01_1244500"
0.575499475217167	7.34888516848719	0.660479923488894	0.931618416252782	"PVP01_1244700"
0.0884748636034777	6.98702306424651	0.952492408382185	0.990615931919683	"PVP01_1244900"
-0.532081089779513	4.96079145489964	0.744496447991285	0.953970190901521	"PVP01_1245000"
1.57525397269865	7.45187747052131	0.278015017669284	0.712593952198798	"PVP01_1245200"
-0.975988748403367	6.57360358691883	0.543566436464753	0.88407773114756	"PVP01_1245400"
-0.148472732192354	8.07318298709797	0.893154884228982	0.981378640550246	"PVP01_1245500"
-0.506369043871376	5.96748338712017	0.76027027173792	0.961261564992644	"PVP01_1245600"
-1.9178847915583	5.04006602813992	0.210464410020781	0.629439494546131	"PVP01_1245800"
0.923952036888202	5.30819746461848	0.591633062210951	0.907784096297414	"PVP01_1246000"
-0.985169363874983	6.21531012594164	0.522775135332548	0.875307293029934	"PVP01_1246100"
-7.01072199615648	6.39021754802452	0.000567813172741019	0.00607908021604263	"PVP01_1246200"
0.171216198083259	7.12678271690485	0.895615452125545	0.982301734364931	"PVP01_1246300"
1.91345527623522	5.71967982874497	0.221655833779355	0.648396924494402	"PVP01_1246400"
-2.48169019261204	5.37456551689351	0.120135376570188	0.46168361217517	"PVP01_1246500"
-0.25431068518062	5.21995625230912	0.864212515017868	0.976262081508655	"PVP01_1246600"
-0.946001621821053	4.33754092711029	0.522530652013594	0.875307293029934	"PVP01_1246700"
1.16381670627739	6.84126402525442	0.444702920790902	0.833369173364423	"PVP01_1246800"
-0.354953031807144	8.17168448826346	0.760984340118717	0.961639025545157	"PVP01_1247100"
-1.76839068304091	4.35792968946234	0.230858594405236	0.6596040015622	"PVP01_1247200"
-0.185831196331249	6.03549120705923	0.90531650473624	0.985614004730824	"PVP01_1247300"
1.47390760864659	6.69287014925525	0.35470365781718	0.787435575479802	"PVP01_1247400"
-9.50327955954331	5.18572198172493	0.000537552062177487	0.00607908021604263	"PVP01_1247500"
-3.01317101450594	5.9699989174918	0.0594648025834099	0.286222769019423	"PVP01_1247700"
0.934423702175497	6.62517140540746	0.540269804036478	0.882582204432872	"PVP01_1247900"
0.483421928610213	5.28281696575021	0.777106919452382	0.966602218360234	"PVP01_1248000"
0.383722774373213	6.25819040945432	0.807444174381783	0.9721770429063	"PVP01_1248100"
-1.45105186883702	5.04639583214477	0.336721804336794	0.772031911952344	"PVP01_1248200"
-0.00691081099363229	5.9422536114672	1	1	"PVP01_1248300"
-3.04147450893152	4.75086552576192	0.0361999221373946	0.193454047203891	"PVP01_1248400"
-2.17454580658166	7.61554332633927	0.158732241863462	0.54765916642933	"PVP01_1248600"
2.97544822584367	11.2287060657559	0.00119456997646291	0.00957383070292928	"PVP01_1248900"
-0.77805387451684	8.45228823991978	0.464536641431524	0.843719086379954	"PVP01_1249000"
-1.82501850287846	6.43009730223355	0.239283542541639	0.668813693421225	"PVP01_1249200"
-1.74535905465682	5.82192698072986	0.280556636504928	0.714495691435981	"PVP01_1249400"
-0.478794537679195	6.99198701727545	0.710091712422316	0.946978763238421	"PVP01_1249500"
-5.37487861994155	7.54564614141684	0.000322533722971453	0.00607908021604263	"PVP01_1249600"
-11.9032146809711	7.49922485263571	8.72640170495537e-07	0.000131927327594007	"PVP01_1249700"
-1.19015416046987	7.67006272472416	0.380792616510128	0.806698243638653	"PVP01_1249900"
-4.78368597183247	9.09343700320278	0.000598538957317117	0.00607908021604263	"PVP01_1250100"
-1.17954735921763	7.64010702442813	0.388312528620265	0.808418899901381	"PVP01_1250200"
-1.50907791519893	7.62317879069002	0.194905256064749	0.602467362148099	"PVP01_1250400"
1.76298352777595	5.9424874993673	0.321962983585297	0.760006304758479	"PVP01_1250500"
0.670761874563717	5.44074837151665	0.700638959145265	0.944284020426997	"PVP01_1250600"
0.497044743852431	6.63585101747664	0.715850064842066	0.948334927187312	"PVP01_1250700"
0.131247018743709	6.4007972298177	0.936003655966703	0.989557584152973	"PVP01_1250900"
0.102344103297917	5.30110916926674	0.95743534611479	0.99296225792884	"PVP01_1251000"
-1.59356008991147	7.61625744586405	0.215329354760935	0.636609274608774	"PVP01_1251200"
-3.39072467210221	5.10988051076352	0.0427872551509394	0.221322567079354	"PVP01_1251300"
0.409781521819167	7.23987673446923	0.752473130613838	0.959266244699741	"PVP01_1251400"
-0.640666552480469	7.12054845013279	0.683644622883815	0.94035163036312	"PVP01_1251500"
-11.414190416019	7.01963322215273	1.37054015663128e-05	0.00116882475921939	"PVP01_1251600"
1.21483279480951	6.46092039881992	0.421426108845884	0.820165733189825	"PVP01_1251700"
-0.939521451922959	8.10625450267296	0.406525317359775	0.811725969579475	"PVP01_1252300"
0.733165496597452	7.44009637399967	0.599077865373836	0.910945313268297	"PVP01_1252400"
-0.651924224488304	5.75506899298569	0.67148851766325	0.935881311360394	"PVP01_1252500"
-5.28665428582268	8.86051345648708	0.000129803615525556	0.00607908021604263	"PVP01_1252600"
-0.0293625112006758	7.29682734285594	0.987617190357034	1	"PVP01_1252800"
3.56121208878909	7.02044311226184	0.0270753711301209	0.153936212613303	"PVP01_1253100"
-0.597164328379062	6.97033915568549	0.677142734586694	0.938798138905937	"PVP01_1253200"
-1.24527553325979	7.8135206353653	0.279684292275462	0.713677176568567	"PVP01_1253300"
-0.68710277267249	7.52171737922235	0.608432978001574	0.911806087047099	"PVP01_1253400"
0.640325406537635	7.8657013432586	0.567046387026671	0.897666008210712	"PVP01_1253600"
0.823619384071896	5.55088883131823	0.634119659644125	0.923011810930573	"PVP01_1253800"
-2.11652308601361	4.97852807516642	0.155621548986882	0.540289427902264	"PVP01_1253900"
-0.244968625044492	6.10805502300506	0.872938685343348	0.976414986395257	"PVP01_1254000"
-2.03564445112509	5.02621230035695	0.179465364022039	0.581690498609242	"PVP01_1254300"
0.544151560753854	7.56172213412261	0.632749707839891	0.922788480166687	"PVP01_1254400"
1.13181477719217	6.49618979365826	0.462315283520296	0.843162878387255	"PVP01_1254500"
-2.69153951145535	6.30969379656569	0.0854947983443617	0.369293115965386	"PVP01_1254600"
1.506709941442	6.67433307159961	0.283803305495805	0.718363618020584	"PVP01_1254800"
-4.71250743360699	9.45999066051775	0.00191222905469422	0.0147223931386875	"PVP01_1255000"
0.0630204041617008	7.24256205014175	0.967222522214422	0.996369060188137	"PVP01_1255100"
0.409138132313004	8.45233177445454	0.704232382067619	0.944284020426997	"PVP01_1255200"
-1.2310618913978	6.72941675209874	0.46596895604269	0.844124590303914	"PVP01_1255300"
-0.412182411177398	5.95878447410486	0.809587324434471	0.9721770429063	"PVP01_1255500"
-0.960019960487736	5.63627821746019	0.5532775290312	0.891138528599406	"PVP01_1255600"
0.428612593555976	7.32154611990301	0.729101297080764	0.950976829055146	"PVP01_1255700"
-1.36435324827161	7.10507798650158	0.358798210331517	0.79003064732084	"PVP01_1255800"
-0.796559260569652	9.60416522827334	0.393170408933321	0.808418899901381	"PVP01_1255900"
-0.208122009969758	7.25670974237678	0.878875899575425	0.977144865702405	"PVP01_1256000"
-2.72596229715612	5.77758805050026	0.099348499664206	0.40945862439052	"PVP01_1256200"
0.0362365070068932	5.51340099687323	0.999999999999999	1	"PVP01_1256400"
0.364065414240508	7.04882634736258	0.800544614255916	0.970693177912933	"PVP01_1256600"
0.0574352330993987	5.55017856855626	0.97652564831391	0.998337246405778	"PVP01_1256700"
0.517430272089346	6.90619903827322	0.728966160004545	0.950976829055146	"PVP01_1256900"
-1.04358260358099	8.42375269247969	0.321282206074383	0.758937938496732	"PVP01_1257000"
0.989176632396747	7.50953467071085	0.40523179454101	0.810463589082019	"PVP01_1257100"
-8.90547802458905	4.63647181648839	0.000462833239824	0.00607908021604263	"PVP01_1257200"
-3.33470796163721	6.36936019188428	0.0389884076712177	0.204858521191896	"PVP01_1257300"
-0.731250823048297	8.16730865183589	0.490479312070037	0.854190752386145	"PVP01_1257500"
-1.8758913638802	5.34358727321345	0.269238191942409	0.702893427315897	"PVP01_1257600"
0.453677543585275	7.73756067214366	0.699106399060574	0.944284020426997	"PVP01_1257700"
0.252486982788808	6.36658330612326	0.871688838870863	0.976414986395257	"PVP01_1257900"
-1.01103824871541	6.2533552223511	0.537372136813316	0.881227544032314	"PVP01_1258300"
0.0525097659828061	5.75748359025772	0.97753260652082	0.998337246405778	"PVP01_1258400"
-1.23303972066171	5.75688736077497	0.423604445205399	0.822797346351383	"PVP01_1258500"
0.516638834371735	8.95848671068395	0.611343227334645	0.911806087047099	"PVP01_1258600"
-1.08152011205347	6.78391858261141	0.477899221599829	0.848847425220203	"PVP01_1258700"
0.477922922400037	5.60476005755741	0.782618825059968	0.966602218360234	"PVP01_1258800"
0.307686966105541	5.46260980224007	0.850036237915699	0.973855473858892	"PVP01_1258900"
-9.56157842620981	5.24022667610275	0.000554064919671448	0.00607908021604263	"PVP01_1259000"
1.56957158571137	9.3078374785375	0.106829204819217	0.42844758320435	"PVP01_1259100"
-1.64522067731974	5.10468475020224	0.280241560377122	0.714240176102917	"PVP01_1259200"
0.503566767444892	6.65024168416569	0.720410147912766	0.948944218597172	"PVP01_1259300"
-3.06974046566408	4.77430538957605	0.0350323368514892	0.188533777557441	"PVP01_1259600"
-1.21239816878067	4.54388688545382	0.374303634950338	0.799826599568806	"PVP01_1259700"
-3.16302952606765	4.25404498415067	0.0287037598596126	0.161264704886945	"PVP01_1259800"
-3.05746165371338	5.67137544410084	0.0554845859466633	0.27058905111232	"PVP01_1259900"
-0.865343350072744	9.1351857858805	0.388348753628425	0.808418899901381	"PVP01_1260000"
0.300723463174448	4.9511495809829	0.871296329586039	0.976414986395257	"PVP01_1260100"
1.51234103254799	7.63893292641701	0.264546579890696	0.696660272934643	"PVP01_1260300"
-0.00542276289209823	7.16946983787769	1	1	"PVP01_1260400"
-0.0240609242361399	7.94626304345811	0.985548355328541	1	"PVP01_1260500"
-1.80404446949407	6.2713005795892	0.273999878079506	0.708239757366492	"PVP01_1260600"
-10.4719781095516	6.10328350134331	0.000258138258412175	0.00607908021604263	"PVP01_1260700"
-2.73193373750411	9.06304902629995	0.0111612358232369	0.0729317688567505	"PVP01_1260800"
-0.00742842577551676	8.87866539348944	0.996021334493951	1	"PVP01_1261100"
0.277018826639215	6.99386605400666	0.850467602463279	0.973855473858892	"PVP01_1261200"
-0.697525172649056	6.77387149566976	0.62018569653939	0.916822893474913	"PVP01_1261300"
0.864017021577231	7.63759588070667	0.450859840194277	0.837981868569367	"PVP01_1261400"
-2.92515563438167	5.6852275916249	0.0934670728317837	0.393214661995287	"PVP01_1261500"
0.0252507381859176	7.55589842944293	0.986708785748662	1	"PVP01_1261600"
0.120263027070259	5.64170482199853	0.949024655115587	0.990615931919683	"PVP01_1261700"
0.270501280129552	6.56903324265136	0.875819138145597	0.976983850570825	"PVP01_1261800"
-4.51770105161343	6.94779211084012	0.00567843303547688	0.0392650068108027	"PVP01_1261900"
-8.87853449817653	4.61103224757931	0.000483255580287199	0.00607908021604263	"PVP01_1262000"
-3.17538731531545	6.32263304966335	0.0442242109544192	0.225597738703065	"PVP01_1262100"
-2.30464301213662	10.4222481575435	0.0205235839214199	0.122551957132213	"PVP01_1262200"
-9.8934300219349	5.55260715144203	0.000441930217457048	0.00607908021604263	"PVP01_1262500"
-8.17400197516155	3.98948259932476	0.00103339009965097	0.00840355860987564	"PVP01_1262600"
0.0837621220957241	6.51145174779932	0.961445197769695	0.994989268552005	"PVP01_1262700"
1.53864688878566	7.56406272250327	0.278658582596834	0.712593952198798	"PVP01_1262900"
-0.417239748352896	6.73494342761411	0.782205055282753	0.966602218360234	"PVP01_1263100"
-2.47434447704993	4.82780501281143	0.120920467173363	0.463342711772586	"PVP01_1263200"
-0.11092055741226	8.54593210343719	0.920932638350414	0.986480500854582	"PVP01_1263300"
-1.21748970098739	7.2705287036224	0.330708547360213	0.768112170754238	"PVP01_1263400"
-0.754036567830943	5.7363888725089	0.615614525318445	0.913206102388341	"PVP01_1263500"
-0.904329666121542	7.12023817901409	0.57250849428802	0.899463038262615	"PVP01_1263600"
-1.03279495717186	5.52745077182077	0.487292903494533	0.853917912024666	"PVP01_1263700"
1.3120808695174	7.12209821726318	0.377099255835665	0.80347990064665	"PVP01_1263900"
-9.26779225983153	4.9678422897073	0.000486859663521723	0.00607908021604263	"PVP01_1264000"
-0.843598589795292	8.59013098931672	0.442266903990575	0.831550362298024	"PVP01_1264100"
1.85411680423212	6.3035209648744	0.307145410020755	0.743497550021128	"PVP01_1264200"
0.60654485810886	6.58982373312139	0.695617142988718	0.942796502681531	"PVP01_1264300"
0.208490373859192	5.44632247097146	0.918744538820033	0.986140811278897	"PVP01_1264400"
0.459806608484429	6.81362695832001	0.728594082464729	0.950976829055146	"PVP01_1264500"
0.665695632433668	8.96963310274398	0.562124973529247	0.893207002424089	"PVP01_1264600"
0.700602163309242	8.33091240544771	0.53396457903367	0.880488022490989	"PVP01_1264700"
0.703744015417205	6.05845532555119	0.649643635541674	0.928080097668	"PVP01_1264800"
-1.21264958297488	6.09315510106021	0.463119935193226	0.843719086379954	"PVP01_1264900"
-4.80061291554311	6.01584398404952	0.00596410141899345	0.0405738856026127	"PVP01_1265000"
0.0204045187494801	5.68611528221496	1	1	"PVP01_1265100"
2.95501564519764	6.56748631219297	0.0765534394380686	0.343509100294764	"PVP01_1265200"
-0.320305935670561	6.6627825457934	0.82100182952712	0.9721770429063	"PVP01_1265400"
-0.0811136290548372	6.67742859440455	0.957412573226709	0.99296225792884	"PVP01_1265600"
-1.09938494976183	6.34730860960485	0.519475670823451	0.875307293029934	"PVP01_1265700"
0.354288028116227	6.90237985963737	0.811464876682084	0.9721770429063	"PVP01_1265800"
0.243316283142313	7.94187796664245	0.82207528774047	0.9721770429063	"PVP01_1265900"
2.68886007046315	6.88849245936534	0.0527752339826849	0.258894436912109	"PVP01_1266000"
-0.955420267585163	7.67027461132101	0.526692222788233	0.87676593242926	"PVP01_1266200"
-1.43677185861966	9.67377967095486	0.163122428350799	0.556456611994621	"PVP01_1266300"
-0.577177037344088	6.02795148077777	0.703000267534343	0.944284020426997	"PVP01_1266600"
-9.8047946653945	5.46713170657586	0.000466442793420383	0.00607908021604263	"PVP01_1266700"
-0.064672560621933	5.43034433676426	0.974258226545434	0.997842012951546	"PVP01_1266800"
-0.637039255528327	7.30230327603848	0.609538755952254	0.911806087047099	"PVP01_1266900"
-1.70447209961784	5.84220383361362	0.292286514782065	0.728198463045055	"PVP01_1267000"
0.667698124924114	6.8714735349834	0.623351465319143	0.918332414761315	"PVP01_1267100"
-1.63376599446721	7.20269752684504	0.276785863070963	0.711429505853187	"PVP01_1267200"
-0.970135956802949	7.12908410403371	0.533515288807146	0.880488022490989	"PVP01_1267400"
-2.0732967247781	7.87564984526778	0.113742197607785	0.444543536126313	"PVP01_1267500"
-0.396428142990367	7.85366901754366	0.733536384102332	0.951307129939058	"PVP01_1267600"
-0.973582666243911	7.01192800379258	0.453382384876825	0.840551734727045	"PVP01_1267700"
-3.64294142881798	7.03306176952522	0.0172232994083857	0.105691317033747	"PVP01_1267900"
-2.46942726050178	6.44610917654837	0.136228176959581	0.495727479833223	"PVP01_1268000"
1.90750984241434	8.61173569299997	0.0658539171901434	0.308987806876882	"PVP01_1268100"
1.32141502543431	5.62977119226781	0.392366995953005	0.808418899901381	"PVP01_1268300"
-0.242943460844366	7.19964396228241	0.865309866592758	0.976262081508655	"PVP01_1268400"
1.99781119217652	7.34164536393385	0.170545273682401	0.566754174528578	"PVP01_1268500"
-0.831976578954538	7.37746789836821	0.556702903647246	0.891478285859216	"PVP01_1268600"
-0.570366556906111	8.60776211948599	0.590626489517882	0.907774354961402	"PVP01_1268900"
-3.98285417509154	6.14952371229462	0.0206178195663671	0.122894028454726	"PVP01_1269000"
-9.23402115529448	4.93541680788702	0.00048194710312786	0.00607908021604263	"PVP01_1269200"
-8.47596808699554	4.25264620519821	0.000718026789046567	0.00657894518007956	"PVP01_1269300"
-0.162542655655415	5.91836240025729	0.919956430299333	0.986140811278897	"PVP01_1269400"
-2.71121754015205	6.01853238989007	0.0862062292929761	0.370744940109484	"PVP01_1269500"
-3.2083532628523	5.46273417427919	0.051010766367492	0.250979007305146	"PVP01_1269600"
-0.461384628411507	7.15136631534863	0.744187415326088	0.953970190901521	"PVP01_1269700"
0.663437853483721	8.42711486502079	0.519032196040962	0.875307293029934	"PVP01_1269800"
-2.17195232451975	5.94616576094962	0.133171449861915	0.490380156776292	"PVP01_1270000"
-0.341073121168106	6.87701692814778	0.816737915773142	0.9721770429063	"PVP01_1270100"
1.07476853999446	6.44248821938607	0.543750446986778	0.88407773114756	"PVP01_1270200"
2.57383213274047	7.57116075447801	0.043199157188846	0.222034794197745	"PVP01_1270300"
-3.60374667933066	6.79158382323294	0.0362362812411377	0.193454047203891	"PVP01_1270500"
-9.58017365590649	5.25922406349583	0.000602453432948511	0.00607908021604263	"PVP01_1271100"
0.645263207368795	5.98595947573248	0.680783630866348	0.939287932664317	"PVP01_1300700"
0.0916360992410535	8.29431905310996	0.943280838928274	0.990615931919683	"PVP01_1300800"
-8.73059516045201	4.47825470038519	0.000519626140705491	0.00607908021604263	"PVP01_1301100"
-9.07033594957974	4.78472067448344	0.000429080789885811	0.00607908021604263	"PVP01_1301200"
0.707102866833876	8.04825131934061	0.512217792841093	0.871871227732588	"PVP01_1301300"
2.33063254108283	7.043560945956	0.0740142132853035	0.336691637163088	"PVP01_1301400"
0.450689256582582	6.28754455932057	0.778158537499331	0.966602218360234	"PVP01_1301500"
-1.57979720619344	6.25260441150629	0.335222984198345	0.770526361744088	"PVP01_1301600"
0.547824089669703	6.03279083688174	0.723182820499604	0.950713858095527	"PVP01_1301700"
-1.01033510160925	6.58212647213541	0.509951096377811	0.870686522870945	"PVP01_1301800"
0.60765973522722	8.10506719786811	0.64293397985837	0.925837553696404	"PVP01_1301900"
-0.81738243776273	8.69749152790534	0.417140299654959	0.819765571768317	"PVP01_1302200"
1.21334259897572	6.3894246154425	0.442371638551901	0.831550362298024	"PVP01_1302300"
2.36848306835359	6.29203252794852	0.144383582674277	0.51525729181829	"PVP01_1302400"
-0.408558430341991	6.66208984865635	0.788116900212556	0.967257153156029	"PVP01_1302500"
-9.23334365519648	4.93457792579279	0.000506403551184918	0.00607908021604263	"PVP01_1302600"
0.762671456293429	6.04172624579564	0.642105197252314	0.925667915984841	"PVP01_1302700"
0.490060324018475	5.50157605491009	0.767264215431659	0.962879610217051	"PVP01_1302800"
-0.490658782927589	5.43284211934224	0.748732091698868	0.957064925822612	"PVP01_1302900"
-0.420222674897294	8.04262357002126	0.708074788556799	0.945559453715085	"PVP01_1303000"
-0.6652759994525	6.83421181814492	0.62332977614714	0.918332414761315	"PVP01_1303100"
-0.816281565608308	6.50416112614036	0.608839846175487	0.911806087047099	"PVP01_1303500"
-0.952183466071259	4.42204496865018	0.458384925177801	0.840920166101141	"PVP01_1303800"
-8.36802607086232	4.15853700456116	0.000819802962826222	0.00702597635781029	"PVP01_1304100"
-1.3934783305372	6.46133680691261	0.399913596582333	0.809750336773611	"PVP01_1304300"
-9.10172810936331	4.81386268986023	0.000447160360234947	0.00607908021604263	"PVP01_1304400"
-0.187641893666954	6.72914761693768	0.901633413398757	0.984066603619916	"PVP01_1304500"
-0.0490751990709005	9.26936773719566	0.966144180362528	0.996369060188137	"PVP01_1304600"
1.23963071652861	7.11793779386388	0.392052469060578	0.808418899901381	"PVP01_1304700"
1.16202750363137	8.99152213579521	0.245907608276291	0.679220962417426	"PVP01_1304900"
-0.359670077838543	7.42133896810762	0.779213942694374	0.966602218360234	"PVP01_1305000"
0.465882979433167	6.6347156390896	0.790148595315528	0.967891339819726	"PVP01_1305100"
0.311165512741341	5.55076238745048	0.865090352845974	0.976262081508655	"PVP01_1305200"
0.324651929716508	9.20967457585067	0.732852713465546	0.951307129939058	"PVP01_1305300"
-10.1351352300504	5.78118881779124	0.000418266231528673	0.00607908021604263	"PVP01_1305400"
-0.827616370672293	7.20963138513756	0.53229253738988	0.879235267505977	"PVP01_1305500"
-0.397554637452409	6.68879070649108	0.79137029307252	0.967891339819726	"PVP01_1305700"
-1.90228395528317	8.19974556092602	0.0812014400881936	0.357716542693155	"PVP01_1305800"
-3.69083519133776	7.16671298127142	0.0121293007379401	0.0783340859308522	"PVP01_1305900"
-1.91675666176727	6.7038659531507	0.21063324035774	0.629439494546131	"PVP01_1306100"
-3.16794668761256	5.6383773391759	0.0425303528561701	0.220336376323399	"PVP01_1306200"
-0.718327291630916	7.38935984869659	0.594221781408803	0.908322917743134	"PVP01_1306300"
0.842146717462243	5.45023802842534	0.626029058445283	0.919454170234587	"PVP01_1306600"
-9.27573450856578	4.97440890144192	0.000472056309803878	0.00607908021604263	"PVP01_1306700"
-0.257005699530933	8.25538740137788	0.809876460920851	0.9721770429063	"PVP01_1307200"
-0.158543167357263	6.29555128292888	0.926827098805282	0.986825658511516	"PVP01_1307400"
0.500127862111731	6.38122190672518	0.749771487298372	0.957111788166069	"PVP01_1307500"
-0.569265827658764	6.407257073582	0.72372684960723	0.950837044785871	"PVP01_1307600"
0.385817137566596	5.77915588559992	0.827958211476508	0.972498135422959	"PVP01_1307800"
-10.9947866835536	6.60955975256455	8.50279643775653e-05	0.00533590583999589	"PVP01_1307900"
-0.228054240668105	8.80343670086854	0.834746997540257	0.973126027228606	"PVP01_1308000"
-0.182058565461821	5.62186454909185	0.909942588115281	0.985614004730824	"PVP01_1308100"
-2.32013942894957	4.74188535881032	0.113409281259943	0.444286536478882	"PVP01_1308200"
-2.13229361860928	8.42399010431248	0.102066551533121	0.417296991392648	"PVP01_1308400"
-0.535058255695267	7.94889076812358	0.677831566089615	0.938970341030428	"PVP01_1308500"
1.49438513609182	6.00833812156195	0.394777746573109	0.808418899901381	"PVP01_1308700"
-2.10654249198068	5.40669515402753	0.161670129628756	0.554917287043594	"PVP01_1308800"
-2.83541707381259	7.19521448249286	0.0741005046312027	0.336691637163088	"PVP01_1309000"
-2.92716161312106	6.76661742530506	0.0461129847547549	0.232734123360114	"PVP01_1309100"
-0.926419151281023	8.11330647942091	0.390384563788803	0.808418899901381	"PVP01_1309200"
-2.34868443398907	7.22990484575035	0.130473718742485	0.483785494467675	"PVP01_1309300"
1.79291791782298	5.92672484406742	0.267498606971534	0.701612264326761	"PVP01_1309400"
-8.86256193938842	4.5973637104539	0.000478098422799934	0.00607908021604263	"PVP01_1309500"
0.478877361367831	6.36156693024322	0.731440643440277	0.951307129939058	"PVP01_1309700"
0.652614779991892	6.31255581186671	0.65319209022177	0.928080097668	"PVP01_1309800"
1.42350739776986	6.6999271524562	0.360001515786009	0.79003064732084	"PVP01_1309900"
0.667751100024463	6.50106895225122	0.668246146235104	0.935825971527561	"PVP01_1310000"
2.56571686529403	6.58102022188275	0.117581652970423	0.455800207202361	"PVP01_1310100"
-1.21088420000587	5.84236154902163	0.458286884356221	0.840920166101141	"PVP01_1310400"
-1.11389162149847	5.50391127968783	0.445606530295554	0.834508625992687	"PVP01_1310500"
-0.836063245727378	7.54089213248453	0.471672382450137	0.845454291112057	"PVP01_1310600"
-1.35214351331247	5.6367619569385	0.403608034921462	0.81013900069329	"PVP01_1310800"
-0.827897860204571	7.12062478567857	0.558102645710848	0.891478285859216	"PVP01_1310900"
2.05095988649397	12.2914660678072	0.0182156113414711	0.110355415886581	"PVP01_1311000"
-3.92820293873759	8.02138169463992	0.00373232689373917	0.0267537052771045	"PVP01_1311100"
-0.549981706787671	7.24838656377943	0.693957974116241	0.94169898894762	"PVP01_1311300"
-1.86780986830346	4.4026649220407	0.179460526211515	0.581690498609242	"PVP01_1311400"
-1.57272115909077	5.61388108137927	0.303439946851466	0.739500999475726	"PVP01_1311500"
-0.721176387491328	7.62403684810261	0.634775617884302	0.923067051936097	"PVP01_1311600"
-0.801221969451526	4.51573638971762	0.585802924835384	0.907067284917359	"PVP01_1311700"
-2.17538860344812	7.59051975287151	0.106965234527775	0.42844758320435	"PVP01_1311800"
1.31570027701832	5.50415722398515	0.448980169903018	0.836907348406998	"PVP01_1311900"
-3.05764208681568	5.59157034535814	0.0726179054820041	0.332682029797721	"PVP01_1312000"
0.0136103394786859	5.57183007985251	1	1	"PVP01_1312100"
-10.3884351086313	6.0232742623672	0.000436333662717652	0.00607908021604263	"PVP01_1312200"
-1.867385380323	7.91057611776012	0.124677436011946	0.47127295223413	"PVP01_1312300"
-1.30654274635457	6.6147703096517	0.383563061885065	0.80793587322972	"PVP01_1312500"
-9.53685652031554	5.2164304663528	0.000546237715722685	0.00607908021604263	"PVP01_1312700"
-1.66488643224499	5.34375601043665	0.293719504044409	0.73012785534507	"PVP01_1312800"
-1.18024123232717	6.89769972066988	0.460408107304817	0.843078756019371	"PVP01_1312900"
-2.1974076132285	8.85923456215352	0.138162286483316	0.499284305123567	"PVP01_1313200"
-1.65582017926398	6.62436898838345	0.32710688748466	0.764015103773862	"PVP01_1313300"
-0.360399165216507	5.58347023617315	0.820317707555818	0.9721770429063	"PVP01_1313400"
-3.0744457294329	5.49877740477482	0.0569955293991055	0.277144928043019	"PVP01_1313500"
0.106567286477114	5.86165117894746	0.962225413820319	0.995396423547138	"PVP01_1313600"
1.07125475646556	6.494354491109	0.542803131091774	0.884032945014185	"PVP01_1313700"
-2.01169632641015	8.38208466904714	0.061392171224112	0.293799081282585	"PVP01_1313800"
-2.44157797326321	8.68720840681483	0.05882984372832	0.28398847640115	"PVP01_1313900"
0.0623890856572214	6.1673514054985	0.969401144397161	0.996978418758491	"PVP01_1314000"
-1.57675285801905	8.63797657152389	0.124692945951492	0.47127295223413	"PVP01_1314200"
1.00903571012875	5.58518709699291	0.561981508868142	0.893207002424089	"PVP01_1314400"
-4.55736119642183	4.16788750024525	0.00404736246104401	0.0286415479690051	"PVP01_1314500"
-1.22790434469718	6.5275135244835	0.427049172442215	0.8248235609775	"PVP01_1314600"
-0.924488456539974	7.36132345828902	0.446499709084278	0.835240738140782	"PVP01_1314700"
0.719479645586126	7.34176924702186	0.604745525999726	0.911789619538403	"PVP01_1314900"
-0.182843404619865	9.89601078357189	0.843736874022535	0.973855473858892	"PVP01_1315000"
-6.0387348551491	5.46594353423091	0.00250946530719217	0.018756138453306	"PVP01_1315100"
0.469818418184506	8.22016304652767	0.653361627141867	0.928080097668	"PVP01_1315200"
-1.19445793698076	6.56755047492988	0.465798831304454	0.844124590303914	"PVP01_1315300"
-1.85081008959888	4.88842198429334	0.211839401549951	0.632475627966909	"PVP01_1315600"
0.127515796515722	6.78819658631846	0.938840999493429	0.990209237074837	"PVP01_1315700"
-1.19694067462071	7.10132546792676	0.356825242032101	0.79003064732084	"PVP01_1315800"
-2.37454207160269	9.48365748600365	0.0236319663787955	0.137894596799778	"PVP01_1316000"
-0.131338010091451	9.38011341849377	0.891392078534472	0.981062228062758	"PVP01_1316100"
1.5089039713396	6.07934655273331	0.33606494366462	0.77192817861086	"PVP01_1316300"
-8.86771047335953	4.60156738696984	0.000478559531922566	0.00607908021604263	"PVP01_1316400"
0.670157091200786	5.76793398197304	0.696801879462384	0.943633164125363	"PVP01_1316500"
-0.159937177364226	7.23506101117749	0.908391265954191	0.985614004730824	"PVP01_1316700"
-5.65799112312691	5.12474061012719	0.00226637449731553	0.0171317308592533	"PVP01_1316800"
-0.0509067766677828	5.83889417915641	0.981055060518398	1	"PVP01_1316900"
1.65127298936208	7.1292359660805	0.207205748727472	0.621991263779398	"PVP01_1317200"
0.0381755771907413	6.38334564509768	0.991432861452633	1	"PVP01_1317400"
-4.87387066624014	4.43773080849989	0.00276351923482802	0.0204709687640044	"PVP01_1317500"
-0.386976912165222	5.08658994021974	0.816159731237293	0.9721770429063	"PVP01_1317800"
1.0282424474293	5.37535914570228	0.501670831176036	0.864707478359528	"PVP01_1317900"
-2.8560469160594	5.44652408353732	0.0839447683210098	0.366874937699751	"PVP01_1318000"
0.234470498628639	5.41669268964697	0.877189435953067	0.977144865702405	"PVP01_1318100"
1.78948040026548	5.49187279491027	0.259806543978686	0.693512492193506	"PVP01_1318300"
-0.302037697287291	6.13936451588187	0.841038699785642	0.973855473858892	"PVP01_1318400"
0.809952830134351	6.04007059719024	0.629872011804983	0.920239385699032	"PVP01_1318500"
-2.76577830792714	5.90519751991122	0.0756603638856692	0.341446906762192	"PVP01_1318700"
0.28773532962919	7.26807866895602	0.81363739482299	0.9721770429063	"PVP01_1319100"
-6.21485600831758	5.88839050276563	0.0019812003408263	0.0151831159760099	"PVP01_1319200"
-0.683439115509378	5.95798028419754	0.687618823438862	0.941257557765313	"PVP01_1319300"
-9.44739292660651	5.13350714901645	0.000523483567775537	0.00607908021604263	"PVP01_1319400"
0.25175977440856	7.55843369319431	0.857232130517826	0.975420481047653	"PVP01_1319600"
-0.747319978377713	4.34476363998679	0.574157784354933	0.900353036664077	"PVP01_1319700"
2.20009632318466	6.22873681979428	0.176330309945299	0.577238790234314	"PVP01_1320000"
-9.36339994329685	5.05445179975132	0.000510052765644686	0.00607908021604263	"PVP01_1320300"
-9.58292918093048	5.25964911935461	0.000709906353446493	0.0065405776497591	"PVP01_1320900"
-0.351566095390931	7.149580305587	0.807161411649887	0.9721770429063	"PVP01_1321000"
-2.05545258286762	6.20769260763014	0.219351015538453	0.643920103866632	"PVP01_1321100"
0.0090040246255159	6.2942686724507	1	1	"PVP01_1321300"
-2.52738079090056	7.23461830338066	0.102917065948833	0.419487942825758	"PVP01_1321400"
0.495202539782699	6.43933311991652	0.765414734336853	0.962483707525282	"PVP01_1321500"
1.07268234012016	5.70462599509114	0.535734965753885	0.880488022490989	"PVP01_1321600"
1.40667715220079	5.94856196392523	0.367881965601522	0.795779467894158	"PVP01_1321700"
-0.574753206358498	6.45312776056515	0.725427084876478	0.950837044785871	"PVP01_1321800"
-1.13101682764266	7.03826623564675	0.473712942864397	0.846625066075757	"PVP01_1321900"
-1.37948166688482	6.50602932298377	0.368112134256791	0.795779467894158	"PVP01_1322000"
2.44365518358213	7.1411164516854	0.0766337199094151	0.343509100294764	"PVP01_1322100"
-0.178252533775741	7.68631234383827	0.896788262222851	0.982773561829721	"PVP01_1322200"
1.45643310822918	7.02995980986067	0.262093107984593	0.694045921303151	"PVP01_1322300"
-0.359956559114419	7.03010640630976	0.80363266616928	0.9721770429063	"PVP01_1322400"
0.785873157804024	7.12082419322392	0.584670429517975	0.907067284917359	"PVP01_1322500"
-0.107036596771243	6.87465243906283	0.946162290286831	0.990615931919683	"PVP01_1322600"
2.23184357211151	6.9173620593853	0.160984212373208	0.553133771026126	"PVP01_1322700"
0.106840371526976	5.57802018867145	0.959207278885781	0.994179934426335	"PVP01_1322800"
1.1675069909218	6.99121302415899	0.376341131847605	0.802663262462154	"PVP01_1323100"
-2.42596498692459	8.51974216053024	0.0330639772169889	0.180576006935476	"PVP01_1323200"
-0.803305062937732	9.1761093693047	0.407625074609729	0.811832933025124	"PVP01_1323300"
0.867253581763967	6.74056881995268	0.516690438954811	0.874743982310285	"PVP01_1323400"
-3.69360167351111	4.69135740349139	0.0154097619342846	0.0968863292881486	"PVP01_1323600"
-0.669745387852891	4.82983701454955	0.647774939816828	0.928080097668	"PVP01_1324000"
-0.741735962489803	5.84988133001136	0.670651105771307	0.935881311360394	"PVP01_1324100"
-1.5328274231886	6.77646561961456	0.261205953288967	0.694045921303151	"PVP01_1324700"
-0.229525305818125	9.28851593369843	0.814218069441643	0.9721770429063	"PVP01_1324800"
-0.161996554652953	5.6727871365372	0.913002534990811	0.985614004730824	"PVP01_1324900"
0.0821472869956545	5.05146275690103	0.975880130987145	0.998086505431502	"PVP01_1325200"
-1.1421703984784	7.3321869452606	0.341454159071785	0.775735336798331	"PVP01_1325300"
0.496474825190974	5.51170376453144	0.74977400313344	0.957111788166069	"PVP01_1325600"
-3.43162193649918	6.65242671196101	0.0411685453931359	0.214282600903865	"PVP01_1325700"
-3.03819921457233	4.4269680468793	0.0448194242852563	0.227239946909699	"PVP01_1325800"
1.08484493544302	8.57831808614702	0.304539724631421	0.740704033653701	"PVP01_1325900"
-1.51100823301306	7.35574799283314	0.324527677827061	0.762679223359612	"PVP01_1326000"
-0.723329320749389	6.55874860236883	0.658744592848509	0.930826507327224	"PVP01_1326200"
0.467399128312033	5.00141897774262	0.755431934164875	0.960654819889522	"PVP01_1326300"
1.709626589366	7.36363914050341	0.233283694631062	0.662597411052871	"PVP01_1326500"
0.275952402672329	7.08408547056519	0.83630672472724	0.973126027228606	"PVP01_1326600"
-1.30342294305848	5.64901666589672	0.392122182484041	0.808418899901381	"PVP01_1326900"
0.600866293718417	5.31963605917737	0.719002725979685	0.948407019078849	"PVP01_1327100"
-1.09223382570876	5.93817236401183	0.519055865384756	0.875307293029934	"PVP01_1327500"
0.978012989897726	8.07644071006345	0.395150866869036	0.808418899901381	"PVP01_1327700"
-0.832238911182237	6.9124557203002	0.523975177197301	0.875326731463423	"PVP01_1327800"
-9.63129142031868	5.30360062048371	0.00056052647290786	0.00607908021604263	"PVP01_1327900"
0.4372521297845	7.1585279739714	0.759083985425087	0.96119955028363	"PVP01_1328000"
-1.96635339892393	5.89396233503918	0.207134586072017	0.621991263779398	"PVP01_1328200"
-1.65934925430108	5.03195998213652	0.271755452299386	0.7057221167557	"PVP01_1328300"
-1.65108005310798	5.26253407142376	0.293566777340473	0.73012785534507	"PVP01_1328500"
-1.85044225912551	5.61425668137029	0.247600622753355	0.680594769650958	"PVP01_1328600"
-1.02036190945047	7.47760038891124	0.392268139281585	0.808418899901381	"PVP01_1328700"
-1.01287848558915	5.10229351927065	0.464788241072865	0.843719086379954	"PVP01_1328900"
-1.14028685593664	5.99055316474203	0.449054864354739	0.836907348406998	"PVP01_1329000"
-0.00157584264379403	7.38273178453259	1	1	"PVP01_1329100"
-1.72498638910349	7.55197987191999	0.169607740844226	0.566380869526001	"PVP01_1329200"
-5.80481002143954	6.49013937297492	0.00286972192273297	0.0210699671413021	"PVP01_1329300"
-1.84887030742115	7.09816791456561	0.230593157501393	0.659460741057294	"PVP01_1329500"
0.0446992125044304	5.89397635057166	0.986421910418963	1	"PVP01_1329600"
-0.76060485295042	7.86192450696848	0.506050314637197	0.868036795504546	"PVP01_1329700"
-1.05448172945949	5.95593694811507	0.507903669516534	0.869436755669509	"PVP01_1329900"
-0.122258262091019	6.29118357333696	0.93940900512032	0.990209237074837	"PVP01_1330000"
0.790340425340687	13.9198669127446	0.317312687863121	0.754509457878518	"PVP01_1330100"
-2.65041386932995	7.61723314806184	0.0797260178716779	0.353853062484908	"PVP01_1330200"
2.06880546641646	6.05094848795974	0.195652161117615	0.603094613417228	"PVP01_1330400"
-2.2488609138545	11.8579077982039	0.010845292630831	0.0710067781302043	"PVP01_1330800"
1.36024100066183	5.7974642209228	0.437954841656534	0.829954279332084	"PVP01_1330900"
-8.51782271568933	4.28908516174695	0.000631004841044378	0.00614414499258307	"PVP01_1331000"
-10.9854916437435	6.60044272638749	8.74442303460182e-05	0.00538591685427512	"PVP01_1331100"
-0.253899506433835	5.37036775751222	0.861936159576738	0.976262081508655	"PVP01_1331200"
-0.707009386135144	7.99692828634882	0.543018432550806	0.884032945014185	"PVP01_1331300"
-0.301898211757622	6.76118349771811	0.847013445972878	0.973855473858892	"PVP01_1331400"
-2.62075526621174	7.37920973110868	0.0715966980940016	0.328456024635378	"PVP01_1331500"
1.91776420353454	5.57208401276794	0.224919468418201	0.651072368980797	"PVP01_1331600"
-0.207379944187637	10.3586252850073	0.816153654366305	0.9721770429063	"PVP01_1331700"
-1.89512190147498	4.56522114596584	0.168661547492075	0.564922766322903	"PVP01_1331800"
1.12556158595687	6.99253325801056	0.447686546854135	0.836050227308732	"PVP01_1332000"
-2.42438895013923	5.86080418344295	0.139571318167125	0.501050702056716	"PVP01_1332100"
0.147931991267752	6.51144148812212	0.926319396252141	0.986825658511516	"PVP01_1332300"
-2.75550179850511	6.30142396780406	0.0863046044011239	0.370744940109484	"PVP01_1332400"
0.610248669550137	5.73198512248476	0.704022219438143	0.944284020426997	"PVP01_1332500"
0.86150219746611	5.08660549021269	0.558963737454201	0.891478285859216	"PVP01_1332600"
-0.401175442710816	6.90385221793288	0.803160476562363	0.972093065882976	"PVP01_1332700"
-1.47463079697005	6.4035250949711	0.373853494470691	0.799826599568806	"PVP01_1332800"
-8.08167583646164	3.91043768769255	0.00121506452269604	0.00971467452520919	"PVP01_1333000"
-1.55143360353347	6.15916954859081	0.347107032167145	0.781108246947174	"PVP01_1333100"
-3.77156107396302	7.18350407443638	0.0118370486357208	0.076595376969664	"PVP01_1333200"
-0.436643372689459	5.60777262194665	0.783885898674433	0.967063983305328	"PVP01_1333400"
-0.652019244684679	8.28467406973662	0.546132621962163	0.885634861358437	"PVP01_1333500"
-0.583395405592904	7.90316994224358	0.613666416834026	0.911999330826618	"PVP01_1333600"
-9.11299972374626	4.82710419721565	0.000501637253289953	0.00607908021604263	"PVP01_1333800"
-8.81419956212399	4.55373926696839	0.000481880974039446	0.00607908021604263	"PVP01_1333900"
1.22163273931866	6.04601227055435	0.430887072121801	0.825915337655685	"PVP01_1334000"
1.08956566299291	5.4945503274542	0.525972450372243	0.876445075119278	"PVP01_1334100"
-0.34662145810596	6.24370773890228	0.833025130470081	0.973126027228606	"PVP01_1334200"
-1.01097712463295	6.22609912284553	0.537441025838398	0.881227544032314	"PVP01_1334300"
-0.667191478095807	8.76120486621938	0.546935029283396	0.886072044518545	"PVP01_1334400"
1.03374614626837	8.53860906294584	0.312322666858259	0.750025407920989	"PVP01_1334500"
0.102845181869312	8.45092542215793	0.926635625388787	0.986825658511516	"PVP01_1334600"
1.29492983122643	5.29356035787995	0.451119063332443	0.837981868569367	"PVP01_1334800"
0.569050234962018	7.43336481138181	0.625309473245316	0.919036371194839	"PVP01_1334900"
-2.24290533521784	6.20843011353509	0.177588621105448	0.579022636346143	"PVP01_1335000"
0.175420664357249	7.07169704141593	0.907046539288158	0.985614004730824	"PVP01_1335100"
-10.6957028584983	6.31993197265621	0.0001690949491856	0.00607908021604263	"PVP01_1335200"
-9.04556505051135	4.76323940008411	0.00041733272942807	0.00607908021604263	"PVP01_1335400"
1.57416529310468	6.05438431855275	0.378278583200401	0.804961335716271	"PVP01_1335500"
-0.742968396728159	4.97813021472252	0.626146631263181	0.919454170234587	"PVP01_1335600"
-2.18970904117349	6.00818470582045	0.153222607142477	0.535313436298191	"PVP01_1336000"
-3.19377862290955	5.8608448062208	0.0542104587098078	0.26476356192191	"PVP01_1336100"
2.61805973070611	6.41845922781703	0.107047486964166	0.42844758320435	"PVP01_1336200"
-0.859298892771331	4.65784863762906	0.5438433667853	0.88407773114756	"PVP01_1336300"
-0.920160838771186	6.18806519636792	0.539979488549741	0.882541414700952	"PVP01_1336400"
-1.00996933281298	7.09628605283744	0.49147628301571	0.855389909633831	"PVP01_1336500"
-2.25072627957102	8.06286398276492	0.0853876616653361	0.369293115965386	"PVP01_1336600"
-9.68333436364643	5.35346083094235	0.000500511036935812	0.00607908021604263	"PVP01_1336800"
-6.53241864696326	7.17976225293299	0.000531469909145268	0.00607908021604263	"PVP01_1336900"
-1.50528363848406	6.84318939797901	0.323442170544364	0.761875820984812	"PVP01_1337100"
0.974806057760428	6.33001223644962	0.480764937433785	0.848887772591112	"PVP01_1337200"
-0.42728844656389	4.40606663943901	0.765348244066807	0.962483707525282	"PVP01_1337300"
0.172888431913283	7.60461064811426	0.900693953799329	0.983970884903657	"PVP01_1337500"
-0.513010809175648	5.94511346535692	0.756016657255224	0.960654819889522	"PVP01_1337600"
-0.375600471225274	7.30971576299958	0.761950130034681	0.962312474396453	"PVP01_1337700"
-3.14394710064043	5.93089831571654	0.059448675625712	0.286222769019423	"PVP01_1337800"
-1.52798516078298	7.34805081818538	0.241692296327997	0.672213261351854	"PVP01_1337900"
0.417237992272753	6.08002112456554	0.789474440698948	0.967711882938664	"PVP01_1338000"
-5.1326095236019	5.4682319508621	0.00479074457319367	0.0334748244757188	"PVP01_1338100"
1.05015636194381	7.61694092213609	0.444747529381194	0.833369173364423	"PVP01_1338200"
-0.277890130261211	7.98296809153325	0.808198428130004	0.9721770429063	"PVP01_1338300"
-7.31355206944417	9.84915787715493	3.06020127495982e-07	6.36139340032272e-05	"PVP01_1338500"
-0.887978350808329	8.21904591280568	0.488726872384912	0.85415633902254	"PVP01_1338600"
0.928052505256926	7.95006284390466	0.407596312437931	0.811832933025124	"PVP01_1338700"
-2.11915063151748	4.7317765430009	0.133478065722533	0.490380156776292	"PVP01_1338800"
-0.530775507320309	7.12621383240782	0.703154363202305	0.944284020426997	"PVP01_1338900"
1.35704963935866	9.17379122883386	0.159253532342798	0.54832013309746	"PVP01_1339000"
-0.0212102111860481	7.85803187918895	0.988355519539891	1	"PVP01_1339100"
-0.403973048910111	6.49128914255988	0.774418482297861	0.96580919268122	"PVP01_1339200"
-2.45753131729828	6.795009053999	0.129881743009748	0.483044573040905	"PVP01_1339300"
-1.40252169236877	6.81223370844612	0.387818080986647	0.808418899901381	"PVP01_1339400"
-2.11243179287417	6.29996506511317	0.203624706733624	0.617370806377423	"PVP01_1339500"
-1.93648037134787	9.18774363126142	0.066190760856842	0.310071085365995	"PVP01_1339600"
-3.19275077587692	6.17842027144487	0.0584998732684113	0.282806073387698	"PVP01_1339700"
-1.38255188990767	5.74349595722309	0.370099564384889	0.797407416511259	"PVP01_1339800"
-0.848122959042067	5.85124013988224	0.585566377995396	0.907067284917359	"PVP01_1339900"
0.476500520370358	5.62812376471764	0.792209293621007	0.967891339819726	"PVP01_1340000"
-2.42325226792159	5.06409861224956	0.137698199969136	0.49901993211184	"PVP01_1340100"
-0.35942452576994	10.170279199591	0.689960666073337	0.941257557765313	"PVP01_1340300"
-0.8821061204185	7.94496371008887	0.454601650025541	0.840920166101141	"PVP01_1340400"
-0.200683817639244	7.89466699424727	0.872630611371287	0.976414986395257	"PVP01_1340600"
-1.37627465154493	4.83436753621177	0.33860041467662	0.772567629821829	"PVP01_1340800"
-0.0569178160283864	10.0241778235491	0.952451573717587	0.990615931919683	"PVP01_1340900"
0.80033645791786	4.83096782653158	0.542133741312188	0.883457532388211	"PVP01_1341200"
2.95423346836965	7.25057719974818	0.0230850723144646	0.135895487642317	"PVP01_1341300"
-0.842826962993936	6.11293379412341	0.594217496348824	0.908322917743134	"PVP01_1341400"
-0.12158288721293	5.80196030330737	0.944836110606294	0.990615931919683	"PVP01_1341500"
0.792431984963434	6.53310876613235	0.562070730777645	0.893207002424089	"PVP01_1341600"
-2.23858355674715	6.00448677734515	0.147534136263122	0.521581107294501	"PVP01_1341800"
-3.35950734188668	8.46949060601558	0.00809605959154104	0.0546196636946562	"PVP01_1341900"
0.733522210977057	6.32805379551594	0.643387918483344	0.925837553696404	"PVP01_1342000"
-0.77633880107262	5.91424161742212	0.615251235287814	0.913206102388341	"PVP01_1342100"
1.27637471382422	5.63195174017117	0.424085745409123	0.822797346351383	"PVP01_1342200"
-0.850925703696289	7.04216653523797	0.611285229321579	0.911806087047099	"PVP01_1342400"
-0.706443804833516	7.0483901223061	0.620219936956871	0.916822893474913	"PVP01_1342500"
-0.510517203631866	5.22438054901539	0.764921997950462	0.962483707525282	"PVP01_1342600"
-0.0974696309073146	5.42457084624052	0.965653275082491	0.996369060188137	"PVP01_1342800"
-0.753953301665754	5.50725082644959	0.636526830691467	0.923646950979342	"PVP01_1342900"
0.685601039496838	6.32598016085009	0.693657731377445	0.941675761045462	"PVP01_1343000"
-0.188613257219438	6.14324238169237	0.914594647244567	0.985614004730824	"PVP01_1343100"
-4.77608188467888	9.13171664753403	0.00138082475645699	0.0109871366985071	"PVP01_1343200"
-0.905186471168717	4.4525392354513	0.563581125410722	0.893787633305958	"PVP01_1343300"
0.320378474095093	6.68329620303273	0.838081102812678	0.973855473858892	"PVP01_1343400"
-0.113235469923508	5.89369286318206	0.947743875430564	0.990615931919683	"PVP01_1343500"
0.276812286451147	6.37156114309507	0.864843812829586	0.976262081508655	"PVP01_1343700"
-2.70960024984122	6.04460871942854	0.0952787228582885	0.398111849530989	"PVP01_1343800"
-0.616754250999814	7.61118684848212	0.634044089195799	0.923011810930573	"PVP01_1343900"
-0.868620109515559	6.68191726196494	0.563054752607557	0.893787633305958	"PVP01_1344000"
0.385829148310366	5.27712852113266	0.806444013608533	0.9721770429063	"PVP01_1344300"
-2.45228251178832	4.80982808547554	0.123511876055212	0.470001285083291	"PVP01_1344400"
-0.982302206502014	6.75873297253642	0.502029507129359	0.864707478359528	"PVP01_1344700"
-0.151000629401173	5.19081568177171	0.942623490641007	0.990615931919683	"PVP01_1344800"
1.08196283212824	8.68432032947162	0.309193211612987	0.746114974203663	"PVP01_1344900"
-4.94330276335358	9.05770138625645	0.00048225043799139	0.00607908021604263	"PVP01_1345100"
-8.67565786332084	4.43023921546254	0.000574466627355832	0.00607908021604263	"PVP01_1345200"
-3.02431045283353	5.30751099545494	0.06203637589301	0.295605997450074	"PVP01_1345700"
-4.25740813833196	6.44761847350231	0.017514526586292	0.106789577214653	"PVP01_1346000"
0.535637577510281	7.4120704787844	0.66418846782825	0.933294923591082	"PVP01_1346100"
0.354164423841918	6.67406534163838	0.819070495153694	0.9721770429063	"PVP01_1346400"
0.384302280634282	8.37884950336825	0.766966685899727	0.962879610217051	"PVP01_1346500"
-1.23237185264906	6.0738435190648	0.451498222275656	0.837981868569367	"PVP01_1346600"
0.774912564336323	6.10570044538833	0.578438540890485	0.903230458422543	"PVP01_1346700"
-0.329465726942923	6.99753839227414	0.798175818720011	0.968946135384524	"PVP01_1346800"
-2.1051118935046	7.72163243268463	0.102254073356888	0.417296991392648	"PVP01_1347000"
1.0834346142842	6.00933334673347	0.531266605759545	0.87910086107276	"PVP01_1347100"
-3.52981125507797	6.37922423715096	0.0389253545530255	0.204850837410384	"PVP01_1401300"
-9.5952433364826	8.96318524652013	1.53241393941228e-08	1.22728689326893e-05	"PVP01_1401400"
-9.98791609487226	5.64263743938312	0.000462687070957347	0.00607908021604263	"PVP01_1402100"
-9.07255556976566	4.78992999611596	0.000498120464433099	0.00607908021604263	"PVP01_1402800"
-8.62113819621897	8.13179735270366	8.07498794610629e-07	0.000130843254193652	"PVP01_1403000"
0.842966435017357	8.80689714593838	0.395355666790753	0.808418899901381	"PVP01_1403400"
1.52156764626196	7.24414416777545	0.278552024520697	0.712593952198798	"PVP01_1403500"
-0.949305852009071	6.82244044657115	0.518634294928522	0.875307293029934	"PVP01_1403600"
-0.557773013518292	7.69406038101008	0.67111494540784	0.935881311360394	"PVP01_1403700"
0.294225112034891	5.17346154716989	0.871809688540606	0.976414986395257	"PVP01_1403800"
-3.02990066374509	5.31070951588298	0.0616587274570516	0.294650757934129	"PVP01_1403900"
0.961727258952025	6.67099936008167	0.495260802627667	0.858830776610855	"PVP01_1404000"
-0.15645101699527	5.77199226875659	0.918978545189148	0.986140811278897	"PVP01_1404100"
0.0176436266533641	5.59954425943145	1	1	"PVP01_1404200"
-1.17456171705121	7.50332402159102	0.438475416689839	0.83003371423472	"PVP01_1404300"
-1.01285499744152	7.46614325212749	0.438183918973884	0.829954279332084	"PVP01_1404400"
-0.593465262168696	6.34069003790113	0.704726200646923	0.944367181044185	"PVP01_1404500"
-0.859187099828038	5.36899300661806	0.601583312790034	0.910945313268297	"PVP01_1404600"
-0.267842819556249	10.5865674581815	0.785966224281551	0.967257153156029	"PVP01_1404700"
1.3579509070782	5.54640849921846	0.431360031008788	0.825915337655685	"PVP01_1404900"
0.0541098256880065	7.07657782879387	0.972119629443791	0.997842012951546	"PVP01_1405000"
-0.0172750330572715	6.84582902519497	0.99288461022674	1	"PVP01_1405100"
0.564107320791402	6.0606546497498	0.739996261263268	0.953970190901521	"PVP01_1405300"
1.02814936588864	6.21178624292317	0.486964423798154	0.853801841940968	"PVP01_1405400"
0.654542285164605	6.73181632388111	0.621167734705998	0.917816030933874	"PVP01_1405500"
0.0273965210204807	5.68270078366988	1	1	"PVP01_1405700"
0.573818046992428	7.17832769632151	0.688747177414006	0.941257557765313	"PVP01_1405800"
-10.0191104685613	5.67052431111567	0.000391259830399702	0.00607908021604263	"PVP01_1405900"
-0.177155810956879	5.20870024344198	0.928709656068235	0.98739640560115	"PVP01_1406000"
0.857293373700073	5.3119177909541	0.5800629564527	0.904495730502428	"PVP01_1406100"
-0.37257128341194	8.83823985372318	0.707411016880785	0.945438906504581	"PVP01_1406200"
-3.99305355602056	7.73098083672306	0.00536745083240969	0.0372696064062518	"PVP01_1406400"
-1.65726977548975	5.93217355600282	0.276733677105896	0.711429505853187	"PVP01_1406500"
-0.462516657443001	5.80565390254379	0.774498105945998	0.96580919268122	"PVP01_1406800"
1.78341707016301	6.13968436008017	0.317688469875046	0.754509457878518	"PVP01_1406900"
-1.06939133801583	5.47644269115502	0.467091651386784	0.844724145166769	"PVP01_1407000"
-1.83734892855568	4.16930725228967	0.205467623792586	0.620695110566885	"PVP01_1407100"
-0.914244898034769	6.66367565271733	0.557776066779642	0.891478285859216	"PVP01_1407300"
1.08168630803266	6.82592667743837	0.496306440985744	0.86019553033798	"PVP01_1407500"
-8.21980641527816	4.02906091613768	0.000957882462085015	0.0079193704125688	"PVP01_1407600"
0.16929549792205	6.94364103764652	0.917688971935331	0.986140811278897	"PVP01_1407800"
0.376701086540969	5.66538249511467	0.810670958573305	0.9721770429063	"PVP01_1408000"
1.19644481923605	6.11951300222764	0.440519786292935	0.830619079919185	"PVP01_1408200"
-2.22711583193195	6.56396796308314	0.179346855055248	0.581690498609242	"PVP01_1408500"
-1.57201597934909	8.24295596417015	0.181488320913727	0.583781581585161	"PVP01_1408600"
1.63037940020576	7.09541273104458	0.20607441344477	0.621963247837844	"PVP01_1408700"
-4.49804013965558	6.67049111925784	0.0116909447730553	0.0757974314136101	"PVP01_1408900"
-11.0784635367934	6.69204097969637	6.72559348467092e-05	0.00438614194706186	"PVP01_1409000"
0.990036201795724	5.59432460834515	0.522532027950317	0.875307293029934	"PVP01_1409100"
-2.91932897599107	9.02618875833437	0.0303761027122777	0.168948022777652	"PVP01_1409200"
-0.580094721019836	7.96466656743869	0.598361333742863	0.910945313268297	"PVP01_1409300"
-0.958417299463467	7.63611127207092	0.401276774665829	0.81013900069329	"PVP01_1409400"
-0.939851759307563	5.23619967407222	0.521929875951553	0.875307293029934	"PVP01_1409500"
-0.932625320443664	6.21051100515507	0.52082464686395	0.875307293029934	"PVP01_1409600"
-8.5451799726142	4.31345531194442	0.000600213958595656	0.00607908021604263	"PVP01_1409700"
-0.142672901923762	5.61516260301868	0.940825971890776	0.990209237074837	"PVP01_1409800"
-2.58374860816072	9.04478496251801	0.0199351606795875	0.119467287243798	"PVP01_1409900"
0.115258562720447	6.30374077200944	0.946922258748119	0.990615931919683	"PVP01_1410000"
-3.70726322477479	7.34075177291756	0.0100757458101469	0.0666241164305141	"PVP01_1410100"
-3.03831997804922	7.80139331376878	0.0282849880702211	0.159721341802301	"PVP01_1410200"
-1.0711146620423	6.02425346137867	0.525256006943865	0.876129126928433	"PVP01_1410300"
-6.93833964845358	6.3221643172368	0.000550731346186811	0.00607908021604263	"PVP01_1410400"
1.52836261689134	5.94176188039616	0.274054289756667	0.708239757366492	"PVP01_1410500"
-0.62024497975246	5.80872166417068	0.70438023291623	0.944284020426997	"PVP01_1410600"
0.189914632098196	7.44059063454101	0.884025743645878	0.977904409341537	"PVP01_1410700"
0.181239659878133	5.27860253518693	0.917969256348345	0.986140811278897	"PVP01_1410800"
-9.21818760652234	4.92124122550876	0.000488356670420298	0.00607908021604263	"PVP01_1411000"
1.22206664922108	7.46124507417748	0.294693681302102	0.730159064854585	"PVP01_1411100"
-9.97715227883502	5.63126874616759	0.000597344224589355	0.00607908021604263	"PVP01_1411200"
-0.443360379199877	5.67159836440005	0.801668924466404	0.971121980181138	"PVP01_1411400"
-0.117506113390513	5.80641532863115	0.940630519022553	0.990209237074837	"PVP01_1411500"
-12.2261669337214	7.81814071555275	4.54605668512431e-07	8.89422619689615e-05	"PVP01_1411700"
1.67175286963854	7.67772562263853	0.146401496188922	0.520225829406361	"PVP01_1411800"
-1.30858655288644	5.60667708388543	0.415469705764683	0.818148159486878	"PVP01_1411900"
2.64337930800232	6.65272381021824	0.147140003030731	0.521179606049213	"PVP01_1412200"
-3.46675979392921	5.51707095695496	0.0363566946644915	0.19378584367644	"PVP01_1412300"
-1.48276860791181	6.55297947505749	0.368667888507033	0.795779467894158	"PVP01_1412400"
-0.202138807111682	8.0611808965877	0.852966600559188	0.973855473858892	"PVP01_1412500"
-0.399419944415866	5.94271140679713	0.794643382307575	0.967891339819726	"PVP01_1412600"
-2.12706468548289	13.0573821116925	0.0135277094377728	0.0861937961494873	"PVP01_1412800"
-2.02040034332758	7.19224547393233	0.1502368020021	0.528547417440904	"PVP01_1412900"
-5.72484612919308	9.29054580015285	2.8060179307283e-05	0.00207395903057829	"PVP01_1413000"
-2.10726070805589	5.62574611364411	0.166266218959566	0.559152117552595	"PVP01_1413100"
-0.00191952858113185	5.79757493448582	1	1	"PVP01_1413200"
-0.376346171864833	5.40143469986622	0.809554918447028	0.9721770429063	"PVP01_1413300"
1.7718873428372	6.7606922625628	0.248625616972834	0.681722013233013	"PVP01_1413400"
-0.223409020256117	8.21159679851065	0.862115607081034	0.976262081508655	"PVP01_1413600"
-1.29137243654044	7.51703959649523	0.348625283265937	0.782926552868099	"PVP01_1413700"
-0.447336663165646	9.25707097160132	0.654574698287911	0.928080097668	"PVP01_1413800"
-1.40210913608929	5.96133141129855	0.378965340161015	0.805907110853922	"PVP01_1413900"
-0.516434396076122	7.57143843371948	0.726937688897531	0.950837044785871	"PVP01_1414000"
-8.74026289441267	4.48633835127819	0.000522988251970014	0.00607908021604263	"PVP01_1414100"
1.28758947281177	6.4067672801451	0.420251800374622	0.820165733189825	"PVP01_1414300"
0.425252450613034	5.99440362601732	0.812137161876413	0.9721770429063	"PVP01_1414400"
-10.6851345403526	6.30880800390249	0.000354833302732775	0.00607908021604263	"PVP01_1414500"
-0.253441342998181	6.9773080700579	0.847894425790239	0.973855473858892	"PVP01_1414700"
-2.93831865120479	4.66734741206641	0.0416998040946781	0.21670866940453	"PVP01_1414900"
2.31177530081956	7.21947235024638	0.0949117834972023	0.397577571677198	"PVP01_1415000"
-0.396934683181223	6.96758075686404	0.781002695582894	0.966602218360234	"PVP01_1415100"
0.820441497948634	5.62840613761763	0.639176478448933	0.92390307141293	"PVP01_1415200"
0.474640806705313	6.44326567449561	0.786289524010387	0.967257153156029	"PVP01_1415400"
1.5045299353166	6.17075240727014	0.345386185940801	0.779344948737519	"PVP01_1415500"
-1.72014697101295	5.31349630173011	0.277034531585097	0.711518804673385	"PVP01_1415800"
-1.90100104496117	6.38423107579276	0.253801873545973	0.688535914693235	"PVP01_1415900"
-4.78695514189361	4.56001295951435	0.00785679502693114	0.0531132119097011	"PVP01_1416100"
-9.37951440705646	5.07052862505981	0.000604653100833552	0.00607908021604263	"PVP01_1416200"
0.249846849686374	7.27780256376601	0.844272979849876	0.973855473858892	"PVP01_1416300"
0.130813701544313	7.70928118757782	0.908963998780222	0.985614004730824	"PVP01_1416500"
-1.71081309526697	5.74616943245256	0.261648382797548	0.694045921303151	"PVP01_1416600"
0.480931385159262	6.92383000525358	0.718520397347924	0.948407019078849	"PVP01_1416700"
0.352282585402086	8.88708624840173	0.718663316426631	0.948407019078849	"PVP01_1416800"
-0.835027499039819	7.97814773928462	0.515946759703015	0.874743982310285	"PVP01_1417000"
-2.27826116417046	4.85064499102655	0.123647361529729	0.470001285083291	"PVP01_1417100"
-0.967006260300423	6.45127108619114	0.522335492502068	0.875307293029934	"PVP01_1417400"
-2.0719019185053	7.15923817144372	0.147566993975985	0.521581107294501	"PVP01_1417500"
-0.625018093039962	5.05775789295643	0.720273765850215	0.948944218597172	"PVP01_1417700"
1.6041449320105	5.82682046037363	0.363284075064076	0.792841258308497	"PVP01_1417800"
-2.54313501053013	5.10472950918895	0.09617519123868	0.399349171110923	"PVP01_1417900"
-1.19767861155513	6.98952392581973	0.402890832850073	0.81013900069329	"PVP01_1418000"
-0.606399991859952	7.02474837325649	0.671155036257138	0.935881311360394	"PVP01_1418100"
0.406573019773284	7.53011412994728	0.768871544787281	0.963476714849273	"PVP01_1418200"
-1.6117337555637	9.77699398115956	0.0870073176218612	0.37220587246453	"PVP01_1418300"
1.49929196932025	6.36591062002335	0.340781044527858	0.77473530697174	"PVP01_1418500"
-0.541490038424886	8.74035697069601	0.662769068365645	0.93326414961225	"PVP01_1418700"
-1.38552187973383	5.15344713529584	0.339768279217871	0.773880749442945	"PVP01_1418800"
-2.08843096555239	6.08278427226846	0.224457178897935	0.650779138069579	"PVP01_1419000"
1.38071821821725	6.51806616433651	0.373888850863212	0.799826599568806	"PVP01_1419100"
0.67381824868904	6.00948456240762	0.675060787748418	0.937685238849595	"PVP01_1419200"
-9.68630083640016	5.35623018980605	0.000502650628998475	0.00607908021604263	"PVP01_1419300"
-9.0571758522718	4.77393751611602	0.000423599552721744	0.00607908021604263	"PVP01_1419500"
-7.75273245559752	7.28609918214918	4.64466328590886e-05	0.00321836460186102	"PVP01_1419600"
-0.46774312880981	8.90825084693722	0.649437882435506	0.928080097668	"PVP01_1419700"
-1.13300666426936	5.85769786666601	0.464317096509792	0.843719086379954	"PVP01_1419900"
-1.27761854157674	7.10991786071135	0.382373461553181	0.807019726280875	"PVP01_1420000"
0.566877808006065	7.48988720031904	0.629773244533973	0.920239385699032	"PVP01_1420200"
-1.78424881025344	6.62972627135209	0.258670088900023	0.692429992076498	"PVP01_1420300"
0.806679224844401	7.65402648750021	0.477409690265999	0.848847425220203	"PVP01_1420500"
-0.995312141300215	6.31653267749475	0.554890384591851	0.891478285859216	"PVP01_1420600"
-1.74668371549933	9.51217442626346	0.097519463564486	0.40442610450808	"PVP01_1420800"
-2.53318453003934	8.33125212165474	0.024475675456427	0.141671326872114	"PVP01_1421400"
-0.520873478354197	5.92234592726728	0.755621635434761	0.960654819889522	"PVP01_1421500"
0.721375809644213	6.84734214726976	0.630554888757695	0.920239385699032	"PVP01_1421600"
-2.71236639466413	9.06110886112666	0.0132045371504927	0.0842961431142778	"PVP01_1421900"
-3.44450352955025	5.95635055217137	0.038756399160021	0.204609180327349	"PVP01_1422000"
-0.78740962578576	7.82699345458762	0.544774497405198	0.884606202178777	"PVP01_1422100"
-1.25675734969528	4.91300652019437	0.394021035101018	0.808418899901381	"PVP01_1422200"
-9.7609737395877	5.42592872399348	0.000652035905799975	0.00620538981180903	"PVP01_1422300"
-1.01753098677435	4.67958238851191	0.471589080292842	0.845454291112057	"PVP01_1422500"
-0.596041895185348	7.8618557787821	0.613183118255996	0.911999330826618	"PVP01_1422700"
-0.0503986215865056	5.61491187670383	0.981892824981136	1	"PVP01_1422800"
-0.65612429296311	10.0325298840988	0.478296395964459	0.848847425220203	"PVP01_1423000"
-10.5706414644764	6.19871800553747	0.000209664625614676	0.00607908021604263	"PVP01_1423100"
-0.632044900973212	7.38914382684607	0.600474192689453	0.910945313268297	"PVP01_1423300"
-1.32868472915495	7.88666421764213	0.311446800655188	0.74846247036066	"PVP01_1423400"
0.00795985985836999	7.76941979244255	0.997678423666907	1	"PVP01_1423600"
-8.59204395788937	4.35503645047174	0.000581178149372642	0.00607908021604263	"PVP01_1423700"
-2.62755609105067	5.7859108352843	0.106502373631784	0.427810259298689	"PVP01_1424100"
-0.672736828674073	7.09349725243801	0.632856441148591	0.922788480166687	"PVP01_1424300"
-1.74621304932313	5.33247846961803	0.27096369170881	0.704838873631097	"PVP01_1424400"
1.80624518749523	7.16495596267211	0.286686073455401	0.721269198421077	"PVP01_1424700"
1.59319208508625	7.85171432516519	0.166128075575319	0.559152117552595	"PVP01_1424800"
0.884713083137317	6.89516831023024	0.546497674546292	0.885794963713921	"PVP01_1424900"
0.324428703269776	6.32793213797421	0.853514343445181	0.973855473858892	"PVP01_1425000"
-3.53578233631278	5.38405210801368	0.0308244293876511	0.170585777276751	"PVP01_1425100"
0.236625869061706	8.57466076424901	0.817543600560648	0.9721770429063	"PVP01_1425200"
-1.31332991839123	6.65832945976916	0.424015748526388	0.822797346351383	"PVP01_1425400"
1.82630608160684	8.59091489673833	0.0798903548208923	0.353853062484908	"PVP01_1425500"
-1.51134402034372	7.02624959196964	0.297135231652194	0.733139303023144	"PVP01_1425800"
-0.260216575585182	7.62940753499341	0.846171657318102	0.973855473858892	"PVP01_1425900"
-0.834912434500296	6.24269986203214	0.610724136129123	0.911806087047099	"PVP01_1426000"
-1.15425757083825	10.0578904863801	0.212183742866571	0.632935541501539	"PVP01_1426100"
1.05981065888727	6.45491087475725	0.502962933656628	0.865866830922331	"PVP01_1426200"
-1.06066168741556	8.16217166386633	0.320163643406599	0.757371463705795	"PVP01_1426300"
-0.180913697568387	6.39568697561819	0.914528691177552	0.985614004730824	"PVP01_1426400"
-1.23864860643945	6.42122282619282	0.402746901640389	0.81013900069329	"PVP01_1426600"
0.296638587383982	5.14037430919784	0.864829365290715	0.976262081508655	"PVP01_1426700"
-0.349457071389996	5.62277783040511	0.82552774039447	0.972498135422959	"PVP01_1426800"
-0.390471811997407	9.27708496118031	0.685453941107231	0.94035163036312	"PVP01_1426900"
0.32306863207874	7.53923956071106	0.813702042096792	0.9721770429063	"PVP01_1427000"
-3.6034673668836	5.87312947387178	0.0263423974243352	0.15158272289505	"PVP01_1427100"
-0.852579870066997	8.27894917311935	0.432512808362315	0.826251016119569	"PVP01_1427200"
-0.112441752162899	8.9519223010646	0.911262649424366	0.985614004730824	"PVP01_1427300"
-2.11201696336612	5.83639514482807	0.190929561035787	0.5994293448979	"PVP01_1427400"
-0.611635181717179	6.25041690015734	0.684258527997884	0.94035163036312	"PVP01_1427500"
-0.838863816150298	5.39010689979928	0.603231281365602	0.911561672795089	"PVP01_1427600"
0.0418586733818381	7.54846467466311	0.970282780667775	0.997268395704889	"PVP01_1427700"
0.252929247191642	8.09482203299052	0.814437056534152	0.9721770429063	"PVP01_1427800"
-0.456195516251423	4.86220856219173	0.791931016125175	0.967891339819726	"PVP01_1428100"
0.280937475310638	8.6325105306429	0.786692075491322	0.967257153156029	"PVP01_1428200"
-0.240004207390612	4.86118758438592	0.886985391542624	0.97808542035144	"PVP01_1428300"
-0.408365861182394	6.61444879643851	0.774738101645669	0.96580919268122	"PVP01_1428400"
-1.39654102673494	6.59143578211484	0.342493023517907	0.777033967408293	"PVP01_1428600"
-5.00565705700124	10.4098982953612	0.00019153296793384	0.00607908021604263	"PVP01_1428700"
0.909058852672039	6.09315949450473	0.556652121826991	0.891478285859216	"PVP01_1428800"
-5.37517979841074	6.19344892504086	0.00258976237404667	0.0192696860314972	"PVP01_1428900"
2.04599080046952	10.5312596099587	0.0248843067161203	0.143689590517042	"PVP01_1429000"
-0.469304384829747	7.35221204852452	0.724936093427018	0.950837044785871	"PVP01_1429100"
-1.16088636734347	5.52604272576062	0.442126054617763	0.831550362298024	"PVP01_1429200"
-3.89816321944517	6.07187259894633	0.0235005794458327	0.137610787388802	"PVP01_1429300"
-0.557740776173988	5.8053755711996	0.713300927545893	0.948334927187312	"PVP01_1429500"
-0.610901885808852	9.50536130389377	0.518872376697472	0.875307293029934	"PVP01_1429700"
-1.28909447070143	5.34439531635538	0.428616540495265	0.824920234929202	"PVP01_1429800"
1.07872452879037	7.27258602591098	0.383817877130369	0.807960923630132	"PVP01_1429900"
-0.96799427632023	6.57820627089598	0.559444156436305	0.891478285859216	"PVP01_1430000"
0.0549423188406615	7.14554493084608	0.97299184240036	0.997842012951546	"PVP01_1430100"
-1.19051042325259	8.27413101522893	0.351826226523939	0.785879133256293	"PVP01_1430400"
0.361951174132009	8.7242837154262	0.736333125667413	0.952935399210045	"PVP01_1430700"
0.765247570175652	6.99853537542084	0.599286135453968	0.910945313268297	"PVP01_1430800"
-2.5278829923412	5.6564462760062	0.107178929733591	0.42845807727635	"PVP01_1430900"
-1.45371422320872	7.74852064124021	0.276684168611227	0.711429505853187	"PVP01_1431000"
-9.22922019769744	4.93077081396456	0.000469171931152457	0.00607908021604263	"PVP01_1431100"
-2.15819635349235	5.22071385855018	0.173967551221176	0.572886454249033	"PVP01_1431200"
2.21692318888179	7.24084572789995	0.14222057634512	0.508083390895671	"PVP01_1431300"
-1.57198378626611	6.24651760321166	0.337843975220122	0.772567629821829	"PVP01_1431400"
0.148440750960121	9.56272781446017	0.873832357958618	0.976601620487354	"PVP01_1431600"
-1.12076785899579	6.95290775362996	0.433708708652949	0.826251016119569	"PVP01_1431700"
-0.187605338444335	8.73830117732761	0.85972735368789	0.976255779571841	"PVP01_1431800"
0.78858592358459	5.93758606225249	0.608693254684337	0.911806087047099	"PVP01_1432000"
1.71342247778392	6.69607749104658	0.214432984867608	0.635654284910575	"PVP01_1432500"
0.0896437688057558	7.29129489091412	0.948476134862935	0.990615931919683	"PVP01_1432600"
-0.492878262401363	5.35240993557818	0.756161851614783	0.960654819889522	"PVP01_1432700"
0.175443337333878	5.44680122769604	0.923718175793193	0.986825658511516	"PVP01_1432800"
-2.78439571630529	7.75589000075394	0.0655344851253279	0.308299430731033	"PVP01_1432900"
-1.5000383901637	4.20432128581182	0.25218973392754	0.68472086125959	"PVP01_1433000"
-1.37188865081852	6.03008747252179	0.404427598900772	0.810463589082019	"PVP01_1433100"
-0.975508623824366	4.74204974528294	0.520912304185524	0.875307293029934	"PVP01_1433300"
-1.56994294276601	4.14721379786886	0.315809807560522	0.752963025051108	"PVP01_1433400"
1.75539039637282	6.68460722559892	0.263631960485389	0.695146208736415	"PVP01_1433500"
-4.30350502671189	5.20871193250236	0.00906444836339336	0.0606606745606566	"PVP01_1433700"
-0.957997856744925	7.04049578763512	0.510699470530731	0.871009032010353	"PVP01_1433800"
-0.519568274899624	6.06962349430265	0.727113848827243	0.950837044785871	"PVP01_1433900"
-1.96239661792854	5.65294975872748	0.239624857297228	0.66917907251938	"PVP01_1434100"
0.484819419720571	6.02266656988006	0.757136478346043	0.961030314916287	"PVP01_1434200"
1.08108055703847	6.01315079219243	0.499404266701877	0.863061756113067	"PVP01_1434400"
0.906475078209808	8.04356781588949	0.402397154228438	0.81013900069329	"PVP01_1434700"
-0.506767392481359	6.0927454359944	0.760107079099263	0.961261564992644	"PVP01_1434800"
1.62104107486337	7.39001655033701	0.206759234060339	0.621991263779398	"PVP01_1435000"
0.916475458971528	4.87400985672293	0.480107974123727	0.848887772591112	"PVP01_1435100"
-10.4388374400138	6.07263145740549	0.000297578359950331	0.00607908021604263	"PVP01_1435200"
0.970143328633981	5.50157197267774	0.531063817569474	0.87910086107276	"PVP01_1435500"
-0.21622443024316	8.16984044118074	0.865953293325726	0.976414986395257	"PVP01_1435700"
0.136190739646553	6.48992248246695	0.930145613556067	0.987536253931069	"PVP01_1436000"
-1.26450581648969	6.74983999024507	0.393004985885609	0.808418899901381	"PVP01_1436100"
-0.679407469910212	8.05180936298442	0.560514658201698	0.891996054152558	"PVP01_1436200"
0.122244838319058	7.98831108125832	0.928687570916658	0.98739640560115	"PVP01_1436300"
-3.11353066930039	5.02679813126507	0.0433507928924535	0.222164464037442	"PVP01_1436500"
0.14415646421405	5.62012630979527	0.934193964434122	0.988901695005694	"PVP01_1436600"
-1.2189362483268	6.85501012161266	0.359527621852597	0.79003064732084	"PVP01_1436700"
-1.41781611972992	6.80123177312445	0.39649095173108	0.808418899901381	"PVP01_1436800"
0.753975476950606	7.25857829656164	0.574638554582729	0.900664770550813	"PVP01_1437000"
-0.0394818438225172	8.0808766489045	0.97403638033061	0.997842012951546	"PVP01_1437100"
-1.60666112047047	6.6440968979655	0.32645353114733	0.763982543852195	"PVP01_1437200"
-2.27522994126706	6.96173351409948	0.17046760302998	0.566754174528578	"PVP01_1437300"
1.01268265447538	8.4343675856158	0.340513267209643	0.774656037441363	"PVP01_1437400"
1.33840034760094	6.09359671741013	0.395578990287508	0.808418899901381	"PVP01_1437700"
0.637504960768787	8.20820980296457	0.552707105052448	0.891082807273119	"PVP01_1437800"
-0.182804783417531	9.47811649445704	0.846278552971995	0.973855473858892	"PVP01_1437900"
0.925021636812484	8.27129457619921	0.393144327371037	0.808418899901381	"PVP01_1438000"
-0.194438846701051	6.05128535671266	0.91410649593903	0.985614004730824	"PVP01_1438300"
1.45435225375891	7.38416630882066	0.233088768342062	0.662597411052871	"PVP01_1438500"
1.13345452369296	6.46269268165483	0.418239949937678	0.819765571768317	"PVP01_1438600"
-10.1747351123724	5.81836582095093	0.000403111741956355	0.00607908021604263	"PVP01_1438700"
0.528596403369584	7.50151940871791	0.659358764661137	0.930826507327224	"PVP01_1439200"
-3.17461189976079	6.26016543865272	0.0733351600358119	0.334585380355433	"PVP01_1439300"
-1.25026982986962	6.06674946183746	0.478648290517553	0.848847425220203	"PVP01_1439600"
-9.34971882349976	5.04219408057453	0.000498669993129498	0.00607908021604263	"PVP01_1439800"
0.564236136902564	5.39144726761586	0.742557453224633	0.953970190901521	"PVP01_1439900"
-0.262766653303965	6.52942269327691	0.863997186211086	0.976262081508655	"PVP01_1440000"
-3.50003807815011	5.13057521290882	0.0269817483224916	0.153729549039775	"PVP01_1440100"
0.208242362184567	6.41578998113603	0.89381809567085	0.981656713923506	"PVP01_1440200"
-10.0243892550685	5.67555211256123	0.000388855271489368	0.00607908021604263	"PVP01_1440400"
-0.870814739205991	8.13135729621023	0.442526801343206	0.831550362298024	"PVP01_1440500"
-1.71043575739267	6.62285918057079	0.267742539413077	0.701612264326761	"PVP01_1440600"
-9.82780664725991	5.48893775131392	0.000771618226500272	0.00682553782271252	"PVP01_1440800"
-5.34935132835077	8.70686897643693	0.000232054764655625	0.00607908021604263	"PVP01_1440900"
-9.77552228782521	5.44038806014877	0.000523328508939087	0.00607908021604263	"PVP01_1441200"
-2.09982665020509	6.4414453344957	0.189834334982818	0.598472984031141	"PVP01_1441300"
-0.710135263033747	6.41967222389461	0.638600542084285	0.92390307141293	"PVP01_1441400"
-2.16332370519434	5.9045163018492	0.153721677759196	0.535741304870381	"PVP01_1441500"
-0.356579502347689	8.52240043832007	0.740968633544917	0.953970190901521	"PVP01_1441600"
-1.49456127993899	7.54367627781782	0.268430255096314	0.701886028655928	"PVP01_1441700"
-3.38611358982386	4.43552927118199	0.0215344305971435	0.127217613083658	"PVP01_1441800"
-1.49021085010987	5.92387863994868	0.327841880300853	0.76519445184606	"PVP01_1442000"
-2.40177562800836	6.04790629266937	0.148998759716786	0.526082669658207	"PVP01_1442300"
-0.253639228716551	7.51924490073495	0.852601107481558	0.973855473858892	"PVP01_1442400"
-0.0995489130514271	9.82208169360579	0.914220508388742	0.985614004730824	"PVP01_1442500"
-0.890281314772827	5.32295456894825	0.57513406707516	0.900664770550813	"PVP01_1442600"
-1.8301540737699	7.01774521631227	0.246847124420663	0.680210054534487	"PVP01_1442700"
-8.20613239240852	4.01704006982396	0.000997739719251754	0.00815351917992957	"PVP01_1442900"
1.55450936173084	6.42506079339249	0.358248055076312	0.79003064732084	"PVP01_1443000"
2.501165107783	6.67961117248658	0.1724135525349	0.568896305288768	"PVP01_1443200"
-0.765189708216814	5.26548425763883	0.583389385891508	0.906707054894932	"PVP01_1443300"
-1.05188151867068	4.92210436283039	0.466951112025269	0.844724145166769	"PVP01_1443400"
1.9009993124661	6.42184907450886	0.186554079679884	0.593759683268223	"PVP01_1443500"
-0.637935562297095	5.75693182623233	0.691731338319308	0.941675761045462	"PVP01_1443800"
-2.20730381648098	4.92900996469312	0.136530555333724	0.495850593879843	"PVP01_1443900"
0.0802887479864964	7.91592100433736	0.943802792754578	0.990615931919683	"PVP01_1444000"
-0.340233739105954	4.56681893130364	0.796076068691865	0.968806807343265	"PVP01_1444100"
1.4663331182971	6.3612525997971	0.346239861710021	0.780212588108082	"PVP01_1444200"
-0.727133823399638	7.42009650796995	0.618348480074125	0.915684347607542	"PVP01_1444300"
-9.33594718224104	5.02999309843622	0.000508176102897195	0.00607908021604263	"PVP01_1444400"
0.285642822315884	8.49724628791201	0.781184863614191	0.966602218360234	"PVP01_1444500"
1.85351102174353	6.23227219123565	0.258984639249298	0.692429992076498	"PVP01_1444600"
-1.62736895716885	5.24535879684479	0.301040779947691	0.736763527671833	"PVP01_1444800"
0.0985884092057839	5.22334219888197	0.965967202843318	0.996369060188137	"PVP01_1444900"
-3.23381609462783	4.64340799652716	0.0242512408199587	0.140767237290022	"PVP01_1445000"
5.59077442094977	7.12407508169141	0.000461251684768414	0.00607908021604263	"PVP01_1445100"
0.585448883160542	6.39861880036502	0.7151582108795	0.948334927187312	"PVP01_1445300"
-1.13396176034462	7.50255376213588	0.374373674653197	0.799826599568806	"PVP01_1445400"
0.00536764531790533	5.64040030917878	1	1	"PVP01_1445700"
-4.36585644400589	6.32840783789136	0.0123436570707214	0.0792567633537054	"PVP01_1445800"
-1.99790472784338	6.57087720271691	0.229343955243948	0.657972576719632	"PVP01_1445900"
-2.14260885520933	6.32433435260733	0.197033512340501	0.606228919560134	"PVP01_1446000"
-0.687437201005706	5.88962433619365	0.665753710640799	0.933908410624757	"PVP01_1446100"
-1.63785533247649	5.01719836408651	0.271042970347016	0.704838873631097	"PVP01_1446200"
-8.81890116500394	4.55842390964874	0.00048820212157352	0.00607908021604263	"PVP01_1446500"
-9.27929451544789	4.9775929774504	0.000477400852137732	0.00607908021604263	"PVP01_1446600"
0.743586241358421	6.12006685946288	0.667533444097156	0.935221665992899	"PVP01_1446700"
0.93227727380039	7.77881983815044	0.521119620985838	0.875307293029934	"PVP01_1446800"
-0.959475123263474	6.71227896293351	0.555500806329878	0.891478285859216	"PVP01_1446900"
-10.3224521010323	5.96113734052874	0.000281329075270019	0.00607908021604263	"PVP01_1447000"
0.369964501468105	5.35447806133193	0.818532289742556	0.9721770429063	"PVP01_1447200"
-1.73436710267713	7.69120546566551	0.191670665684483	0.5994293448979	"PVP01_1447300"
-1.369480625774	8.42455774100866	0.190460068489548	0.599309543799656	"PVP01_1447400"
-1.94989562829419	8.48746511348082	0.0759188095478202	0.342148998043428	"PVP01_1447500"
-3.17311389801626	6.70896872124503	0.0540138930571707	0.264191482806103	"PVP01_1447600"
1.60036156755806	5.87688378045735	0.25543877290504	0.689217919285149	"PVP01_1447700"
-1.92013652958572	5.13607057121318	0.207119149606469	0.621991263779398	"PVP01_1448200"
-2.89504248347987	5.7528065844647	0.0764809464737714	0.343509100294764	"PVP01_1448400"
1.39424549092752	5.28928944374582	0.360362117865975	0.79003064732084	"PVP01_1448700"
1.40466675043578	6.52830477075052	0.337291771369371	0.772567629821829	"PVP01_1448800"
-1.995494313219	6.75644093771015	0.182654508536446	0.584156245728285	"PVP01_1448900"
1.72721239178852	6.29287279063175	0.336761611051175	0.772031911952344	"PVP01_1449000"
-1.22580320716498	4.97397229084117	0.388809401484399	0.808418899901381	"PVP01_1449100"
-9.31682516054854	5.01180785804181	0.000519260818601016	0.00607908021604263	"PVP01_1449300"
-0.84910865566042	8.15806283702626	0.516861710382319	0.874743982310285	"PVP01_1449600"
0.097370995318709	7.54893497483013	0.939095265572351	0.990209237074837	"PVP01_1449800"
-1.53978087894476	5.90840161664622	0.348137672598843	0.782554657803215	"PVP01_1449900"
-2.75884777639795	7.73132309390285	0.033144844273771	0.180720905007479	"PVP01_1450000"
-2.61861792129483	7.40089225653519	0.0875920163912762	0.373501341688955	"PVP01_1450300"
0.356029033593194	7.52303120360542	0.76039662582551	0.961261564992644	"PVP01_1450400"
-4.3764733877496	5.16627334940386	0.0183022506745468	0.110678701351896	"PVP01_1450700"
-3.29618235411553	5.37066647393467	0.043097514270624	0.222034794197745	"PVP01_1451200"
-0.160837095004288	6.30925468254121	0.919511721594557	0.986140811278897	"PVP01_1451300"
-1.16307658228582	5.62070138052096	0.43531204274743	0.82639717704221	"PVP01_1451400"
-2.08317264645592	4.97816492421587	0.193600511814073	0.601702588060641	"PVP01_1451500"
1.82429894539074	5.54091645807156	0.242029023998128	0.672394013305748	"PVP01_1451600"
-0.0543304347127788	8.6803308454677	0.960754104902211	0.994989268552005	"PVP01_1451700"
1.64877370444226	6.76923063797914	0.299029544221278	0.73597299745071	"PVP01_1452000"
0.0528598867949839	4.85316294979442	1	1	"PVP01_1452100"
-0.468716793195913	6.58433668797148	0.788404733074563	0.967257153156029	"PVP01_1452200"
-3.29596981639938	5.17939840494285	0.0382026815579559	0.202328214748027	"PVP01_1452300"
-10.7864639218123	6.40749009885977	0.000131482557489507	0.00607908021604263	"PVP01_1452400"
-2.2739292380984	5.31281981153778	0.152759625832795	0.534257114111331	"PVP01_1452600"
-4.68577033211633	4.27691880505562	0.00337970882283312	0.0244367642277021	"PVP01_1452700"
-0.572549175800363	7.27924994169205	0.675608575302001	0.937843957201358	"PVP01_1452900"
-0.107584440567483	6.13232281531837	0.950635270936536	0.990615931919683	"PVP01_1453000"
-2.49120631249888	7.85495616186815	0.0469797543082762	0.235678224478623	"PVP01_1453200"
-9.77503126556963	5.43937206329894	0.000720446648872947	0.00658298229162478	"PVP01_1453300"
-1.49146362678243	7.80030915804649	0.261339933793184	0.694045921303151	"PVP01_1453400"
0.695711041313894	6.18263099516086	0.621604168115702	0.918053047581183	"PVP01_1453500"
-1.64090983775422	5.3263228195784	0.300593873439406	0.736211504462051	"PVP01_1453600"
-1.23576773263511	7.60451579730957	0.352479424842105	0.786282070439196	"PVP01_1453700"
0.319744154941361	7.45485349865855	0.790687699409128	0.967891339819726	"PVP01_1453800"
0.0890171355685151	5.48772672879219	0.974741040312559	0.997842012951546	"PVP01_1454000"
-2.24214162274571	5.10190306073214	0.168940517877747	0.565287889800189	"PVP01_1454100"
1.04724984915492	6.77636132292684	0.48900471207543	0.85415633902254	"PVP01_1454200"
-0.132442802771807	7.08777147231465	0.925578677428528	0.986825658511516	"PVP01_1454400"
-0.544734847075726	5.56863309071938	0.731397360227584	0.951307129939058	"PVP01_1454500"
-1.66883326634682	4.04827427543393	0.243766477073692	0.675639418955917	"PVP01_1454800"
1.10558745254669	7.00300747175931	0.382730459883523	0.807019726280875	"PVP01_1454900"
-0.104175703745121	6.0421454324215	0.948465242112124	0.990615931919683	"PVP01_1455100"
0.32659160257752	6.20300136990368	0.838775762343645	0.973855473858892	"PVP01_1455200"
-0.849377396058464	6.32404430756331	0.580899229222969	0.904527545129023	"PVP01_1455300"
-1.04899349535035	7.5839802499544	0.438027124639777	0.829954279332084	"PVP01_1455500"
0.849113608305244	7.07305664668564	0.55669393198864	0.891478285859216	"PVP01_1455600"
-0.941293517412044	5.55281814344211	0.572302293748292	0.899463038262615	"PVP01_1455700"
0.789433711735825	7.64525578330846	0.529205745080126	0.87910086107276	"PVP01_1455800"
-0.92238364563764	6.59364576766481	0.537360960932657	0.881227544032314	"PVP01_1456000"
-0.141948248342734	6.81003924955476	0.921694483629686	0.986668317320096	"PVP01_1456200"
-1.53282999474721	4.94332474854163	0.30024364533571	0.736211504462051	"PVP01_1456400"
-8.54654618835342	4.31437439150805	0.000598782063969291	0.00607908021604263	"PVP01_1456500"
-2.68941690437757	6.13150515038418	0.121499335458838	0.464490562915052	"PVP01_1456600"
-10.6437249562424	6.26984803309583	0.000277435120547073	0.00607908021604263	"PVP01_1456700"
-1.6214907141907	7.6210148302062	0.171842042201715	0.567573617043598	"PVP01_1456800"
1.54616035887531	8.10216735816275	0.177225143086602	0.578873802299826	"PVP01_1456900"
-2.94185139438113	8.42689144437387	0.0283724788238952	0.159721625935902	"PVP01_1457000"
1.25810729493673	7.60520102861933	0.30465517680044	0.740704033653701	"PVP01_1457100"
-0.520261140162485	6.25750207846784	0.737526431656752	0.952991537001693	"PVP01_1457200"
-0.113216297113304	8.64879958485907	0.915086003189652	0.985614004730824	"PVP01_1457300"
0.397788698607654	6.39065143392997	0.809843047565983	0.9721770429063	"PVP01_1457600"
-0.230741157958248	5.20829677102518	0.884008010662408	0.977904409341537	"PVP01_1457700"
-1.12662529113611	7.68297525591365	0.397200028198356	0.808418899901381	"PVP01_1457800"
0.257906882547237	10.0299183255446	0.781222713830541	0.966602218360234	"PVP01_1457900"
1.0209119399309	6.27041073686678	0.558869990752623	0.891478285859216	"PVP01_1458000"
-8.57052172297394	4.33590336482042	0.000574474064901986	0.00607908021604263	"PVP01_1458100"
-0.734394099959482	4.60594666589985	0.614505080819785	0.912837828855115	"PVP01_1458200"
1.69253939287994	7.91212705551056	0.139439888119275	0.501050702056716	"PVP01_1458300"
0.666255356790669	5.97576180940399	0.699998178344152	0.944284020426997	"PVP01_1458400"
-0.284323291102508	7.02371655915531	0.825979006145744	0.972498135422959	"PVP01_1458500"
-1.00227624270433	6.70913442882682	0.535634995750645	0.880488022490989	"PVP01_1458600"
-1.83881749506619	6.7405320875436	0.19893006533227	0.610370292707686	"PVP01_1458700"
-0.296706141907705	6.56448056999501	0.848178967554182	0.973855473858892	"PVP01_1458800"
0.105546149232593	5.27282184433471	0.9566551663543	0.99296225792884	"PVP01_1458900"
0.404856286662144	6.76880458049518	0.794040705142747	0.967891339819726	"PVP01_1459000"
2.1338293409623	6.4123932738333	0.131616729305248	0.486396935188061	"PVP01_1459100"
-3.066039861372	4.50757698442523	0.0287853867540543	0.161450584053937	"PVP01_1459300"
-1.23288787114452	6.15093933003967	0.420771829110527	0.820165733189825	"PVP01_1459600"
-0.194310369610186	8.35280426053502	0.862195939174919	0.976262081508655	"PVP01_1459800"
-0.378276209223067	6.31421442712087	0.797936255852477	0.968946135384524	"PVP01_1459900"
-0.479624312814322	5.52685730942665	0.75318152160178	0.959801433274912	"PVP01_1460100"
-0.164345503227598	5.46740719246752	0.916236653455244	0.986140811278897	"PVP01_1460300"
-0.970244292477641	5.91784281185151	0.538722004691162	0.882220279469624	"PVP01_1460600"
-1.03183589134089	11.2225002901512	0.25415831331995	0.688940953628489	"PVP01_1460700"
-0.260473943231907	5.80256156763786	0.86682907175871	0.976414986395257	"PVP01_1460800"
-1.96834476282446	6.76890418136507	0.180254841662382	0.581690498609242	"PVP01_1461000"
-2.1270747174402	7.13917208829417	0.133579200853674	0.490380156776292	"PVP01_1461200"
-1.03187809054847	7.16039436468351	0.457812714384853	0.840920166101141	"PVP01_1461300"
1.30077084970308	6.1194907587318	0.406839203634692	0.811725969579475	"PVP01_1461400"
-0.119859387111444	7.18359053997533	0.929942410876675	0.987536253931069	"PVP01_1461500"
-0.64601226134439	7.25045248174507	0.612428793489943	0.911999330826618	"PVP01_1461700"
-1.56678744352533	5.85122589290076	0.353806159650891	0.787232652211204	"PVP01_1461800"
0.30044235678134	6.44607555735609	0.85262430076327	0.973855473858892	"PVP01_1461900"
0.0193345423106899	6.64679421741464	0.995971322744233	1	"PVP01_1462000"
0.443011443500869	6.79481263586886	0.796942060939807	0.968946135384524	"PVP01_1462200"
0.558860318139539	5.39349248854778	0.743367630228664	0.953970190901521	"PVP01_1462300"
0.335312437136902	7.79922602755887	0.773374174655884	0.96580919268122	"PVP01_1462800"
1.23260193048672	6.59844074506869	0.390373550293723	0.808418899901381	"PVP01_1463000"
-1.57806481441463	7.10297096855194	0.29492458380476	0.730159064854585	"PVP01_1463100"
-1.96650481237837	11.3289162543397	0.0265040920173594	0.151781077664253	"PVP01_1463200"
0.496634268906649	4.8881810956881	0.729744306277143	0.951307129939058	"PVP01_1463300"
0.628386466543427	6.56640169540862	0.652030249003611	0.928080097668	"PVP01_1463400"
-4.56537923186171	8.66904717990514	0.00324009642145664	0.0234783457467643	"PVP01_1463500"
0.993650331641517	6.73309940061114	0.513013180359881	0.872778433696657	"PVP01_1463900"
-2.47775353519803	5.4759579896826	0.125752217904884	0.473467786094853	"PVP01_1464000"
-8.9604045188726	4.68584451191297	0.000496651398346467	0.00607908021604263	"PVP01_1464100"
-0.64649963200121	5.16678940907077	0.688962310876736	0.941257557765313	"PVP01_1464400"
0.312045464945159	7.6954448613828	0.792418941854519	0.967891339819726	"PVP01_1464500"
-1.1344218249604	6.36248861054011	0.424509995892656	0.822797346351383	"PVP01_1464600"
0.10452987534645	5.14806576358383	0.951797703787841	0.990615931919683	"PVP01_1464700"
0.739451173803809	6.17836446005553	0.636773851102256	0.923646950979342	"PVP01_1464800"
-1.79593148812567	6.17109281664642	0.219292593287834	0.643920103866632	"PVP01_1465300"
0.184883968679672	5.52972959134443	0.904823270042853	0.985614004730824	"PVP01_1465400"
-2.72756471604085	7.7204235005146	0.0505029802396726	0.249588279758025	"PVP01_1465600"
0.633034239625899	6.79023706943674	0.636777648405181	0.923646950979342	"PVP01_1465700"
-1.43273026826217	8.17846074022599	0.195211678100627	0.6028542631037	"PVP01_1465800"
-9.97576506141211	5.62949322612802	0.000408777120271952	0.00607908021604263	"PVP01_1466000"
-0.0925139000627082	5.93697186193746	0.952231676304212	0.990615931919683	"PVP01_1466100"
0.213686483363676	5.59889571274708	0.890323446700888	0.980210454725969	"PVP01_1466200"
0.381333827071421	6.44265006118489	0.827901136883524	0.972498135422959	"PVP01_1466400"
-8.45684066301559	4.23515487133358	0.000672020056099094	0.00633183769570987	"PVP01_1466500"
-8.21905987361049	4.02890899332754	0.00100898557495441	0.00822521083896655	"PVP01_1466700"
-1.82524878861353	8.7938963740695	0.228051649269611	0.656141682933155	"PVP01_1466800"
-1.15549122199903	7.43370447429329	0.393244504889077	0.808418899901381	"PVP01_1466900"
-8.26266421996383	4.06603177437006	0.000875530397909051	0.0072982809610163	"PVP01_1467000"
1.48411068677073	6.24104955291211	0.32663354701077	0.763982543852195	"PVP01_1467200"
-1.49881013943028	7.28457471566231	0.272463289153912	0.705773286390896	"PVP01_1467300"
-0.298151519697362	6.87330491201444	0.840552966771152	0.973855473858892	"PVP01_1467400"
-0.77902835054363	5.74392648857285	0.629430936694639	0.920239385699032	"PVP01_1467600"
-2.02650096583028	5.0696402623563	0.165664071621286	0.558822213197158	"PVP01_1467700"
0.579123880363339	5.64378603984786	0.726593776152672	0.950837044785871	"PVP01_1467800"
-10.0357246201092	5.68729815668957	0.000393848679352985	0.00607908021604263	"PVP01_1467900"
0.344414188546845	5.33763753938476	0.827010836877434	0.972498135422959	"PVP01_1468200"
-1.35476319815683	5.45902475321028	0.370892746044173	0.797407416511259	"PVP01_1468600"
-0.891430291093616	4.89829058460737	0.572046109552822	0.899463038262615	"PVP01_1468700"
-1.29938983318191	6.47476102168056	0.411281154745232	0.81531753085952	"PVP01_1468800"
1.30946415638532	7.17877061898452	0.307519947305891	0.743862796174105	"PVP01_1468900"
-9.1178291352396	10.0861842051652	3.23144430261781e-09	3.58259458350228e-06	"PVP01_1469200"
-7.30038686675728	9.31787356560899	5.81348515871926e-06	0.000585928837512129	"PVP01_1469400"
-8.12257320854937	9.09719282350053	2.63033417328305e-08	1.2497844943342e-05	"PVP01_1469500"
-10.7401618707693	6.36414210217674	0.000180242251352045	0.00607908021604263	"PVP01_1469700"
-10.4571132053479	6.09050039531171	0.000239989903715437	0.00607908021604263	"PVP01_1469800"
0.290646468005831	7.31966543214225	0.812579571972867	0.9721770429063	"PVP01_MIT00500"
-1.63704138618619	8.91451334493286	0.187913596501132	0.596374639277447	"PVP01_MIT01200"
1.29664318646373	7.10600898190446	0.382226736637887	0.807019726280875	"PVP01_MIT02700"
0.00966986797892119	10.6278136161283	0.992021487348833	1	"PVP01_MIT03300"
-0.796376184390355	11.1806941647879	0.356432349378302	0.789954219891764	"PVP01_MIT03400"
